path_id,asset,feature_group,model_family,lambda,label_source,source_frequency,feature,centroid_bad,centroid_good,gap_good_minus_bad,abs_gap,within_bad_std,within_good_std,centroid_separation_ratio,BCSS,global_mean_scaled,model_variant,dominant_direction,rank_within_path
bd_return_downside_sharpe_vol_l1med_lam0,bond,return_downside_sharpe_vol,robust_l1_medoids_jump_model,0.0,bond_return_downside_sharpe_vol_monthly_sjm,monthly,sharpe_12m,-0.7841634053294415,0.7108061835405582,1.4949695888699996,1.4949695888699996,0.6395181205162297,0.6878185068433268,2.25109554534807,329.41642467190377,1.20227197252132e-17,independent_teacher_feature_group_majority,higher_in_good,1
bd_return_downside_sharpe_vol_l1med_lam0,bond,return_downside_sharpe_vol,robust_l1_medoids_jump_model,0.0,bond_return_downside_sharpe_vol_monthly_sjm,monthly,sharpe_6m,-0.727833588398517,0.6500858690410578,1.3779194574395748,1.3779194574395748,0.6245389848158368,0.7633390894253053,1.9757930150380314,279.85186046871553,-0.005067037118875272,independent_teacher_feature_group_majority,higher_in_good,2
bd_return_downside_sharpe_vol_l1med_lam0,bond,return_downside_sharpe_vol,robust_l1_medoids_jump_model,0.0,bond_return_downside_sharpe_vol_monthly_sjm,monthly,log_downside_3m,0.7311743675894473,-0.6627741848149524,-1.3939485524043997,1.3939485524043997,0.7169962192460932,0.718739597204522,1.9417883273073533,286.4006658030802,-9.137266991162032e-16,independent_teacher_feature_group_majority,higher_in_bad,3
bd_return_downside_sharpe_vol_l1med_lam0,bond,return_downside_sharpe_vol,robust_l1_medoids_jump_model,0.0,bond_return_downside_sharpe_vol_monthly_sjm,monthly,log_downside_1m,0.7262496014271431,-0.6582512351334905,-1.3845008365606337,1.3845008365606337,0.5723467663047507,0.8353256233626591,1.933624820649136,282.5315667721407,3.0888510397914586e-05,independent_teacher_feature_group_majority,higher_in_bad,4
bd_return_downside_sharpe_vol_l1med_lam0,bond,return_downside_sharpe_vol,robust_l1_medoids_jump_model,0.0,bond_return_downside_sharpe_vol_monthly_sjm,monthly,ewm_return_6m,-0.6953838175283621,0.6459644890751224,1.3413483066034844,1.3413483066034844,0.8056770715980724,0.5934818822190225,1.8956867979431824,265.19398140168903,0.008199896595293008,independent_teacher_feature_group_majority,higher_in_good,5
bd_return_downside_sharpe_vol_l1med_lam0,bond,return_downside_sharpe_vol,robust_l1_medoids_jump_model,0.0,bond_return_downside_sharpe_vol_monthly_sjm,monthly,ewm_return_3m,-0.654167778493153,0.6074120117751164,1.2615797902682693,1.2615797902682693,0.8374738841102554,0.5954042400035555,1.7362999786899003,234.59026148892244,0.007574581884450224,independent_teacher_feature_group_majority,higher_in_good,6
bd_return_downside_sharpe_vol_l1med_lam0,bond,return_downside_sharpe_vol,robust_l1_medoids_jump_model,0.0,bond_return_downside_sharpe_vol_monthly_sjm,monthly,ewm_return_12m,-0.6625560044304399,0.6135320605147865,1.2760880649452264,1.2760880649452264,0.8989230598653242,0.558342299619359,1.7053899853369097,240.0169023495201,0.006796449263333658,independent_teacher_feature_group_majority,higher_in_good,7
bd_return_downside_sharpe_vol_l1med_lam0,bond,return_downside_sharpe_vol,robust_l1_medoids_jump_model,0.0,bond_return_downside_sharpe_vol_monthly_sjm,monthly,log_downside_6m,0.662765650941904,-0.6007649932731436,-1.2635306442150476,1.2635306442150476,0.8297541685946125,0.7233823110340518,1.6232670432718974,235.316343481402,8.896812596657769e-16,independent_teacher_feature_group_majority,higher_in_bad,8
bd_return_downside_sharpe_vol_l1med_lam0,bond,return_downside_sharpe_vol,robust_l1_medoids_jump_model,0.0,bond_return_downside_sharpe_vol_monthly_sjm,monthly,log_downside_12m,0.5527243746847842,-0.5010179009239497,-1.0537422756087338,1.0537422756087338,0.9357839999875521,0.7646801428421817,1.2331315612309064,163.66256034249727,-1.923635156034112e-16,independent_teacher_feature_group_majority,higher_in_bad,9
bd_return_downside_sharpe_vol_l1med_lam0,bond,return_downside_sharpe_vol,robust_l1_medoids_jump_model,0.0,bond_return_downside_sharpe_vol_monthly_sjm,monthly,sharpe_3m,-0.5109302592638987,0.43141552806578276,0.9423457873296814,0.9423457873296814,0.6734872823037319,0.858997508944559,1.2209144184986838,130.88838820007524,-0.016637206688262043,independent_teacher_feature_group_majority,higher_in_good,10
bd_return_downside_sharpe_vol_l1med_lam0,bond,return_downside_sharpe_vol,robust_l1_medoids_jump_model,0.0,bond_return_downside_sharpe_vol_monthly_sjm,monthly,realized_vol_6m,0.3217624391084139,-0.35278487532158587,-0.6745473144299998,0.6745473144299998,0.9881908375160541,0.5576713297534462,0.8407186583109588,67.06645762596551,-0.032061025313413406,independent_teacher_feature_group_majority,higher_in_bad,11
bd_return_downside_sharpe_vol_l1med_lam1em05,bond,return_downside_sharpe_vol,robust_l1_medoids_jump_model,1e-05,bond_return_downside_sharpe_vol_monthly_sjm,monthly,sharpe_12m,-0.7841634053294415,0.7108061835405582,1.4949695888699996,1.4949695888699996,0.6395181205162297,0.6878185068433268,2.25109554534807,329.41642467190377,1.20227197252132e-17,independent_teacher_feature_group_majority,higher_in_good,1
bd_return_downside_sharpe_vol_l1med_lam1em05,bond,return_downside_sharpe_vol,robust_l1_medoids_jump_model,1e-05,bond_return_downside_sharpe_vol_monthly_sjm,monthly,sharpe_6m,-0.727833588398517,0.6500858690410578,1.3779194574395748,1.3779194574395748,0.6245389848158368,0.7633390894253053,1.9757930150380314,279.85186046871553,-0.005067037118875272,independent_teacher_feature_group_majority,higher_in_good,2
bd_return_downside_sharpe_vol_l1med_lam1em05,bond,return_downside_sharpe_vol,robust_l1_medoids_jump_model,1e-05,bond_return_downside_sharpe_vol_monthly_sjm,monthly,log_downside_3m,0.7311743675894473,-0.6627741848149524,-1.3939485524043997,1.3939485524043997,0.7169962192460932,0.718739597204522,1.9417883273073533,286.4006658030802,-9.137266991162032e-16,independent_teacher_feature_group_majority,higher_in_bad,3
bd_return_downside_sharpe_vol_l1med_lam1em05,bond,return_downside_sharpe_vol,robust_l1_medoids_jump_model,1e-05,bond_return_downside_sharpe_vol_monthly_sjm,monthly,log_downside_1m,0.7262496014271431,-0.6582512351334905,-1.3845008365606337,1.3845008365606337,0.5723467663047507,0.8353256233626591,1.933624820649136,282.5315667721407,3.0888510397914586e-05,independent_teacher_feature_group_majority,higher_in_bad,4
bd_return_downside_sharpe_vol_l1med_lam1em05,bond,return_downside_sharpe_vol,robust_l1_medoids_jump_model,1e-05,bond_return_downside_sharpe_vol_monthly_sjm,monthly,ewm_return_6m,-0.6953838175283621,0.6459644890751224,1.3413483066034844,1.3413483066034844,0.8056770715980724,0.5934818822190225,1.8956867979431824,265.19398140168903,0.008199896595293008,independent_teacher_feature_group_majority,higher_in_good,5
bd_return_downside_sharpe_vol_l1med_lam1em05,bond,return_downside_sharpe_vol,robust_l1_medoids_jump_model,1e-05,bond_return_downside_sharpe_vol_monthly_sjm,monthly,ewm_return_3m,-0.654167778493153,0.6074120117751164,1.2615797902682693,1.2615797902682693,0.8374738841102554,0.5954042400035555,1.7362999786899003,234.59026148892244,0.007574581884450224,independent_teacher_feature_group_majority,higher_in_good,6
bd_return_downside_sharpe_vol_l1med_lam1em05,bond,return_downside_sharpe_vol,robust_l1_medoids_jump_model,1e-05,bond_return_downside_sharpe_vol_monthly_sjm,monthly,ewm_return_12m,-0.6625560044304399,0.6135320605147865,1.2760880649452264,1.2760880649452264,0.8989230598653242,0.558342299619359,1.7053899853369097,240.0169023495201,0.006796449263333658,independent_teacher_feature_group_majority,higher_in_good,7
bd_return_downside_sharpe_vol_l1med_lam1em05,bond,return_downside_sharpe_vol,robust_l1_medoids_jump_model,1e-05,bond_return_downside_sharpe_vol_monthly_sjm,monthly,log_downside_6m,0.662765650941904,-0.6007649932731436,-1.2635306442150476,1.2635306442150476,0.8297541685946125,0.7233823110340518,1.6232670432718974,235.316343481402,8.896812596657769e-16,independent_teacher_feature_group_majority,higher_in_bad,8
bd_return_downside_sharpe_vol_l1med_lam1em05,bond,return_downside_sharpe_vol,robust_l1_medoids_jump_model,1e-05,bond_return_downside_sharpe_vol_monthly_sjm,monthly,log_downside_12m,0.5527243746847842,-0.5010179009239497,-1.0537422756087338,1.0537422756087338,0.9357839999875521,0.7646801428421817,1.2331315612309064,163.66256034249727,-1.923635156034112e-16,independent_teacher_feature_group_majority,higher_in_bad,9
bd_return_downside_sharpe_vol_l1med_lam1em05,bond,return_downside_sharpe_vol,robust_l1_medoids_jump_model,1e-05,bond_return_downside_sharpe_vol_monthly_sjm,monthly,sharpe_3m,-0.5109302592638987,0.43141552806578276,0.9423457873296814,0.9423457873296814,0.6734872823037319,0.858997508944559,1.2209144184986838,130.88838820007524,-0.016637206688262043,independent_teacher_feature_group_majority,higher_in_good,10
bd_return_downside_sharpe_vol_l1med_lam1em05,bond,return_downside_sharpe_vol,robust_l1_medoids_jump_model,1e-05,bond_return_downside_sharpe_vol_monthly_sjm,monthly,realized_vol_6m,0.3217624391084139,-0.35278487532158587,-0.6745473144299998,0.6745473144299998,0.9881908375160541,0.5576713297534462,0.8407186583109588,67.06645762596551,-0.032061025313413406,independent_teacher_feature_group_majority,higher_in_bad,11
bd_return_downside_sharpe_vol_l1med_lam0p0001,bond,return_downside_sharpe_vol,robust_l1_medoids_jump_model,0.0001,bond_return_downside_sharpe_vol_monthly_sjm,monthly,sharpe_12m,-0.7841634053294415,0.7108061835405582,1.4949695888699996,1.4949695888699996,0.6395181205162297,0.6878185068433268,2.25109554534807,329.41642467190377,1.20227197252132e-17,independent_teacher_feature_group_majority,higher_in_good,1
bd_return_downside_sharpe_vol_l1med_lam0p0001,bond,return_downside_sharpe_vol,robust_l1_medoids_jump_model,0.0001,bond_return_downside_sharpe_vol_monthly_sjm,monthly,sharpe_6m,-0.727833588398517,0.6500858690410578,1.3779194574395748,1.3779194574395748,0.6245389848158368,0.7633390894253053,1.9757930150380314,279.85186046871553,-0.005067037118875272,independent_teacher_feature_group_majority,higher_in_good,2
bd_return_downside_sharpe_vol_l1med_lam0p0001,bond,return_downside_sharpe_vol,robust_l1_medoids_jump_model,0.0001,bond_return_downside_sharpe_vol_monthly_sjm,monthly,log_downside_3m,0.7311743675894473,-0.6627741848149524,-1.3939485524043997,1.3939485524043997,0.7169962192460932,0.718739597204522,1.9417883273073533,286.4006658030802,-9.137266991162032e-16,independent_teacher_feature_group_majority,higher_in_bad,3
bd_return_downside_sharpe_vol_l1med_lam0p0001,bond,return_downside_sharpe_vol,robust_l1_medoids_jump_model,0.0001,bond_return_downside_sharpe_vol_monthly_sjm,monthly,log_downside_1m,0.7262496014271431,-0.6582512351334905,-1.3845008365606337,1.3845008365606337,0.5723467663047507,0.8353256233626591,1.933624820649136,282.5315667721407,3.0888510397914586e-05,independent_teacher_feature_group_majority,higher_in_bad,4
bd_return_downside_sharpe_vol_l1med_lam0p0001,bond,return_downside_sharpe_vol,robust_l1_medoids_jump_model,0.0001,bond_return_downside_sharpe_vol_monthly_sjm,monthly,ewm_return_6m,-0.6953838175283621,0.6459644890751224,1.3413483066034844,1.3413483066034844,0.8056770715980724,0.5934818822190225,1.8956867979431824,265.19398140168903,0.008199896595293008,independent_teacher_feature_group_majority,higher_in_good,5
bd_return_downside_sharpe_vol_l1med_lam0p0001,bond,return_downside_sharpe_vol,robust_l1_medoids_jump_model,0.0001,bond_return_downside_sharpe_vol_monthly_sjm,monthly,ewm_return_3m,-0.654167778493153,0.6074120117751164,1.2615797902682693,1.2615797902682693,0.8374738841102554,0.5954042400035555,1.7362999786899003,234.59026148892244,0.007574581884450224,independent_teacher_feature_group_majority,higher_in_good,6
bd_return_downside_sharpe_vol_l1med_lam0p0001,bond,return_downside_sharpe_vol,robust_l1_medoids_jump_model,0.0001,bond_return_downside_sharpe_vol_monthly_sjm,monthly,ewm_return_12m,-0.6625560044304399,0.6135320605147865,1.2760880649452264,1.2760880649452264,0.8989230598653242,0.558342299619359,1.7053899853369097,240.0169023495201,0.006796449263333658,independent_teacher_feature_group_majority,higher_in_good,7
bd_return_downside_sharpe_vol_l1med_lam0p0001,bond,return_downside_sharpe_vol,robust_l1_medoids_jump_model,0.0001,bond_return_downside_sharpe_vol_monthly_sjm,monthly,log_downside_6m,0.662765650941904,-0.6007649932731436,-1.2635306442150476,1.2635306442150476,0.8297541685946125,0.7233823110340518,1.6232670432718974,235.316343481402,8.896812596657769e-16,independent_teacher_feature_group_majority,higher_in_bad,8
bd_return_downside_sharpe_vol_l1med_lam0p0001,bond,return_downside_sharpe_vol,robust_l1_medoids_jump_model,0.0001,bond_return_downside_sharpe_vol_monthly_sjm,monthly,log_downside_12m,0.5527243746847842,-0.5010179009239497,-1.0537422756087338,1.0537422756087338,0.9357839999875521,0.7646801428421817,1.2331315612309064,163.66256034249727,-1.923635156034112e-16,independent_teacher_feature_group_majority,higher_in_bad,9
bd_return_downside_sharpe_vol_l1med_lam0p0001,bond,return_downside_sharpe_vol,robust_l1_medoids_jump_model,0.0001,bond_return_downside_sharpe_vol_monthly_sjm,monthly,sharpe_3m,-0.5109302592638987,0.43141552806578276,0.9423457873296814,0.9423457873296814,0.6734872823037319,0.858997508944559,1.2209144184986838,130.88838820007524,-0.016637206688262043,independent_teacher_feature_group_majority,higher_in_good,10
bd_return_downside_sharpe_vol_l1med_lam0p0001,bond,return_downside_sharpe_vol,robust_l1_medoids_jump_model,0.0001,bond_return_downside_sharpe_vol_monthly_sjm,monthly,realized_vol_6m,0.3217624391084139,-0.35278487532158587,-0.6745473144299998,0.6745473144299998,0.9881908375160541,0.5576713297534462,0.8407186583109588,67.06645762596551,-0.032061025313413406,independent_teacher_feature_group_majority,higher_in_bad,11
bd_return_downside_sharpe_vol_l1med_lam0p001,bond,return_downside_sharpe_vol,robust_l1_medoids_jump_model,0.001,bond_return_downside_sharpe_vol_monthly_sjm,monthly,sharpe_12m,-0.7841634053294415,0.7108061835405582,1.4949695888699996,1.4949695888699996,0.6395181205162297,0.6878185068433268,2.25109554534807,329.41642467190377,1.20227197252132e-17,independent_teacher_feature_group_majority,higher_in_good,1
bd_return_downside_sharpe_vol_l1med_lam0p001,bond,return_downside_sharpe_vol,robust_l1_medoids_jump_model,0.001,bond_return_downside_sharpe_vol_monthly_sjm,monthly,sharpe_6m,-0.727833588398517,0.6500858690410578,1.3779194574395748,1.3779194574395748,0.6245389848158368,0.7633390894253053,1.9757930150380314,279.85186046871553,-0.005067037118875272,independent_teacher_feature_group_majority,higher_in_good,2
bd_return_downside_sharpe_vol_l1med_lam0p001,bond,return_downside_sharpe_vol,robust_l1_medoids_jump_model,0.001,bond_return_downside_sharpe_vol_monthly_sjm,monthly,log_downside_3m,0.7311743675894473,-0.6627741848149524,-1.3939485524043997,1.3939485524043997,0.7169962192460932,0.718739597204522,1.9417883273073533,286.4006658030802,-9.137266991162032e-16,independent_teacher_feature_group_majority,higher_in_bad,3
bd_return_downside_sharpe_vol_l1med_lam0p001,bond,return_downside_sharpe_vol,robust_l1_medoids_jump_model,0.001,bond_return_downside_sharpe_vol_monthly_sjm,monthly,log_downside_1m,0.7262496014271431,-0.6582512351334905,-1.3845008365606337,1.3845008365606337,0.5723467663047507,0.8353256233626591,1.933624820649136,282.5315667721407,3.0888510397914586e-05,independent_teacher_feature_group_majority,higher_in_bad,4
bd_return_downside_sharpe_vol_l1med_lam0p001,bond,return_downside_sharpe_vol,robust_l1_medoids_jump_model,0.001,bond_return_downside_sharpe_vol_monthly_sjm,monthly,ewm_return_6m,-0.6953838175283621,0.6459644890751224,1.3413483066034844,1.3413483066034844,0.8056770715980724,0.5934818822190225,1.8956867979431824,265.19398140168903,0.008199896595293008,independent_teacher_feature_group_majority,higher_in_good,5
bd_return_downside_sharpe_vol_l1med_lam0p001,bond,return_downside_sharpe_vol,robust_l1_medoids_jump_model,0.001,bond_return_downside_sharpe_vol_monthly_sjm,monthly,ewm_return_3m,-0.654167778493153,0.6074120117751164,1.2615797902682693,1.2615797902682693,0.8374738841102554,0.5954042400035555,1.7362999786899003,234.59026148892244,0.007574581884450224,independent_teacher_feature_group_majority,higher_in_good,6
bd_return_downside_sharpe_vol_l1med_lam0p001,bond,return_downside_sharpe_vol,robust_l1_medoids_jump_model,0.001,bond_return_downside_sharpe_vol_monthly_sjm,monthly,ewm_return_12m,-0.6625560044304399,0.6135320605147865,1.2760880649452264,1.2760880649452264,0.8989230598653242,0.558342299619359,1.7053899853369097,240.0169023495201,0.006796449263333658,independent_teacher_feature_group_majority,higher_in_good,7
bd_return_downside_sharpe_vol_l1med_lam0p001,bond,return_downside_sharpe_vol,robust_l1_medoids_jump_model,0.001,bond_return_downside_sharpe_vol_monthly_sjm,monthly,log_downside_6m,0.662765650941904,-0.6007649932731436,-1.2635306442150476,1.2635306442150476,0.8297541685946125,0.7233823110340518,1.6232670432718974,235.316343481402,8.896812596657769e-16,independent_teacher_feature_group_majority,higher_in_bad,8
bd_return_downside_sharpe_vol_l1med_lam0p001,bond,return_downside_sharpe_vol,robust_l1_medoids_jump_model,0.001,bond_return_downside_sharpe_vol_monthly_sjm,monthly,log_downside_12m,0.5527243746847842,-0.5010179009239497,-1.0537422756087338,1.0537422756087338,0.9357839999875521,0.7646801428421817,1.2331315612309064,163.66256034249727,-1.923635156034112e-16,independent_teacher_feature_group_majority,higher_in_bad,9
bd_return_downside_sharpe_vol_l1med_lam0p001,bond,return_downside_sharpe_vol,robust_l1_medoids_jump_model,0.001,bond_return_downside_sharpe_vol_monthly_sjm,monthly,sharpe_3m,-0.5109302592638987,0.43141552806578276,0.9423457873296814,0.9423457873296814,0.6734872823037319,0.858997508944559,1.2209144184986838,130.88838820007524,-0.016637206688262043,independent_teacher_feature_group_majority,higher_in_good,10
bd_return_downside_sharpe_vol_l1med_lam0p001,bond,return_downside_sharpe_vol,robust_l1_medoids_jump_model,0.001,bond_return_downside_sharpe_vol_monthly_sjm,monthly,realized_vol_6m,0.3217624391084139,-0.35278487532158587,-0.6745473144299998,0.6745473144299998,0.9881908375160541,0.5576713297534462,0.8407186583109588,67.06645762596551,-0.032061025313413406,independent_teacher_feature_group_majority,higher_in_bad,11
bd_return_downside_sharpe_vol_l1med_lam0p00390625,bond,return_downside_sharpe_vol,robust_l1_medoids_jump_model,0.00390625,bond_return_downside_sharpe_vol_monthly_sjm,monthly,sharpe_12m,-0.7841634053294415,0.7108061835405582,1.4949695888699996,1.4949695888699996,0.6395181205162297,0.6878185068433268,2.25109554534807,329.41642467190377,1.20227197252132e-17,independent_teacher_feature_group_majority,higher_in_good,1
bd_return_downside_sharpe_vol_l1med_lam0p00390625,bond,return_downside_sharpe_vol,robust_l1_medoids_jump_model,0.00390625,bond_return_downside_sharpe_vol_monthly_sjm,monthly,sharpe_6m,-0.727833588398517,0.6500858690410578,1.3779194574395748,1.3779194574395748,0.6245389848158368,0.7633390894253053,1.9757930150380314,279.85186046871553,-0.005067037118875272,independent_teacher_feature_group_majority,higher_in_good,2
bd_return_downside_sharpe_vol_l1med_lam0p00390625,bond,return_downside_sharpe_vol,robust_l1_medoids_jump_model,0.00390625,bond_return_downside_sharpe_vol_monthly_sjm,monthly,log_downside_3m,0.7311743675894473,-0.6627741848149524,-1.3939485524043997,1.3939485524043997,0.7169962192460932,0.718739597204522,1.9417883273073533,286.4006658030802,-9.137266991162032e-16,independent_teacher_feature_group_majority,higher_in_bad,3
bd_return_downside_sharpe_vol_l1med_lam0p00390625,bond,return_downside_sharpe_vol,robust_l1_medoids_jump_model,0.00390625,bond_return_downside_sharpe_vol_monthly_sjm,monthly,log_downside_1m,0.7262496014271431,-0.6582512351334905,-1.3845008365606337,1.3845008365606337,0.5723467663047507,0.8353256233626591,1.933624820649136,282.5315667721407,3.0888510397914586e-05,independent_teacher_feature_group_majority,higher_in_bad,4
bd_return_downside_sharpe_vol_l1med_lam0p00390625,bond,return_downside_sharpe_vol,robust_l1_medoids_jump_model,0.00390625,bond_return_downside_sharpe_vol_monthly_sjm,monthly,ewm_return_6m,-0.6953838175283621,0.6459644890751224,1.3413483066034844,1.3413483066034844,0.8056770715980724,0.5934818822190225,1.8956867979431824,265.19398140168903,0.008199896595293008,independent_teacher_feature_group_majority,higher_in_good,5
bd_return_downside_sharpe_vol_l1med_lam0p00390625,bond,return_downside_sharpe_vol,robust_l1_medoids_jump_model,0.00390625,bond_return_downside_sharpe_vol_monthly_sjm,monthly,ewm_return_3m,-0.654167778493153,0.6074120117751164,1.2615797902682693,1.2615797902682693,0.8374738841102554,0.5954042400035555,1.7362999786899003,234.59026148892244,0.007574581884450224,independent_teacher_feature_group_majority,higher_in_good,6
bd_return_downside_sharpe_vol_l1med_lam0p00390625,bond,return_downside_sharpe_vol,robust_l1_medoids_jump_model,0.00390625,bond_return_downside_sharpe_vol_monthly_sjm,monthly,ewm_return_12m,-0.6625560044304399,0.6135320605147865,1.2760880649452264,1.2760880649452264,0.8989230598653242,0.558342299619359,1.7053899853369097,240.0169023495201,0.006796449263333658,independent_teacher_feature_group_majority,higher_in_good,7
bd_return_downside_sharpe_vol_l1med_lam0p00390625,bond,return_downside_sharpe_vol,robust_l1_medoids_jump_model,0.00390625,bond_return_downside_sharpe_vol_monthly_sjm,monthly,log_downside_6m,0.662765650941904,-0.6007649932731436,-1.2635306442150476,1.2635306442150476,0.8297541685946125,0.7233823110340518,1.6232670432718974,235.316343481402,8.896812596657769e-16,independent_teacher_feature_group_majority,higher_in_bad,8
bd_return_downside_sharpe_vol_l1med_lam0p00390625,bond,return_downside_sharpe_vol,robust_l1_medoids_jump_model,0.00390625,bond_return_downside_sharpe_vol_monthly_sjm,monthly,log_downside_12m,0.5527243746847842,-0.5010179009239497,-1.0537422756087338,1.0537422756087338,0.9357839999875521,0.7646801428421817,1.2331315612309064,163.66256034249727,-1.923635156034112e-16,independent_teacher_feature_group_majority,higher_in_bad,9
bd_return_downside_sharpe_vol_l1med_lam0p00390625,bond,return_downside_sharpe_vol,robust_l1_medoids_jump_model,0.00390625,bond_return_downside_sharpe_vol_monthly_sjm,monthly,sharpe_3m,-0.5109302592638987,0.43141552806578276,0.9423457873296814,0.9423457873296814,0.6734872823037319,0.858997508944559,1.2209144184986838,130.88838820007524,-0.016637206688262043,independent_teacher_feature_group_majority,higher_in_good,10
bd_return_downside_sharpe_vol_l1med_lam0p00390625,bond,return_downside_sharpe_vol,robust_l1_medoids_jump_model,0.00390625,bond_return_downside_sharpe_vol_monthly_sjm,monthly,realized_vol_6m,0.3217624391084139,-0.35278487532158587,-0.6745473144299998,0.6745473144299998,0.9881908375160541,0.5576713297534462,0.8407186583109588,67.06645762596551,-0.032061025313413406,independent_teacher_feature_group_majority,higher_in_bad,11
bd_return_downside_sharpe_vol_l1med_lam0p0078125,bond,return_downside_sharpe_vol,robust_l1_medoids_jump_model,0.0078125,bond_return_downside_sharpe_vol_monthly_sjm,monthly,sharpe_12m,-0.7841634053294415,0.7108061835405582,1.4949695888699996,1.4949695888699996,0.6395181205162297,0.6878185068433268,2.25109554534807,329.41642467190377,1.20227197252132e-17,independent_teacher_feature_group_majority,higher_in_good,1
bd_return_downside_sharpe_vol_l1med_lam0p0078125,bond,return_downside_sharpe_vol,robust_l1_medoids_jump_model,0.0078125,bond_return_downside_sharpe_vol_monthly_sjm,monthly,sharpe_6m,-0.727833588398517,0.6500858690410578,1.3779194574395748,1.3779194574395748,0.6245389848158368,0.7633390894253053,1.9757930150380314,279.85186046871553,-0.005067037118875272,independent_teacher_feature_group_majority,higher_in_good,2
bd_return_downside_sharpe_vol_l1med_lam0p0078125,bond,return_downside_sharpe_vol,robust_l1_medoids_jump_model,0.0078125,bond_return_downside_sharpe_vol_monthly_sjm,monthly,log_downside_3m,0.7311743675894473,-0.6627741848149524,-1.3939485524043997,1.3939485524043997,0.7169962192460932,0.718739597204522,1.9417883273073533,286.4006658030802,-9.137266991162032e-16,independent_teacher_feature_group_majority,higher_in_bad,3
bd_return_downside_sharpe_vol_l1med_lam0p0078125,bond,return_downside_sharpe_vol,robust_l1_medoids_jump_model,0.0078125,bond_return_downside_sharpe_vol_monthly_sjm,monthly,log_downside_1m,0.7262496014271431,-0.6582512351334905,-1.3845008365606337,1.3845008365606337,0.5723467663047507,0.8353256233626591,1.933624820649136,282.5315667721407,3.0888510397914586e-05,independent_teacher_feature_group_majority,higher_in_bad,4
bd_return_downside_sharpe_vol_l1med_lam0p0078125,bond,return_downside_sharpe_vol,robust_l1_medoids_jump_model,0.0078125,bond_return_downside_sharpe_vol_monthly_sjm,monthly,ewm_return_6m,-0.6953838175283621,0.6459644890751224,1.3413483066034844,1.3413483066034844,0.8056770715980724,0.5934818822190225,1.8956867979431824,265.19398140168903,0.008199896595293008,independent_teacher_feature_group_majority,higher_in_good,5
bd_return_downside_sharpe_vol_l1med_lam0p0078125,bond,return_downside_sharpe_vol,robust_l1_medoids_jump_model,0.0078125,bond_return_downside_sharpe_vol_monthly_sjm,monthly,ewm_return_3m,-0.654167778493153,0.6074120117751164,1.2615797902682693,1.2615797902682693,0.8374738841102554,0.5954042400035555,1.7362999786899003,234.59026148892244,0.007574581884450224,independent_teacher_feature_group_majority,higher_in_good,6
bd_return_downside_sharpe_vol_l1med_lam0p0078125,bond,return_downside_sharpe_vol,robust_l1_medoids_jump_model,0.0078125,bond_return_downside_sharpe_vol_monthly_sjm,monthly,ewm_return_12m,-0.6625560044304399,0.6135320605147865,1.2760880649452264,1.2760880649452264,0.8989230598653242,0.558342299619359,1.7053899853369097,240.0169023495201,0.006796449263333658,independent_teacher_feature_group_majority,higher_in_good,7
bd_return_downside_sharpe_vol_l1med_lam0p0078125,bond,return_downside_sharpe_vol,robust_l1_medoids_jump_model,0.0078125,bond_return_downside_sharpe_vol_monthly_sjm,monthly,log_downside_6m,0.662765650941904,-0.6007649932731436,-1.2635306442150476,1.2635306442150476,0.8297541685946125,0.7233823110340518,1.6232670432718974,235.316343481402,8.896812596657769e-16,independent_teacher_feature_group_majority,higher_in_bad,8
bd_return_downside_sharpe_vol_l1med_lam0p0078125,bond,return_downside_sharpe_vol,robust_l1_medoids_jump_model,0.0078125,bond_return_downside_sharpe_vol_monthly_sjm,monthly,log_downside_12m,0.5527243746847842,-0.5010179009239497,-1.0537422756087338,1.0537422756087338,0.9357839999875521,0.7646801428421817,1.2331315612309064,163.66256034249727,-1.923635156034112e-16,independent_teacher_feature_group_majority,higher_in_bad,9
bd_return_downside_sharpe_vol_l1med_lam0p0078125,bond,return_downside_sharpe_vol,robust_l1_medoids_jump_model,0.0078125,bond_return_downside_sharpe_vol_monthly_sjm,monthly,sharpe_3m,-0.5109302592638987,0.43141552806578276,0.9423457873296814,0.9423457873296814,0.6734872823037319,0.858997508944559,1.2209144184986838,130.88838820007524,-0.016637206688262043,independent_teacher_feature_group_majority,higher_in_good,10
bd_return_downside_sharpe_vol_l1med_lam0p0078125,bond,return_downside_sharpe_vol,robust_l1_medoids_jump_model,0.0078125,bond_return_downside_sharpe_vol_monthly_sjm,monthly,realized_vol_6m,0.3217624391084139,-0.35278487532158587,-0.6745473144299998,0.6745473144299998,0.9881908375160541,0.5576713297534462,0.8407186583109588,67.06645762596551,-0.032061025313413406,independent_teacher_feature_group_majority,higher_in_bad,11
bd_return_downside_sharpe_vol_l1med_lam0p015625,bond,return_downside_sharpe_vol,robust_l1_medoids_jump_model,0.015625,bond_return_downside_sharpe_vol_monthly_sjm,monthly,sharpe_12m,-0.7841634053294415,0.7108061835405582,1.4949695888699996,1.4949695888699996,0.6395181205162297,0.6878185068433268,2.25109554534807,329.41642467190377,1.20227197252132e-17,independent_teacher_feature_group_majority,higher_in_good,1
bd_return_downside_sharpe_vol_l1med_lam0p015625,bond,return_downside_sharpe_vol,robust_l1_medoids_jump_model,0.015625,bond_return_downside_sharpe_vol_monthly_sjm,monthly,sharpe_6m,-0.727833588398517,0.6500858690410578,1.3779194574395748,1.3779194574395748,0.6245389848158368,0.7633390894253053,1.9757930150380314,279.85186046871553,-0.005067037118875272,independent_teacher_feature_group_majority,higher_in_good,2
bd_return_downside_sharpe_vol_l1med_lam0p015625,bond,return_downside_sharpe_vol,robust_l1_medoids_jump_model,0.015625,bond_return_downside_sharpe_vol_monthly_sjm,monthly,log_downside_3m,0.7311743675894473,-0.6627741848149524,-1.3939485524043997,1.3939485524043997,0.7169962192460932,0.718739597204522,1.9417883273073533,286.4006658030802,-9.137266991162032e-16,independent_teacher_feature_group_majority,higher_in_bad,3
bd_return_downside_sharpe_vol_l1med_lam0p015625,bond,return_downside_sharpe_vol,robust_l1_medoids_jump_model,0.015625,bond_return_downside_sharpe_vol_monthly_sjm,monthly,log_downside_1m,0.7262496014271431,-0.6582512351334905,-1.3845008365606337,1.3845008365606337,0.5723467663047507,0.8353256233626591,1.933624820649136,282.5315667721407,3.0888510397914586e-05,independent_teacher_feature_group_majority,higher_in_bad,4
bd_return_downside_sharpe_vol_l1med_lam0p015625,bond,return_downside_sharpe_vol,robust_l1_medoids_jump_model,0.015625,bond_return_downside_sharpe_vol_monthly_sjm,monthly,ewm_return_6m,-0.6953838175283621,0.6459644890751224,1.3413483066034844,1.3413483066034844,0.8056770715980724,0.5934818822190225,1.8956867979431824,265.19398140168903,0.008199896595293008,independent_teacher_feature_group_majority,higher_in_good,5
bd_return_downside_sharpe_vol_l1med_lam0p015625,bond,return_downside_sharpe_vol,robust_l1_medoids_jump_model,0.015625,bond_return_downside_sharpe_vol_monthly_sjm,monthly,ewm_return_3m,-0.654167778493153,0.6074120117751164,1.2615797902682693,1.2615797902682693,0.8374738841102554,0.5954042400035555,1.7362999786899003,234.59026148892244,0.007574581884450224,independent_teacher_feature_group_majority,higher_in_good,6
bd_return_downside_sharpe_vol_l1med_lam0p015625,bond,return_downside_sharpe_vol,robust_l1_medoids_jump_model,0.015625,bond_return_downside_sharpe_vol_monthly_sjm,monthly,ewm_return_12m,-0.6625560044304399,0.6135320605147865,1.2760880649452264,1.2760880649452264,0.8989230598653242,0.558342299619359,1.7053899853369097,240.0169023495201,0.006796449263333658,independent_teacher_feature_group_majority,higher_in_good,7
bd_return_downside_sharpe_vol_l1med_lam0p015625,bond,return_downside_sharpe_vol,robust_l1_medoids_jump_model,0.015625,bond_return_downside_sharpe_vol_monthly_sjm,monthly,log_downside_6m,0.662765650941904,-0.6007649932731436,-1.2635306442150476,1.2635306442150476,0.8297541685946125,0.7233823110340518,1.6232670432718974,235.316343481402,8.896812596657769e-16,independent_teacher_feature_group_majority,higher_in_bad,8
bd_return_downside_sharpe_vol_l1med_lam0p015625,bond,return_downside_sharpe_vol,robust_l1_medoids_jump_model,0.015625,bond_return_downside_sharpe_vol_monthly_sjm,monthly,log_downside_12m,0.5527243746847842,-0.5010179009239497,-1.0537422756087338,1.0537422756087338,0.9357839999875521,0.7646801428421817,1.2331315612309064,163.66256034249727,-1.923635156034112e-16,independent_teacher_feature_group_majority,higher_in_bad,9
bd_return_downside_sharpe_vol_l1med_lam0p015625,bond,return_downside_sharpe_vol,robust_l1_medoids_jump_model,0.015625,bond_return_downside_sharpe_vol_monthly_sjm,monthly,sharpe_3m,-0.5109302592638987,0.43141552806578276,0.9423457873296814,0.9423457873296814,0.6734872823037319,0.858997508944559,1.2209144184986838,130.88838820007524,-0.016637206688262043,independent_teacher_feature_group_majority,higher_in_good,10
bd_return_downside_sharpe_vol_l1med_lam0p015625,bond,return_downside_sharpe_vol,robust_l1_medoids_jump_model,0.015625,bond_return_downside_sharpe_vol_monthly_sjm,monthly,realized_vol_6m,0.3217624391084139,-0.35278487532158587,-0.6745473144299998,0.6745473144299998,0.9881908375160541,0.5576713297534462,0.8407186583109588,67.06645762596551,-0.032061025313413406,independent_teacher_feature_group_majority,higher_in_bad,11
bd_return_downside_sharpe_vol_l1med_lam0p03125,bond,return_downside_sharpe_vol,robust_l1_medoids_jump_model,0.03125,bond_return_downside_sharpe_vol_monthly_sjm,monthly,sharpe_12m,-0.7873363328672688,0.7088558623885378,1.4961921952558066,1.4961921952558066,0.638447431453128,0.687569820548617,2.2551239192166177,329.84181335765425,1.20227197252132e-17,independent_teacher_feature_group_majority,higher_in_good,1
bd_return_downside_sharpe_vol_l1med_lam0p03125,bond,return_downside_sharpe_vol,robust_l1_medoids_jump_model,0.03125,bond_return_downside_sharpe_vol_monthly_sjm,monthly,sharpe_6m,-0.7324739269868349,0.6498330566529211,1.3823069836397561,1.3823069836397561,0.6207989005578729,0.7621238669495802,1.9887517524963312,281.53989466740376,-0.005067037118875272,independent_teacher_feature_group_majority,higher_in_good,2
bd_return_downside_sharpe_vol_l1med_lam0p03125,bond,return_downside_sharpe_vol,robust_l1_medoids_jump_model,0.03125,bond_return_downside_sharpe_vol_monthly_sjm,monthly,log_downside_3m,0.7330142009993184,-0.6599484767839541,-1.3929626777832724,1.3929626777832724,0.717612994484465,0.7193057711592659,1.9388176207214585,285.8971987976096,-9.137266991162032e-16,independent_teacher_feature_group_majority,higher_in_bad,3
bd_return_downside_sharpe_vol_l1med_lam0p03125,bond,return_downside_sharpe_vol,robust_l1_medoids_jump_model,0.03125,bond_return_downside_sharpe_vol_monthly_sjm,monthly,log_downside_1m,0.7273309251109343,-0.6547730029627539,-1.3821039280736882,1.3821039280736882,0.5730813119333527,0.8362270492232211,1.928070772959618,281.45718649264654,3.0888510397914586e-05,independent_teacher_feature_group_majority,higher_in_bad,4
bd_return_downside_sharpe_vol_l1med_lam0p03125,bond,return_downside_sharpe_vol,robust_l1_medoids_jump_model,0.03125,bond_return_downside_sharpe_vol_monthly_sjm,monthly,ewm_return_6m,-0.6983988840563874,0.6443660013620792,1.3427648854184666,1.3427648854184666,0.8055304758632317,0.5931949953056397,1.8982354516283668,265.66288860680305,0.008199896595293008,independent_teacher_feature_group_majority,higher_in_good,5
bd_return_downside_sharpe_vol_l1med_lam0p03125,bond,return_downside_sharpe_vol,robust_l1_medoids_jump_model,0.03125,bond_return_downside_sharpe_vol_monthly_sjm,monthly,ewm_return_3m,-0.6565464088492317,0.605497017271688,1.2620434261209197,1.2620434261209197,0.8380199924317957,0.5954016718911939,1.7361884738935682,234.68186854121942,0.007574581884450224,independent_teacher_feature_group_majority,higher_in_good,6
bd_return_downside_sharpe_vol_l1med_lam0p03125,bond,return_downside_sharpe_vol,robust_l1_medoids_jump_model,0.03125,bond_return_downside_sharpe_vol_monthly_sjm,monthly,ewm_return_12m,-0.666174238451248,0.6126864574951113,1.2788606959463593,1.2788606959463593,0.898481975978603,0.5576427065943688,1.7102974527160593,240.97801337180772,0.006796449263333658,independent_teacher_feature_group_majority,higher_in_good,7
bd_return_downside_sharpe_vol_l1med_lam0p03125,bond,return_downside_sharpe_vol,robust_l1_medoids_jump_model,0.03125,bond_return_downside_sharpe_vol_monthly_sjm,monthly,log_downside_6m,0.6641469360101514,-0.5979457944785913,-1.2620927304887428,1.2620927304887428,0.8309119969757366,0.7239221177815921,1.6196136963695658,234.70020557613907,8.896812596657769e-16,independent_teacher_feature_group_majority,higher_in_bad,8
bd_return_downside_sharpe_vol_l1med_lam0p03125,bond,return_downside_sharpe_vol,robust_l1_medoids_jump_model,0.03125,bond_return_downside_sharpe_vol_monthly_sjm,monthly,log_downside_12m,0.5540571183328057,-0.49882955991378025,-1.052886678246586,1.052886678246586,0.9371873084865533,0.7644214027401384,1.2311895385335487,163.340620486485,-1.923635156034112e-16,independent_teacher_feature_group_majority,higher_in_bad,9
bd_return_downside_sharpe_vol_l1med_lam0p03125,bond,return_downside_sharpe_vol,robust_l1_medoids_jump_model,0.03125,bond_return_downside_sharpe_vol_monthly_sjm,monthly,sharpe_3m,-0.5117364564440976,0.429111313992233,0.9408477704363306,0.9408477704363306,0.6745535036125163,0.8585744237925826,1.2186102127063017,130.4276470776937,-0.016637206688262043,independent_teacher_feature_group_majority,higher_in_good,10
bd_return_downside_sharpe_vol_l1med_lam0p03125,bond,return_downside_sharpe_vol,robust_l1_medoids_jump_model,0.03125,bond_return_downside_sharpe_vol_monthly_sjm,monthly,realized_vol_6m,0.3244855194091533,-0.3530675607549526,-0.6775530801641059,0.6775530801641059,0.9889009278399271,0.5567962761179212,0.8443243270533768,67.64217868762042,-0.032061025313413406,independent_teacher_feature_group_majority,higher_in_bad,11
bd_return_downside_sharpe_vol_l1med_lam0p0625,bond,return_downside_sharpe_vol,robust_l1_medoids_jump_model,0.0625,bond_return_downside_sharpe_vol_monthly_sjm,monthly,sharpe_12m,-0.7873363328672688,0.7088558623885378,1.4961921952558066,1.4961921952558066,0.638447431453128,0.687569820548617,2.2551239192166177,329.84181335765425,1.20227197252132e-17,independent_teacher_feature_group_majority,higher_in_good,1
bd_return_downside_sharpe_vol_l1med_lam0p0625,bond,return_downside_sharpe_vol,robust_l1_medoids_jump_model,0.0625,bond_return_downside_sharpe_vol_monthly_sjm,monthly,sharpe_6m,-0.7324739269868349,0.6498330566529211,1.3823069836397561,1.3823069836397561,0.6207989005578729,0.7621238669495802,1.9887517524963312,281.53989466740376,-0.005067037118875272,independent_teacher_feature_group_majority,higher_in_good,2
bd_return_downside_sharpe_vol_l1med_lam0p0625,bond,return_downside_sharpe_vol,robust_l1_medoids_jump_model,0.0625,bond_return_downside_sharpe_vol_monthly_sjm,monthly,log_downside_3m,0.7330142009993184,-0.6599484767839541,-1.3929626777832724,1.3929626777832724,0.717612994484465,0.7193057711592659,1.9388176207214585,285.8971987976096,-9.137266991162032e-16,independent_teacher_feature_group_majority,higher_in_bad,3
bd_return_downside_sharpe_vol_l1med_lam0p0625,bond,return_downside_sharpe_vol,robust_l1_medoids_jump_model,0.0625,bond_return_downside_sharpe_vol_monthly_sjm,monthly,log_downside_1m,0.7273309251109343,-0.6547730029627539,-1.3821039280736882,1.3821039280736882,0.5730813119333527,0.8362270492232211,1.928070772959618,281.45718649264654,3.0888510397914586e-05,independent_teacher_feature_group_majority,higher_in_bad,4
bd_return_downside_sharpe_vol_l1med_lam0p0625,bond,return_downside_sharpe_vol,robust_l1_medoids_jump_model,0.0625,bond_return_downside_sharpe_vol_monthly_sjm,monthly,ewm_return_6m,-0.6983988840563874,0.6443660013620792,1.3427648854184666,1.3427648854184666,0.8055304758632317,0.5931949953056397,1.8982354516283668,265.66288860680305,0.008199896595293008,independent_teacher_feature_group_majority,higher_in_good,5
bd_return_downside_sharpe_vol_l1med_lam0p0625,bond,return_downside_sharpe_vol,robust_l1_medoids_jump_model,0.0625,bond_return_downside_sharpe_vol_monthly_sjm,monthly,ewm_return_3m,-0.6565464088492317,0.605497017271688,1.2620434261209197,1.2620434261209197,0.8380199924317957,0.5954016718911939,1.7361884738935682,234.68186854121942,0.007574581884450224,independent_teacher_feature_group_majority,higher_in_good,6
bd_return_downside_sharpe_vol_l1med_lam0p0625,bond,return_downside_sharpe_vol,robust_l1_medoids_jump_model,0.0625,bond_return_downside_sharpe_vol_monthly_sjm,monthly,ewm_return_12m,-0.666174238451248,0.6126864574951113,1.2788606959463593,1.2788606959463593,0.898481975978603,0.5576427065943688,1.7102974527160593,240.97801337180772,0.006796449263333658,independent_teacher_feature_group_majority,higher_in_good,7
bd_return_downside_sharpe_vol_l1med_lam0p0625,bond,return_downside_sharpe_vol,robust_l1_medoids_jump_model,0.0625,bond_return_downside_sharpe_vol_monthly_sjm,monthly,log_downside_6m,0.6641469360101514,-0.5979457944785913,-1.2620927304887428,1.2620927304887428,0.8309119969757366,0.7239221177815921,1.6196136963695658,234.70020557613907,8.896812596657769e-16,independent_teacher_feature_group_majority,higher_in_bad,8
bd_return_downside_sharpe_vol_l1med_lam0p0625,bond,return_downside_sharpe_vol,robust_l1_medoids_jump_model,0.0625,bond_return_downside_sharpe_vol_monthly_sjm,monthly,log_downside_12m,0.5540571183328057,-0.49882955991378025,-1.052886678246586,1.052886678246586,0.9371873084865533,0.7644214027401384,1.2311895385335487,163.340620486485,-1.923635156034112e-16,independent_teacher_feature_group_majority,higher_in_bad,9
bd_return_downside_sharpe_vol_l1med_lam0p0625,bond,return_downside_sharpe_vol,robust_l1_medoids_jump_model,0.0625,bond_return_downside_sharpe_vol_monthly_sjm,monthly,sharpe_3m,-0.5117364564440976,0.429111313992233,0.9408477704363306,0.9408477704363306,0.6745535036125163,0.8585744237925826,1.2186102127063017,130.4276470776937,-0.016637206688262043,independent_teacher_feature_group_majority,higher_in_good,10
bd_return_downside_sharpe_vol_l1med_lam0p0625,bond,return_downside_sharpe_vol,robust_l1_medoids_jump_model,0.0625,bond_return_downside_sharpe_vol_monthly_sjm,monthly,realized_vol_6m,0.3244855194091533,-0.3530675607549526,-0.6775530801641059,0.6775530801641059,0.9889009278399271,0.5567962761179212,0.8443243270533768,67.64217868762042,-0.032061025313413406,independent_teacher_feature_group_majority,higher_in_bad,11
bd_return_downside_sharpe_vol_l1med_lam0p125,bond,return_downside_sharpe_vol,robust_l1_medoids_jump_model,0.125,bond_return_downside_sharpe_vol_monthly_sjm,monthly,sharpe_12m,-0.7860569766481418,0.7125226143165414,1.4985795909646833,1.4985795909646833,0.6376698407151176,0.6856353613520624,2.263417570185604,331.0092728538268,1.20227197252132e-17,independent_teacher_feature_group_majority,higher_in_good,1
bd_return_downside_sharpe_vol_l1med_lam0p125,bond,return_downside_sharpe_vol,robust_l1_medoids_jump_model,0.125,bond_return_downside_sharpe_vol_monthly_sjm,monthly,sharpe_6m,-0.7312281724259475,0.6531628952078578,1.3843910676338052,1.3843910676338052,0.6200437960128969,0.7610900927074717,1.9943439230552131,282.48676801632365,-0.005067037118875272,independent_teacher_feature_group_majority,higher_in_good,2
bd_return_downside_sharpe_vol_l1med_lam0p125,bond,return_downside_sharpe_vol,robust_l1_medoids_jump_model,0.125,bond_return_downside_sharpe_vol_monthly_sjm,monthly,log_downside_3m,0.7296909364983946,-0.6614295263098369,-1.3911204628082314,1.3911204628082314,0.718490171403867,0.719991421020542,1.9341501657679516,285.2397261141019,-9.137266991162032e-16,independent_teacher_feature_group_majority,higher_in_bad,3
bd_return_downside_sharpe_vol_l1med_lam0p125,bond,return_downside_sharpe_vol,robust_l1_medoids_jump_model,0.125,bond_return_downside_sharpe_vol_monthly_sjm,monthly,log_downside_1m,0.7254241289100233,-0.6575029842389398,-1.382927113148963,1.382927113148963,0.5729497987917054,0.8361899220510248,1.9294189147571466,281.88964033605856,3.0888510397914586e-05,independent_teacher_feature_group_majority,higher_in_bad,4
bd_return_downside_sharpe_vol_l1med_lam0p125,bond,return_downside_sharpe_vol,robust_l1_medoids_jump_model,0.125,bond_return_downside_sharpe_vol_monthly_sjm,monthly,ewm_return_6m,-0.6960060181595581,0.6465284838408191,1.3425345020003772,1.3425345020003772,0.8050921651511378,0.5929258481708132,1.898882636038704,265.663227116986,0.008199896595293008,independent_teacher_feature_group_majority,higher_in_good,5
bd_return_downside_sharpe_vol_l1med_lam0p125,bond,return_downside_sharpe_vol,robust_l1_medoids_jump_model,0.125,bond_return_downside_sharpe_vol_monthly_sjm,monthly,ewm_return_3m,-0.6552043240710057,0.6083515901860087,1.2635559142570143,1.2635559142570143,0.8368289150940124,0.5942326977147779,1.7410602854870356,235.3257560166115,0.007574581884450224,independent_teacher_feature_group_majority,higher_in_good,6
bd_return_downside_sharpe_vol_l1med_lam0p125,bond,return_downside_sharpe_vol,robust_l1_medoids_jump_model,0.125,bond_return_downside_sharpe_vol_monthly_sjm,monthly,ewm_return_12m,-0.6626804871693429,0.6136448980942435,1.2763253852635863,1.2763253852635863,0.8987851679478094,0.5582856035817264,1.7059442046909836,240.1061848777236,0.006796449263333658,independent_teacher_feature_group_majority,higher_in_good,7
bd_return_downside_sharpe_vol_l1med_lam0p125,bond,return_downside_sharpe_vol,robust_l1_medoids_jump_model,0.125,bond_return_downside_sharpe_vol_monthly_sjm,monthly,log_downside_6m,0.6603348241529199,-0.5985615664095805,-1.2588963905625004,1.2588963905625004,0.8318814638182388,0.725007472873986,1.613397953262139,233.59336859956184,8.896812596657769e-16,independent_teacher_feature_group_majority,higher_in_bad,8
bd_return_downside_sharpe_vol_l1med_lam0p125,bond,return_downside_sharpe_vol,robust_l1_medoids_jump_model,0.125,bond_return_downside_sharpe_vol_monthly_sjm,monthly,sharpe_3m,-0.5121304409461057,0.43250343468739627,0.944633875633502,0.944633875633502,0.6733844332885308,0.8578749491594696,1.2249412860235487,131.52477407783346,-0.016637206688262043,independent_teacher_feature_group_majority,higher_in_good,9
bd_return_downside_sharpe_vol_l1med_lam0p125,bond,return_downside_sharpe_vol,robust_l1_medoids_jump_model,0.125,bond_return_downside_sharpe_vol_monthly_sjm,monthly,log_downside_12m,0.549231271676525,-0.49785157206807606,-1.047082843744601,1.047082843744601,0.9389969222110951,0.7654590713029191,1.2223226404068086,161.60047035156595,-1.923635156034112e-16,independent_teacher_feature_group_majority,higher_in_bad,10
bd_return_downside_sharpe_vol_l1med_lam0p125,bond,return_downside_sharpe_vol,robust_l1_medoids_jump_model,0.125,bond_return_downside_sharpe_vol_monthly_sjm,monthly,realized_vol_6m,0.32114688126768876,-0.3522269019240255,-0.6733737831917143,0.6733737831917143,0.9887193262392432,0.5574965277074557,0.8389791903704356,66.83330535047565,-0.032061025313413406,independent_teacher_feature_group_majority,higher_in_bad,11
bd_return_downside_sharpe_vol_l1med_lam0p25,bond,return_downside_sharpe_vol,robust_l1_medoids_jump_model,0.25,bond_return_downside_sharpe_vol_monthly_sjm,monthly,sharpe_12m,-0.7860569766481418,0.7125226143165414,1.4985795909646833,1.4985795909646833,0.6376698407151176,0.6856353613520624,2.263417570185604,331.0092728538268,1.20227197252132e-17,independent_teacher_feature_group_majority,higher_in_good,1
bd_return_downside_sharpe_vol_l1med_lam0p25,bond,return_downside_sharpe_vol,robust_l1_medoids_jump_model,0.25,bond_return_downside_sharpe_vol_monthly_sjm,monthly,sharpe_6m,-0.7312281724259475,0.6531628952078578,1.3843910676338052,1.3843910676338052,0.6200437960128969,0.7610900927074717,1.9943439230552131,282.48676801632365,-0.005067037118875272,independent_teacher_feature_group_majority,higher_in_good,2
bd_return_downside_sharpe_vol_l1med_lam0p25,bond,return_downside_sharpe_vol,robust_l1_medoids_jump_model,0.25,bond_return_downside_sharpe_vol_monthly_sjm,monthly,log_downside_3m,0.7296909364983946,-0.6614295263098369,-1.3911204628082314,1.3911204628082314,0.718490171403867,0.719991421020542,1.9341501657679516,285.2397261141019,-9.137266991162032e-16,independent_teacher_feature_group_majority,higher_in_bad,3
bd_return_downside_sharpe_vol_l1med_lam0p25,bond,return_downside_sharpe_vol,robust_l1_medoids_jump_model,0.25,bond_return_downside_sharpe_vol_monthly_sjm,monthly,log_downside_1m,0.7254241289100233,-0.6575029842389398,-1.382927113148963,1.382927113148963,0.5729497987917054,0.8361899220510248,1.9294189147571466,281.88964033605856,3.0888510397914586e-05,independent_teacher_feature_group_majority,higher_in_bad,4
bd_return_downside_sharpe_vol_l1med_lam0p25,bond,return_downside_sharpe_vol,robust_l1_medoids_jump_model,0.25,bond_return_downside_sharpe_vol_monthly_sjm,monthly,ewm_return_6m,-0.6960060181595581,0.6465284838408191,1.3425345020003772,1.3425345020003772,0.8050921651511378,0.5929258481708132,1.898882636038704,265.663227116986,0.008199896595293008,independent_teacher_feature_group_majority,higher_in_good,5
bd_return_downside_sharpe_vol_l1med_lam0p25,bond,return_downside_sharpe_vol,robust_l1_medoids_jump_model,0.25,bond_return_downside_sharpe_vol_monthly_sjm,monthly,ewm_return_3m,-0.6552043240710057,0.6083515901860087,1.2635559142570143,1.2635559142570143,0.8368289150940124,0.5942326977147779,1.7410602854870356,235.3257560166115,0.007574581884450224,independent_teacher_feature_group_majority,higher_in_good,6
bd_return_downside_sharpe_vol_l1med_lam0p25,bond,return_downside_sharpe_vol,robust_l1_medoids_jump_model,0.25,bond_return_downside_sharpe_vol_monthly_sjm,monthly,ewm_return_12m,-0.6626804871693429,0.6136448980942435,1.2763253852635863,1.2763253852635863,0.8987851679478094,0.5582856035817264,1.7059442046909836,240.1061848777236,0.006796449263333658,independent_teacher_feature_group_majority,higher_in_good,7
bd_return_downside_sharpe_vol_l1med_lam0p25,bond,return_downside_sharpe_vol,robust_l1_medoids_jump_model,0.25,bond_return_downside_sharpe_vol_monthly_sjm,monthly,log_downside_6m,0.6603348241529199,-0.5985615664095805,-1.2588963905625004,1.2588963905625004,0.8318814638182388,0.725007472873986,1.613397953262139,233.59336859956184,8.896812596657769e-16,independent_teacher_feature_group_majority,higher_in_bad,8
bd_return_downside_sharpe_vol_l1med_lam0p25,bond,return_downside_sharpe_vol,robust_l1_medoids_jump_model,0.25,bond_return_downside_sharpe_vol_monthly_sjm,monthly,sharpe_3m,-0.5121304409461057,0.43250343468739627,0.944633875633502,0.944633875633502,0.6733844332885308,0.8578749491594696,1.2249412860235487,131.52477407783346,-0.016637206688262043,independent_teacher_feature_group_majority,higher_in_good,9
bd_return_downside_sharpe_vol_l1med_lam0p25,bond,return_downside_sharpe_vol,robust_l1_medoids_jump_model,0.25,bond_return_downside_sharpe_vol_monthly_sjm,monthly,log_downside_12m,0.549231271676525,-0.49785157206807606,-1.047082843744601,1.047082843744601,0.9389969222110951,0.7654590713029191,1.2223226404068086,161.60047035156595,-1.923635156034112e-16,independent_teacher_feature_group_majority,higher_in_bad,10
bd_return_downside_sharpe_vol_l1med_lam0p25,bond,return_downside_sharpe_vol,robust_l1_medoids_jump_model,0.25,bond_return_downside_sharpe_vol_monthly_sjm,monthly,realized_vol_6m,0.32114688126768876,-0.3522269019240255,-0.6733737831917143,0.6733737831917143,0.9887193262392432,0.5574965277074557,0.8389791903704356,66.83330535047565,-0.032061025313413406,independent_teacher_feature_group_majority,higher_in_bad,11
bd_return_downside_sharpe_vol_l1med_lam0p5,bond,return_downside_sharpe_vol,robust_l1_medoids_jump_model,0.5,bond_return_downside_sharpe_vol_monthly_sjm,monthly,sharpe_12m,-0.7847457671310339,0.7113340663349049,1.4960798334659389,1.4960798334659389,0.6373008466496144,0.6885358315371444,2.2551254523346946,329.9058909653021,1.20227197252132e-17,independent_teacher_feature_group_majority,higher_in_good,1
bd_return_downside_sharpe_vol_l1med_lam0p5,bond,return_downside_sharpe_vol,robust_l1_medoids_jump_model,0.5,bond_return_downside_sharpe_vol_monthly_sjm,monthly,sharpe_6m,-0.7279994668322259,0.6502362298148394,1.3782356966470655,1.3782356966470655,0.6259059253879217,0.7620516811163527,1.976505062957433,279.980329931421,-0.005067037118875272,independent_teacher_feature_group_majority,higher_in_good,2
bd_return_downside_sharpe_vol_l1med_lam0p5,bond,return_downside_sharpe_vol,robust_l1_medoids_jump_model,0.5,bond_return_downside_sharpe_vol_monthly_sjm,monthly,log_downside_3m,0.7303565771277811,-0.662032897331958,-1.3923894744597392,1.3923894744597392,0.7181431571539812,0.7191384098054009,1.9375314797677734,285.7603677772415,-9.137266991162032e-16,independent_teacher_feature_group_majority,higher_in_bad,3
bd_return_downside_sharpe_vol_l1med_lam0p5,bond,return_downside_sharpe_vol,robust_l1_medoids_jump_model,0.5,bond_return_downside_sharpe_vol_monthly_sjm,monthly,log_downside_1m,0.7182057711504009,-0.6509598922052178,-1.3691656633556186,1.3691656633556186,0.5836823338267445,0.8402192921823366,1.8926465898871336,276.30740947623514,3.0888510397914586e-05,independent_teacher_feature_group_majority,higher_in_bad,4
bd_return_downside_sharpe_vol_l1med_lam0p5,bond,return_downside_sharpe_vol,robust_l1_medoids_jump_model,0.5,bond_return_downside_sharpe_vol_monthly_sjm,monthly,ewm_return_6m,-0.6915858241962102,0.6425217918933974,1.3341076160896077,1.3341076160896077,0.8099390950140344,0.5959780952939061,1.8762435600937954,262.33863818657494,0.008199896595293008,independent_teacher_feature_group_majority,higher_in_good,5
bd_return_downside_sharpe_vol_l1med_lam0p5,bond,return_downside_sharpe_vol,robust_l1_medoids_jump_model,0.5,bond_return_downside_sharpe_vol_monthly_sjm,monthly,ewm_return_3m,-0.6484563511126601,0.6022348792140888,1.250691230326749,1.250691230326749,0.8441335820543577,0.5977969718154837,1.7099715969843445,230.55828985703943,0.007574581884450224,independent_teacher_feature_group_majority,higher_in_good,6
bd_return_downside_sharpe_vol_l1med_lam0p5,bond,return_downside_sharpe_vol,robust_l1_medoids_jump_model,0.5,bond_return_downside_sharpe_vol_monthly_sjm,monthly,ewm_return_12m,-0.6602147840555296,0.6114098575297869,1.2716246415853165,1.2716246415853165,0.9029974082298754,0.5572235054437534,1.694819956994025,238.34080566119684,0.006796449263333658,independent_teacher_feature_group_majority,higher_in_good,7
bd_return_downside_sharpe_vol_l1med_lam0p5,bond,return_downside_sharpe_vol,robust_l1_medoids_jump_model,0.5,bond_return_downside_sharpe_vol_monthly_sjm,monthly,log_downside_6m,0.6661319164865395,-0.6038163501055389,-1.2699482665920785,1.2699482665920785,0.8273488187069882,0.7205306770242462,1.636994478869037,237.7128134185103,8.896812596657769e-16,independent_teacher_feature_group_majority,higher_in_bad,8
bd_return_downside_sharpe_vol_l1med_lam0p5,bond,return_downside_sharpe_vol,robust_l1_medoids_jump_model,0.5,bond_return_downside_sharpe_vol_monthly_sjm,monthly,log_downside_12m,0.5597494619189913,-0.5073858025781828,-1.067135264497174,1.067135264497174,0.9326647832833299,0.759284577003145,1.2548556375039934,167.84927761727778,-1.923635156034112e-16,independent_teacher_feature_group_majority,higher_in_bad,9
bd_return_downside_sharpe_vol_l1med_lam0p5,bond,return_downside_sharpe_vol,robust_l1_medoids_jump_model,0.5,bond_return_downside_sharpe_vol_monthly_sjm,monthly,sharpe_3m,-0.5037359140456188,0.4248942022388904,0.9286301162845092,0.9286301162845092,0.680716989887684,0.8609316747138418,1.196575547831913,127.1060027207382,-0.016637206688262043,independent_teacher_feature_group_majority,higher_in_good,10
bd_return_downside_sharpe_vol_l1med_lam0p5,bond,return_downside_sharpe_vol,robust_l1_medoids_jump_model,0.5,bond_return_downside_sharpe_vol_monthly_sjm,monthly,realized_vol_6m,0.3245790473500532,-0.35533799440513647,-0.6799170417551896,0.6799170417551896,0.9890484700585098,0.5531745589299869,0.8484990966329474,68.1384713526528,-0.032061025313413406,independent_teacher_feature_group_majority,higher_in_bad,11
bd_return_downside_sharpe_vol_l1med_lam1,bond,return_downside_sharpe_vol,robust_l1_medoids_jump_model,1.0,bond_return_downside_sharpe_vol_monthly_sjm,monthly,sharpe_12m,-0.7746325308657982,0.7117565137500679,1.486389044615866,1.486389044615866,0.6448488264530312,0.6919584605848035,2.2224099982938577,325.8477020174018,1.20227197252132e-17,independent_teacher_feature_group_majority,higher_in_good,1
bd_return_downside_sharpe_vol_l1med_lam1,bond,return_downside_sharpe_vol,robust_l1_medoids_jump_model,1.0,bond_return_downside_sharpe_vol_monthly_sjm,monthly,sharpe_6m,-0.7211898847309566,0.6529289559792384,1.374118840710195,1.374118840710195,0.6285015002324914,0.7640814950403017,1.9641950900401088,278.48272489820386,-0.005067037118875272,independent_teacher_feature_group_majority,higher_in_good,2
bd_return_downside_sharpe_vol_l1med_lam1,bond,return_downside_sharpe_vol,robust_l1_medoids_jump_model,1.0,bond_return_downside_sharpe_vol_monthly_sjm,monthly,log_downside_3m,0.7210821646140408,-0.6625527681356301,-1.383634932749671,1.383634932749671,0.7203628621663444,0.7247742449111789,1.91487503785308,282.3531956729943,-9.137266991162032e-16,independent_teacher_feature_group_majority,higher_in_bad,3
bd_return_downside_sharpe_vol_l1med_lam1,bond,return_downside_sharpe_vol,robust_l1_medoids_jump_model,1.0,bond_return_downside_sharpe_vol_monthly_sjm,monthly,ewm_return_6m,-0.6833126917365898,0.6435832163937437,1.3268959081303335,1.3268959081303335,0.8124192599042668,0.5984987479022359,1.8596439562804883,259.6709583575282,0.008199896595293008,independent_teacher_feature_group_majority,higher_in_good,4
bd_return_downside_sharpe_vol_l1med_lam1,bond,return_downside_sharpe_vol,robust_l1_medoids_jump_model,1.0,bond_return_downside_sharpe_vol_monthly_sjm,monthly,log_downside_1m,0.7039302110118274,-0.6467337487230583,-1.3506639597348857,1.3506639597348857,0.5912209705462893,0.8507305559279194,1.8437619036506896,269.05699927020873,3.0888510397914586e-05,independent_teacher_feature_group_majority,higher_in_bad,5
bd_return_downside_sharpe_vol_l1med_lam1,bond,return_downside_sharpe_vol,robust_l1_medoids_jump_model,1.0,bond_return_downside_sharpe_vol_monthly_sjm,monthly,ewm_return_12m,-0.6538020566739264,0.6137749466017901,1.2675770032757165,1.2675770032757165,0.9039792178927609,0.5568043801707668,1.6884453978515064,236.9727312903961,0.006796449263333658,independent_teacher_feature_group_majority,higher_in_good,6
bd_return_downside_sharpe_vol_l1med_lam1,bond,return_downside_sharpe_vol,robust_l1_medoids_jump_model,1.0,bond_return_downside_sharpe_vol_monthly_sjm,monthly,ewm_return_3m,-0.6377489722184679,0.6005179773751186,1.2382669495935865,1.2382669495935865,0.8481784579643382,0.6025851099607195,1.6831088950341078,226.14044056169513,0.007574581884450224,independent_teacher_feature_group_majority,higher_in_good,7
bd_return_downside_sharpe_vol_l1med_lam1,bond,return_downside_sharpe_vol,robust_l1_medoids_jump_model,1.0,bond_return_downside_sharpe_vol_monthly_sjm,monthly,log_downside_6m,0.6623818210619543,-0.608617062858872,-1.2709988839208264,1.2709988839208264,0.8225203950013911,0.7236392097102021,1.640720221636072,238.25389514966975,8.896812596657769e-16,independent_teacher_feature_group_majority,higher_in_bad,8
bd_return_downside_sharpe_vol_l1med_lam1,bond,return_downside_sharpe_vol,robust_l1_medoids_jump_model,1.0,bond_return_downside_sharpe_vol_monthly_sjm,monthly,log_downside_12m,0.560692911547644,-0.5151821232726732,-1.0758750348203172,1.0758750348203172,0.9244076736501644,0.7611775098166484,1.2706158056714132,170.71564812295605,-1.923635156034112e-16,independent_teacher_feature_group_majority,higher_in_bad,9
bd_return_downside_sharpe_vol_l1med_lam1,bond,return_downside_sharpe_vol,robust_l1_medoids_jump_model,1.0,bond_return_downside_sharpe_vol_monthly_sjm,monthly,sharpe_3m,-0.4934011155304091,0.4214283329296848,0.9148294484600938,0.9148294484600938,0.6813667782984459,0.8684012720199105,1.1720968366712339,123.43261884740231,-0.016637206688262043,independent_teacher_feature_group_majority,higher_in_good,10
bd_return_downside_sharpe_vol_l1med_lam1,bond,return_downside_sharpe_vol,robust_l1_medoids_jump_model,1.0,bond_return_downside_sharpe_vol_monthly_sjm,monthly,realized_vol_6m,0.32008294306300195,-0.3556218793735614,-0.6757048224365634,0.6757048224365634,0.9869191091567437,0.5550677990869184,0.8439358618871632,67.33854186756164,-0.032061025313413406,independent_teacher_feature_group_majority,higher_in_bad,11
bd_return_downside_sharpe_vol_l1med_lam2,bond,return_downside_sharpe_vol,robust_l1_medoids_jump_model,2.0,bond_return_downside_sharpe_vol_monthly_sjm,monthly,sharpe_12m,-0.7754972634104866,0.7029507452204734,1.4784480086309602,1.4784480086309602,0.6470559044284984,0.6983273619144423,2.1962152068509857,322.17560012542634,1.20227197252132e-17,independent_teacher_feature_group_majority,higher_in_good,1
bd_return_downside_sharpe_vol_l1med_lam2,bond,return_downside_sharpe_vol,robust_l1_medoids_jump_model,2.0,bond_return_downside_sharpe_vol_monthly_sjm,monthly,sharpe_6m,-0.7283203302218013,0.6505270769518415,1.3788474071736427,1.3788474071736427,0.62459157828861,0.7625029231072281,1.9783545978100134,280.2289157468602,-0.005067037118875272,independent_teacher_feature_group_majority,higher_in_good,2
bd_return_downside_sharpe_vol_l1med_lam2,bond,return_downside_sharpe_vol,robust_l1_medoids_jump_model,2.0,bond_return_downside_sharpe_vol_monthly_sjm,monthly,log_downside_3m,0.7282039637894036,-0.6600816574994288,-1.3882856212888324,1.3882856212888324,0.7179392818029038,0.7230845102827028,1.926792298024264,284.07838093471605,-9.137266991162032e-16,independent_teacher_feature_group_majority,higher_in_bad,3
bd_return_downside_sharpe_vol_l1med_lam2,bond,return_downside_sharpe_vol,robust_l1_medoids_jump_model,2.0,bond_return_downside_sharpe_vol_monthly_sjm,monthly,ewm_return_6m,-0.6852509152211859,0.6367795034353916,1.3220304186565774,1.3220304186565774,0.8149592164477937,0.6025347340038779,1.8447076077626208,257.61042184483887,0.008199896595293008,independent_teacher_feature_group_majority,higher_in_good,4
bd_return_downside_sharpe_vol_l1med_lam2,bond,return_downside_sharpe_vol,robust_l1_medoids_jump_model,2.0,bond_return_downside_sharpe_vol_monthly_sjm,monthly,log_downside_1m,0.7063938878495497,-0.6402529915357364,-1.3466468793852862,1.3466468793852862,0.5925667175007673,0.8518061692967936,1.8353527301441026,267.293249585297,3.0888510397914586e-05,independent_teacher_feature_group_majority,higher_in_bad,5
bd_return_downside_sharpe_vol_l1med_lam2,bond,return_downside_sharpe_vol,robust_l1_medoids_jump_model,2.0,bond_return_downside_sharpe_vol_monthly_sjm,monthly,ewm_return_12m,-0.6552778042528568,0.6069347242247837,1.2622125284776404,1.2622125284776404,0.9070103591278015,0.5614742273256208,1.6733678058784027,234.8256353373435,0.006796449263333658,independent_teacher_feature_group_majority,higher_in_good,6
bd_return_downside_sharpe_vol_l1med_lam2,bond,return_downside_sharpe_vol,robust_l1_medoids_jump_model,2.0,bond_return_downside_sharpe_vol_monthly_sjm,monthly,ewm_return_3m,-0.6400596952732895,0.5946237169854981,1.2346834122587875,1.2346834122587875,0.8507074509852265,0.6051267891036427,1.6725570930602447,224.69414707994076,0.007574581884450224,independent_teacher_feature_group_majority,higher_in_good,7
bd_return_downside_sharpe_vol_l1med_lam2,bond,return_downside_sharpe_vol,robust_l1_medoids_jump_model,2.0,bond_return_downside_sharpe_vol_monthly_sjm,monthly,log_downside_6m,0.6700794284578795,-0.6073945786989149,-1.2774740071567945,1.2774740071567945,0.8203468547886299,0.7214617282588306,1.6537133309340621,240.538543776503,8.896812596657769e-16,independent_teacher_feature_group_majority,higher_in_bad,8
bd_return_downside_sharpe_vol_l1med_lam2,bond,return_downside_sharpe_vol,robust_l1_medoids_jump_model,2.0,bond_return_downside_sharpe_vol_monthly_sjm,monthly,log_downside_12m,0.5672372985756539,-0.5141731641927704,-1.0814104627684242,1.0814104627684242,0.924418763420875,0.75882218087784,1.2787413580834248,172.36999422417068,-1.923635156034112e-16,independent_teacher_feature_group_majority,higher_in_bad,9
bd_return_downside_sharpe_vol_l1med_lam2,bond,return_downside_sharpe_vol,robust_l1_medoids_jump_model,2.0,bond_return_downside_sharpe_vol_monthly_sjm,monthly,sharpe_3m,-0.49431896663727953,0.4163581950719764,0.910677161709256,0.910677161709256,0.6836497371495208,0.8679151254664192,1.1656904003431925,122.23889728753355,-0.016637206688262043,independent_teacher_feature_group_majority,higher_in_good,10
bd_return_downside_sharpe_vol_l1med_lam2,bond,return_downside_sharpe_vol,robust_l1_medoids_jump_model,2.0,bond_return_downside_sharpe_vol_monthly_sjm,monthly,realized_vol_6m,0.3266780720353311,-0.3572406587166303,-0.6839187307519614,0.6839187307519614,0.9873122167583452,0.5536403398905007,0.8544636023253755,68.94289706449007,-0.032061025313413406,independent_teacher_feature_group_majority,higher_in_bad,11
bd_return_downside_sharpe_vol_l1med_lam4,bond,return_downside_sharpe_vol,robust_l1_medoids_jump_model,4.0,bond_return_downside_sharpe_vol_monthly_sjm,monthly,sharpe_12m,-0.7832535194646625,0.7196777467808424,1.502931266245505,1.502931266245505,0.6393200958756129,0.679449003209081,2.278239529811606,333.14086567547764,1.20227197252132e-17,independent_teacher_feature_group_majority,higher_in_good,1
bd_return_downside_sharpe_vol_l1med_lam4,bond,return_downside_sharpe_vol,robust_l1_medoids_jump_model,4.0,bond_return_downside_sharpe_vol_monthly_sjm,monthly,sharpe_6m,-0.717332148674846,0.6493843478497602,1.3667164965246061,1.3667164965246061,0.6304894436186529,0.7689187636755356,1.9437908184468284,275.49044723508337,-0.005067037118875272,independent_teacher_feature_group_majority,higher_in_good,2
bd_return_downside_sharpe_vol_l1med_lam4,bond,return_downside_sharpe_vol,robust_l1_medoids_jump_model,4.0,bond_return_downside_sharpe_vol_monthly_sjm,monthly,log_downside_3m,0.7120284009193485,-0.6542338878577149,-1.3662622887770635,1.3662622887770635,0.7297967384662954,0.7318494285075899,1.869482467565385,275.30736741815883,-9.137266991162032e-16,independent_teacher_feature_group_majority,higher_in_bad,3
bd_return_downside_sharpe_vol_l1med_lam4,bond,return_downside_sharpe_vol,robust_l1_medoids_jump_model,4.0,bond_return_downside_sharpe_vol_monthly_sjm,monthly,ewm_return_6m,-0.684169809169098,0.6443707626060807,1.3285405717751786,1.3285405717751786,0.8112564239326812,0.5982008763596368,1.864004548977929,260.3150722716183,0.008199896595293008,independent_teacher_feature_group_majority,higher_in_good,4
bd_return_downside_sharpe_vol_l1med_lam4,bond,return_downside_sharpe_vol,robust_l1_medoids_jump_model,4.0,bond_return_downside_sharpe_vol_monthly_sjm,monthly,log_downside_1m,0.6886406071785665,-0.6326851841619777,-1.321325791340544,1.321325791340544,0.6054326868158915,0.8635125910909232,1.7718743898118685,257.49541214865394,3.0888510397914586e-05,independent_teacher_feature_group_majority,higher_in_bad,5
bd_return_downside_sharpe_vol_l1med_lam4,bond,return_downside_sharpe_vol,robust_l1_medoids_jump_model,4.0,bond_return_downside_sharpe_vol_monthly_sjm,monthly,ewm_return_12m,-0.6536017679594106,0.6135909150881278,1.2671926830475384,1.2671926830475384,0.9031761185987406,0.5584184077251912,1.6876724731120996,236.82905621973111,0.006796449263333658,independent_teacher_feature_group_majority,higher_in_good,6
bd_return_downside_sharpe_vol_l1med_lam4,bond,return_downside_sharpe_vol,robust_l1_medoids_jump_model,4.0,bond_return_downside_sharpe_vol_monthly_sjm,monthly,ewm_return_3m,-0.6368387658634925,0.5996816514060989,1.2365204172695914,1.2365204172695914,0.8485315078968938,0.6038444686956557,1.6790928415579294,225.50296404734053,0.007574581884450224,independent_teacher_feature_group_majority,higher_in_good,7
bd_return_downside_sharpe_vol_l1med_lam4,bond,return_downside_sharpe_vol,robust_l1_medoids_jump_model,4.0,bond_return_downside_sharpe_vol_monthly_sjm,monthly,log_downside_6m,0.6527985258263546,-0.5998116324962918,-1.2526101583226463,1.2526101583226463,0.8331521720949115,0.7278057582951761,1.6012824271988944,231.4096843350431,8.896812596657769e-16,independent_teacher_feature_group_majority,higher_in_bad,8
bd_return_downside_sharpe_vol_l1med_lam4,bond,return_downside_sharpe_vol,robust_l1_medoids_jump_model,4.0,bond_return_downside_sharpe_vol_monthly_sjm,monthly,log_downside_12m,0.5479005394328524,-0.503428093050316,-1.0513286324831683,1.0513286324831683,0.9386473221569642,0.7615894677787723,1.2300333640532874,163.01465753502103,-1.923635156034112e-16,independent_teacher_feature_group_majority,higher_in_bad,9
bd_return_downside_sharpe_vol_l1med_lam4,bond,return_downside_sharpe_vol,robust_l1_medoids_jump_model,4.0,bond_return_downside_sharpe_vol_monthly_sjm,monthly,sharpe_3m,-0.48845072338905526,0.41687975833227187,0.9053304817213271,0.9053304817213271,0.6886465436105949,0.8678917295597246,1.1556243306115768,120.8826458151335,-0.016637206688262043,independent_teacher_feature_group_majority,higher_in_good,10
bd_return_downside_sharpe_vol_l1med_lam4,bond,return_downside_sharpe_vol,robust_l1_medoids_jump_model,4.0,bond_return_downside_sharpe_vol_monthly_sjm,monthly,realized_vol_6m,0.31472042998993016,-0.35069463521875843,-0.6654150652086885,0.6654150652086885,0.9898030668582862,0.5563004848745402,0.8288019991911943,65.30327012835629,-0.032061025313413406,independent_teacher_feature_group_majority,higher_in_bad,11
bd_return_downside_sharpe_vol_l2_lam0,bond,return_downside_sharpe_vol,standard_l2_jump_model,0.0,bond_return_downside_sharpe_vol_monthly_sjm,monthly,sharpe_12m,-0.8309875962718529,0.6306602293134599,1.4616478255853127,1.4616478255853127,0.6288664592094019,0.7327957708611124,2.1406320158684977,309.7258593606756,1.20227197252132e-17,independent_teacher_feature_group_majority,higher_in_good,1
bd_return_downside_sharpe_vol_l2_lam0,bond,return_downside_sharpe_vol,standard_l2_jump_model,0.0,bond_return_downside_sharpe_vol_monthly_sjm,monthly,sharpe_6m,-0.7917392914097455,0.5919610130125887,1.3837003044223342,1.3837003044223342,0.6096825554109478,0.7671247872701062,1.9969983603150756,277.572252624435,-0.005067037118875272,independent_teacher_feature_group_majority,higher_in_good,2
bd_return_downside_sharpe_vol_l2_lam0,bond,return_downside_sharpe_vol,standard_l2_jump_model,0.0,bond_return_downside_sharpe_vol_monthly_sjm,monthly,log_downside_3m,0.8061001977895504,-0.6117724715367139,-1.4178726693262642,1.4178726693262642,0.7043941155902328,0.7176034439660202,1.9941124218863933,291.4515969919963,-9.137266991162032e-16,independent_teacher_feature_group_majority,higher_in_bad,3
bd_return_downside_sharpe_vol_l2_lam0,bond,return_downside_sharpe_vol,standard_l2_jump_model,0.0,bond_return_downside_sharpe_vol_monthly_sjm,monthly,log_downside_1m,0.7954459015473263,-0.6036322910265566,-1.3990781925738829,1.3990781925738829,0.5423336402849752,0.8311492932296191,1.9936697364122178,283.7761886903883,3.0888510397914586e-05,independent_teacher_feature_group_majority,higher_in_bad,4
bd_return_downside_sharpe_vol_l2_lam0,bond,return_downside_sharpe_vol,standard_l2_jump_model,0.0,bond_return_downside_sharpe_vol_monthly_sjm,monthly,ewm_return_6m,-0.765706045586132,0.5955392277151245,1.3612452733012566,1.3612452733012566,0.8043085017301269,0.6054930772870982,1.9121951597195204,268.63633047242627,0.008199896595293008,independent_teacher_feature_group_majority,higher_in_good,5
bd_return_downside_sharpe_vol_l2_lam0,bond,return_downside_sharpe_vol,standard_l2_jump_model,0.0,bond_return_downside_sharpe_vol_monthly_sjm,monthly,ewm_return_3m,-0.7285026131087732,0.5662045959418074,1.2947072090505807,1.2947072090505807,0.8349221989988115,0.59958981686907,1.7812736305717667,243.0161349477412,0.007574581884450224,independent_teacher_feature_group_majority,higher_in_good,6
bd_return_downside_sharpe_vol_l2_lam0,bond,return_downside_sharpe_vol,standard_l2_jump_model,0.0,bond_return_downside_sharpe_vol_monthly_sjm,monthly,ewm_return_12m,-0.7265537898797587,0.5633568986130021,1.289910688492761,1.289910688492761,0.9089866683710016,0.5768589930123218,1.6944493854992657,241.21885952924643,0.006796449263333658,independent_teacher_feature_group_majority,higher_in_good,7
bd_return_downside_sharpe_vol_l2_lam0,bond,return_downside_sharpe_vol,standard_l2_jump_model,0.0,bond_return_downside_sharpe_vol_monthly_sjm,monthly,log_downside_6m,0.7298936832151505,-0.5539371702972109,-1.2838308535123613,1.2838308535123613,0.8335067897579306,0.7214664140300814,1.6469881109617295,238.9503077253233,8.896812596657769e-16,independent_teacher_feature_group_majority,higher_in_bad,8
bd_return_downside_sharpe_vol_l2_lam0,bond,return_downside_sharpe_vol,standard_l2_jump_model,0.0,bond_return_downside_sharpe_vol_monthly_sjm,monthly,sharpe_3m,-0.5693478487140785,0.40283069127775933,0.9721785399918379,0.9721785399918379,0.6588052498104127,0.8440819111157835,1.2840273014928265,137.0200233756653,-0.016637206688262043,independent_teacher_feature_group_majority,higher_in_good,9
bd_return_downside_sharpe_vol_l2_lam0,bond,return_downside_sharpe_vol,standard_l2_jump_model,0.0,bond_return_downside_sharpe_vol_monthly_sjm,monthly,log_downside_12m,0.6101941549126575,-0.4630937782819278,-1.0732879331945853,1.0732879331945853,0.9437507837676338,0.7654698426163438,1.2491034201744091,167.0030759602739,-1.923635156034112e-16,independent_teacher_feature_group_majority,higher_in_bad,10
bd_return_downside_sharpe_vol_l2_lam0,bond,return_downside_sharpe_vol,standard_l2_jump_model,0.0,bond_return_downside_sharpe_vol_monthly_sjm,monthly,realized_vol_6m,0.3748413296168617,-0.3408708482515686,-0.7157121778684303,0.7157121778684303,1.0066752366607097,0.5595490360219949,0.8788229483988277,74.2623675098698,-0.032061025313413406,independent_teacher_feature_group_majority,higher_in_bad,11
bd_return_downside_sharpe_vol_l2_lam1em05,bond,return_downside_sharpe_vol,standard_l2_jump_model,1e-05,bond_return_downside_sharpe_vol_monthly_sjm,monthly,sharpe_12m,-0.8309875962718529,0.6306602293134599,1.4616478255853127,1.4616478255853127,0.6288664592094019,0.7327957708611124,2.1406320158684977,309.7258593606756,1.20227197252132e-17,independent_teacher_feature_group_majority,higher_in_good,1
bd_return_downside_sharpe_vol_l2_lam1em05,bond,return_downside_sharpe_vol,standard_l2_jump_model,1e-05,bond_return_downside_sharpe_vol_monthly_sjm,monthly,sharpe_6m,-0.7917392914097455,0.5919610130125887,1.3837003044223342,1.3837003044223342,0.6096825554109478,0.7671247872701062,1.9969983603150756,277.572252624435,-0.005067037118875272,independent_teacher_feature_group_majority,higher_in_good,2
bd_return_downside_sharpe_vol_l2_lam1em05,bond,return_downside_sharpe_vol,standard_l2_jump_model,1e-05,bond_return_downside_sharpe_vol_monthly_sjm,monthly,log_downside_3m,0.8061001977895504,-0.6117724715367139,-1.4178726693262642,1.4178726693262642,0.7043941155902328,0.7176034439660202,1.9941124218863933,291.4515969919963,-9.137266991162032e-16,independent_teacher_feature_group_majority,higher_in_bad,3
bd_return_downside_sharpe_vol_l2_lam1em05,bond,return_downside_sharpe_vol,standard_l2_jump_model,1e-05,bond_return_downside_sharpe_vol_monthly_sjm,monthly,log_downside_1m,0.7954459015473263,-0.6036322910265566,-1.3990781925738829,1.3990781925738829,0.5423336402849752,0.8311492932296191,1.9936697364122178,283.7761886903883,3.0888510397914586e-05,independent_teacher_feature_group_majority,higher_in_bad,4
bd_return_downside_sharpe_vol_l2_lam1em05,bond,return_downside_sharpe_vol,standard_l2_jump_model,1e-05,bond_return_downside_sharpe_vol_monthly_sjm,monthly,ewm_return_6m,-0.765706045586132,0.5955392277151245,1.3612452733012566,1.3612452733012566,0.8043085017301269,0.6054930772870982,1.9121951597195204,268.63633047242627,0.008199896595293008,independent_teacher_feature_group_majority,higher_in_good,5
bd_return_downside_sharpe_vol_l2_lam1em05,bond,return_downside_sharpe_vol,standard_l2_jump_model,1e-05,bond_return_downside_sharpe_vol_monthly_sjm,monthly,ewm_return_3m,-0.7285026131087732,0.5662045959418074,1.2947072090505807,1.2947072090505807,0.8349221989988115,0.59958981686907,1.7812736305717667,243.0161349477412,0.007574581884450224,independent_teacher_feature_group_majority,higher_in_good,6
bd_return_downside_sharpe_vol_l2_lam1em05,bond,return_downside_sharpe_vol,standard_l2_jump_model,1e-05,bond_return_downside_sharpe_vol_monthly_sjm,monthly,ewm_return_12m,-0.7265537898797587,0.5633568986130021,1.289910688492761,1.289910688492761,0.9089866683710016,0.5768589930123218,1.6944493854992657,241.21885952924643,0.006796449263333658,independent_teacher_feature_group_majority,higher_in_good,7
bd_return_downside_sharpe_vol_l2_lam1em05,bond,return_downside_sharpe_vol,standard_l2_jump_model,1e-05,bond_return_downside_sharpe_vol_monthly_sjm,monthly,log_downside_6m,0.7298936832151505,-0.5539371702972109,-1.2838308535123613,1.2838308535123613,0.8335067897579306,0.7214664140300814,1.6469881109617295,238.9503077253233,8.896812596657769e-16,independent_teacher_feature_group_majority,higher_in_bad,8
bd_return_downside_sharpe_vol_l2_lam1em05,bond,return_downside_sharpe_vol,standard_l2_jump_model,1e-05,bond_return_downside_sharpe_vol_monthly_sjm,monthly,sharpe_3m,-0.5693478487140785,0.40283069127775933,0.9721785399918379,0.9721785399918379,0.6588052498104127,0.8440819111157835,1.2840273014928265,137.0200233756653,-0.016637206688262043,independent_teacher_feature_group_majority,higher_in_good,9
bd_return_downside_sharpe_vol_l2_lam1em05,bond,return_downside_sharpe_vol,standard_l2_jump_model,1e-05,bond_return_downside_sharpe_vol_monthly_sjm,monthly,log_downside_12m,0.6101941549126575,-0.4630937782819278,-1.0732879331945853,1.0732879331945853,0.9437507837676338,0.7654698426163438,1.2491034201744091,167.0030759602739,-1.923635156034112e-16,independent_teacher_feature_group_majority,higher_in_bad,10
bd_return_downside_sharpe_vol_l2_lam1em05,bond,return_downside_sharpe_vol,standard_l2_jump_model,1e-05,bond_return_downside_sharpe_vol_monthly_sjm,monthly,realized_vol_6m,0.3748413296168617,-0.3408708482515686,-0.7157121778684303,0.7157121778684303,1.0066752366607097,0.5595490360219949,0.8788229483988277,74.2623675098698,-0.032061025313413406,independent_teacher_feature_group_majority,higher_in_bad,11
bd_return_downside_sharpe_vol_l2_lam0p0001,bond,return_downside_sharpe_vol,standard_l2_jump_model,0.0001,bond_return_downside_sharpe_vol_monthly_sjm,monthly,sharpe_12m,-0.8309875962718529,0.6306602293134599,1.4616478255853127,1.4616478255853127,0.6288664592094019,0.7327957708611124,2.1406320158684977,309.7258593606756,1.20227197252132e-17,independent_teacher_feature_group_majority,higher_in_good,1
bd_return_downside_sharpe_vol_l2_lam0p0001,bond,return_downside_sharpe_vol,standard_l2_jump_model,0.0001,bond_return_downside_sharpe_vol_monthly_sjm,monthly,sharpe_6m,-0.7917392914097455,0.5919610130125887,1.3837003044223342,1.3837003044223342,0.6096825554109478,0.7671247872701062,1.9969983603150756,277.572252624435,-0.005067037118875272,independent_teacher_feature_group_majority,higher_in_good,2
bd_return_downside_sharpe_vol_l2_lam0p0001,bond,return_downside_sharpe_vol,standard_l2_jump_model,0.0001,bond_return_downside_sharpe_vol_monthly_sjm,monthly,log_downside_3m,0.8061001977895504,-0.6117724715367139,-1.4178726693262642,1.4178726693262642,0.7043941155902328,0.7176034439660202,1.9941124218863933,291.4515969919963,-9.137266991162032e-16,independent_teacher_feature_group_majority,higher_in_bad,3
bd_return_downside_sharpe_vol_l2_lam0p0001,bond,return_downside_sharpe_vol,standard_l2_jump_model,0.0001,bond_return_downside_sharpe_vol_monthly_sjm,monthly,log_downside_1m,0.7954459015473263,-0.6036322910265566,-1.3990781925738829,1.3990781925738829,0.5423336402849752,0.8311492932296191,1.9936697364122178,283.7761886903883,3.0888510397914586e-05,independent_teacher_feature_group_majority,higher_in_bad,4
bd_return_downside_sharpe_vol_l2_lam0p0001,bond,return_downside_sharpe_vol,standard_l2_jump_model,0.0001,bond_return_downside_sharpe_vol_monthly_sjm,monthly,ewm_return_6m,-0.765706045586132,0.5955392277151245,1.3612452733012566,1.3612452733012566,0.8043085017301269,0.6054930772870982,1.9121951597195204,268.63633047242627,0.008199896595293008,independent_teacher_feature_group_majority,higher_in_good,5
bd_return_downside_sharpe_vol_l2_lam0p0001,bond,return_downside_sharpe_vol,standard_l2_jump_model,0.0001,bond_return_downside_sharpe_vol_monthly_sjm,monthly,ewm_return_3m,-0.7285026131087732,0.5662045959418074,1.2947072090505807,1.2947072090505807,0.8349221989988115,0.59958981686907,1.7812736305717667,243.0161349477412,0.007574581884450224,independent_teacher_feature_group_majority,higher_in_good,6
bd_return_downside_sharpe_vol_l2_lam0p0001,bond,return_downside_sharpe_vol,standard_l2_jump_model,0.0001,bond_return_downside_sharpe_vol_monthly_sjm,monthly,ewm_return_12m,-0.7265537898797587,0.5633568986130021,1.289910688492761,1.289910688492761,0.9089866683710016,0.5768589930123218,1.6944493854992657,241.21885952924643,0.006796449263333658,independent_teacher_feature_group_majority,higher_in_good,7
bd_return_downside_sharpe_vol_l2_lam0p0001,bond,return_downside_sharpe_vol,standard_l2_jump_model,0.0001,bond_return_downside_sharpe_vol_monthly_sjm,monthly,log_downside_6m,0.7298936832151505,-0.5539371702972109,-1.2838308535123613,1.2838308535123613,0.8335067897579306,0.7214664140300814,1.6469881109617295,238.9503077253233,8.896812596657769e-16,independent_teacher_feature_group_majority,higher_in_bad,8
bd_return_downside_sharpe_vol_l2_lam0p0001,bond,return_downside_sharpe_vol,standard_l2_jump_model,0.0001,bond_return_downside_sharpe_vol_monthly_sjm,monthly,sharpe_3m,-0.5693478487140785,0.40283069127775933,0.9721785399918379,0.9721785399918379,0.6588052498104127,0.8440819111157835,1.2840273014928265,137.0200233756653,-0.016637206688262043,independent_teacher_feature_group_majority,higher_in_good,9
bd_return_downside_sharpe_vol_l2_lam0p0001,bond,return_downside_sharpe_vol,standard_l2_jump_model,0.0001,bond_return_downside_sharpe_vol_monthly_sjm,monthly,log_downside_12m,0.6101941549126575,-0.4630937782819278,-1.0732879331945853,1.0732879331945853,0.9437507837676338,0.7654698426163438,1.2491034201744091,167.0030759602739,-1.923635156034112e-16,independent_teacher_feature_group_majority,higher_in_bad,10
bd_return_downside_sharpe_vol_l2_lam0p0001,bond,return_downside_sharpe_vol,standard_l2_jump_model,0.0001,bond_return_downside_sharpe_vol_monthly_sjm,monthly,realized_vol_6m,0.3748413296168617,-0.3408708482515686,-0.7157121778684303,0.7157121778684303,1.0066752366607097,0.5595490360219949,0.8788229483988277,74.2623675098698,-0.032061025313413406,independent_teacher_feature_group_majority,higher_in_bad,11
bd_return_downside_sharpe_vol_l2_lam0p001,bond,return_downside_sharpe_vol,standard_l2_jump_model,0.001,bond_return_downside_sharpe_vol_monthly_sjm,monthly,sharpe_12m,-0.8309875962718529,0.6306602293134599,1.4616478255853127,1.4616478255853127,0.6288664592094019,0.7327957708611124,2.1406320158684977,309.7258593606756,1.20227197252132e-17,independent_teacher_feature_group_majority,higher_in_good,1
bd_return_downside_sharpe_vol_l2_lam0p001,bond,return_downside_sharpe_vol,standard_l2_jump_model,0.001,bond_return_downside_sharpe_vol_monthly_sjm,monthly,sharpe_6m,-0.7917392914097455,0.5919610130125887,1.3837003044223342,1.3837003044223342,0.6096825554109478,0.7671247872701062,1.9969983603150756,277.572252624435,-0.005067037118875272,independent_teacher_feature_group_majority,higher_in_good,2
bd_return_downside_sharpe_vol_l2_lam0p001,bond,return_downside_sharpe_vol,standard_l2_jump_model,0.001,bond_return_downside_sharpe_vol_monthly_sjm,monthly,log_downside_3m,0.8061001977895504,-0.6117724715367139,-1.4178726693262642,1.4178726693262642,0.7043941155902328,0.7176034439660202,1.9941124218863933,291.4515969919963,-9.137266991162032e-16,independent_teacher_feature_group_majority,higher_in_bad,3
bd_return_downside_sharpe_vol_l2_lam0p001,bond,return_downside_sharpe_vol,standard_l2_jump_model,0.001,bond_return_downside_sharpe_vol_monthly_sjm,monthly,log_downside_1m,0.7954459015473263,-0.6036322910265566,-1.3990781925738829,1.3990781925738829,0.5423336402849752,0.8311492932296191,1.9936697364122178,283.7761886903883,3.0888510397914586e-05,independent_teacher_feature_group_majority,higher_in_bad,4
bd_return_downside_sharpe_vol_l2_lam0p001,bond,return_downside_sharpe_vol,standard_l2_jump_model,0.001,bond_return_downside_sharpe_vol_monthly_sjm,monthly,ewm_return_6m,-0.765706045586132,0.5955392277151245,1.3612452733012566,1.3612452733012566,0.8043085017301269,0.6054930772870982,1.9121951597195204,268.63633047242627,0.008199896595293008,independent_teacher_feature_group_majority,higher_in_good,5
bd_return_downside_sharpe_vol_l2_lam0p001,bond,return_downside_sharpe_vol,standard_l2_jump_model,0.001,bond_return_downside_sharpe_vol_monthly_sjm,monthly,ewm_return_3m,-0.7285026131087732,0.5662045959418074,1.2947072090505807,1.2947072090505807,0.8349221989988115,0.59958981686907,1.7812736305717667,243.0161349477412,0.007574581884450224,independent_teacher_feature_group_majority,higher_in_good,6
bd_return_downside_sharpe_vol_l2_lam0p001,bond,return_downside_sharpe_vol,standard_l2_jump_model,0.001,bond_return_downside_sharpe_vol_monthly_sjm,monthly,ewm_return_12m,-0.7265537898797587,0.5633568986130021,1.289910688492761,1.289910688492761,0.9089866683710016,0.5768589930123218,1.6944493854992657,241.21885952924643,0.006796449263333658,independent_teacher_feature_group_majority,higher_in_good,7
bd_return_downside_sharpe_vol_l2_lam0p001,bond,return_downside_sharpe_vol,standard_l2_jump_model,0.001,bond_return_downside_sharpe_vol_monthly_sjm,monthly,log_downside_6m,0.7298936832151505,-0.5539371702972109,-1.2838308535123613,1.2838308535123613,0.8335067897579306,0.7214664140300814,1.6469881109617295,238.9503077253233,8.896812596657769e-16,independent_teacher_feature_group_majority,higher_in_bad,8
bd_return_downside_sharpe_vol_l2_lam0p001,bond,return_downside_sharpe_vol,standard_l2_jump_model,0.001,bond_return_downside_sharpe_vol_monthly_sjm,monthly,sharpe_3m,-0.5693478487140785,0.40283069127775933,0.9721785399918379,0.9721785399918379,0.6588052498104127,0.8440819111157835,1.2840273014928265,137.0200233756653,-0.016637206688262043,independent_teacher_feature_group_majority,higher_in_good,9
bd_return_downside_sharpe_vol_l2_lam0p001,bond,return_downside_sharpe_vol,standard_l2_jump_model,0.001,bond_return_downside_sharpe_vol_monthly_sjm,monthly,log_downside_12m,0.6101941549126575,-0.4630937782819278,-1.0732879331945853,1.0732879331945853,0.9437507837676338,0.7654698426163438,1.2491034201744091,167.0030759602739,-1.923635156034112e-16,independent_teacher_feature_group_majority,higher_in_bad,10
bd_return_downside_sharpe_vol_l2_lam0p001,bond,return_downside_sharpe_vol,standard_l2_jump_model,0.001,bond_return_downside_sharpe_vol_monthly_sjm,monthly,realized_vol_6m,0.3748413296168617,-0.3408708482515686,-0.7157121778684303,0.7157121778684303,1.0066752366607097,0.5595490360219949,0.8788229483988277,74.2623675098698,-0.032061025313413406,independent_teacher_feature_group_majority,higher_in_bad,11
bd_return_downside_sharpe_vol_l2_lam0p00390625,bond,return_downside_sharpe_vol,standard_l2_jump_model,0.00390625,bond_return_downside_sharpe_vol_monthly_sjm,monthly,sharpe_12m,-0.8309875962718529,0.6306602293134599,1.4616478255853127,1.4616478255853127,0.6288664592094019,0.7327957708611124,2.1406320158684977,309.7258593606756,1.20227197252132e-17,independent_teacher_feature_group_majority,higher_in_good,1
bd_return_downside_sharpe_vol_l2_lam0p00390625,bond,return_downside_sharpe_vol,standard_l2_jump_model,0.00390625,bond_return_downside_sharpe_vol_monthly_sjm,monthly,sharpe_6m,-0.7917392914097455,0.5919610130125887,1.3837003044223342,1.3837003044223342,0.6096825554109478,0.7671247872701062,1.9969983603150756,277.572252624435,-0.005067037118875272,independent_teacher_feature_group_majority,higher_in_good,2
bd_return_downside_sharpe_vol_l2_lam0p00390625,bond,return_downside_sharpe_vol,standard_l2_jump_model,0.00390625,bond_return_downside_sharpe_vol_monthly_sjm,monthly,log_downside_3m,0.8061001977895504,-0.6117724715367139,-1.4178726693262642,1.4178726693262642,0.7043941155902328,0.7176034439660202,1.9941124218863933,291.4515969919963,-9.137266991162032e-16,independent_teacher_feature_group_majority,higher_in_bad,3
bd_return_downside_sharpe_vol_l2_lam0p00390625,bond,return_downside_sharpe_vol,standard_l2_jump_model,0.00390625,bond_return_downside_sharpe_vol_monthly_sjm,monthly,log_downside_1m,0.7954459015473263,-0.6036322910265566,-1.3990781925738829,1.3990781925738829,0.5423336402849752,0.8311492932296191,1.9936697364122178,283.7761886903883,3.0888510397914586e-05,independent_teacher_feature_group_majority,higher_in_bad,4
bd_return_downside_sharpe_vol_l2_lam0p00390625,bond,return_downside_sharpe_vol,standard_l2_jump_model,0.00390625,bond_return_downside_sharpe_vol_monthly_sjm,monthly,ewm_return_6m,-0.765706045586132,0.5955392277151245,1.3612452733012566,1.3612452733012566,0.8043085017301269,0.6054930772870982,1.9121951597195204,268.63633047242627,0.008199896595293008,independent_teacher_feature_group_majority,higher_in_good,5
bd_return_downside_sharpe_vol_l2_lam0p00390625,bond,return_downside_sharpe_vol,standard_l2_jump_model,0.00390625,bond_return_downside_sharpe_vol_monthly_sjm,monthly,ewm_return_3m,-0.7285026131087732,0.5662045959418074,1.2947072090505807,1.2947072090505807,0.8349221989988115,0.59958981686907,1.7812736305717667,243.0161349477412,0.007574581884450224,independent_teacher_feature_group_majority,higher_in_good,6
bd_return_downside_sharpe_vol_l2_lam0p00390625,bond,return_downside_sharpe_vol,standard_l2_jump_model,0.00390625,bond_return_downside_sharpe_vol_monthly_sjm,monthly,ewm_return_12m,-0.7265537898797587,0.5633568986130021,1.289910688492761,1.289910688492761,0.9089866683710016,0.5768589930123218,1.6944493854992657,241.21885952924643,0.006796449263333658,independent_teacher_feature_group_majority,higher_in_good,7
bd_return_downside_sharpe_vol_l2_lam0p00390625,bond,return_downside_sharpe_vol,standard_l2_jump_model,0.00390625,bond_return_downside_sharpe_vol_monthly_sjm,monthly,log_downside_6m,0.7298936832151505,-0.5539371702972109,-1.2838308535123613,1.2838308535123613,0.8335067897579306,0.7214664140300814,1.6469881109617295,238.9503077253233,8.896812596657769e-16,independent_teacher_feature_group_majority,higher_in_bad,8
bd_return_downside_sharpe_vol_l2_lam0p00390625,bond,return_downside_sharpe_vol,standard_l2_jump_model,0.00390625,bond_return_downside_sharpe_vol_monthly_sjm,monthly,sharpe_3m,-0.5693478487140785,0.40283069127775933,0.9721785399918379,0.9721785399918379,0.6588052498104127,0.8440819111157835,1.2840273014928265,137.0200233756653,-0.016637206688262043,independent_teacher_feature_group_majority,higher_in_good,9
bd_return_downside_sharpe_vol_l2_lam0p00390625,bond,return_downside_sharpe_vol,standard_l2_jump_model,0.00390625,bond_return_downside_sharpe_vol_monthly_sjm,monthly,log_downside_12m,0.6101941549126575,-0.4630937782819278,-1.0732879331945853,1.0732879331945853,0.9437507837676338,0.7654698426163438,1.2491034201744091,167.0030759602739,-1.923635156034112e-16,independent_teacher_feature_group_majority,higher_in_bad,10
bd_return_downside_sharpe_vol_l2_lam0p00390625,bond,return_downside_sharpe_vol,standard_l2_jump_model,0.00390625,bond_return_downside_sharpe_vol_monthly_sjm,monthly,realized_vol_6m,0.3748413296168617,-0.3408708482515686,-0.7157121778684303,0.7157121778684303,1.0066752366607097,0.5595490360219949,0.8788229483988277,74.2623675098698,-0.032061025313413406,independent_teacher_feature_group_majority,higher_in_bad,11
bd_return_downside_sharpe_vol_l2_lam0p0078125,bond,return_downside_sharpe_vol,standard_l2_jump_model,0.0078125,bond_return_downside_sharpe_vol_monthly_sjm,monthly,sharpe_12m,-0.8309875962718529,0.6306602293134599,1.4616478255853127,1.4616478255853127,0.6288664592094019,0.7327957708611124,2.1406320158684977,309.7258593606756,1.20227197252132e-17,independent_teacher_feature_group_majority,higher_in_good,1
bd_return_downside_sharpe_vol_l2_lam0p0078125,bond,return_downside_sharpe_vol,standard_l2_jump_model,0.0078125,bond_return_downside_sharpe_vol_monthly_sjm,monthly,sharpe_6m,-0.7917392914097455,0.5919610130125887,1.3837003044223342,1.3837003044223342,0.6096825554109478,0.7671247872701062,1.9969983603150756,277.572252624435,-0.005067037118875272,independent_teacher_feature_group_majority,higher_in_good,2
bd_return_downside_sharpe_vol_l2_lam0p0078125,bond,return_downside_sharpe_vol,standard_l2_jump_model,0.0078125,bond_return_downside_sharpe_vol_monthly_sjm,monthly,log_downside_3m,0.8061001977895504,-0.6117724715367139,-1.4178726693262642,1.4178726693262642,0.7043941155902328,0.7176034439660202,1.9941124218863933,291.4515969919963,-9.137266991162032e-16,independent_teacher_feature_group_majority,higher_in_bad,3
bd_return_downside_sharpe_vol_l2_lam0p0078125,bond,return_downside_sharpe_vol,standard_l2_jump_model,0.0078125,bond_return_downside_sharpe_vol_monthly_sjm,monthly,log_downside_1m,0.7954459015473263,-0.6036322910265566,-1.3990781925738829,1.3990781925738829,0.5423336402849752,0.8311492932296191,1.9936697364122178,283.7761886903883,3.0888510397914586e-05,independent_teacher_feature_group_majority,higher_in_bad,4
bd_return_downside_sharpe_vol_l2_lam0p0078125,bond,return_downside_sharpe_vol,standard_l2_jump_model,0.0078125,bond_return_downside_sharpe_vol_monthly_sjm,monthly,ewm_return_6m,-0.765706045586132,0.5955392277151245,1.3612452733012566,1.3612452733012566,0.8043085017301269,0.6054930772870982,1.9121951597195204,268.63633047242627,0.008199896595293008,independent_teacher_feature_group_majority,higher_in_good,5
bd_return_downside_sharpe_vol_l2_lam0p0078125,bond,return_downside_sharpe_vol,standard_l2_jump_model,0.0078125,bond_return_downside_sharpe_vol_monthly_sjm,monthly,ewm_return_3m,-0.7285026131087732,0.5662045959418074,1.2947072090505807,1.2947072090505807,0.8349221989988115,0.59958981686907,1.7812736305717667,243.0161349477412,0.007574581884450224,independent_teacher_feature_group_majority,higher_in_good,6
bd_return_downside_sharpe_vol_l2_lam0p0078125,bond,return_downside_sharpe_vol,standard_l2_jump_model,0.0078125,bond_return_downside_sharpe_vol_monthly_sjm,monthly,ewm_return_12m,-0.7265537898797587,0.5633568986130021,1.289910688492761,1.289910688492761,0.9089866683710016,0.5768589930123218,1.6944493854992657,241.21885952924643,0.006796449263333658,independent_teacher_feature_group_majority,higher_in_good,7
bd_return_downside_sharpe_vol_l2_lam0p0078125,bond,return_downside_sharpe_vol,standard_l2_jump_model,0.0078125,bond_return_downside_sharpe_vol_monthly_sjm,monthly,log_downside_6m,0.7298936832151505,-0.5539371702972109,-1.2838308535123613,1.2838308535123613,0.8335067897579306,0.7214664140300814,1.6469881109617295,238.9503077253233,8.896812596657769e-16,independent_teacher_feature_group_majority,higher_in_bad,8
bd_return_downside_sharpe_vol_l2_lam0p0078125,bond,return_downside_sharpe_vol,standard_l2_jump_model,0.0078125,bond_return_downside_sharpe_vol_monthly_sjm,monthly,sharpe_3m,-0.5693478487140785,0.40283069127775933,0.9721785399918379,0.9721785399918379,0.6588052498104127,0.8440819111157835,1.2840273014928265,137.0200233756653,-0.016637206688262043,independent_teacher_feature_group_majority,higher_in_good,9
bd_return_downside_sharpe_vol_l2_lam0p0078125,bond,return_downside_sharpe_vol,standard_l2_jump_model,0.0078125,bond_return_downside_sharpe_vol_monthly_sjm,monthly,log_downside_12m,0.6101941549126575,-0.4630937782819278,-1.0732879331945853,1.0732879331945853,0.9437507837676338,0.7654698426163438,1.2491034201744091,167.0030759602739,-1.923635156034112e-16,independent_teacher_feature_group_majority,higher_in_bad,10
bd_return_downside_sharpe_vol_l2_lam0p0078125,bond,return_downside_sharpe_vol,standard_l2_jump_model,0.0078125,bond_return_downside_sharpe_vol_monthly_sjm,monthly,realized_vol_6m,0.3748413296168617,-0.3408708482515686,-0.7157121778684303,0.7157121778684303,1.0066752366607097,0.5595490360219949,0.8788229483988277,74.2623675098698,-0.032061025313413406,independent_teacher_feature_group_majority,higher_in_bad,11
bd_return_downside_sharpe_vol_l2_lam0p015625,bond,return_downside_sharpe_vol,standard_l2_jump_model,0.015625,bond_return_downside_sharpe_vol_monthly_sjm,monthly,sharpe_12m,-0.8309875962718529,0.6306602293134599,1.4616478255853127,1.4616478255853127,0.6288664592094019,0.7327957708611124,2.1406320158684977,309.7258593606756,1.20227197252132e-17,independent_teacher_feature_group_majority,higher_in_good,1
bd_return_downside_sharpe_vol_l2_lam0p015625,bond,return_downside_sharpe_vol,standard_l2_jump_model,0.015625,bond_return_downside_sharpe_vol_monthly_sjm,monthly,sharpe_6m,-0.7917392914097455,0.5919610130125887,1.3837003044223342,1.3837003044223342,0.6096825554109478,0.7671247872701062,1.9969983603150756,277.572252624435,-0.005067037118875272,independent_teacher_feature_group_majority,higher_in_good,2
bd_return_downside_sharpe_vol_l2_lam0p015625,bond,return_downside_sharpe_vol,standard_l2_jump_model,0.015625,bond_return_downside_sharpe_vol_monthly_sjm,monthly,log_downside_3m,0.8061001977895504,-0.6117724715367139,-1.4178726693262642,1.4178726693262642,0.7043941155902328,0.7176034439660202,1.9941124218863933,291.4515969919963,-9.137266991162032e-16,independent_teacher_feature_group_majority,higher_in_bad,3
bd_return_downside_sharpe_vol_l2_lam0p015625,bond,return_downside_sharpe_vol,standard_l2_jump_model,0.015625,bond_return_downside_sharpe_vol_monthly_sjm,monthly,log_downside_1m,0.7954459015473263,-0.6036322910265566,-1.3990781925738829,1.3990781925738829,0.5423336402849752,0.8311492932296191,1.9936697364122178,283.7761886903883,3.0888510397914586e-05,independent_teacher_feature_group_majority,higher_in_bad,4
bd_return_downside_sharpe_vol_l2_lam0p015625,bond,return_downside_sharpe_vol,standard_l2_jump_model,0.015625,bond_return_downside_sharpe_vol_monthly_sjm,monthly,ewm_return_6m,-0.765706045586132,0.5955392277151245,1.3612452733012566,1.3612452733012566,0.8043085017301269,0.6054930772870982,1.9121951597195204,268.63633047242627,0.008199896595293008,independent_teacher_feature_group_majority,higher_in_good,5
bd_return_downside_sharpe_vol_l2_lam0p015625,bond,return_downside_sharpe_vol,standard_l2_jump_model,0.015625,bond_return_downside_sharpe_vol_monthly_sjm,monthly,ewm_return_3m,-0.7285026131087732,0.5662045959418074,1.2947072090505807,1.2947072090505807,0.8349221989988115,0.59958981686907,1.7812736305717667,243.0161349477412,0.007574581884450224,independent_teacher_feature_group_majority,higher_in_good,6
bd_return_downside_sharpe_vol_l2_lam0p015625,bond,return_downside_sharpe_vol,standard_l2_jump_model,0.015625,bond_return_downside_sharpe_vol_monthly_sjm,monthly,ewm_return_12m,-0.7265537898797587,0.5633568986130021,1.289910688492761,1.289910688492761,0.9089866683710016,0.5768589930123218,1.6944493854992657,241.21885952924643,0.006796449263333658,independent_teacher_feature_group_majority,higher_in_good,7
bd_return_downside_sharpe_vol_l2_lam0p015625,bond,return_downside_sharpe_vol,standard_l2_jump_model,0.015625,bond_return_downside_sharpe_vol_monthly_sjm,monthly,log_downside_6m,0.7298936832151505,-0.5539371702972109,-1.2838308535123613,1.2838308535123613,0.8335067897579306,0.7214664140300814,1.6469881109617295,238.9503077253233,8.896812596657769e-16,independent_teacher_feature_group_majority,higher_in_bad,8
bd_return_downside_sharpe_vol_l2_lam0p015625,bond,return_downside_sharpe_vol,standard_l2_jump_model,0.015625,bond_return_downside_sharpe_vol_monthly_sjm,monthly,sharpe_3m,-0.5693478487140785,0.40283069127775933,0.9721785399918379,0.9721785399918379,0.6588052498104127,0.8440819111157835,1.2840273014928265,137.0200233756653,-0.016637206688262043,independent_teacher_feature_group_majority,higher_in_good,9
bd_return_downside_sharpe_vol_l2_lam0p015625,bond,return_downside_sharpe_vol,standard_l2_jump_model,0.015625,bond_return_downside_sharpe_vol_monthly_sjm,monthly,log_downside_12m,0.6101941549126575,-0.4630937782819278,-1.0732879331945853,1.0732879331945853,0.9437507837676338,0.7654698426163438,1.2491034201744091,167.0030759602739,-1.923635156034112e-16,independent_teacher_feature_group_majority,higher_in_bad,10
bd_return_downside_sharpe_vol_l2_lam0p015625,bond,return_downside_sharpe_vol,standard_l2_jump_model,0.015625,bond_return_downside_sharpe_vol_monthly_sjm,monthly,realized_vol_6m,0.3748413296168617,-0.3408708482515686,-0.7157121778684303,0.7157121778684303,1.0066752366607097,0.5595490360219949,0.8788229483988277,74.2623675098698,-0.032061025313413406,independent_teacher_feature_group_majority,higher_in_bad,11
bd_return_downside_sharpe_vol_l2_lam0p03125,bond,return_downside_sharpe_vol,standard_l2_jump_model,0.03125,bond_return_downside_sharpe_vol_monthly_sjm,monthly,sharpe_12m,-0.8309875962718529,0.6306602293134599,1.4616478255853127,1.4616478255853127,0.6288664592094019,0.7327957708611124,2.1406320158684977,309.7258593606756,1.20227197252132e-17,independent_teacher_feature_group_majority,higher_in_good,1
bd_return_downside_sharpe_vol_l2_lam0p03125,bond,return_downside_sharpe_vol,standard_l2_jump_model,0.03125,bond_return_downside_sharpe_vol_monthly_sjm,monthly,sharpe_6m,-0.7917392914097455,0.5919610130125887,1.3837003044223342,1.3837003044223342,0.6096825554109478,0.7671247872701062,1.9969983603150756,277.572252624435,-0.005067037118875272,independent_teacher_feature_group_majority,higher_in_good,2
bd_return_downside_sharpe_vol_l2_lam0p03125,bond,return_downside_sharpe_vol,standard_l2_jump_model,0.03125,bond_return_downside_sharpe_vol_monthly_sjm,monthly,log_downside_3m,0.8061001977895504,-0.6117724715367139,-1.4178726693262642,1.4178726693262642,0.7043941155902328,0.7176034439660202,1.9941124218863933,291.4515969919963,-9.137266991162032e-16,independent_teacher_feature_group_majority,higher_in_bad,3
bd_return_downside_sharpe_vol_l2_lam0p03125,bond,return_downside_sharpe_vol,standard_l2_jump_model,0.03125,bond_return_downside_sharpe_vol_monthly_sjm,monthly,log_downside_1m,0.7954459015473263,-0.6036322910265566,-1.3990781925738829,1.3990781925738829,0.5423336402849752,0.8311492932296191,1.9936697364122178,283.7761886903883,3.0888510397914586e-05,independent_teacher_feature_group_majority,higher_in_bad,4
bd_return_downside_sharpe_vol_l2_lam0p03125,bond,return_downside_sharpe_vol,standard_l2_jump_model,0.03125,bond_return_downside_sharpe_vol_monthly_sjm,monthly,ewm_return_6m,-0.765706045586132,0.5955392277151245,1.3612452733012566,1.3612452733012566,0.8043085017301269,0.6054930772870982,1.9121951597195204,268.63633047242627,0.008199896595293008,independent_teacher_feature_group_majority,higher_in_good,5
bd_return_downside_sharpe_vol_l2_lam0p03125,bond,return_downside_sharpe_vol,standard_l2_jump_model,0.03125,bond_return_downside_sharpe_vol_monthly_sjm,monthly,ewm_return_3m,-0.7285026131087732,0.5662045959418074,1.2947072090505807,1.2947072090505807,0.8349221989988115,0.59958981686907,1.7812736305717667,243.0161349477412,0.007574581884450224,independent_teacher_feature_group_majority,higher_in_good,6
bd_return_downside_sharpe_vol_l2_lam0p03125,bond,return_downside_sharpe_vol,standard_l2_jump_model,0.03125,bond_return_downside_sharpe_vol_monthly_sjm,monthly,ewm_return_12m,-0.7265537898797587,0.5633568986130021,1.289910688492761,1.289910688492761,0.9089866683710016,0.5768589930123218,1.6944493854992657,241.21885952924643,0.006796449263333658,independent_teacher_feature_group_majority,higher_in_good,7
bd_return_downside_sharpe_vol_l2_lam0p03125,bond,return_downside_sharpe_vol,standard_l2_jump_model,0.03125,bond_return_downside_sharpe_vol_monthly_sjm,monthly,log_downside_6m,0.7298936832151505,-0.5539371702972109,-1.2838308535123613,1.2838308535123613,0.8335067897579306,0.7214664140300814,1.6469881109617295,238.9503077253233,8.896812596657769e-16,independent_teacher_feature_group_majority,higher_in_bad,8
bd_return_downside_sharpe_vol_l2_lam0p03125,bond,return_downside_sharpe_vol,standard_l2_jump_model,0.03125,bond_return_downside_sharpe_vol_monthly_sjm,monthly,sharpe_3m,-0.5693478487140785,0.40283069127775933,0.9721785399918379,0.9721785399918379,0.6588052498104127,0.8440819111157835,1.2840273014928265,137.0200233756653,-0.016637206688262043,independent_teacher_feature_group_majority,higher_in_good,9
bd_return_downside_sharpe_vol_l2_lam0p03125,bond,return_downside_sharpe_vol,standard_l2_jump_model,0.03125,bond_return_downside_sharpe_vol_monthly_sjm,monthly,log_downside_12m,0.6101941549126575,-0.4630937782819278,-1.0732879331945853,1.0732879331945853,0.9437507837676338,0.7654698426163438,1.2491034201744091,167.0030759602739,-1.923635156034112e-16,independent_teacher_feature_group_majority,higher_in_bad,10
bd_return_downside_sharpe_vol_l2_lam0p03125,bond,return_downside_sharpe_vol,standard_l2_jump_model,0.03125,bond_return_downside_sharpe_vol_monthly_sjm,monthly,realized_vol_6m,0.3748413296168617,-0.3408708482515686,-0.7157121778684303,0.7157121778684303,1.0066752366607097,0.5595490360219949,0.8788229483988277,74.2623675098698,-0.032061025313413406,independent_teacher_feature_group_majority,higher_in_bad,11
bd_return_downside_sharpe_vol_l2_lam0p0625,bond,return_downside_sharpe_vol,standard_l2_jump_model,0.0625,bond_return_downside_sharpe_vol_monthly_sjm,monthly,sharpe_12m,-0.8289660020163986,0.6334784970632779,1.4624444990796763,1.4624444990796763,0.6284666674299766,0.7320682148691389,2.143602344864258,310.3530930106764,1.20227197252132e-17,independent_teacher_feature_group_majority,higher_in_good,1
bd_return_downside_sharpe_vol_l2_lam0p0625,bond,return_downside_sharpe_vol,standard_l2_jump_model,0.0625,bond_return_downside_sharpe_vol_monthly_sjm,monthly,log_downside_3m,0.8046487951742605,-0.6148957957152574,-1.419544590889518,1.419544590889518,0.7033989458844313,0.716389663026084,1.9995725631096803,292.41212025737957,-9.137266991162032e-16,independent_teacher_feature_group_majority,higher_in_bad,2
bd_return_downside_sharpe_vol_l2_lam0p0625,bond,return_downside_sharpe_vol,standard_l2_jump_model,0.0625,bond_return_downside_sharpe_vol_monthly_sjm,monthly,log_downside_1m,0.7920612275227463,-0.6052221466751578,-1.397283374197904,1.397283374197904,0.5439651948620184,0.8318785831624058,1.988101606883807,283.31285108794447,3.0888510397914586e-05,independent_teacher_feature_group_majority,higher_in_bad,3
bd_return_downside_sharpe_vol_l2_lam0p0625,bond,return_downside_sharpe_vol,standard_l2_jump_model,0.0625,bond_return_downside_sharpe_vol_monthly_sjm,monthly,sharpe_6m,-0.7871382237725848,0.5925754219358997,1.3797136457084846,1.3797136457084846,0.612910368767813,0.768186343171099,1.98548788735497,276.2327777642373,-0.005067037118875272,independent_teacher_feature_group_majority,higher_in_good,4
bd_return_downside_sharpe_vol_l2_lam0p0625,bond,return_downside_sharpe_vol,standard_l2_jump_model,0.0625,bond_return_downside_sharpe_vol_monthly_sjm,monthly,ewm_return_6m,-0.7607624196223698,0.5958248307795369,1.3565872504019065,1.3565872504019065,0.8066084687832394,0.6063735260161627,1.9011814212252958,267.05010540042264,0.008199896595293008,independent_teacher_feature_group_majority,higher_in_good,5
bd_return_downside_sharpe_vol_l2_lam0p0625,bond,return_downside_sharpe_vol,standard_l2_jump_model,0.0625,bond_return_downside_sharpe_vol_monthly_sjm,monthly,ewm_return_3m,-0.7247113708673611,0.5671722054798642,1.2918835763472254,1.2918835763472254,0.8354862642515539,0.6002220592638973,1.7759600552708383,242.18321806076023,0.007574581884450224,independent_teacher_feature_group_majority,higher_in_good,6
bd_return_downside_sharpe_vol_l2_lam0p0625,bond,return_downside_sharpe_vol,standard_l2_jump_model,0.0625,bond_return_downside_sharpe_vol_monthly_sjm,monthly,ewm_return_12m,-0.7216950643864982,0.5634944417838021,1.2851895061703003,1.2851895061703003,0.9105212997049961,0.577713833625159,1.6855018189964064,239.67991006128187,0.006796449263333658,independent_teacher_feature_group_majority,higher_in_good,7
bd_return_downside_sharpe_vol_l2_lam0p0625,bond,return_downside_sharpe_vol,standard_l2_jump_model,0.0625,bond_return_downside_sharpe_vol_monthly_sjm,monthly,log_downside_6m,0.7300699793306868,-0.5579042230109115,-1.2879742023415983,1.2879742023415983,0.8318820175073052,0.7188739504532606,1.6566989562252432,240.71969261618852,8.896812596657769e-16,independent_teacher_feature_group_majority,higher_in_bad,8
bd_return_downside_sharpe_vol_l2_lam0p0625,bond,return_downside_sharpe_vol,standard_l2_jump_model,0.0625,bond_return_downside_sharpe_vol_monthly_sjm,monthly,sharpe_3m,-0.5669563193675504,0.4039051600159105,0.9708614793834609,0.9708614793834609,0.6586253865054379,0.845111327125161,1.2814486823771762,136.77660873441454,-0.016637206688262043,independent_teacher_feature_group_majority,higher_in_good,9
bd_return_downside_sharpe_vol_l2_lam0p0625,bond,return_downside_sharpe_vol,standard_l2_jump_model,0.0625,bond_return_downside_sharpe_vol_monthly_sjm,monthly,log_downside_12m,0.6129636582199047,-0.46841401941580796,-1.0813776776357127,1.0813776776357127,0.942943406294451,0.7603832574946151,1.262493773169729,169.68837560343843,-1.923635156034112e-16,independent_teacher_feature_group_majority,higher_in_bad,10
bd_return_downside_sharpe_vol_l2_lam0p0625,bond,return_downside_sharpe_vol,standard_l2_jump_model,0.0625,bond_return_downside_sharpe_vol_monthly_sjm,monthly,realized_vol_6m,0.372969712156943,-0.3415770515594172,-0.7145467637163603,0.7145467637163603,1.0051515858318991,0.5602340270432508,0.8781530113061068,74.08983108226408,-0.032061025313413406,independent_teacher_feature_group_majority,higher_in_bad,11
bd_return_downside_sharpe_vol_l2_lam0p125,bond,return_downside_sharpe_vol,standard_l2_jump_model,0.125,bond_return_downside_sharpe_vol_monthly_sjm,monthly,sharpe_12m,-0.8289660020163986,0.6334784970632779,1.4624444990796763,1.4624444990796763,0.6284666674299766,0.7320682148691389,2.143602344864258,310.3530930106764,1.20227197252132e-17,independent_teacher_feature_group_majority,higher_in_good,1
bd_return_downside_sharpe_vol_l2_lam0p125,bond,return_downside_sharpe_vol,standard_l2_jump_model,0.125,bond_return_downside_sharpe_vol_monthly_sjm,monthly,log_downside_3m,0.8046487951742605,-0.6148957957152574,-1.419544590889518,1.419544590889518,0.7033989458844313,0.716389663026084,1.9995725631096803,292.41212025737957,-9.137266991162032e-16,independent_teacher_feature_group_majority,higher_in_bad,2
bd_return_downside_sharpe_vol_l2_lam0p125,bond,return_downside_sharpe_vol,standard_l2_jump_model,0.125,bond_return_downside_sharpe_vol_monthly_sjm,monthly,log_downside_1m,0.7920612275227463,-0.6052221466751578,-1.397283374197904,1.397283374197904,0.5439651948620184,0.8318785831624058,1.988101606883807,283.31285108794447,3.0888510397914586e-05,independent_teacher_feature_group_majority,higher_in_bad,3
bd_return_downside_sharpe_vol_l2_lam0p125,bond,return_downside_sharpe_vol,standard_l2_jump_model,0.125,bond_return_downside_sharpe_vol_monthly_sjm,monthly,sharpe_6m,-0.7871382237725848,0.5925754219358997,1.3797136457084846,1.3797136457084846,0.612910368767813,0.768186343171099,1.98548788735497,276.2327777642373,-0.005067037118875272,independent_teacher_feature_group_majority,higher_in_good,4
bd_return_downside_sharpe_vol_l2_lam0p125,bond,return_downside_sharpe_vol,standard_l2_jump_model,0.125,bond_return_downside_sharpe_vol_monthly_sjm,monthly,ewm_return_6m,-0.7607624196223698,0.5958248307795369,1.3565872504019065,1.3565872504019065,0.8066084687832394,0.6063735260161627,1.9011814212252958,267.05010540042264,0.008199896595293008,independent_teacher_feature_group_majority,higher_in_good,5
bd_return_downside_sharpe_vol_l2_lam0p125,bond,return_downside_sharpe_vol,standard_l2_jump_model,0.125,bond_return_downside_sharpe_vol_monthly_sjm,monthly,ewm_return_3m,-0.7247113708673611,0.5671722054798642,1.2918835763472254,1.2918835763472254,0.8354862642515539,0.6002220592638973,1.7759600552708383,242.18321806076023,0.007574581884450224,independent_teacher_feature_group_majority,higher_in_good,6
bd_return_downside_sharpe_vol_l2_lam0p125,bond,return_downside_sharpe_vol,standard_l2_jump_model,0.125,bond_return_downside_sharpe_vol_monthly_sjm,monthly,ewm_return_12m,-0.7216950643864982,0.5634944417838021,1.2851895061703003,1.2851895061703003,0.9105212997049961,0.577713833625159,1.6855018189964064,239.67991006128187,0.006796449263333658,independent_teacher_feature_group_majority,higher_in_good,7
bd_return_downside_sharpe_vol_l2_lam0p125,bond,return_downside_sharpe_vol,standard_l2_jump_model,0.125,bond_return_downside_sharpe_vol_monthly_sjm,monthly,log_downside_6m,0.7300699793306868,-0.5579042230109115,-1.2879742023415983,1.2879742023415983,0.8318820175073052,0.7188739504532606,1.6566989562252432,240.71969261618852,8.896812596657769e-16,independent_teacher_feature_group_majority,higher_in_bad,8
bd_return_downside_sharpe_vol_l2_lam0p125,bond,return_downside_sharpe_vol,standard_l2_jump_model,0.125,bond_return_downside_sharpe_vol_monthly_sjm,monthly,sharpe_3m,-0.5669563193675504,0.4039051600159105,0.9708614793834609,0.9708614793834609,0.6586253865054379,0.845111327125161,1.2814486823771762,136.77660873441454,-0.016637206688262043,independent_teacher_feature_group_majority,higher_in_good,9
bd_return_downside_sharpe_vol_l2_lam0p125,bond,return_downside_sharpe_vol,standard_l2_jump_model,0.125,bond_return_downside_sharpe_vol_monthly_sjm,monthly,log_downside_12m,0.6129636582199047,-0.46841401941580796,-1.0813776776357127,1.0813776776357127,0.942943406294451,0.7603832574946151,1.262493773169729,169.68837560343843,-1.923635156034112e-16,independent_teacher_feature_group_majority,higher_in_bad,10
bd_return_downside_sharpe_vol_l2_lam0p125,bond,return_downside_sharpe_vol,standard_l2_jump_model,0.125,bond_return_downside_sharpe_vol_monthly_sjm,monthly,realized_vol_6m,0.372969712156943,-0.3415770515594172,-0.7145467637163603,0.7145467637163603,1.0051515858318991,0.5602340270432508,0.8781530113061068,74.08983108226408,-0.032061025313413406,independent_teacher_feature_group_majority,higher_in_bad,11
bd_return_downside_sharpe_vol_l2_lam0p25,bond,return_downside_sharpe_vol,standard_l2_jump_model,0.25,bond_return_downside_sharpe_vol_monthly_sjm,monthly,sharpe_12m,-0.8225026091714984,0.6550020778204638,1.4775046869919621,1.4775046869919621,0.6295573765286895,0.716209171575356,2.191243954701189,318.39588254986995,1.20227197252132e-17,independent_teacher_feature_group_majority,higher_in_good,1
bd_return_downside_sharpe_vol_l2_lam0p25,bond,return_downside_sharpe_vol,standard_l2_jump_model,0.25,bond_return_downside_sharpe_vol_monthly_sjm,monthly,sharpe_6m,-0.7765589224264773,0.6093125189619506,1.3858714413884279,1.3858714413884279,0.6110725291946104,0.7641824577421152,2.003063674990351,280.12740563100954,-0.005067037118875272,independent_teacher_feature_group_majority,higher_in_good,2
bd_return_downside_sharpe_vol_l2_lam0p25,bond,return_downside_sharpe_vol,standard_l2_jump_model,0.25,bond_return_downside_sharpe_vol_monthly_sjm,monthly,log_downside_3m,0.7859209151485657,-0.6258701512733275,-1.4117910664218931,1.4117910664218931,0.7089545936209386,0.7158873198485939,1.9816575325034176,290.70370525326643,-9.137266991162032e-16,independent_teacher_feature_group_majority,higher_in_bad,3
bd_return_downside_sharpe_vol_l2_lam0p25,bond,return_downside_sharpe_vol,standard_l2_jump_model,0.25,bond_return_downside_sharpe_vol_monthly_sjm,monthly,log_downside_1m,0.772189691577714,-0.6148797692514161,-1.38706946082913,1.38706946082913,0.5571377294154907,0.8342092434538495,1.9554551098550708,280.61192839700254,3.0888510397914586e-05,independent_teacher_feature_group_majority,higher_in_bad,4
bd_return_downside_sharpe_vol_l2_lam0p25,bond,return_downside_sharpe_vol,standard_l2_jump_model,0.25,bond_return_downside_sharpe_vol_monthly_sjm,monthly,ewm_return_6m,-0.7449617042054467,0.6079820832512012,1.352943787456648,1.352943787456648,0.8064260489413384,0.6024900466269661,1.900737036811129,266.9741508936175,0.008199896595293008,independent_teacher_feature_group_majority,higher_in_good,5
bd_return_downside_sharpe_vol_l2_lam0p25,bond,return_downside_sharpe_vol,standard_l2_jump_model,0.25,bond_return_downside_sharpe_vol_monthly_sjm,monthly,ewm_return_3m,-0.704257644534979,0.5744440144737831,1.278701659008762,1.278701659008762,0.8401660312303292,0.5992696880064408,1.7523013140547579,238.47791480090729,0.007574581884450224,independent_teacher_feature_group_majority,higher_in_good,6
bd_return_downside_sharpe_vol_l2_lam0p25,bond,return_downside_sharpe_vol,standard_l2_jump_model,0.25,bond_return_downside_sharpe_vol_monthly_sjm,monthly,ewm_return_12m,-0.7080477731732197,0.5760644926626558,1.2841122658358755,1.2841122658358755,0.9061996131105309,0.5731310615385634,1.693675010045133,240.50034135848415,0.006796449263333658,independent_teacher_feature_group_majority,higher_in_good,7
bd_return_downside_sharpe_vol_l2_lam0p25,bond,return_downside_sharpe_vol,standard_l2_jump_model,0.25,bond_return_downside_sharpe_vol_monthly_sjm,monthly,log_downside_6m,0.7118948711022821,-0.5669193198443692,-1.2788141909466513,1.2788141909466513,0.83318039836695,0.7201030827067768,1.6422487771804992,238.51989107046617,8.896812596657769e-16,independent_teacher_feature_group_majority,higher_in_bad,8
bd_return_downside_sharpe_vol_l2_lam0p25,bond,return_downside_sharpe_vol,standard_l2_jump_model,0.25,bond_return_downside_sharpe_vol_monthly_sjm,monthly,sharpe_3m,-0.5512735652770007,0.4091218387532259,0.9603954040302265,0.9603954040302265,0.6615712309323482,0.8503337905815284,1.2606567049999537,134.52712302341303,-0.016637206688262043,independent_teacher_feature_group_majority,higher_in_good,9
bd_return_downside_sharpe_vol_l2_lam0p25,bond,return_downside_sharpe_vol,standard_l2_jump_model,0.25,bond_return_downside_sharpe_vol_monthly_sjm,monthly,log_downside_12m,0.5965756173999489,-0.4750845342212361,-1.071660151621185,1.071660151621185,0.940538769186331,0.7633868162046449,1.2511283824098653,167.50349494823882,-1.923635156034112e-16,independent_teacher_feature_group_majority,higher_in_bad,10
bd_return_downside_sharpe_vol_l2_lam0p25,bond,return_downside_sharpe_vol,standard_l2_jump_model,0.25,bond_return_downside_sharpe_vol_monthly_sjm,monthly,realized_vol_6m,0.3640625875096667,-0.34751508780474166,-0.7115776753144083,0.7115776753144083,1.0019566609078545,0.5540706404712157,0.8789226123784446,73.85065252204555,-0.032061025313413406,independent_teacher_feature_group_majority,higher_in_bad,11
bd_return_downside_sharpe_vol_l2_lam0p5,bond,return_downside_sharpe_vol,standard_l2_jump_model,0.5,bond_return_downside_sharpe_vol_monthly_sjm,monthly,sharpe_12m,-0.834560543184007,0.637753728522704,1.4723142717067108,1.4723142717067108,0.6266708158517668,0.7246375569546848,2.173390333405785,314.5562619732784,1.20227197252132e-17,independent_teacher_feature_group_majority,higher_in_good,1
bd_return_downside_sharpe_vol_l2_lam0p5,bond,return_downside_sharpe_vol,standard_l2_jump_model,0.5,bond_return_downside_sharpe_vol_monthly_sjm,monthly,log_downside_3m,0.8076850669248135,-0.6172160511425455,-1.424901118067359,1.424901118067359,0.7018170796547057,0.7129607105210762,2.0142483562526086,294.6230668563139,-9.137266991162032e-16,independent_teacher_feature_group_majority,higher_in_bad,2
bd_return_downside_sharpe_vol_l2_lam0p5,bond,return_downside_sharpe_vol,standard_l2_jump_model,0.5,bond_return_downside_sharpe_vol_monthly_sjm,monthly,sharpe_6m,-0.7848984846965001,0.5908638601344739,1.375762344830974,1.375762344830974,0.6147514499112077,0.7701293453370949,1.9744432341980407,274.6528616684359,-0.005067037118875272,independent_teacher_feature_group_majority,higher_in_good,3
bd_return_downside_sharpe_vol_l2_lam0p5,bond,return_downside_sharpe_vol,standard_l2_jump_model,0.5,bond_return_downside_sharpe_vol_monthly_sjm,monthly,log_downside_1m,0.786833791777205,-0.6012274495084159,-1.3880612412856208,1.3880612412856208,0.5519425401933203,0.8345464634376681,1.9619280654666298,279.5854373262472,3.0888510397914586e-05,independent_teacher_feature_group_majority,higher_in_bad,4
bd_return_downside_sharpe_vol_l2_lam0p5,bond,return_downside_sharpe_vol,standard_l2_jump_model,0.5,bond_return_downside_sharpe_vol_monthly_sjm,monthly,ewm_return_6m,-0.7563887906864992,0.5924825949360059,1.348871385622505,1.348871385622505,0.8118097310077498,0.6085214981265819,1.8802149257814043,264.0209413235414,0.008199896595293008,independent_teacher_feature_group_majority,higher_in_good,5
bd_return_downside_sharpe_vol_l2_lam0p5,bond,return_downside_sharpe_vol,standard_l2_jump_model,0.5,bond_return_downside_sharpe_vol_monthly_sjm,monthly,ewm_return_3m,-0.7155845800316896,0.5601977026323063,1.2757822826639957,1.2757822826639957,0.8459434482966802,0.6039355402879193,1.735831746916008,236.18397345760107,0.007574581884450224,independent_teacher_feature_group_majority,higher_in_good,6
bd_return_downside_sharpe_vol_l2_lam0p5,bond,return_downside_sharpe_vol,standard_l2_jump_model,0.5,bond_return_downside_sharpe_vol_monthly_sjm,monthly,ewm_return_12m,-0.7204514288283754,0.5625440814766993,1.2829955103050747,1.2829955103050747,0.9118524773139696,0.5782215407203467,1.6804488512268116,238.86227519246222,0.006796449263333658,independent_teacher_feature_group_majority,higher_in_good,7
bd_return_downside_sharpe_vol_l2_lam0p5,bond,return_downside_sharpe_vol,standard_l2_jump_model,0.5,bond_return_downside_sharpe_vol_monthly_sjm,monthly,log_downside_6m,0.7344050014272165,-0.5612169563145282,-1.2956219577417447,1.2956219577417447,0.8280714793705307,0.716278343937903,1.6735076886286375,243.5868789054611,8.896812596657769e-16,independent_teacher_feature_group_majority,higher_in_bad,8
bd_return_downside_sharpe_vol_l2_lam0p5,bond,return_downside_sharpe_vol,standard_l2_jump_model,0.5,bond_return_downside_sharpe_vol_monthly_sjm,monthly,log_downside_12m,0.6165235288673399,-0.47113439817922115,-1.087657927046561,1.087657927046561,0.9399299385734816,0.7593536958132031,1.2729696827830341,171.66507606612015,-1.923635156034112e-16,independent_teacher_feature_group_majority,higher_in_bad,9
bd_return_downside_sharpe_vol_l2_lam0p5,bond,return_downside_sharpe_vol,standard_l2_jump_model,0.5,bond_return_downside_sharpe_vol_monthly_sjm,monthly,sharpe_3m,-0.5570190277826679,0.3963112894316421,0.9533303172143099,0.9533303172143099,0.6646359547148607,0.8501454464105679,1.2493693577340943,131.88156746771864,-0.016637206688262043,independent_teacher_feature_group_majority,higher_in_good,10
bd_return_downside_sharpe_vol_l2_lam0p5,bond,return_downside_sharpe_vol,standard_l2_jump_model,0.5,bond_return_downside_sharpe_vol_monthly_sjm,monthly,realized_vol_6m,0.38020502410711654,-0.3471061257661169,-0.7273111498732334,0.7273111498732334,1.0070882953740024,0.5503743496859652,0.8962300023489062,76.76049778118168,-0.032061025313413406,independent_teacher_feature_group_majority,higher_in_bad,11
bd_return_downside_sharpe_vol_l2_lam1,bond,return_downside_sharpe_vol,standard_l2_jump_model,1.0,bond_return_downside_sharpe_vol_monthly_sjm,monthly,sharpe_12m,-0.8356213958798873,0.6341769522302716,1.4697983481101589,1.4697983481101589,0.6276689181770182,0.7265139762248329,2.1649933235858976,313.1897115639898,1.20227197252132e-17,independent_teacher_feature_group_majority,higher_in_good,1
bd_return_downside_sharpe_vol_l2_lam1,bond,return_downside_sharpe_vol,standard_l2_jump_model,1.0,bond_return_downside_sharpe_vol_monthly_sjm,monthly,log_downside_3m,0.8108487702410313,-0.6153762988436414,-1.4262250690846727,1.4262250690846727,0.7013675656985824,0.7126948920590043,2.0171376512349273,294.8954750553305,-9.137266991162032e-16,independent_teacher_feature_group_majority,higher_in_bad,2
bd_return_downside_sharpe_vol_l2_lam1,bond,return_downside_sharpe_vol,standard_l2_jump_model,1.0,bond_return_downside_sharpe_vol_monthly_sjm,monthly,sharpe_6m,-0.7858535892534582,0.5874941854832635,1.3733477747367218,1.3733477747367218,0.6157660694522561,0.7714517867396834,1.9676502349269642,273.434325849189,-0.005067037118875272,independent_teacher_feature_group_majority,higher_in_good,3
bd_return_downside_sharpe_vol_l2_lam1,bond,return_downside_sharpe_vol,standard_l2_jump_model,1.0,bond_return_downside_sharpe_vol_monthly_sjm,monthly,log_downside_1m,0.7884464278846869,-0.5983201904790179,-1.3867666183637049,1.3867666183637049,0.5524214733270412,0.8350008687124304,1.9588389381124358,278.80382960788694,3.0888510397914586e-05,independent_teacher_feature_group_majority,higher_in_bad,4
bd_return_downside_sharpe_vol_l2_lam1,bond,return_downside_sharpe_vol,standard_l2_jump_model,1.0,bond_return_downside_sharpe_vol_monthly_sjm,monthly,ewm_return_6m,-0.7585887694193844,0.5901377234814321,1.3487264929008165,1.3487264929008165,0.8126379725614464,0.6091291377749545,1.878111485724976,263.71798801906823,0.008199896595293008,independent_teacher_feature_group_majority,higher_in_good,5
bd_return_downside_sharpe_vol_l2_lam1,bond,return_downside_sharpe_vol,standard_l2_jump_model,1.0,bond_return_downside_sharpe_vol_monthly_sjm,monthly,ewm_return_3m,-0.716734814381529,0.5572736772648809,1.2740084916464098,1.2740084916464098,0.8474007162517359,0.6054063357041919,1.7300217312380763,235.30796196264603,0.007574581884450224,independent_teacher_feature_group_majority,higher_in_good,6
bd_return_downside_sharpe_vol_l2_lam1,bond,return_downside_sharpe_vol,standard_l2_jump_model,1.0,bond_return_downside_sharpe_vol_monthly_sjm,monthly,ewm_return_12m,-0.7235784723773183,0.5610988451513285,1.2846773175286468,1.2846773175286468,0.9122676995690218,0.5779660953502684,1.6823182962284509,239.2655042564947,0.006796449263333658,independent_teacher_feature_group_majority,higher_in_good,7
bd_return_downside_sharpe_vol_l2_lam1,bond,return_downside_sharpe_vol,standard_l2_jump_model,1.0,bond_return_downside_sharpe_vol_monthly_sjm,monthly,log_downside_6m,0.7370528967541119,-0.559370502000887,-1.296423398754999,1.296423398754999,0.8286111864769495,0.7160096817900364,1.674187258453267,243.6608184754062,8.896812596657769e-16,independent_teacher_feature_group_majority,higher_in_bad,8
bd_return_downside_sharpe_vol_l2_lam1,bond,return_downside_sharpe_vol,standard_l2_jump_model,1.0,bond_return_downside_sharpe_vol_monthly_sjm,monthly,log_downside_12m,0.6187640830286467,-0.46959774158424095,-1.0883618246128877,1.0883618246128877,0.9410885876041516,0.7587443246966837,1.2732467046678035,171.72699763454455,-1.923635156034112e-16,independent_teacher_feature_group_majority,higher_in_bad,9
bd_return_downside_sharpe_vol_l2_lam1,bond,return_downside_sharpe_vol,standard_l2_jump_model,1.0,bond_return_downside_sharpe_vol_monthly_sjm,monthly,sharpe_3m,-0.5568003214973322,0.3933080143721929,0.950108335869525,0.950108335869525,0.6659286933713598,0.8506572946514632,1.2437641237130361,130.86943691788275,-0.016637206688262043,independent_teacher_feature_group_majority,higher_in_good,10
bd_return_downside_sharpe_vol_l2_lam1,bond,return_downside_sharpe_vol,standard_l2_jump_model,1.0,bond_return_downside_sharpe_vol_monthly_sjm,monthly,realized_vol_6m,0.38387945834314274,-0.34773014237419264,-0.7316096007173354,0.7316096007173354,1.0073469210132433,0.54967340222186,0.9016123740245148,77.5980430483879,-0.032061025313413406,independent_teacher_feature_group_majority,higher_in_bad,11
bd_return_downside_sharpe_vol_l2_lam2,bond,return_downside_sharpe_vol,standard_l2_jump_model,2.0,bond_return_downside_sharpe_vol_monthly_sjm,monthly,sharpe_12m,-0.8335870068346075,0.6370097723870433,1.4705967792216508,1.4705967792216508,0.6293126765420625,0.7243986039879939,2.1673489226681064,313.8228140677096,1.20227197252132e-17,independent_teacher_feature_group_majority,higher_in_good,1
bd_return_downside_sharpe_vol_l2_lam2,bond,return_downside_sharpe_vol,standard_l2_jump_model,2.0,bond_return_downside_sharpe_vol_monthly_sjm,monthly,log_downside_3m,0.8048850477176384,-0.6150763349722864,-1.419961382689925,1.419961382689925,0.7027140489920002,0.7165454932426643,2.000894007745473,292.5838554274776,-9.137266991162032e-16,independent_teacher_feature_group_majority,higher_in_bad,2
bd_return_downside_sharpe_vol_l2_lam2,bond,return_downside_sharpe_vol,standard_l2_jump_model,2.0,bond_return_downside_sharpe_vol_monthly_sjm,monthly,sharpe_6m,-0.7829191490792713,0.5893512932150393,1.3722704422943106,1.3722704422943106,0.6155582361944804,0.7723323573217722,1.9649942342285003,273.26040620018125,-0.005067037118875272,independent_teacher_feature_group_majority,higher_in_good,3
bd_return_downside_sharpe_vol_l2_lam2,bond,return_downside_sharpe_vol,standard_l2_jump_model,2.0,bond_return_downside_sharpe_vol_monthly_sjm,monthly,log_downside_1m,0.7721786137065274,-0.5900282686544055,-1.3622068823609328,1.3622068823609328,0.5610252170641293,0.8482592010586635,1.8942455791116488,269.2671860381452,3.0888510397914586e-05,independent_teacher_feature_group_majority,higher_in_bad,4
bd_return_downside_sharpe_vol_l2_lam2,bond,return_downside_sharpe_vol,standard_l2_jump_model,2.0,bond_return_downside_sharpe_vol_monthly_sjm,monthly,ewm_return_6m,-0.749552885811242,0.5872587392701377,1.3368116250813797,1.3368116250813797,0.8208050693288876,0.6108235088856796,1.8477699268517807,259.3210184854573,0.008199896595293008,independent_teacher_feature_group_majority,higher_in_good,5
bd_return_downside_sharpe_vol_l2_lam2,bond,return_downside_sharpe_vol,standard_l2_jump_model,2.0,bond_return_downside_sharpe_vol_monthly_sjm,monthly,log_downside_6m,0.7370502906847265,-0.5632384310904164,-1.3002887217751429,1.3002887217751429,0.8267776149796262,0.7137529827370067,1.683579947485577,245.34481417176036,8.896812596657769e-16,independent_teacher_feature_group_majority,higher_in_bad,6
bd_return_downside_sharpe_vol_l2_lam2,bond,return_downside_sharpe_vol,standard_l2_jump_model,2.0,bond_return_downside_sharpe_vol_monthly_sjm,monthly,ewm_return_3m,-0.7019914137347099,0.549810088984465,1.251801502719175,1.251801502719175,0.8627852584859557,0.6074554220451872,1.6777403979852226,227.38835957618983,0.007574581884450224,independent_teacher_feature_group_majority,higher_in_good,7
bd_return_downside_sharpe_vol_l2_lam2,bond,return_downside_sharpe_vol,standard_l2_jump_model,2.0,bond_return_downside_sharpe_vol_monthly_sjm,monthly,ewm_return_12m,-0.7133026194463848,0.5570811107250886,1.2703837301714733,1.2703837301714733,0.9211655004401651,0.5790025315344592,1.6512492074163765,234.18934809611693,0.006796449263333658,independent_teacher_feature_group_majority,higher_in_good,8
bd_return_downside_sharpe_vol_l2_lam2,bond,return_downside_sharpe_vol,standard_l2_jump_model,2.0,bond_return_downside_sharpe_vol_monthly_sjm,monthly,log_downside_12m,0.6227350917219502,-0.47588114471886367,-1.0986162364408139,1.0986162364408139,0.9375917814934979,0.7547152091880408,1.290849969177581,175.14160198840176,-1.923635156034112e-16,independent_teacher_feature_group_majority,higher_in_bad,9
bd_return_downside_sharpe_vol_l2_lam2,bond,return_downside_sharpe_vol,standard_l2_jump_model,2.0,bond_return_downside_sharpe_vol_monthly_sjm,monthly,sharpe_3m,-0.5468850156118061,0.3885670890861478,0.9354521046979539,0.9354521046979539,0.6732233180810919,0.8535777512968946,1.216914424449268,126.98148579046588,-0.016637206688262043,independent_teacher_feature_group_majority,higher_in_good,10
bd_return_downside_sharpe_vol_l2_lam2,bond,return_downside_sharpe_vol,standard_l2_jump_model,2.0,bond_return_downside_sharpe_vol_monthly_sjm,monthly,realized_vol_6m,0.3872539222698186,-0.35249274645164447,-0.7397466687214631,0.7397466687214631,1.0074577251516936,0.5426239151307327,0.914239316192958,79.40782991867158,-0.032061025313413406,independent_teacher_feature_group_majority,higher_in_bad,11
bd_return_downside_sharpe_vol_l2_lam4,bond,return_downside_sharpe_vol,standard_l2_jump_model,4.0,bond_return_downside_sharpe_vol_monthly_sjm,monthly,sharpe_12m,-0.8404185522132398,0.6334311936562697,1.4738497458695095,1.4738497458695095,0.6268573180701175,0.7238485284016306,2.176735271023867,314.61727007929034,1.20227197252132e-17,independent_teacher_feature_group_majority,higher_in_good,1
bd_return_downside_sharpe_vol_l2_lam4,bond,return_downside_sharpe_vol,standard_l2_jump_model,4.0,bond_return_downside_sharpe_vol_monthly_sjm,monthly,sharpe_6m,-0.7923639671600345,0.5883259012504258,1.3806898684104603,1.3806898684104603,0.6086682591158646,0.7701516344961792,1.9891171129050371,276.1012752635763,-0.005067037118875272,independent_teacher_feature_group_majority,higher_in_good,2
bd_return_downside_sharpe_vol_l2_lam4,bond,return_downside_sharpe_vol,standard_l2_jump_model,4.0,bond_return_downside_sharpe_vol_monthly_sjm,monthly,log_downside_3m,0.802804101999616,-0.6050808365219674,-1.4078849385215835,1.4078849385215835,0.7050394917473672,0.7260652296499871,1.9673375308201018,287.0849741623057,-9.137266991162032e-16,independent_teacher_feature_group_majority,higher_in_bad,3
bd_return_downside_sharpe_vol_l2_lam4,bond,return_downside_sharpe_vol,standard_l2_jump_model,4.0,bond_return_downside_sharpe_vol_monthly_sjm,monthly,ewm_return_6m,-0.7605095479483797,0.5875832761623341,1.3480928241107137,1.3480928241107137,0.8145693989752449,0.6091071250919211,1.874399862040794,263.21808824792635,0.008199896595293008,independent_teacher_feature_group_majority,higher_in_good,4
bd_return_downside_sharpe_vol_l2_lam4,bond,return_downside_sharpe_vol,standard_l2_jump_model,4.0,bond_return_downside_sharpe_vol_monthly_sjm,monthly,log_downside_1m,0.7688941536861588,-0.5794684270820153,-1.348362580768174,1.348362580768174,0.5618171232182017,0.8568012447030984,1.86114152414921,263.32343994851914,3.0888510397914586e-05,independent_teacher_feature_group_majority,higher_in_bad,5
bd_return_downside_sharpe_vol_l2_lam4,bond,return_downside_sharpe_vol,standard_l2_jump_model,4.0,bond_return_downside_sharpe_vol_monthly_sjm,monthly,ewm_return_3m,-0.7115330818566449,0.5495726429830798,1.2611057248397248,1.2611057248397248,0.8592557277382973,0.6058358293041155,1.6963486681992044,230.3451810460836,0.007574581884450224,independent_teacher_feature_group_majority,higher_in_good,6
bd_return_downside_sharpe_vol_l2_lam4,bond,return_downside_sharpe_vol,standard_l2_jump_model,4.0,bond_return_downside_sharpe_vol_monthly_sjm,monthly,ewm_return_12m,-0.7235536684706475,0.5572680513536339,1.2808217198242815,1.2808217198242815,0.9174415923622362,0.5773375359188581,1.6710193387978685,237.60386664295564,0.006796449263333658,independent_teacher_feature_group_majority,higher_in_good,7
bd_return_downside_sharpe_vol_l2_lam4,bond,return_downside_sharpe_vol,standard_l2_jump_model,4.0,bond_return_downside_sharpe_vol_monthly_sjm,monthly,log_downside_6m,0.73439942137818,-0.5535235994957187,-1.2879230208738988,1.2879230208738988,0.8294710559245565,0.7226650169438867,1.6556339194026317,240.24588001259445,8.896812596657769e-16,independent_teacher_feature_group_majority,higher_in_bad,8
bd_return_downside_sharpe_vol_l2_lam4,bond,return_downside_sharpe_vol,standard_l2_jump_model,4.0,bond_return_downside_sharpe_vol_monthly_sjm,monthly,log_downside_12m,0.617595904251424,-0.46548771418356605,-1.0830836184349901,1.0830836184349901,0.9394745706504765,0.764404306765658,1.2646571997468736,169.9026337036446,-1.923635156034112e-16,independent_teacher_feature_group_majority,higher_in_bad,9
bd_return_downside_sharpe_vol_l2_lam4,bond,return_downside_sharpe_vol,standard_l2_jump_model,4.0,bond_return_downside_sharpe_vol_monthly_sjm,monthly,sharpe_3m,-0.5491622460386664,0.38473181406842255,0.9338940601070889,0.9338940601070889,0.6753720558644664,0.8524905845381369,1.2143518560842061,126.31978066133954,-0.016637206688262043,independent_teacher_feature_group_majority,higher_in_good,10
bd_return_downside_sharpe_vol_l2_lam4,bond,return_downside_sharpe_vol,standard_l2_jump_model,4.0,bond_return_downside_sharpe_vol_monthly_sjm,monthly,realized_vol_6m,0.3839094943272701,-0.34558183240164375,-0.7294913267289138,0.7294913267289138,1.0107082560944387,0.548355062976967,0.8971861032309236,77.07550910821072,-0.032061025313413406,independent_teacher_feature_group_majority,higher_in_bad,11
eq_return_sortino_l1med_lam2,equity,return_sortino,robust_l1_medoids_jump_model,2.0,equity_return_sortino_daily_sjm,daily,sortino_63d,-0.9206510805454468,0.6671311949875739,1.5877822755330206,1.5877822755330206,0.6197895975542835,0.6093437494818863,2.5834868827409267,7784.36708952896,-0.0011712279001800314,independent_teacher_feature_group_majority,higher_in_good,1
eq_return_sortino_l1med_lam2,equity,return_sortino,robust_l1_medoids_jump_model,2.0,equity_return_sortino_daily_sjm,daily,sortino_126d,-0.9046325263832119,0.6575451848315822,1.562177711214794,1.562177711214794,0.6742497917103811,0.6057930822354676,2.4373378771130807,7535.330112390024,1.980148793825405e-05,independent_teacher_feature_group_majority,higher_in_good,2
eq_return_sortino_l1med_lam2,equity,return_sortino,robust_l1_medoids_jump_model,2.0,equity_return_sortino_daily_sjm,daily,ewm_return_63d,-0.8519638766643718,0.6389688307283748,1.4909327073927465,1.4909327073927465,0.7634739960420549,0.4670274860641902,2.3558890084376736,6863.68735789223,0.011430687705156924,independent_teacher_feature_group_majority,higher_in_good,3
eq_return_sortino_l1med_lam2,equity,return_sortino,robust_l1_medoids_jump_model,2.0,equity_return_sortino_daily_sjm,daily,ewm_return_126d,-0.8518302433653919,0.6370532019510691,1.488883445316461,1.488883445316461,0.7757700809676573,0.47540990443109843,2.3142172305703834,6844.832277789657,0.010377599612312327,independent_teacher_feature_group_majority,higher_in_good,4
eq_return_sortino_l1med_lam2,equity,return_sortino,robust_l1_medoids_jump_model,2.0,equity_return_sortino_daily_sjm,daily,sortino_252d,-0.8178886026858553,0.5945756411306397,1.412464243816495,1.412464243816495,0.7215006215022784,0.7127784517180138,1.969544356540357,6160.221580789679,6.511476266118032e-05,independent_teacher_feature_group_majority,higher_in_good,5
eq_return_sortino_l1med_lam2,equity,return_sortino,robust_l1_medoids_jump_model,2.0,equity_return_sortino_daily_sjm,daily,ewm_return_252d,-0.7851270497968906,0.5807600381367372,1.3658870879336278,1.3658870879336278,0.8182941089382616,0.6208072519621411,1.8806247564839038,5760.64360961176,0.00585397933802361,independent_teacher_feature_group_majority,higher_in_good,6
eq_return_sortino_l1med_lam2,equity,return_sortino,robust_l1_medoids_jump_model,2.0,equity_return_sortino_daily_sjm,daily,sortino_21d,-0.7734210939772511,0.5561011506665057,1.3295222446437567,1.3295222446437567,0.6851676730164977,0.7709142989385336,1.8230057725463915,5457.988606995109,-0.0034988342119685193,independent_teacher_feature_group_majority,higher_in_good,7
eq_return_sortino_l1med_lam2,equity,return_sortino,robust_l1_medoids_jump_model,2.0,equity_return_sortino_daily_sjm,daily,ewm_return_21d,-0.6758722163712821,0.5171121292694433,1.1929843456407254,1.1929843456407254,0.896076366077161,0.5690826936923986,1.5893691843904039,4394.514466472078,0.014981364274467928,independent_teacher_feature_group_majority,higher_in_good,8
eq_return_sortino_l1med_lam4,equity,return_sortino,robust_l1_medoids_jump_model,4.0,equity_return_sortino_daily_sjm,daily,sortino_63d,-0.9215408698588875,0.6628106214215727,1.5843514912804602,1.5843514912804602,0.6222438588450607,0.6123417999602255,2.5665299485015667,7741.525479395554,-0.0011712279001800314,independent_teacher_feature_group_majority,higher_in_good,1
eq_return_sortino_l1med_lam4,equity,return_sortino,robust_l1_medoids_jump_model,4.0,equity_return_sortino_daily_sjm,daily,sortino_126d,-0.9087530571526703,0.6556353887311765,1.5643884458838468,1.5643884458838468,0.6725270446482838,0.6060170478960992,2.4438360043534644,7547.665991787939,1.980148793825405e-05,independent_teacher_feature_group_majority,higher_in_good,2
eq_return_sortino_l1med_lam4,equity,return_sortino,robust_l1_medoids_jump_model,4.0,equity_return_sortino_daily_sjm,daily,ewm_return_63d,-0.8538699919687973,0.6356841607842468,1.489554152753044,1.489554152753044,0.7647966661178587,0.4697127322504751,2.3470733550419958,6842.834980165463,0.011430687705156924,independent_teacher_feature_group_majority,higher_in_good,3
eq_return_sortino_l1med_lam4,equity,return_sortino,robust_l1_medoids_jump_model,4.0,equity_return_sortino_daily_sjm,daily,ewm_return_126d,-0.8562587500830076,0.6355946645032557,1.4918534145862634,1.4918534145862634,0.7744043745157512,0.4755155114614988,2.3216631330968656,6863.976356314425,0.010377599612312327,independent_teacher_feature_group_majority,higher_in_good,4
eq_return_sortino_l1med_lam4,equity,return_sortino,robust_l1_medoids_jump_model,4.0,equity_return_sortino_daily_sjm,daily,sortino_252d,-0.8233799992891225,0.5941227463023976,1.4175027455915201,1.4175027455915201,0.7187358907482232,0.7113275594335264,1.9824067599203163,6196.854384455453,6.511476266118032e-05,independent_teacher_feature_group_majority,higher_in_good,5
eq_return_sortino_l1med_lam4,equity,return_sortino,robust_l1_medoids_jump_model,4.0,equity_return_sortino_daily_sjm,daily,ewm_return_252d,-0.7904184991348147,0.5803084688355502,1.3707269679703649,1.3707269679703649,0.8166116520253541,0.619400152051911,1.8913226530642067,5794.625697946047,0.00585397933802361,independent_teacher_feature_group_majority,higher_in_good,6
eq_return_sortino_l1med_lam4,equity,return_sortino,robust_l1_medoids_jump_model,4.0,equity_return_sortino_daily_sjm,daily,sortino_21d,-0.7652684671680152,0.5460642832447038,1.311332750412719,1.311332750412719,0.6913381811778069,0.7802603376660873,1.7789434676370781,5303.337781426935,-0.0034988342119685193,independent_teacher_feature_group_majority,higher_in_good,7
eq_return_sortino_l1med_lam4,equity,return_sortino,robust_l1_medoids_jump_model,4.0,equity_return_sortino_daily_sjm,daily,ewm_return_21d,-0.6690376831926945,0.508452912447204,1.1774905956398984,1.1774905956398984,0.9009326949180706,0.5789304581543453,1.5549663381072374,4276.006610805761,0.014981364274467928,independent_teacher_feature_group_majority,higher_in_good,8
eq_return_sortino_l1med_lam8,equity,return_sortino,robust_l1_medoids_jump_model,8.0,equity_return_sortino_daily_sjm,daily,sortino_63d,-0.9171001249244357,0.6585363861433632,1.575636511067799,1.575636511067799,0.6288611380901362,0.6171019066350542,2.529073954238499,7654.579046022185,-0.0011712279001800314,independent_teacher_feature_group_majority,higher_in_good,1
eq_return_sortino_l1med_lam8,equity,return_sortino,robust_l1_medoids_jump_model,8.0,equity_return_sortino_daily_sjm,daily,sortino_126d,-0.9100202015126139,0.6554858764356472,1.565506077948261,1.565506077948261,0.6720546459611298,0.605455888964366,2.447546325331498,7556.466418752555,1.980148793825405e-05,independent_teacher_feature_group_majority,higher_in_good,2
eq_return_sortino_l1med_lam8,equity,return_sortino,robust_l1_medoids_jump_model,8.0,equity_return_sortino_daily_sjm,daily,ewm_return_126d,-0.8566914247392887,0.6348933662012439,1.4915847909405326,1.4915847909405326,0.7749806960936801,0.4757165074018296,2.319722919772879,6859.700165795687,0.010377599612312327,independent_teacher_feature_group_majority,higher_in_good,3
eq_return_sortino_l1med_lam8,equity,return_sortino,robust_l1_medoids_jump_model,8.0,equity_return_sortino_daily_sjm,daily,ewm_return_63d,-0.850114786503171,0.6319680580474941,1.482082844550665,1.482082844550665,0.7693205944163362,0.47478291829395275,2.318482932878731,6772.580892827995,0.011430687705156924,independent_teacher_feature_group_majority,higher_in_good,4
eq_return_sortino_l1med_lam8,equity,return_sortino,robust_l1_medoids_jump_model,8.0,equity_return_sortino_daily_sjm,daily,sortino_252d,-0.8288789044006614,0.5971209373648152,1.4259998417654765,1.4259998417654765,0.7143323512470532,0.7075623008912219,2.0057515179216314,6269.720709005134,6.511476266118032e-05,independent_teacher_feature_group_majority,higher_in_good,5
eq_return_sortino_l1med_lam8,equity,return_sortino,robust_l1_medoids_jump_model,8.0,equity_return_sortino_daily_sjm,daily,ewm_return_252d,-0.7943440630419104,0.5822052037789754,1.3765492668208859,1.3765492668208859,0.8139024654655013,0.6168794479227969,1.9062036305993926,5842.419799427093,0.00585397933802361,independent_teacher_feature_group_majority,higher_in_good,6
eq_return_sortino_l1med_lam8,equity,return_sortino,robust_l1_medoids_jump_model,8.0,equity_return_sortino_daily_sjm,daily,sortino_21d,-0.7513354591929844,0.5351385176211804,1.2864739768141646,1.2864739768141646,0.7054486496185989,0.7885108519167938,1.719578328078817,5102.831781244828,-0.0034988342119685193,independent_teacher_feature_group_majority,higher_in_good,7
eq_return_sortino_l1med_lam8,equity,return_sortino,robust_l1_medoids_jump_model,8.0,equity_return_sortino_daily_sjm,daily,ewm_return_21d,-0.6570298188983795,0.49900462820015823,1.1560344470985378,1.1560344470985378,0.9098900075124751,0.5872966303052266,1.5096303472772432,4120.508278197609,0.014981364274467928,independent_teacher_feature_group_majority,higher_in_good,8
eq_return_sortino_l1med_lam16,equity,return_sortino,robust_l1_medoids_jump_model,16.0,equity_return_sortino_daily_sjm,daily,sortino_63d,-1.0015488782120399,0.5943186541076481,1.595867532319688,1.595867532319688,0.6080687519853587,0.640934648173833,2.5545411982952397,7546.514693026631,-0.0011712279001800314,independent_teacher_feature_group_majority,higher_in_good,1
eq_return_sortino_l1med_lam16,equity,return_sortino,robust_l1_medoids_jump_model,16.0,equity_return_sortino_daily_sjm,daily,sortino_126d,-1.0044068745126495,0.5979199270961463,1.602326801608796,1.602326801608796,0.6488352926798356,0.6201294631065993,2.524761971587226,7607.727315217469,1.980148793825405e-05,independent_teacher_feature_group_majority,higher_in_good,2
eq_return_sortino_l1med_lam16,equity,return_sortino,robust_l1_medoids_jump_model,16.0,equity_return_sortino_daily_sjm,daily,ewm_return_126d,-0.9566508464373481,0.5860158648782416,1.5426667113155896,1.5426667113155896,0.7605214509030792,0.49247725841756046,2.4078803812956413,7051.750855296086,0.010377599612312327,independent_teacher_feature_group_majority,higher_in_good,3
eq_return_sortino_l1med_lam16,equity,return_sortino,robust_l1_medoids_jump_model,16.0,equity_return_sortino_daily_sjm,daily,ewm_return_63d,-0.9411908019392708,0.5784929949144769,1.5196837968537478,1.5196837968537478,0.7620587619076752,0.49977106966616064,2.358289889551594,6843.1996319758055,0.011430687705156924,independent_teacher_feature_group_majority,higher_in_good,4
eq_return_sortino_l1med_lam16,equity,return_sortino,robust_l1_medoids_jump_model,16.0,equity_return_sortino_daily_sjm,daily,sortino_252d,-0.9180977379048129,0.5466153986764188,1.4647131365812318,1.4647131365812318,0.6972128814627339,0.7104413697067634,2.080977573113913,6357.083221747102,6.511476266118032e-05,independent_teacher_feature_group_majority,higher_in_good,5
eq_return_sortino_l1med_lam16,equity,return_sortino,robust_l1_medoids_jump_model,16.0,equity_return_sortino_daily_sjm,daily,ewm_return_252d,-0.8897906968044077,0.5389999791019416,1.4287906759063493,1.4287906759063493,0.8028151989062893,0.6210214867448911,1.9907973903271696,6049.088778907404,0.00585397933802361,independent_teacher_feature_group_majority,higher_in_good,6
eq_return_sortino_l1med_lam16,equity,return_sortino,robust_l1_medoids_jump_model,16.0,equity_return_sortino_daily_sjm,daily,sortino_21d,-0.7850178088689141,0.46171212073115975,1.246729929600074,1.246729929600074,0.7252970217394982,0.8114364523492917,1.6200283759032217,4605.719815998231,-0.0034988342119685193,independent_teacher_feature_group_majority,higher_in_good,7
eq_return_sortino_l1med_lam16,equity,return_sortino,robust_l1_medoids_jump_model,16.0,equity_return_sortino_daily_sjm,daily,ewm_return_21d,-0.7012566426418891,0.4413328387353192,1.1425894813772084,1.1425894813772084,0.9398078997211,0.6154798872143926,1.4383553242827933,3868.4161428138273,0.014981364274467928,independent_teacher_feature_group_majority,higher_in_good,8
eq_return_sortino_l1med_lam32,equity,return_sortino,robust_l1_medoids_jump_model,32.0,equity_return_sortino_daily_sjm,daily,sortino_126d,-1.0283184368248814,0.5875323201767063,1.6158507570015876,1.6158507570015876,0.6398378696217868,0.621330554400748,2.5621903772334664,7653.519002549635,1.980148793825405e-05,independent_teacher_feature_group_majority,higher_in_good,1
eq_return_sortino_l1med_lam32,equity,return_sortino,robust_l1_medoids_jump_model,32.0,equity_return_sortino_daily_sjm,daily,sortino_63d,-1.0062371907834988,0.5730453219684092,1.5792825127519081,1.5792825127519081,0.6206308283606906,0.6561802116849073,2.472833791455422,7311.025955577463,-0.0011712279001800314,independent_teacher_feature_group_majority,higher_in_good,2
eq_return_sortino_l1med_lam32,equity,return_sortino,robust_l1_medoids_jump_model,32.0,equity_return_sortino_daily_sjm,daily,ewm_return_126d,-0.9804375551249671,0.5764523456703513,1.5568899007953183,1.5568899007953183,0.7556820046206697,0.4951168866346076,2.4371129759920027,7105.170037288701,0.010377599612312327,independent_teacher_feature_group_majority,higher_in_good,3
eq_return_sortino_l1med_lam32,equity,return_sortino,robust_l1_medoids_jump_model,32.0,equity_return_sortino_daily_sjm,daily,ewm_return_63d,-0.9486769354610213,0.5599615376559652,1.5086384731169864,1.5086384731169864,0.7735470028433233,0.5156998598837035,2.294893659381442,6671.585105542333,0.011430687705156924,independent_teacher_feature_group_majority,higher_in_good,4
eq_return_sortino_l1med_lam32,equity,return_sortino,robust_l1_medoids_jump_model,32.0,equity_return_sortino_daily_sjm,daily,sortino_252d,-0.9472459304504547,0.5412849949724865,1.4885309254229413,1.4885309254229413,0.6828677856192963,0.7061585941681171,2.142971128717443,6494.928829975269,6.511476266118032e-05,independent_teacher_feature_group_majority,higher_in_good,5
eq_return_sortino_l1med_lam32,equity,return_sortino,robust_l1_medoids_jump_model,32.0,equity_return_sortino_daily_sjm,daily,ewm_return_252d,-0.9167424623160607,0.5329538565718008,1.4496963188878615,1.4496963188878615,0.7949678405695987,0.6187910900531362,2.035098727536461,6160.454368302529,0.00585397933802361,independent_teacher_feature_group_majority,higher_in_good,6
eq_return_sortino_l1med_lam32,equity,return_sortino,robust_l1_medoids_jump_model,32.0,equity_return_sortino_daily_sjm,daily,sortino_21d,-0.7516718798468821,0.42394907551197236,1.1756209553588546,1.1756209553588546,0.7548122024263286,0.8368121282818484,1.4753027100728042,4051.2897966061832,-0.0034988342119685193,independent_teacher_feature_group_majority,higher_in_good,7
eq_return_sortino_l1med_lam32,equity,return_sortino,robust_l1_medoids_jump_model,32.0,equity_return_sortino_daily_sjm,daily,ewm_return_21d,-0.6714543845386381,0.4071573825122708,1.078611767050909,1.078611767050909,0.9669466720015069,0.6431560182836018,1.3135083959465836,3410.2716956293675,0.014981364274467928,independent_teacher_feature_group_majority,higher_in_good,8
eq_return_sortino_l1med_lam64,equity,return_sortino,robust_l1_medoids_jump_model,64.0,equity_return_sortino_daily_sjm,daily,sortino_126d,-1.0676795400844472,0.559560024285016,1.6272395643694633,1.6272395643694633,0.6342345360202778,0.6330627701926338,2.56804596807923,7568.125775510209,1.980148793825405e-05,independent_teacher_feature_group_majority,higher_in_good,1
eq_return_sortino_l1med_lam64,equity,return_sortino,robust_l1_medoids_jump_model,64.0,equity_return_sortino_daily_sjm,daily,ewm_return_126d,-1.022885616520567,0.5518711714933064,1.5747567880138735,1.5747567880138735,0.7537758325859849,0.5084674766338602,2.44934524702826,7087.814275415227,0.010377599612312327,independent_teacher_feature_group_majority,higher_in_good,2
eq_return_sortino_l1med_lam64,equity,return_sortino,robust_l1_medoids_jump_model,64.0,equity_return_sortino_daily_sjm,daily,sortino_63d,-1.0247684974095146,0.5352567925500921,1.5600252899596065,1.5600252899596065,0.6342503249030428,0.6804294012875438,2.3717773327123006,6955.82470394452,-0.0011712279001800314,independent_teacher_feature_group_majority,higher_in_good,3
eq_return_sortino_l1med_lam64,equity,return_sortino,robust_l1_medoids_jump_model,64.0,equity_return_sortino_daily_sjm,daily,ewm_return_63d,-0.972801046863945,0.5272287430207256,1.5000297898846706,1.5000297898846706,0.785579328905397,0.5431813542994837,2.221132172709584,6431.097872247341,0.011430687705156924,independent_teacher_feature_group_majority,higher_in_good,4
eq_return_sortino_l1med_lam64,equity,return_sortino,robust_l1_medoids_jump_model,64.0,equity_return_sortino_daily_sjm,daily,sortino_252d,-0.9962399074685362,0.5221903164997997,1.5184302239683358,1.5184302239683358,0.6676154324883948,0.7050267397452168,2.211598330232477,6589.842430454035,6.511476266118032e-05,independent_teacher_feature_group_majority,higher_in_good,5
eq_return_sortino_l1med_lam64,equity,return_sortino,robust_l1_medoids_jump_model,64.0,equity_return_sortino_daily_sjm,daily,ewm_return_252d,-0.9672038799471486,0.5157962357199064,1.4830001156670551,1.4830001156670551,0.7858810874997589,0.6187319402718394,2.096819411454043,6285.903662244519,0.00585397933802361,independent_teacher_feature_group_majority,higher_in_good,6
eq_return_sortino_l1med_lam64,equity,return_sortino,robust_l1_medoids_jump_model,64.0,equity_return_sortino_daily_sjm,daily,sortino_21d,-0.7425994316186979,0.38383540571869956,1.1264348373373974,1.1264348373373974,0.7789942098424743,0.8532216153865854,1.3788272709988523,3626.5819682561328,-0.0034988342119685193,independent_teacher_feature_group_majority,higher_in_good,7
eq_return_sortino_l1med_lam64,equity,return_sortino,robust_l1_medoids_jump_model,64.0,equity_return_sortino_daily_sjm,daily,ewm_return_21d,-0.6690349568371398,0.3734480503623123,1.042483007199452,1.042483007199452,0.9841134179944209,0.6696004854517286,1.2385768549568577,3106.1564049642493,0.014981364274467928,independent_teacher_feature_group_majority,higher_in_good,8
eq_return_sortino_l1med_lam128,equity,return_sortino,robust_l1_medoids_jump_model,128.0,equity_return_sortino_daily_sjm,daily,sortino_126d,-1.0701512100378894,0.541849547870456,1.6120007579083455,1.6120007579083455,0.64743714775997,0.6470583565496193,2.4905466006266708,7345.545978955839,1.980148793825405e-05,independent_teacher_feature_group_majority,higher_in_good,1
eq_return_sortino_l1med_lam128,equity,return_sortino,robust_l1_medoids_jump_model,128.0,equity_return_sortino_daily_sjm,daily,ewm_return_126d,-1.0293445743149514,0.5367910379693027,1.566135612284254,1.566135612284254,0.7633299524368166,0.5226451459099244,2.3941450932503963,6933.496942131365,0.010377599612312327,independent_teacher_feature_group_majority,higher_in_good,2
eq_return_sortino_l1med_lam128,equity,return_sortino,robust_l1_medoids_jump_model,128.0,equity_return_sortino_daily_sjm,daily,sortino_252d,-1.0143828590897164,0.5136821745323905,1.5280650336221069,1.5280650336221069,0.6633444084203385,0.7057438401913078,2.2311677710558158,6600.506668226782,6.511476266118032e-05,independent_teacher_feature_group_majority,higher_in_good,3
eq_return_sortino_l1med_lam128,equity,return_sortino,robust_l1_medoids_jump_model,128.0,equity_return_sortino_daily_sjm,daily,sortino_63d,-1.0049738736946408,0.5070560807553268,1.5120299544499676,1.5120299544499676,0.6721673459643905,0.7041531358091938,2.196613093125904,6462.7058297391295,-0.0011712279001800314,independent_teacher_feature_group_majority,higher_in_good,4
eq_return_sortino_l1med_lam128,equity,return_sortino,robust_l1_medoids_jump_model,128.0,equity_return_sortino_daily_sjm,daily,ewm_return_252d,-0.9862860771524554,0.5081764954541306,1.494462572606586,1.494462572606586,0.7843888513374278,0.6192586648388713,2.114814411551332,6313.40549958707,0.00585397933802361,independent_teacher_feature_group_majority,higher_in_good,5
eq_return_sortino_l1med_lam128,equity,return_sortino,robust_l1_medoids_jump_model,128.0,equity_return_sortino_daily_sjm,daily,ewm_return_63d,-0.959439760655932,0.502984358230902,1.462424118886834,1.462424118886834,0.8085049068105196,0.5710804250893197,2.089376627135432,6045.612124870352,0.011430687705156924,independent_teacher_feature_group_majority,higher_in_good,6
eq_return_sortino_l1med_lam128,equity,return_sortino,robust_l1_medoids_jump_model,128.0,equity_return_sortino_daily_sjm,daily,sortino_21d,-0.6967049540322062,0.34747282550201153,1.0441777795342178,1.0441777795342178,0.821053431361731,0.8702003357419502,1.23427625119999,3082.0699579676957,-0.0034988342119685193,independent_teacher_feature_group_majority,higher_in_good,7
eq_return_sortino_l1med_lam128,equity,return_sortino,robust_l1_medoids_jump_model,128.0,equity_return_sortino_daily_sjm,daily,ewm_return_21d,-0.6299733065523417,0.3415232178274471,0.9714965243797888,0.9714965243797888,1.0029752892651465,0.6982519936850496,1.124220277317139,2667.9402594044413,0.014981364274467928,independent_teacher_feature_group_majority,higher_in_good,8
eq_return_sortino_l2_lam2,equity,return_sortino,standard_l2_jump_model,2.0,equity_return_sortino_daily_sjm,daily,sortino_63d,-1.0662657030799232,0.5688066201843748,1.635072323264298,1.635072323264298,0.5755821070908632,0.6421684152557136,2.6813923358802243,7690.492695292118,-0.0011712279001800314,independent_teacher_feature_group_majority,higher_in_good,1
eq_return_sortino_l2_lam2,equity,return_sortino,standard_l2_jump_model,2.0,equity_return_sortino_daily_sjm,daily,sortino_126d,-1.053434657793106,0.563768576595196,1.617203234388302,1.617203234388302,0.6385562423170609,0.635014924252445,2.5396256210659933,7523.318218193634,1.980148793825405e-05,independent_teacher_feature_group_majority,higher_in_good,2
eq_return_sortino_l2_lam2,equity,return_sortino,standard_l2_jump_model,2.0,equity_return_sortino_daily_sjm,daily,ewm_return_63d,-1.0098441804613831,0.5579587800250115,1.5678029604863948,1.5678029604863948,0.7422942774578319,0.5005846618740036,2.47646087461799,7070.712676028697,0.011430687705156924,independent_teacher_feature_group_majority,higher_in_good,3
eq_return_sortino_l2_lam2,equity,return_sortino,standard_l2_jump_model,2.0,equity_return_sortino_daily_sjm,daily,ewm_return_126d,-1.0092740173307886,0.5560370204097835,1.5653110377405721,1.5653110377405721,0.7566539810814513,0.5086801271143129,2.427961477306221,7048.253645755056,0.010377599612312327,independent_teacher_feature_group_majority,higher_in_good,4
eq_return_sortino_l2_lam2,equity,return_sortino,standard_l2_jump_model,2.0,equity_return_sortino_daily_sjm,daily,sortino_252d,-0.9512690819645464,0.5091649466515789,1.4604340286161253,1.4604340286161253,0.7025864141339384,0.7258525624347696,2.04452604518058,6135.4174406768525,6.511476266118032e-05,independent_teacher_feature_group_majority,higher_in_good,5
eq_return_sortino_l2_lam2,equity,return_sortino,standard_l2_jump_model,2.0,equity_return_sortino_daily_sjm,daily,ewm_return_252d,-0.9282417819472186,0.5057287832444256,1.4339705651916441,1.4339705651916441,0.8108650863158893,0.6361689389634001,1.9676570527326267,5915.081090942644,0.00585397933802361,independent_teacher_feature_group_majority,higher_in_good,6
eq_return_sortino_l2_lam2,equity,return_sortino,standard_l2_jump_model,2.0,equity_return_sortino_daily_sjm,daily,sortino_21d,-0.883531254740605,0.46744435156777686,1.3509756063083818,1.3509756063083818,0.6430938657709672,0.7972059838103144,1.865316757727793,5250.192702063048,-0.0034988342119685193,independent_teacher_feature_group_majority,higher_in_good,7
eq_return_sortino_l2_lam2,equity,return_sortino,standard_l2_jump_model,2.0,equity_return_sortino_daily_sjm,daily,ewm_return_21d,-0.8040824461853022,0.4532976254221102,1.2573800716074124,1.2573800716074124,0.8971650105186231,0.5978303001315215,1.649382216460159,4547.925847848924,0.014981364274467928,independent_teacher_feature_group_majority,higher_in_good,8
eq_return_sortino_l2_lam4,equity,return_sortino,standard_l2_jump_model,4.0,equity_return_sortino_daily_sjm,daily,sortino_63d,-1.062290534430324,0.5708353767741303,1.6331259112044543,1.6331259112044543,0.5773954308638106,0.6415871318123858,2.6757826787731838,7689.061144315998,-0.0011712279001800314,independent_teacher_feature_group_majority,higher_in_good,1
eq_return_sortino_l2_lam4,equity,return_sortino,standard_l2_jump_model,4.0,equity_return_sortino_daily_sjm,daily,sortino_126d,-1.0490395458619202,0.5655253687569605,1.6145649146188807,1.6145649146188807,0.6412131759952605,0.6343314874727785,2.53153255034149,7515.277081946473,1.980148793825405e-05,independent_teacher_feature_group_majority,higher_in_good,2
eq_return_sortino_l2_lam4,equity,return_sortino,standard_l2_jump_model,4.0,equity_return_sortino_daily_sjm,daily,ewm_return_63d,-1.0051244017919752,0.5594145210302419,1.564538922822217,1.564538922822217,0.74403002899261,0.5001202429129441,2.46805100920303,7056.782300904004,0.011430687705156924,independent_teacher_feature_group_majority,higher_in_good,3
eq_return_sortino_l2_lam4,equity,return_sortino,standard_l2_jump_model,4.0,equity_return_sortino_daily_sjm,daily,ewm_return_126d,-1.0042514898427555,0.5573232040239435,1.561574693866699,1.561574693866699,0.7588976530787627,0.5082631025059872,2.4178414742700607,7030.067589978683,0.010377599612312327,independent_teacher_feature_group_majority,higher_in_good,4
eq_return_sortino_l2_lam4,equity,return_sortino,standard_l2_jump_model,4.0,equity_return_sortino_daily_sjm,daily,sortino_252d,-0.9470127100530987,0.5105965579296552,1.457609267982754,1.457609267982754,0.7067518661469889,0.7245898523692239,2.036545250110796,6125.14279414382,6.511476266118032e-05,independent_teacher_feature_group_majority,higher_in_good,5
eq_return_sortino_l2_lam4,equity,return_sortino,standard_l2_jump_model,4.0,equity_return_sortino_daily_sjm,daily,ewm_return_252d,-0.9235954378578545,0.5068826592187319,1.4304780970765862,1.4304780970765862,0.8147141688558502,0.6345211465919115,1.959029499417952,5899.244558257571,0.00585397933802361,independent_teacher_feature_group_majority,higher_in_good,6
eq_return_sortino_l2_lam4,equity,return_sortino,standard_l2_jump_model,4.0,equity_return_sortino_daily_sjm,daily,sortino_21d,-0.8750982262580556,0.46634523121246213,1.3414434574705176,1.3414434574705176,0.6549470184254306,0.7971176427321283,1.838843216592229,5187.74617695407,-0.0034988342119685193,independent_teacher_feature_group_majority,higher_in_good,7
eq_return_sortino_l2_lam4,equity,return_sortino,standard_l2_jump_model,4.0,equity_return_sortino_daily_sjm,daily,ewm_return_21d,-0.7958485938956584,0.4520670797890895,1.2479156736847479,1.2479156736847479,0.9028085195265628,0.5982253848598907,1.6295321183219458,4489.566973671329,0.014981364274467928,independent_teacher_feature_group_majority,higher_in_good,8
eq_return_sortino_l2_lam8,equity,return_sortino,standard_l2_jump_model,8.0,equity_return_sortino_daily_sjm,daily,sortino_63d,-1.062349342054838,0.5649360168740093,1.6272853589288472,1.6272853589288472,0.5824380149603009,0.6463576500631446,2.6450096466499295,7610.182154128877,-0.0011712279001800314,independent_teacher_feature_group_majority,higher_in_good,1
eq_return_sortino_l2_lam8,equity,return_sortino,standard_l2_jump_model,8.0,equity_return_sortino_daily_sjm,daily,sortino_126d,-1.056975545581978,0.5638956633130346,1.6208712088950126,1.6208712088950126,0.6381880311494457,0.6326393897032823,2.550866833475264,7550.307407689127,1.980148793825405e-05,independent_teacher_feature_group_majority,higher_in_good,2
eq_return_sortino_l2_lam8,equity,return_sortino,standard_l2_jump_model,8.0,equity_return_sortino_daily_sjm,daily,ewm_return_63d,-1.0063026955985568,0.5543614491407538,1.5606641447393106,1.5606641447393106,0.747639932394833,0.5052184323743805,2.445997070334767,6999.814380997493,0.011430687705156924,independent_teacher_feature_group_majority,higher_in_good,3
eq_return_sortino_l2_lam8,equity,return_sortino,standard_l2_jump_model,8.0,equity_return_sortino_daily_sjm,daily,ewm_return_126d,-1.0128606467026746,0.5562450432039049,1.5691056899065794,1.5691056899065794,0.7557714817079505,0.5064403318799939,2.4391469937421997,7075.742382141598,0.010377599612312327,independent_teacher_feature_group_majority,higher_in_good,4
eq_return_sortino_l2_lam8,equity,return_sortino,standard_l2_jump_model,8.0,equity_return_sortino_daily_sjm,daily,sortino_252d,-0.95945548733562,0.511941073296389,1.4713965606320092,1.4713965606320092,0.7002631771350023,0.7197836980974581,2.072125344621655,6221.958227841567,6.511476266118032e-05,independent_teacher_feature_group_majority,higher_in_good,5
eq_return_sortino_l2_lam8,equity,return_sortino,standard_l2_jump_model,8.0,equity_return_sortino_daily_sjm,daily,ewm_return_252d,-0.9349784788037513,0.5077603639198904,1.4427388427236418,1.4427388427236418,0.8093414348536504,0.6310374436645252,1.9881020639052447,5981.953968890719,0.00585397933802361,independent_teacher_feature_group_majority,higher_in_good,6
eq_return_sortino_l2_lam8,equity,return_sortino,standard_l2_jump_model,8.0,equity_return_sortino_daily_sjm,daily,sortino_21d,-0.8578169646734666,0.45225470663584916,1.3100716713093157,1.3100716713093157,0.6786064044619423,0.8054352189285391,1.7591333089938654,4932.393642282637,-0.0034988342119685193,independent_teacher_feature_group_majority,higher_in_good,7
eq_return_sortino_l2_lam8,equity,return_sortino,standard_l2_jump_model,8.0,equity_return_sortino_daily_sjm,daily,ewm_return_21d,-0.7766175832127886,0.4372760697067811,1.2138936529195696,1.2138936529195696,0.9245473291966996,0.6076071811083339,1.5517062084881281,4234.760945821496,0.014981364274467928,independent_teacher_feature_group_majority,higher_in_good,8
eq_return_sortino_l2_lam16,equity,return_sortino,standard_l2_jump_model,16.0,equity_return_sortino_daily_sjm,daily,sortino_126d,-1.074767388224874,0.5591464626429895,1.6339138508678634,1.6339138508678634,0.6289339472201989,0.6315868873600018,2.592436693376172,7612.735445490809,1.980148793825405e-05,independent_teacher_feature_group_majority,higher_in_good,1
eq_return_sortino_l2_lam16,equity,return_sortino,standard_l2_jump_model,16.0,equity_return_sortino_daily_sjm,daily,sortino_63d,-1.064767519197015,0.5521336950293507,1.6169012142263657,1.6169012142263657,0.5912518384874301,0.6560007807905538,2.589253885158939,7455.030134550941,-0.0011712279001800314,independent_teacher_feature_group_majority,higher_in_good,2
eq_return_sortino_l2_lam16,equity,return_sortino,standard_l2_jump_model,16.0,equity_return_sortino_daily_sjm,daily,ewm_return_126d,-1.0294871305165472,0.5513368705961844,1.5808240011127315,1.5808240011127315,0.7510028825274488,0.5068535741081862,2.4674697488442185,7126.059939498175,0.010377599612312327,independent_teacher_feature_group_majority,higher_in_good,3
eq_return_sortino_l2_lam16,equity,return_sortino,standard_l2_jump_model,16.0,equity_return_sortino_daily_sjm,daily,ewm_return_63d,-1.0100927524916414,0.5428484380055434,1.5529411904971848,1.5529411904971848,0.7560231529171226,0.5158130058859858,2.3996220379738236,6876.895861518909,0.011430687705156924,independent_teacher_feature_group_majority,higher_in_good,4
eq_return_sortino_l2_lam16,equity,return_sortino,standard_l2_jump_model,16.0,equity_return_sortino_daily_sjm,daily,sortino_252d,-0.9816796938278995,0.5107891931546066,1.4924688869825062,1.4924688869825062,0.6866295332947453,0.715619076109513,2.128224681285045,6351.7442270077045,6.511476266118032e-05,independent_teacher_feature_group_majority,higher_in_good,5
eq_return_sortino_l2_lam16,equity,return_sortino,standard_l2_jump_model,16.0,equity_return_sortino_daily_sjm,daily,ewm_return_252d,-0.9555384072267586,0.505990304282021,1.4615287115087796,1.4615287115087796,0.7997891471396559,0.6287472923535469,2.0316792530574417,6091.119666918281,0.00585397933802361,independent_teacher_feature_group_majority,higher_in_good,6
eq_return_sortino_l2_lam16,equity,return_sortino,standard_l2_jump_model,16.0,equity_return_sortino_daily_sjm,daily,sortino_21d,-0.8319068398462117,0.4274562485222741,1.2593630883684859,1.2593630883684859,0.7046861982946339,0.8231124611006175,1.6436676696038308,4522.56012319447,-0.0034988342119685193,independent_teacher_feature_group_majority,higher_in_good,7
eq_return_sortino_l2_lam16,equity,return_sortino,standard_l2_jump_model,16.0,equity_return_sortino_daily_sjm,daily,ewm_return_21d,-0.7545691085382026,0.4153175336783953,1.1698866422165979,1.1698866422165979,0.9442292005376859,0.6277672355371667,1.4591355278346672,3902.743358869471,0.014981364274467928,independent_teacher_feature_group_majority,higher_in_good,8
eq_return_sortino_l2_lam32,equity,return_sortino,standard_l2_jump_model,32.0,equity_return_sortino_daily_sjm,daily,sortino_126d,-1.0680705281921068,0.5646757366065914,1.632746264798698,1.632746264798698,0.6293648722711627,0.6287526560645178,2.595538230272218,7640.115694083075,1.980148793825405e-05,independent_teacher_feature_group_majority,higher_in_good,1
eq_return_sortino_l2_lam32,equity,return_sortino,standard_l2_jump_model,32.0,equity_return_sortino_daily_sjm,daily,sortino_63d,-1.0439491579504108,0.5501030705854073,1.594052228535818,1.594052228535818,0.6077554260220105,0.6642060156881023,2.503982635072106,7282.284319181932,-0.0011712279001800314,independent_teacher_feature_group_majority,higher_in_good,2
eq_return_sortino_l2_lam32,equity,return_sortino,standard_l2_jump_model,32.0,equity_return_sortino_daily_sjm,daily,ewm_return_126d,-1.0222091415116215,0.5562642308255323,1.5784733723371538,1.5784733723371538,0.7502916740333535,0.503985205572243,2.469775779568477,7140.638669332733,0.010377599612312327,independent_teacher_feature_group_majority,higher_in_good,3
eq_return_sortino_l2_lam32,equity,return_sortino,standard_l2_jump_model,32.0,equity_return_sortino_daily_sjm,daily,ewm_return_63d,-0.9890500223444172,0.5403441655291202,1.5293941878735375,1.5293941878735375,0.7693730530407218,0.5239521809825276,2.3235925636529196,6703.496827051874,0.011430687705156924,independent_teacher_feature_group_majority,higher_in_good,4
eq_return_sortino_l2_lam32,equity,return_sortino,standard_l2_jump_model,32.0,equity_return_sortino_daily_sjm,daily,sortino_252d,-0.9813194821261396,0.5188832538926039,1.5002027360187435,1.5002027360187435,0.6797164783796816,0.7109629520456046,2.15696611368329,6450.040531003201,6.511476266118032e-05,independent_teacher_feature_group_majority,higher_in_good,5
eq_return_sortino_l2_lam32,equity,return_sortino,standard_l2_jump_model,32.0,equity_return_sortino_daily_sjm,daily,ewm_return_252d,-0.9533531600781825,0.51294779830537,1.4663009583835525,1.4663009583835525,0.7954475501230515,0.6237765749390007,2.051388598363383,6161.816689774569,0.00585397933802361,independent_teacher_feature_group_majority,higher_in_good,6
eq_return_sortino_l2_lam32,equity,return_sortino,standard_l2_jump_model,32.0,equity_return_sortino_daily_sjm,daily,sortino_21d,-0.7800223714500577,0.4070175911096278,1.1870399625596855,1.1870399625596855,0.7461079425714261,0.8397565755769173,1.494422320040295,4038.250145566368,-0.0034988342119685193,independent_teacher_feature_group_majority,higher_in_good,7
eq_return_sortino_l2_lam32,equity,return_sortino,standard_l2_jump_model,32.0,equity_return_sortino_daily_sjm,daily,ewm_return_21d,-0.7056757397905392,0.39596347757346584,1.101639217364005,1.101639217364005,0.9708089551416537,0.6447198550554372,1.3368513531462891,3478.0939852498404,0.014981364274467928,independent_teacher_feature_group_majority,higher_in_good,8
eq_return_sortino_l2_lam64,equity,return_sortino,standard_l2_jump_model,64.0,equity_return_sortino_daily_sjm,daily,sortino_126d,-1.0942135059563882,0.5456477904714749,1.6398612964278632,1.6398612964278632,0.6259585929779719,0.6376188487511313,2.5954744444955575,7563.357433340931,1.980148793825405e-05,independent_teacher_feature_group_majority,higher_in_good,1
eq_return_sortino_l2_lam64,equity,return_sortino,standard_l2_jump_model,64.0,equity_return_sortino_daily_sjm,daily,ewm_return_126d,-1.0510556254148713,0.5396501707100977,1.5907057961249689,1.5907057961249689,0.7494225238731944,0.5133683736934472,2.476453611204161,7116.723949400238,0.010377599612312327,independent_teacher_feature_group_majority,higher_in_good,2
eq_return_sortino_l2_lam64,equity,return_sortino,standard_l2_jump_model,64.0,equity_return_sortino_daily_sjm,daily,sortino_63d,-1.0515392288621612,0.5225837850011275,1.5741230138632887,1.5741230138632887,0.6241897849153385,0.6831633118827407,2.4056605982721173,6969.116588677398,-0.0011712279001800314,independent_teacher_feature_group_majority,higher_in_good,3
eq_return_sortino_l2_lam64,equity,return_sortino,standard_l2_jump_model,64.0,equity_return_sortino_daily_sjm,daily,ewm_return_63d,-1.0051354173173956,0.5183307388905418,1.5234661562079375,1.5234661562079375,0.7809851094094774,0.5408963359442012,2.267893302192068,6527.787598358198,0.011430687705156924,independent_teacher_feature_group_majority,higher_in_good,4
eq_return_sortino_l2_lam64,equity,return_sortino,standard_l2_jump_model,64.0,equity_return_sortino_daily_sjm,daily,sortino_252d,-1.0114322813156453,0.5044377072706538,1.5158699885862992,1.5158699885862992,0.675428873731413,0.7113342797446017,2.185466411631175,6462.853372436584,6.511476266118032e-05,independent_teacher_feature_group_majority,higher_in_good,5
eq_return_sortino_l2_lam64,equity,return_sortino,standard_l2_jump_model,64.0,equity_return_sortino_daily_sjm,daily,ewm_return_252d,-0.9841716922154986,0.49951992108629006,1.4836916133017888,1.4836916133017888,0.7952709124773996,0.6249193361308268,2.0745555480337217,6191.383092304784,0.00585397933802361,independent_teacher_feature_group_majority,higher_in_good,6
eq_return_sortino_l2_lam64,equity,return_sortino,standard_l2_jump_model,64.0,equity_return_sortino_daily_sjm,daily,sortino_21d,-0.756431023404669,0.37194292344179136,1.1283739468464602,1.1283739468464602,0.7727459340151388,0.8580158169166696,1.381973268620223,3581.0179133042902,-0.0034988342119685193,independent_teacher_feature_group_majority,higher_in_good,7
eq_return_sortino_l2_lam64,equity,return_sortino,standard_l2_jump_model,64.0,equity_return_sortino_daily_sjm,daily,ewm_return_21d,-0.6955073907706243,0.36925914760761164,1.0647665383782359,1.0647665383782359,0.991485834758671,0.6633376152181913,1.2622856387936052,3188.6671093012937,0.014981364274467928,independent_teacher_feature_group_majority,higher_in_good,8
eq_return_sortino_l2_lam128,equity,return_sortino,standard_l2_jump_model,128.0,equity_return_sortino_daily_sjm,daily,sortino_126d,-1.11421707729919,0.5119525978707802,1.6261696751699701,1.6261696751699701,0.6422228560701421,0.6599703509682414,2.4973539392436064,7226.009634279762,1.980148793825405e-05,independent_teacher_feature_group_majority,higher_in_good,1
eq_return_sortino_l2_lam128,equity,return_sortino,standard_l2_jump_model,128.0,equity_return_sortino_daily_sjm,daily,ewm_return_126d,-1.0807439608154568,0.5116901322143795,1.5924340930298362,1.5924340930298362,0.7590787804936919,0.5350159454207403,2.424997808269759,6929.306219790787,0.010377599612312327,independent_teacher_feature_group_majority,higher_in_good,2
eq_return_sortino_l2_lam128,equity,return_sortino,standard_l2_jump_model,128.0,equity_return_sortino_daily_sjm,daily,sortino_252d,-1.054108698711169,0.4844021156997159,1.538510814410885,1.538510814410885,0.6642282036621943,0.7148419135536876,2.229728080129076,6467.968955445433,6.511476266118032e-05,independent_teacher_feature_group_majority,higher_in_good,3
eq_return_sortino_l2_lam128,equity,return_sortino,standard_l2_jump_model,128.0,equity_return_sortino_daily_sjm,daily,sortino_63d,-1.0317427588340042,0.4723217750219504,1.5040645338559546,1.5040645338559546,0.6811858028764946,0.7219708971548232,2.142924686332954,6181.583804045441,-0.0011712279001800314,independent_teacher_feature_group_majority,higher_in_good,4
eq_return_sortino_l2_lam128,equity,return_sortino,standard_l2_jump_model,128.0,equity_return_sortino_daily_sjm,daily,ewm_return_252d,-1.0284495376800005,0.4810616320877794,1.5095111697677799,1.5095111697677799,0.7907728912667428,0.6293573198444723,2.112276491052062,6226.435334932785,0.00585397933802361,independent_teacher_feature_group_majority,higher_in_good,5
eq_return_sortino_l2_lam128,equity,return_sortino,standard_l2_jump_model,128.0,equity_return_sortino_daily_sjm,daily,ewm_return_63d,-0.9968640318247249,0.474688676355522,1.4715527081802469,1.4715527081802469,0.818415753037292,0.5862626407423535,2.067174697766821,5917.23019477015,0.011430687705156924,independent_teacher_feature_group_majority,higher_in_good,6
eq_return_sortino_l2_lam128,equity,return_sortino,standard_l2_jump_model,128.0,equity_return_sortino_daily_sjm,daily,sortino_21d,-0.6902039969858057,0.3120057958735225,1.002209792859328,1.002209792859328,0.8369431552052625,0.8839877098164565,1.1642949173165387,2744.6318840887348,-0.0034988342119685193,independent_teacher_feature_group_majority,higher_in_good,7
eq_return_sortino_l2_lam128,equity,return_sortino,standard_l2_jump_model,128.0,equity_return_sortino_daily_sjm,daily,ewm_return_21d,-0.6359093455912284,0.3140311512496289,0.9499404968408572,0.9499404968408572,1.0228590950201044,0.7130645612306236,1.0774269885944034,2465.8100879438507,0.014981364274467928,independent_teacher_feature_group_majority,higher_in_good,8
