date,bond_return_downside_sharpe_vol_all_models_state,bond_return_downside_sharpe_vol_all_models_vote_prob,bond_return_downside_sharpe_vol_all_models_vote_strength,bond_return_downside_sharpe_vol_all_models_n_teachers,bond_return_downside_sharpe_vol_all_models_excess,bond_return_downside_sharpe_vol_l1_medoids_only_state,bond_return_downside_sharpe_vol_l1_medoids_only_vote_prob,bond_return_downside_sharpe_vol_l1_medoids_only_vote_strength,bond_return_downside_sharpe_vol_l1_medoids_only_n_teachers,bond_return_downside_sharpe_vol_l1_medoids_only_excess,bond_return_downside_sharpe_vol_l2_only_state,bond_return_downside_sharpe_vol_l2_only_vote_prob,bond_return_downside_sharpe_vol_l2_only_vote_strength,bond_return_downside_sharpe_vol_l2_only_n_teachers,bond_return_downside_sharpe_vol_l2_only_excess,equity_return_sortino_all_models_state,equity_return_sortino_all_models_vote_prob,equity_return_sortino_all_models_vote_strength,equity_return_sortino_all_models_n_teachers,equity_return_sortino_all_models_excess,equity_return_sortino_l1_medoids_only_state,equity_return_sortino_l1_medoids_only_vote_prob,equity_return_sortino_l1_medoids_only_vote_strength,equity_return_sortino_l1_medoids_only_n_teachers,equity_return_sortino_l1_medoids_only_excess,equity_return_sortino_l2_only_state,equity_return_sortino_l2_only_vote_prob,equity_return_sortino_l2_only_vote_strength,equity_return_sortino_l2_only_n_teachers,equity_return_sortino_l2_only_excess
1988-02-29,,,,,,,,,,,,,,,,1.0,0.5714285714285714,0.5714285714285714,14.0,-0.03758514084145215,1.0,0.5714285714285714,0.5714285714285714,7.0,-0.03758514084145215,1.0,0.5714285714285714,0.5714285714285714,7.0,-0.03758514084145215
1988-03-31,,,,,,,,,,,,,,,,0.0,0.0,1.0,14.0,0.004803456062465239,0.0,0.0,1.0,7.0,0.004803456062465239,0.0,0.0,1.0,7.0,0.004803456062465239
1988-04-30,,,,,,,,,,,,,,,,0.0,0.0,1.0,14.0,-0.0019149443748865957,0.0,0.0,1.0,7.0,-0.0019149443748865957,0.0,0.0,1.0,7.0,-0.0019149443748865957
1988-05-31,,,,,,,,,,,,,,,,1.0,0.6428571428571429,0.6428571428571429,14.0,0.03817737198328097,1.0,0.7142857142857143,0.7142857142857143,7.0,0.03817737198328097,1.0,0.5714285714285714,0.5714285714285714,7.0,0.03817737198328097
1988-06-30,,,,,,,,,,,,,,,,1.0,0.6428571428571429,0.6428571428571429,14.0,-0.010460884890080235,1.0,0.7142857142857143,0.7142857142857143,7.0,-0.010460884890080235,1.0,0.5714285714285714,0.5714285714285714,7.0,-0.010460884890080235
1988-07-31,,,,,,,,,,,,,,,,0.0,0.0,1.0,14.0,-0.04425032851331756,0.0,0.0,1.0,7.0,-0.04425032851331756,0.0,0.0,1.0,7.0,-0.04425032851331756
1988-08-31,,,,,,,,,,,,,,,,0.0,0.0,1.0,14.0,0.033332469919280516,0.0,0.0,1.0,7.0,0.033332469919280516,0.0,0.0,1.0,7.0,0.033332469919280516
1988-09-30,,,,,,,,,,,,,,,,1.0,0.7142857142857143,0.7142857142857143,14.0,0.01974957302291891,1.0,0.7142857142857143,0.7142857142857143,7.0,0.01974957302291891,1.0,0.7142857142857143,0.7142857142857143,7.0,0.01974957302291891
1988-10-31,,,,,,,,,,,,,,,,0.0,0.0,1.0,14.0,-0.02445826579009447,0.0,0.0,1.0,7.0,-0.02445826579009447,0.0,0.0,1.0,7.0,-0.02445826579009447
1988-11-30,,,,,,,,,,,,,,,,1.0,0.5,0.5,14.0,0.008337513405085817,1.0,0.5714285714285714,0.5714285714285714,7.0,0.008337513405085817,0.0,0.42857142857142855,0.5714285714285714,7.0,0.008337513405085817
1988-12-31,1.0,1.0,1.0,30.0,0.00888828176811513,1.0,1.0,1.0,15.0,0.00888828176811513,1.0,1.0,1.0,15.0,0.00888828176811513,1.0,0.7142857142857143,0.7142857142857143,14.0,0.06527334736930679,1.0,0.7142857142857143,0.7142857142857143,7.0,0.06527334736930679,1.0,0.7142857142857143,0.7142857142857143,7.0,0.06527334736930679
1989-01-31,1.0,1.0,1.0,30.0,-0.013348436611711263,1.0,1.0,1.0,15.0,-0.013348436611711263,1.0,1.0,1.0,15.0,-0.013348436611711263,1.0,0.9285714285714286,0.9285714285714286,14.0,-0.03484276354724447,1.0,1.0,1.0,7.0,-0.03484276354724447,1.0,0.8571428571428571,0.8571428571428571,7.0,-0.03484276354724447
1989-02-28,1.0,1.0,1.0,30.0,-0.002376449534717234,1.0,1.0,1.0,15.0,-0.002376449534717234,1.0,1.0,1.0,15.0,-0.002376449534717234,1.0,1.0,1.0,14.0,0.014016131322931003,1.0,1.0,1.0,7.0,0.014016131322931003,1.0,1.0,1.0,7.0,0.014016131322931003
1989-03-31,1.0,1.0,1.0,30.0,0.014225989280419665,1.0,1.0,1.0,15.0,0.014225989280419665,1.0,1.0,1.0,15.0,0.014225989280419665,1.0,1.0,1.0,14.0,0.043115632669674886,1.0,1.0,1.0,7.0,0.043115632669674886,1.0,1.0,1.0,7.0,0.043115632669674886
1989-04-30,1.0,1.0,1.0,30.0,0.018377576096062515,1.0,1.0,1.0,15.0,0.018377576096062515,1.0,1.0,1.0,15.0,0.018377576096062515,1.0,1.0,1.0,14.0,0.027033695555273463,1.0,1.0,1.0,7.0,0.027033695555273463,1.0,1.0,1.0,7.0,0.027033695555273463
1989-05-31,1.0,1.0,1.0,30.0,0.023348151070719074,1.0,1.0,1.0,15.0,0.023348151070719074,1.0,1.0,1.0,15.0,0.023348151070719074,1.0,1.0,1.0,14.0,-0.014923690510504795,1.0,1.0,1.0,7.0,-0.014923690510504795,1.0,1.0,1.0,7.0,-0.014923690510504795
1989-06-30,1.0,1.0,1.0,30.0,0.014256931608133024,1.0,1.0,1.0,15.0,0.014256931608133024,1.0,1.0,1.0,15.0,0.014256931608133024,1.0,1.0,1.0,14.0,0.08083382335892919,1.0,1.0,1.0,7.0,0.08083382335892919,1.0,1.0,1.0,7.0,0.08083382335892919
1989-07-31,1.0,1.0,1.0,30.0,-0.02221577246283128,1.0,1.0,1.0,15.0,-0.02221577246283128,1.0,1.0,1.0,15.0,-0.02221577246283128,1.0,1.0,1.0,14.0,0.008059394637435657,1.0,1.0,1.0,7.0,0.008059394637435657,1.0,1.0,1.0,7.0,0.008059394637435657
1989-08-31,1.0,1.0,1.0,30.0,-0.0013821584168809903,1.0,1.0,1.0,15.0,-0.0013821584168809903,1.0,1.0,1.0,15.0,-0.0013821584168809903,1.0,1.0,1.0,14.0,-0.012964336889107808,1.0,1.0,1.0,7.0,-0.012964336889107808,1.0,1.0,1.0,7.0,-0.012964336889107808
1989-09-30,1.0,1.0,1.0,30.0,0.017823338642713488,1.0,1.0,1.0,15.0,0.017823338642713488,1.0,1.0,1.0,15.0,0.017823338642713488,1.0,1.0,1.0,14.0,-0.031769977126807736,1.0,1.0,1.0,7.0,-0.031769977126807736,1.0,1.0,1.0,7.0,-0.031769977126807736
1989-10-31,1.0,1.0,1.0,30.0,0.0026310907237513566,1.0,1.0,1.0,15.0,0.0026310907237513566,1.0,1.0,1.0,15.0,0.0026310907237513566,1.0,1.0,1.0,14.0,0.009578252206554616,1.0,1.0,1.0,7.0,0.009578252206554616,1.0,1.0,1.0,7.0,0.009578252206554616
1989-11-30,1.0,1.0,1.0,30.0,-0.003424178320795563,1.0,1.0,1.0,15.0,-0.003424178320795563,1.0,1.0,1.0,15.0,-0.003424178320795563,1.0,1.0,1.0,14.0,0.01522846157680946,1.0,1.0,1.0,7.0,0.01522846157680946,1.0,1.0,1.0,7.0,0.01522846157680946
1989-12-31,1.0,1.0,1.0,30.0,-0.017583182275931437,1.0,1.0,1.0,15.0,-0.017583182275931437,1.0,1.0,1.0,15.0,-0.017583182275931437,0.0,0.14285714285714285,0.8571428571428572,14.0,-0.07411363623143807,0.0,0.14285714285714285,0.8571428571428572,7.0,-0.07411363623143807,0.0,0.14285714285714285,0.8571428571428572,7.0,-0.07411363623143807
1990-01-31,1.0,1.0,1.0,30.0,-0.0024641663269466436,1.0,1.0,1.0,15.0,-0.0024641663269466436,1.0,1.0,1.0,15.0,-0.0024641663269466436,0.0,0.0,1.0,14.0,0.0028235617865757234,0.0,0.0,1.0,7.0,0.0028235617865757234,0.0,0.0,1.0,7.0,0.0028235617865757234
1990-02-28,1.0,1.0,1.0,30.0,-0.005663492063491965,1.0,1.0,1.0,15.0,-0.005663492063491965,1.0,1.0,1.0,15.0,-0.005663492063491965,0.0,0.0,1.0,14.0,0.017746519692559026,0.0,0.0,1.0,7.0,0.017746519692559026,0.0,0.0,1.0,7.0,0.017746519692559026
1990-03-31,1.0,1.0,1.0,30.0,-0.016061506446046075,1.0,1.0,1.0,15.0,-0.016061506446046075,1.0,1.0,1.0,15.0,-0.016061506446046075,0.0,0.07142857142857142,0.9285714285714286,14.0,-0.03356707223323674,0.0,0.0,1.0,7.0,-0.03356707223323674,0.0,0.14285714285714285,0.8571428571428572,7.0,-0.03356707223323674
1990-04-30,1.0,1.0,1.0,30.0,0.022808380503547415,1.0,1.0,1.0,15.0,0.022808380503547415,1.0,1.0,1.0,15.0,0.022808380503547415,1.0,0.8571428571428571,0.8571428571428571,14.0,0.08464067148681242,1.0,0.8571428571428571,0.8571428571428571,7.0,0.08464067148681242,1.0,0.8571428571428571,0.8571428571428571,7.0,0.08464067148681242
1990-05-31,1.0,1.0,1.0,30.0,0.009745175253115662,1.0,1.0,1.0,15.0,0.009745175253115662,1.0,1.0,1.0,15.0,0.009745175253115662,1.0,1.0,1.0,14.0,-0.015095911099837989,1.0,1.0,1.0,7.0,-0.015095911099837989,1.0,1.0,1.0,7.0,-0.015095911099837989
1990-06-30,1.0,1.0,1.0,30.0,0.00703312114386448,1.0,1.0,1.0,15.0,0.00703312114386448,1.0,1.0,1.0,15.0,0.00703312114386448,1.0,1.0,1.0,14.0,-0.011946007032652917,1.0,1.0,1.0,7.0,-0.011946007032652917,1.0,1.0,1.0,7.0,-0.011946007032652917
1990-07-31,1.0,1.0,1.0,30.0,-0.019954584752106937,1.0,1.0,1.0,15.0,-0.019954584752106937,1.0,1.0,1.0,15.0,-0.019954584752106937,0.0,0.0,1.0,14.0,-0.10028048426692093,0.0,0.0,1.0,7.0,-0.10028048426692093,0.0,0.0,1.0,7.0,-0.10028048426692093
1990-08-31,1.0,1.0,1.0,30.0,0.002272958684159004,1.0,1.0,1.0,15.0,0.002272958684159004,1.0,1.0,1.0,15.0,0.002272958684159004,0.0,0.0,1.0,14.0,-0.05686090042999514,0.0,0.0,1.0,7.0,-0.05686090042999514,0.0,0.0,1.0,7.0,-0.05686090042999514
1990-09-30,1.0,1.0,1.0,30.0,0.005896023692770897,1.0,1.0,1.0,15.0,0.005896023692770897,1.0,1.0,1.0,15.0,0.005896023692770897,0.0,0.0,1.0,14.0,-0.013411660076631637,0.0,0.0,1.0,7.0,-0.013411660076631637,0.0,0.0,1.0,7.0,-0.013411660076631637
1990-10-31,1.0,1.0,1.0,30.0,0.015825996596111874,1.0,1.0,1.0,15.0,0.015825996596111874,1.0,1.0,1.0,15.0,0.015825996596111874,0.0,0.0,1.0,14.0,0.053941471258196705,0.0,0.0,1.0,7.0,0.053941471258196705,0.0,0.0,1.0,7.0,0.053941471258196705
1990-11-30,1.0,1.0,1.0,30.0,0.009581368062888678,1.0,1.0,1.0,15.0,0.009581368062888678,1.0,1.0,1.0,15.0,0.009581368062888678,0.0,0.0,1.0,14.0,0.018720997023667252,0.0,0.0,1.0,7.0,0.018720997023667252,0.0,0.0,1.0,7.0,0.018720997023667252
1990-12-31,1.0,1.0,1.0,30.0,0.007161653457797051,1.0,1.0,1.0,15.0,0.007161653457797051,1.0,1.0,1.0,15.0,0.007161653457797051,0.0,0.0,1.0,14.0,0.036138191111819706,0.0,0.0,1.0,7.0,0.036138191111819706,0.0,0.0,1.0,7.0,0.036138191111819706
1991-01-31,1.0,1.0,1.0,30.0,0.0037360843565984727,1.0,1.0,1.0,15.0,0.0037360843565984727,1.0,1.0,1.0,15.0,0.0037360843565984727,1.0,0.9285714285714286,0.9285714285714286,14.0,0.06219849092483498,1.0,0.8571428571428571,0.8571428571428571,7.0,0.06219849092483498,1.0,1.0,1.0,7.0,0.06219849092483498
1991-02-28,1.0,1.0,1.0,30.0,0.0024796958450259013,1.0,1.0,1.0,15.0,0.0024796958450259013,1.0,1.0,1.0,15.0,0.0024796958450259013,1.0,1.0,1.0,14.0,0.01772863489519194,1.0,1.0,1.0,7.0,0.01772863489519194,1.0,1.0,1.0,7.0,0.01772863489519194
1991-03-31,1.0,1.0,1.0,30.0,0.005533408253169141,1.0,1.0,1.0,15.0,0.005533408253169141,1.0,1.0,1.0,15.0,0.005533408253169141,1.0,1.0,1.0,14.0,-0.004928849268453495,1.0,1.0,1.0,7.0,-0.004928849268453495,1.0,1.0,1.0,7.0,-0.004928849268453495
1991-04-30,1.0,1.0,1.0,30.0,0.00114782318673005,1.0,1.0,1.0,15.0,0.00114782318673005,1.0,1.0,1.0,15.0,0.00114782318673005,1.0,1.0,1.0,14.0,0.033725983230588064,1.0,1.0,1.0,7.0,0.033725983230588064,1.0,1.0,1.0,7.0,0.033725983230588064
1991-05-31,1.0,1.0,1.0,30.0,-0.004708433362070959,1.0,1.0,1.0,15.0,-0.004708433362070959,1.0,1.0,1.0,15.0,-0.004708433362070959,1.0,1.0,1.0,14.0,-0.051885502489449786,1.0,1.0,1.0,7.0,-0.051885502489449786,1.0,1.0,1.0,7.0,-0.051885502489449786
1991-06-30,1.0,1.0,1.0,30.0,0.008967386207811805,1.0,1.0,1.0,15.0,0.008967386207811805,1.0,1.0,1.0,15.0,0.008967386207811805,1.0,1.0,1.0,14.0,0.039773398791324244,1.0,1.0,1.0,7.0,0.039773398791324244,1.0,1.0,1.0,7.0,0.039773398791324244
1991-07-31,1.0,1.0,1.0,30.0,0.017040016579044907,1.0,1.0,1.0,15.0,0.017040016579044907,1.0,1.0,1.0,15.0,0.017040016579044907,1.0,1.0,1.0,14.0,0.014982825160524627,1.0,1.0,1.0,7.0,0.014982825160524627,1.0,1.0,1.0,7.0,0.014982825160524627
1991-08-31,1.0,1.0,1.0,30.0,0.015663489419853453,1.0,1.0,1.0,15.0,0.015663489419853453,1.0,1.0,1.0,15.0,0.015663489419853453,1.0,1.0,1.0,14.0,-0.02364041022480856,1.0,1.0,1.0,7.0,-0.02364041022480856,1.0,1.0,1.0,7.0,-0.02364041022480856
1991-09-30,1.0,1.0,1.0,30.0,0.0069338997949017584,1.0,1.0,1.0,15.0,0.0069338997949017584,1.0,1.0,1.0,15.0,0.0069338997949017584,1.0,1.0,1.0,14.0,0.007629205106346015,1.0,1.0,1.0,7.0,0.007629205106346015,1.0,1.0,1.0,7.0,0.007629205106346015
1991-10-31,1.0,1.0,1.0,30.0,0.005269184915345463,1.0,1.0,1.0,15.0,0.005269184915345463,1.0,1.0,1.0,15.0,0.005269184915345463,1.0,1.0,1.0,14.0,-0.04765148571776401,1.0,1.0,1.0,7.0,-0.04765148571776401,1.0,1.0,1.0,7.0,-0.04765148571776401
1991-11-30,1.0,1.0,1.0,30.0,0.025898299731320653,1.0,1.0,1.0,15.0,0.025898299731320653,1.0,1.0,1.0,15.0,0.025898299731320653,1.0,0.5,0.5,14.0,0.1074000303270628,0.0,0.2857142857142857,0.7142857142857143,7.0,0.1074000303270628,1.0,0.7142857142857143,0.7142857142857143,7.0,0.1074000303270628
1991-12-31,1.0,1.0,1.0,30.0,-0.01700422268698336,1.0,1.0,1.0,15.0,-0.01700422268698336,1.0,1.0,1.0,15.0,-0.01700422268698336,1.0,1.0,1.0,14.0,-0.02322443799590046,1.0,1.0,1.0,7.0,-0.02322443799590046,1.0,1.0,1.0,7.0,-0.02322443799590046
1992-01-31,1.0,1.0,1.0,30.0,0.0037021606558699485,1.0,1.0,1.0,15.0,0.0037021606558699485,1.0,1.0,1.0,15.0,0.0037021606558699485,1.0,1.0,1.0,14.0,0.0067468536119212885,1.0,1.0,1.0,7.0,0.0067468536119212885,1.0,1.0,1.0,7.0,0.0067468536119212885
1992-02-29,1.0,1.0,1.0,30.0,-0.009037589278549071,1.0,1.0,1.0,15.0,-0.009037589278549071,1.0,1.0,1.0,15.0,-0.009037589278549071,1.0,1.0,1.0,14.0,-0.02515020839874338,1.0,1.0,1.0,7.0,-0.02515020839874338,1.0,1.0,1.0,7.0,-0.02515020839874338
1992-03-31,1.0,1.0,1.0,30.0,0.00402313015757714,1.0,1.0,1.0,15.0,0.00402313015757714,1.0,1.0,1.0,15.0,0.00402313015757714,1.0,1.0,1.0,14.0,0.02461758715695539,1.0,1.0,1.0,7.0,0.02461758715695539,1.0,1.0,1.0,7.0,0.02461758715695539
1992-04-30,1.0,1.0,1.0,30.0,0.016069814306604393,1.0,1.0,1.0,15.0,0.016069814306604393,1.0,1.0,1.0,15.0,0.016069814306604393,1.0,1.0,1.0,14.0,-0.0018312056650299224,1.0,1.0,1.0,7.0,-0.0018312056650299224,1.0,1.0,1.0,7.0,-0.0018312056650299224
1992-05-31,1.0,1.0,1.0,30.0,0.010562459941411232,1.0,1.0,1.0,15.0,0.010562459941411232,1.0,1.0,1.0,15.0,0.010562459941411232,1.0,1.0,1.0,14.0,-0.020496275246253193,1.0,1.0,1.0,7.0,-0.020496275246253193,1.0,1.0,1.0,7.0,-0.020496275246253193
1992-06-30,1.0,1.0,1.0,30.0,0.017302226402653102,1.0,1.0,1.0,15.0,0.017302226402653102,1.0,1.0,1.0,15.0,0.017302226402653102,1.0,1.0,1.0,14.0,0.03616675792515278,1.0,1.0,1.0,7.0,0.03616675792515278,1.0,1.0,1.0,7.0,0.03616675792515278
1992-07-31,1.0,1.0,1.0,30.0,0.007530191010168321,1.0,1.0,1.0,15.0,0.007530191010168321,1.0,1.0,1.0,15.0,0.007530191010168321,1.0,1.0,1.0,14.0,-0.026531833399848992,1.0,1.0,1.0,7.0,-0.026531833399848992,1.0,1.0,1.0,7.0,-0.026531833399848992
1992-08-31,1.0,1.0,1.0,30.0,0.009272506961691842,1.0,1.0,1.0,15.0,0.009272506961691842,1.0,1.0,1.0,15.0,0.009272506961691842,1.0,1.0,1.0,14.0,0.00648950032157658,1.0,1.0,1.0,7.0,0.00648950032157658,1.0,1.0,1.0,7.0,0.00648950032157658
1992-09-30,1.0,1.0,1.0,30.0,-0.015576557764183017,1.0,1.0,1.0,15.0,-0.015576557764183017,1.0,1.0,1.0,15.0,-0.015576557764183017,1.0,1.0,1.0,14.0,-0.00019335409083109933,1.0,1.0,1.0,7.0,-0.00019335409083109933,1.0,1.0,1.0,7.0,-0.00019335409083109933
1992-10-31,1.0,1.0,1.0,30.0,-0.002073862244417222,1.0,1.0,1.0,15.0,-0.002073862244417222,1.0,1.0,1.0,15.0,-0.002073862244417222,1.0,1.0,1.0,14.0,0.02790083016845024,1.0,1.0,1.0,7.0,0.02790083016845024,1.0,1.0,1.0,7.0,0.02790083016845024
1992-11-30,1.0,1.0,1.0,30.0,0.013101426229817161,1.0,1.0,1.0,15.0,0.013101426229817161,1.0,1.0,1.0,15.0,0.013101426229817161,1.0,1.0,1.0,14.0,0.007288296220838708,1.0,1.0,1.0,7.0,0.007288296220838708,1.0,1.0,1.0,7.0,0.007288296220838708
1992-12-31,1.0,1.0,1.0,30.0,0.016876202221768746,1.0,1.0,1.0,15.0,0.016876202221768746,1.0,1.0,1.0,15.0,0.016876202221768746,1.0,1.0,1.0,14.0,0.004735605456991587,1.0,1.0,1.0,7.0,0.004735605456991587,1.0,1.0,1.0,7.0,0.004735605456991587
1993-01-31,1.0,1.0,1.0,30.0,0.015305231553088806,1.0,1.0,1.0,15.0,0.015305231553088806,1.0,1.0,1.0,15.0,0.015305231553088806,1.0,1.0,1.0,14.0,0.008266322164537598,1.0,1.0,1.0,7.0,0.008266322164537598,1.0,1.0,1.0,7.0,0.008266322164537598
1993-02-28,1.0,1.0,1.0,30.0,0.0016668902122788953,1.0,1.0,1.0,15.0,0.0016668902122788953,1.0,1.0,1.0,15.0,0.0016668902122788953,1.0,1.0,1.0,14.0,0.01615860137669367,1.0,1.0,1.0,7.0,0.01615860137669367,1.0,1.0,1.0,7.0,0.01615860137669367
1993-03-31,1.0,1.0,1.0,30.0,0.0045634906500444244,1.0,1.0,1.0,15.0,0.0045634906500444244,1.0,1.0,1.0,15.0,0.0045634906500444244,1.0,1.0,1.0,14.0,-0.027753366115373157,1.0,1.0,1.0,7.0,-0.027753366115373157,1.0,1.0,1.0,7.0,-0.027753366115373157
1993-04-30,1.0,1.0,1.0,30.0,-0.0009265877858544362,1.0,1.0,1.0,15.0,-0.0009265877858544362,1.0,1.0,1.0,15.0,-0.0009265877858544362,1.0,1.0,1.0,14.0,0.020474650708196984,1.0,1.0,1.0,7.0,0.020474650708196984,1.0,1.0,1.0,7.0,0.020474650708196984
1993-05-31,1.0,1.0,1.0,30.0,0.015623045943511106,1.0,1.0,1.0,15.0,0.015623045943511106,1.0,1.0,1.0,15.0,0.015623045943511106,1.0,1.0,1.0,14.0,-0.0017406421850881815,1.0,1.0,1.0,7.0,-0.0017406421850881815,1.0,1.0,1.0,7.0,-0.0017406421850881815
1993-06-30,1.0,1.0,1.0,30.0,0.003255892711531996,1.0,1.0,1.0,15.0,0.003255892711531996,1.0,1.0,1.0,15.0,0.003255892711531996,1.0,1.0,1.0,14.0,-0.0077094697961667125,1.0,1.0,1.0,7.0,-0.0077094697961667125,1.0,1.0,1.0,7.0,-0.0077094697961667125
1993-07-31,1.0,1.0,1.0,30.0,0.015027818511170467,1.0,1.0,1.0,15.0,0.015027818511170467,1.0,1.0,1.0,15.0,0.015027818511170467,1.0,1.0,1.0,14.0,0.03185599833005748,1.0,1.0,1.0,7.0,0.03185599833005748,1.0,1.0,1.0,7.0,0.03185599833005748
1993-08-31,1.0,1.0,1.0,30.0,0.00014664722537765205,1.0,1.0,1.0,15.0,0.00014664722537765205,1.0,1.0,1.0,15.0,0.00014664722537765205,1.0,1.0,1.0,14.0,-0.012556847470931554,1.0,1.0,1.0,7.0,-0.012556847470931554,1.0,1.0,1.0,7.0,-0.012556847470931554
1993-09-30,1.0,1.0,1.0,30.0,0.0015367059499857634,1.0,1.0,1.0,15.0,0.0015367059499857634,1.0,1.0,1.0,15.0,0.0015367059499857634,1.0,1.0,1.0,14.0,0.017156988569211107,1.0,1.0,1.0,7.0,0.017156988569211107,1.0,1.0,1.0,7.0,0.017156988569211107
1993-10-31,1.0,1.0,1.0,30.0,-0.011006839161781521,1.0,1.0,1.0,15.0,-0.011006839161781521,1.0,1.0,1.0,15.0,-0.011006839161781521,1.0,1.0,1.0,14.0,-0.015374089970320415,1.0,1.0,1.0,7.0,-0.015374089970320415,1.0,1.0,1.0,7.0,-0.015374089970320415
1993-11-30,1.0,1.0,1.0,30.0,0.0031197319016631163,1.0,1.0,1.0,15.0,0.0031197319016631163,1.0,1.0,1.0,15.0,0.0031197319016631163,1.0,1.0,1.0,14.0,0.007774089267409412,1.0,1.0,1.0,7.0,0.007774089267409412,1.0,1.0,1.0,7.0,0.007774089267409412
1993-12-31,1.0,1.0,1.0,30.0,0.011001639122647013,1.0,1.0,1.0,15.0,0.011001639122647013,1.0,1.0,1.0,15.0,0.011001639122647013,1.0,1.0,1.0,14.0,0.029929574793671643,1.0,1.0,1.0,7.0,0.029929574793671643,1.0,1.0,1.0,7.0,0.029929574793671643
1994-01-31,0.0,0.13333333333333333,0.8666666666666667,30.0,-0.019473326441802673,0.0,0.0,1.0,15.0,-0.019473326441802673,0.0,0.26666666666666666,0.7333333333333334,15.0,-0.019473326441802673,1.0,1.0,1.0,14.0,-0.03208123478549696,1.0,1.0,1.0,7.0,-0.03208123478549696,1.0,1.0,1.0,7.0,-0.03208123478549696
1994-02-28,0.0,0.0,1.0,30.0,-0.027354280139136287,0.0,0.0,1.0,15.0,-0.027354280139136287,0.0,0.0,1.0,15.0,-0.027354280139136287,1.0,1.0,1.0,14.0,-0.048321580525853336,1.0,1.0,1.0,7.0,-0.048321580525853336,1.0,1.0,1.0,7.0,-0.048321580525853336
1994-03-31,0.0,0.0,1.0,30.0,-0.01068510838175437,0.0,0.0,1.0,15.0,-0.01068510838175437,0.0,0.0,1.0,15.0,-0.01068510838175437,0.0,0.0,1.0,14.0,0.008807989669635585,0.0,0.0,1.0,7.0,0.008807989669635585,0.0,0.0,1.0,7.0,0.008807989669635585
1994-04-30,0.0,0.0,1.0,30.0,-0.003340294267225616,0.0,0.0,1.0,15.0,-0.003340294267225616,0.0,0.0,1.0,15.0,-0.003340294267225616,0.0,0.0,1.0,14.0,0.009169159252438996,0.0,0.0,1.0,7.0,0.009169159252438996,0.0,0.0,1.0,7.0,0.009169159252438996
1994-05-31,0.0,0.0,1.0,30.0,-0.0053099447513812546,0.0,0.0,1.0,15.0,-0.0053099447513812546,0.0,0.0,1.0,15.0,-0.0053099447513812546,0.0,0.0,1.0,14.0,-0.029802609382740153,0.0,0.0,1.0,7.0,-0.029802609382740153,0.0,0.0,1.0,7.0,-0.029802609382740153
1994-06-30,0.0,0.0,1.0,30.0,0.0170632424546048,0.0,0.0,1.0,15.0,0.0170632424546048,0.0,0.0,1.0,15.0,0.0170632424546048,0.0,0.0,1.0,14.0,0.028613786397275298,0.0,0.0,1.0,7.0,0.028613786397275298,0.0,0.0,1.0,7.0,0.028613786397275298
1994-07-31,0.0,0.06666666666666667,0.9333333333333333,30.0,-0.0024590272152226946,0.0,0.06666666666666667,0.9333333333333333,15.0,-0.0024590272152226946,0.0,0.06666666666666667,0.9333333333333333,15.0,-0.0024590272152226946,1.0,0.7857142857142857,0.7857142857142857,14.0,0.033779249182857685,1.0,0.8571428571428571,0.8571428571428571,7.0,0.033779249182857685,1.0,0.7142857142857143,0.7142857142857143,7.0,0.033779249182857685
1994-08-31,0.0,0.0,1.0,30.0,-0.018418286825842088,0.0,0.0,1.0,15.0,-0.018418286825842088,0.0,0.0,1.0,15.0,-0.018418286825842088,1.0,0.7857142857142857,0.7857142857142857,14.0,-0.030512076544005895,1.0,0.8571428571428571,0.8571428571428571,7.0,-0.030512076544005895,1.0,0.7142857142857143,0.7142857142857143,7.0,-0.030512076544005895
1994-09-30,0.0,0.0,1.0,30.0,-0.0046910475924243095,0.0,0.0,1.0,15.0,-0.0046910475924243095,0.0,0.0,1.0,15.0,-0.0046910475924243095,1.0,0.5,0.5,14.0,0.01701625304946308,0.0,0.14285714285714285,0.8571428571428572,7.0,0.01701625304946308,1.0,0.8571428571428571,0.8571428571428571,7.0,0.01701625304946308
1994-10-31,0.0,0.0,1.0,30.0,-0.005920862114190703,0.0,0.0,1.0,15.0,-0.005920862114190703,0.0,0.0,1.0,15.0,-0.005920862114190703,0.0,0.0,1.0,14.0,-0.043052814878618006,0.0,0.0,1.0,7.0,-0.043052814878618006,0.0,0.0,1.0,7.0,-0.043052814878618006
1994-11-30,0.0,0.0,1.0,30.0,0.0025052543026393296,0.0,0.0,1.0,15.0,0.0025052543026393296,0.0,0.0,1.0,15.0,0.0025052543026393296,0.0,0.0,1.0,14.0,0.007866119888455758,0.0,0.0,1.0,7.0,0.007866119888455758,0.0,0.0,1.0,7.0,0.007866119888455758
1994-12-31,0.0,0.0,1.0,30.0,0.015590433753394067,0.0,0.0,1.0,15.0,0.015590433753394067,0.0,0.0,1.0,15.0,0.015590433753394067,0.0,0.2857142857142857,0.7142857142857143,14.0,0.01999768650470246,0.0,0.14285714285714285,0.8571428571428572,7.0,0.01999768650470246,0.0,0.42857142857142855,0.5714285714285714,7.0,0.01999768650470246
1995-01-31,0.0,0.43333333333333335,0.5666666666666667,30.0,0.019775794091041025,0.0,0.0,1.0,15.0,0.019775794091041025,1.0,0.8666666666666667,0.8666666666666667,15.0,0.019775794091041025,1.0,0.8571428571428571,0.8571428571428571,14.0,0.031953131369813814,1.0,0.8571428571428571,0.8571428571428571,7.0,0.031953131369813814,1.0,0.8571428571428571,0.8571428571428571,7.0,0.031953131369813814
1995-02-28,1.0,0.9666666666666667,0.9666666666666667,30.0,0.0015351738854988903,1.0,0.9333333333333333,0.9333333333333333,15.0,0.0015351738854988903,1.0,1.0,1.0,15.0,0.0015351738854988903,1.0,1.0,1.0,14.0,0.022629685595616955,1.0,1.0,1.0,7.0,0.022629685595616955,1.0,1.0,1.0,7.0,0.022629685595616955
1995-03-31,1.0,1.0,1.0,30.0,0.009568516984258493,1.0,1.0,1.0,15.0,0.009568516984258493,1.0,1.0,1.0,15.0,0.009568516984258493,1.0,1.0,1.0,14.0,0.02346254034377271,1.0,1.0,1.0,7.0,0.02346254034377271,1.0,1.0,1.0,7.0,0.02346254034377271
1995-04-30,1.0,1.0,1.0,30.0,0.03329723661203084,1.0,1.0,1.0,15.0,0.03329723661203084,1.0,1.0,1.0,15.0,0.03329723661203084,1.0,1.0,1.0,14.0,0.030753200035946948,1.0,1.0,1.0,7.0,0.030753200035946948,1.0,1.0,1.0,7.0,0.030753200035946948
1995-05-31,1.0,1.0,1.0,30.0,0.002631539780683016,1.0,1.0,1.0,15.0,0.002631539780683016,1.0,1.0,1.0,15.0,0.002631539780683016,1.0,1.0,1.0,14.0,0.01650450727571573,1.0,1.0,1.0,7.0,0.01650450727571573,1.0,1.0,1.0,7.0,0.01650450727571573
1995-06-30,1.0,1.0,1.0,30.0,-0.006733432770549881,1.0,1.0,1.0,15.0,-0.006733432770549881,1.0,1.0,1.0,15.0,-0.006733432770549881,1.0,1.0,1.0,14.0,0.027159942897549083,1.0,1.0,1.0,7.0,0.027159942897549083,1.0,1.0,1.0,7.0,0.027159942897549083
1995-07-31,1.0,1.0,1.0,30.0,0.007368749608665552,1.0,1.0,1.0,15.0,0.007368749608665552,1.0,1.0,1.0,15.0,0.007368749608665552,1.0,1.0,1.0,14.0,-0.0049978029820899605,1.0,1.0,1.0,7.0,-0.0049978029820899605,1.0,1.0,1.0,7.0,-0.0049978029820899605
1995-08-31,1.0,1.0,1.0,30.0,0.005428559276158233,1.0,1.0,1.0,15.0,0.005428559276158233,1.0,1.0,1.0,15.0,0.005428559276158233,1.0,1.0,1.0,14.0,0.03565200173267047,1.0,1.0,1.0,7.0,0.03565200173267047,1.0,1.0,1.0,7.0,0.03565200173267047
1995-09-30,1.0,1.0,1.0,30.0,0.008304717848171144,1.0,1.0,1.0,15.0,0.008304717848171144,1.0,1.0,1.0,15.0,0.008304717848171144,1.0,1.0,1.0,14.0,-0.009636196210680237,1.0,1.0,1.0,7.0,-0.009636196210680237,1.0,1.0,1.0,7.0,-0.009636196210680237
1995-10-31,1.0,1.0,1.0,30.0,0.01078495456126281,1.0,1.0,1.0,15.0,0.01078495456126281,1.0,1.0,1.0,15.0,0.01078495456126281,1.0,1.0,1.0,14.0,0.03670229520450974,1.0,1.0,1.0,7.0,0.03670229520450974,1.0,1.0,1.0,7.0,0.03670229520450974
1995-11-30,1.0,1.0,1.0,30.0,0.009133728621655417,1.0,1.0,1.0,15.0,0.009133728621655417,1.0,1.0,1.0,15.0,0.009133728621655417,1.0,1.0,1.0,14.0,0.012485681055882658,1.0,1.0,1.0,7.0,0.012485681055882658,1.0,1.0,1.0,7.0,0.012485681055882658
1995-12-31,1.0,1.0,1.0,30.0,0.002340613522169714,1.0,1.0,1.0,15.0,0.002340613522169714,1.0,1.0,1.0,15.0,0.002340613522169714,1.0,1.0,1.0,14.0,0.028201538348570754,1.0,1.0,1.0,7.0,0.028201538348570754,1.0,1.0,1.0,7.0,0.028201538348570754
1996-01-31,1.0,0.5333333333333333,0.5333333333333333,30.0,-0.021282293703844254,0.0,0.06666666666666667,0.9333333333333333,15.0,-0.021282293703844254,1.0,1.0,1.0,15.0,-0.021282293703844254,1.0,1.0,1.0,14.0,0.00302242449008272,1.0,1.0,1.0,7.0,0.00302242449008272,1.0,1.0,1.0,7.0,0.00302242449008272
1996-02-29,0.0,0.06666666666666667,0.9333333333333333,30.0,-0.01085114887043824,0.0,0.0,1.0,15.0,-0.01085114887043824,0.0,0.13333333333333333,0.8666666666666667,15.0,-0.01085114887043824,1.0,1.0,1.0,14.0,0.00400153071625442,1.0,1.0,1.0,7.0,0.00400153071625442,1.0,1.0,1.0,7.0,0.00400153071625442
1996-03-31,0.0,0.0,1.0,30.0,-0.010223775407948006,0.0,0.0,1.0,15.0,-0.010223775407948006,0.0,0.0,1.0,15.0,-0.010223775407948006,1.0,1.0,1.0,14.0,0.00879283128810715,1.0,1.0,1.0,7.0,0.00879283128810715,1.0,1.0,1.0,7.0,0.00879283128810715
1996-04-30,0.0,0.0,1.0,30.0,-0.006230594287261489,0.0,0.0,1.0,15.0,-0.006230594287261489,0.0,0.0,1.0,15.0,-0.006230594287261489,1.0,1.0,1.0,14.0,0.018578833532739036,1.0,1.0,1.0,7.0,0.018578833532739036,1.0,1.0,1.0,7.0,0.018578833532739036
1996-05-31,0.0,0.0,1.0,30.0,0.009429191535539786,0.0,0.0,1.0,15.0,0.009429191535539786,0.0,0.0,1.0,15.0,0.009429191535539786,1.0,1.0,1.0,14.0,-0.001736744752282804,1.0,1.0,1.0,7.0,-0.001736744752282804,1.0,1.0,1.0,7.0,-0.001736744752282804
1996-06-30,0.0,0.0,1.0,30.0,-0.0017634929133390443,0.0,0.0,1.0,15.0,-0.0017634929133390443,0.0,0.0,1.0,15.0,-0.0017634929133390443,1.0,0.8571428571428571,0.8571428571428571,14.0,-0.050033109216368166,1.0,1.0,1.0,7.0,-0.050033109216368166,1.0,0.7142857142857143,0.7142857142857143,7.0,-0.050033109216368166
1996-07-31,0.0,0.0,1.0,30.0,-0.005775985939516234,0.0,0.0,1.0,15.0,-0.005775985939516234,0.0,0.0,1.0,15.0,-0.005775985939516234,1.0,1.0,1.0,14.0,0.014656530221647479,1.0,1.0,1.0,7.0,0.014656530221647479,1.0,1.0,1.0,7.0,0.014656530221647479
1996-08-31,0.0,0.4,0.6,30.0,0.013026831080077364,0.0,0.0,1.0,15.0,0.013026831080077364,1.0,0.8,0.8,15.0,0.013026831080077364,1.0,1.0,1.0,14.0,0.049565638715405314,1.0,1.0,1.0,7.0,0.049565638715405314,1.0,1.0,1.0,7.0,0.049565638715405314
1996-09-30,1.0,0.9666666666666667,0.9666666666666667,30.0,0.01795148284975821,1.0,0.9333333333333333,0.9333333333333333,15.0,0.01795148284975821,1.0,1.0,1.0,15.0,0.01795148284975821,1.0,1.0,1.0,14.0,0.021843101528723707,1.0,1.0,1.0,7.0,0.021843101528723707,1.0,1.0,1.0,7.0,0.021843101528723707
1996-10-31,1.0,1.0,1.0,30.0,0.013028571428571382,1.0,1.0,1.0,15.0,0.013028571428571382,1.0,1.0,1.0,15.0,0.013028571428571382,1.0,1.0,1.0,14.0,0.06900780083935354,1.0,1.0,1.0,7.0,0.06900780083935354,1.0,1.0,1.0,7.0,0.06900780083935354
1996-11-30,1.0,0.5333333333333333,0.5333333333333333,30.0,-0.013897883397238693,0.0,0.06666666666666667,0.9333333333333333,15.0,-0.013897883397238693,1.0,1.0,1.0,15.0,-0.013897883397238693,1.0,1.0,1.0,14.0,-0.02599163020228168,1.0,1.0,1.0,7.0,-0.02599163020228168,1.0,1.0,1.0,7.0,-0.02599163020228168
1996-12-31,1.0,0.5,0.5,30.0,-0.0014377773367169567,0.0,0.0,1.0,15.0,-0.0014377773367169567,1.0,1.0,1.0,15.0,-0.0014377773367169567,1.0,1.0,1.0,14.0,0.056574252451325524,1.0,1.0,1.0,7.0,0.056574252451325524,1.0,1.0,1.0,7.0,0.056574252451325524
1997-01-31,1.0,0.5,0.5,30.0,-0.0014124729693440882,0.0,0.0,1.0,15.0,-0.0014124729693440882,1.0,1.0,1.0,15.0,-0.0014124729693440882,1.0,1.0,1.0,14.0,0.0020199330867978205,1.0,1.0,1.0,7.0,0.0020199330867978205,1.0,1.0,1.0,7.0,0.0020199330867978205
1997-02-28,0.0,0.03333333333333333,0.9666666666666667,30.0,-0.015381504039250567,0.0,0.0,1.0,15.0,-0.015381504039250567,0.0,0.06666666666666667,0.9333333333333333,15.0,-0.015381504039250567,1.0,1.0,1.0,14.0,-0.04672312395695988,1.0,1.0,1.0,7.0,-0.04672312395695988,1.0,1.0,1.0,7.0,-0.04672312395695988
1997-03-31,0.0,0.0,1.0,30.0,0.010669419614216717,0.0,0.0,1.0,15.0,0.010669419614216717,0.0,0.0,1.0,15.0,0.010669419614216717,1.0,1.0,1.0,14.0,0.05388436023474541,1.0,1.0,1.0,7.0,0.05388436023474541,1.0,1.0,1.0,7.0,0.05388436023474541
1997-04-30,0.0,0.36666666666666664,0.6333333333333333,30.0,0.00455317657634881,0.0,0.0,1.0,15.0,0.00455317657634881,1.0,0.7333333333333333,0.7333333333333333,15.0,0.00455317657634881,1.0,1.0,1.0,14.0,0.05342767003117399,1.0,1.0,1.0,7.0,0.05342767003117399,1.0,1.0,1.0,7.0,0.05342767003117399
1997-05-31,1.0,0.9333333333333333,0.9333333333333333,30.0,0.00816931233128341,1.0,0.8666666666666667,0.8666666666666667,15.0,0.00816931233128341,1.0,1.0,1.0,15.0,0.00816931233128341,1.0,1.0,1.0,14.0,0.03961301478674928,1.0,1.0,1.0,7.0,0.03961301478674928,1.0,1.0,1.0,7.0,0.03961301478674928
1997-06-30,1.0,1.0,1.0,30.0,0.022666817475487794,1.0,1.0,1.0,15.0,0.022666817475487794,1.0,1.0,1.0,15.0,0.022666817475487794,1.0,1.0,1.0,14.0,0.07352180098366357,1.0,1.0,1.0,7.0,0.07352180098366357,1.0,1.0,1.0,7.0,0.07352180098366357
1997-07-31,1.0,0.5666666666666667,0.5666666666666667,30.0,-0.012629726834493822,0.0,0.13333333333333333,0.8666666666666667,15.0,-0.012629726834493822,1.0,1.0,1.0,15.0,-0.012629726834493822,1.0,1.0,1.0,14.0,-0.0613063426620688,1.0,1.0,1.0,7.0,-0.0613063426620688,1.0,1.0,1.0,7.0,-0.0613063426620688
1997-08-31,1.0,1.0,1.0,30.0,0.010348186864389722,1.0,1.0,1.0,15.0,0.010348186864389722,1.0,1.0,1.0,15.0,0.010348186864389722,1.0,1.0,1.0,14.0,0.04855006087010283,1.0,1.0,1.0,7.0,0.04855006087010283,1.0,1.0,1.0,7.0,0.04855006087010283
1997-09-30,1.0,1.0,1.0,30.0,0.010307220336727135,1.0,1.0,1.0,15.0,0.010307220336727135,1.0,1.0,1.0,15.0,0.010307220336727135,1.0,1.0,1.0,14.0,-0.03852362624175509,1.0,1.0,1.0,7.0,-0.03852362624175509,1.0,1.0,1.0,7.0,-0.03852362624175509
1997-10-31,1.0,1.0,1.0,30.0,0.000704788455231157,1.0,1.0,1.0,15.0,0.000704788455231157,1.0,1.0,1.0,15.0,0.000704788455231157,1.0,1.0,1.0,14.0,0.04053695110339395,1.0,1.0,1.0,7.0,0.04053695110339395,1.0,1.0,1.0,7.0,0.04053695110339395
1997-11-30,1.0,1.0,1.0,30.0,0.005268428750522385,1.0,1.0,1.0,15.0,0.005268428750522385,1.0,1.0,1.0,15.0,0.005268428750522385,1.0,1.0,1.0,14.0,0.010881545571764795,1.0,1.0,1.0,7.0,0.010881545571764795,1.0,1.0,1.0,7.0,0.010881545571764795
1997-12-31,1.0,1.0,1.0,30.0,0.008538248412995856,1.0,1.0,1.0,15.0,0.008538248412995856,1.0,1.0,1.0,15.0,0.008538248412995856,1.0,1.0,1.0,14.0,0.005826076765923505,1.0,1.0,1.0,7.0,0.005826076765923505,1.0,1.0,1.0,7.0,0.005826076765923505
1998-01-31,1.0,1.0,1.0,30.0,-0.004653127393413377,1.0,1.0,1.0,15.0,-0.004653127393413377,1.0,1.0,1.0,15.0,-0.004653127393413377,1.0,1.0,1.0,14.0,0.06630463796115693,1.0,1.0,1.0,7.0,0.06630463796115693,1.0,1.0,1.0,7.0,0.06630463796115693
1998-02-28,1.0,1.0,1.0,30.0,-0.00046366168035659374,1.0,1.0,1.0,15.0,-0.00046366168035659374,1.0,1.0,1.0,15.0,-0.00046366168035659374,1.0,1.0,1.0,14.0,0.04587499648098836,1.0,1.0,1.0,7.0,0.04587499648098836,1.0,1.0,1.0,7.0,0.04587499648098836
1998-03-31,1.0,1.0,1.0,30.0,0.0009196053469129033,1.0,1.0,1.0,15.0,0.0009196053469129033,1.0,1.0,1.0,15.0,0.0009196053469129033,1.0,1.0,1.0,14.0,0.004756826600966546,1.0,1.0,1.0,7.0,0.004756826600966546,1.0,1.0,1.0,7.0,0.004756826600966546
1998-04-30,1.0,1.0,1.0,30.0,0.005485815602836789,1.0,1.0,1.0,15.0,0.005485815602836789,1.0,1.0,1.0,15.0,0.005485815602836789,1.0,1.0,1.0,14.0,-0.022739815148636433,1.0,1.0,1.0,7.0,-0.022739815148636433,1.0,1.0,1.0,7.0,-0.022739815148636433
1998-05-31,1.0,1.0,1.0,30.0,0.004380849088559727,1.0,1.0,1.0,15.0,0.004380849088559727,1.0,1.0,1.0,15.0,0.004380849088559727,1.0,1.0,1.0,14.0,0.03520038554674598,1.0,1.0,1.0,7.0,0.03520038554674598,1.0,1.0,1.0,7.0,0.03520038554674598
1998-06-30,1.0,1.0,1.0,30.0,-0.0018727374510170113,1.0,1.0,1.0,15.0,-0.0018727374510170113,1.0,1.0,1.0,15.0,-0.0018727374510170113,1.0,1.0,1.0,14.0,-0.01555618453938934,1.0,1.0,1.0,7.0,-0.01555618453938934,1.0,1.0,1.0,7.0,-0.01555618453938934
1998-07-31,1.0,1.0,1.0,30.0,0.011974392968866458,1.0,1.0,1.0,15.0,0.011974392968866458,1.0,1.0,1.0,15.0,0.011974392968866458,1.0,1.0,1.0,14.0,-0.14948306111171805,1.0,1.0,1.0,7.0,-0.14948306111171805,1.0,1.0,1.0,7.0,-0.14948306111171805
1998-08-31,1.0,1.0,1.0,30.0,0.018816028436366476,1.0,1.0,1.0,15.0,0.018816028436366476,1.0,1.0,1.0,15.0,0.018816028436366476,0.0,0.21428571428571427,0.7857142857142857,14.0,0.057542701735030954,0.0,0.2857142857142857,0.7142857142857143,7.0,0.057542701735030954,0.0,0.14285714285714285,0.8571428571428572,7.0,0.057542701735030954
1998-09-30,1.0,1.0,1.0,30.0,-0.008475470256851044,1.0,1.0,1.0,15.0,-0.008475470256851044,1.0,1.0,1.0,15.0,-0.008475470256851044,1.0,0.9285714285714286,0.9285714285714286,14.0,0.07685946458586179,1.0,1.0,1.0,7.0,0.07685946458586179,1.0,0.8571428571428571,0.8571428571428571,7.0,0.07685946458586179
1998-10-31,1.0,1.0,1.0,30.0,0.002563411005255581,1.0,1.0,1.0,15.0,0.002563411005255581,1.0,1.0,1.0,15.0,0.002563411005255581,1.0,1.0,1.0,14.0,0.05586161485466867,1.0,1.0,1.0,7.0,0.05586161485466867,1.0,1.0,1.0,7.0,0.05586161485466867
1998-11-30,1.0,1.0,1.0,30.0,-0.0007933424010308798,1.0,1.0,1.0,15.0,-0.0007933424010308798,1.0,1.0,1.0,15.0,-0.0007933424010308798,1.0,1.0,1.0,14.0,0.052385246749420356,1.0,1.0,1.0,7.0,0.052385246749420356,1.0,1.0,1.0,7.0,0.052385246749420356
1998-12-31,1.0,1.0,1.0,30.0,0.003637249304118187,1.0,1.0,1.0,15.0,0.003637249304118187,1.0,1.0,1.0,15.0,0.003637249304118187,1.0,1.0,1.0,14.0,0.037385274052270434,1.0,1.0,1.0,7.0,0.037385274052270434,1.0,1.0,1.0,7.0,0.037385274052270434
1999-01-31,0.0,0.03333333333333333,0.9666666666666667,30.0,-0.020956830368743014,0.0,0.0,1.0,15.0,-0.020956830368743014,0.0,0.06666666666666667,0.9333333333333333,15.0,-0.020956830368743014,1.0,1.0,1.0,14.0,-0.03566446382076416,1.0,1.0,1.0,7.0,-0.03566446382076416,1.0,1.0,1.0,7.0,-0.03566446382076416
1999-02-28,0.0,0.0,1.0,30.0,0.0012416646631725186,0.0,0.0,1.0,15.0,0.0012416646631725186,0.0,0.0,1.0,15.0,0.0012416646631725186,1.0,1.0,1.0,14.0,0.034352701863868074,1.0,1.0,1.0,7.0,0.034352701863868074,1.0,1.0,1.0,7.0,0.034352701863868074
1999-03-31,0.0,0.0,1.0,30.0,-0.0005320003825508204,0.0,0.0,1.0,15.0,-0.0005320003825508204,0.0,0.0,1.0,15.0,-0.0005320003825508204,1.0,1.0,1.0,14.0,0.03412360292504801,1.0,1.0,1.0,7.0,0.03412360292504801,1.0,1.0,1.0,7.0,0.03412360292504801
1999-04-30,0.0,0.0,1.0,30.0,-0.012158967514360006,0.0,0.0,1.0,15.0,-0.012158967514360006,0.0,0.0,1.0,15.0,-0.012158967514360006,1.0,1.0,1.0,14.0,-0.02827927109202233,1.0,1.0,1.0,7.0,-0.02827927109202233,1.0,1.0,1.0,7.0,-0.02827927109202233
1999-05-31,0.0,0.0,1.0,30.0,-0.007185900287332122,0.0,0.0,1.0,15.0,-0.007185900287332122,0.0,0.0,1.0,15.0,-0.007185900287332122,1.0,1.0,1.0,14.0,0.05024650092516958,1.0,1.0,1.0,7.0,0.05024650092516958,1.0,1.0,1.0,7.0,0.05024650092516958
1999-06-30,0.0,0.0,1.0,30.0,-0.00805742335431889,0.0,0.0,1.0,15.0,-0.00805742335431889,0.0,0.0,1.0,15.0,-0.00805742335431889,1.0,1.0,1.0,14.0,-0.03571687613901964,1.0,1.0,1.0,7.0,-0.03571687613901964,1.0,1.0,1.0,7.0,-0.03571687613901964
1999-07-31,0.0,0.0,1.0,30.0,-0.004408714768474139,0.0,0.0,1.0,15.0,-0.004408714768474139,0.0,0.0,1.0,15.0,-0.004408714768474139,1.0,1.0,1.0,14.0,-0.01011671099903344,1.0,1.0,1.0,7.0,-0.01011671099903344,1.0,1.0,1.0,7.0,-0.01011671099903344
1999-08-31,0.0,0.0,1.0,30.0,0.0077094475211767636,0.0,0.0,1.0,15.0,0.0077094475211767636,0.0,0.0,1.0,15.0,0.0077094475211767636,1.0,1.0,1.0,14.0,-0.03233180555911497,1.0,1.0,1.0,7.0,-0.03233180555911497,1.0,1.0,1.0,7.0,-0.03233180555911497
1999-09-30,0.0,0.0,1.0,30.0,-0.0002103609377432777,0.0,0.0,1.0,15.0,-0.0002103609377432777,0.0,0.0,1.0,15.0,-0.0002103609377432777,0.0,0.42857142857142855,0.5714285714285714,14.0,0.05842232824552629,0.0,0.42857142857142855,0.5714285714285714,7.0,0.05842232824552629,0.0,0.42857142857142855,0.5714285714285714,7.0,0.05842232824552629
1999-10-31,0.0,0.0,1.0,30.0,-0.0036716118636988615,0.0,0.0,1.0,15.0,-0.0036716118636988615,0.0,0.0,1.0,15.0,-0.0036716118636988615,1.0,1.0,1.0,14.0,0.015408951084513678,1.0,1.0,1.0,7.0,0.015408951084513678,1.0,1.0,1.0,7.0,0.015408951084513678
1999-11-30,0.0,0.0,1.0,30.0,-0.009222210816552986,0.0,0.0,1.0,15.0,-0.009222210816552986,0.0,0.0,1.0,15.0,-0.009222210816552986,1.0,1.0,1.0,14.0,0.05322057785695855,1.0,1.0,1.0,7.0,0.05322057785695855,1.0,1.0,1.0,7.0,0.05322057785695855
1999-12-31,0.0,0.0,1.0,30.0,-0.007374362818590726,0.0,0.0,1.0,15.0,-0.007374362818590726,0.0,0.0,1.0,15.0,-0.007374362818590726,1.0,1.0,1.0,14.0,-0.05479033804087807,1.0,1.0,1.0,7.0,-0.05479033804087807,1.0,1.0,1.0,7.0,-0.05479033804087807
2000-01-31,0.0,0.0,1.0,30.0,0.007793571755192434,0.0,0.0,1.0,15.0,0.007793571755192434,0.0,0.0,1.0,15.0,0.007793571755192434,1.0,0.7142857142857143,0.7142857142857143,14.0,-0.024309108535691015,0.0,0.42857142857142855,0.5714285714285714,7.0,-0.024309108535691015,1.0,1.0,1.0,7.0,-0.024309108535691015
2000-02-29,0.0,0.0,1.0,30.0,0.008473695411796694,0.0,0.0,1.0,15.0,0.008473695411796694,0.0,0.0,1.0,15.0,0.008473695411796694,1.0,1.0,1.0,14.0,0.09160821057294988,1.0,1.0,1.0,7.0,0.09160821057294988,1.0,1.0,1.0,7.0,0.09160821057294988
2000-03-31,0.0,0.0,1.0,30.0,-0.007463345655107596,0.0,0.0,1.0,15.0,-0.007463345655107596,0.0,0.0,1.0,15.0,-0.007463345655107596,1.0,1.0,1.0,14.0,-0.035243054043539,1.0,1.0,1.0,7.0,-0.035243054043539,1.0,1.0,1.0,7.0,-0.035243054043539
2000-04-30,0.0,0.0,1.0,30.0,-0.005458980122630015,0.0,0.0,1.0,15.0,-0.005458980122630015,0.0,0.0,1.0,15.0,-0.005458980122630015,1.0,0.6428571428571429,0.6428571428571429,14.0,-0.026787653326585614,0.0,0.42857142857142855,0.5714285714285714,7.0,-0.026787653326585614,1.0,0.8571428571428571,0.8571428571428571,7.0,-0.026787653326585614
2000-05-31,1.0,0.7333333333333333,0.7333333333333333,30.0,0.016804879197475534,1.0,0.6666666666666666,0.6666666666666666,15.0,0.016804879197475534,1.0,0.8,0.8,15.0,0.016804879197475534,1.0,1.0,1.0,14.0,0.01985755532218736,1.0,1.0,1.0,7.0,0.01985755532218736,1.0,1.0,1.0,7.0,0.01985755532218736
2000-06-30,1.0,0.9666666666666667,0.9666666666666667,30.0,0.00427738266877356,1.0,0.9333333333333333,0.9333333333333333,15.0,0.00427738266877356,1.0,1.0,1.0,15.0,0.00427738266877356,1.0,1.0,1.0,14.0,-0.02104549894308272,1.0,1.0,1.0,7.0,-0.02104549894308272,1.0,1.0,1.0,7.0,-0.02104549894308272
2000-07-31,1.0,1.0,1.0,30.0,0.009493747571039827,1.0,1.0,1.0,15.0,0.009493747571039827,1.0,1.0,1.0,15.0,0.009493747571039827,1.0,1.0,1.0,14.0,0.055434156781817956,1.0,1.0,1.0,7.0,0.055434156781817956,1.0,1.0,1.0,7.0,0.055434156781817956
2000-08-31,1.0,1.0,1.0,30.0,0.001187040584086467,1.0,1.0,1.0,15.0,0.001187040584086467,1.0,1.0,1.0,15.0,0.001187040584086467,0.0,0.42857142857142855,0.5714285714285714,14.0,-0.058300271733051745,0.0,0.42857142857142855,0.5714285714285714,7.0,-0.058300271733051745,0.0,0.42857142857142855,0.5714285714285714,7.0,-0.058300271733051745
2000-09-30,1.0,1.0,1.0,30.0,0.0010172518810461157,1.0,1.0,1.0,15.0,0.0010172518810461157,1.0,1.0,1.0,15.0,0.0010172518810461157,0.0,0.0,1.0,14.0,-0.010494090072865392,0.0,0.0,1.0,7.0,-0.010494090072865392,0.0,0.0,1.0,7.0,-0.010494090072865392
2000-10-31,1.0,1.0,1.0,30.0,0.011250956030388275,1.0,1.0,1.0,15.0,0.011250956030388275,1.0,1.0,1.0,15.0,0.011250956030388275,0.0,0.0,1.0,14.0,-0.08475640968070886,0.0,0.0,1.0,7.0,-0.08475640968070886,0.0,0.0,1.0,7.0,-0.08475640968070886
2000-11-30,1.0,1.0,1.0,30.0,0.013550337627088797,1.0,1.0,1.0,15.0,0.013550337627088797,1.0,1.0,1.0,15.0,0.013550337627088797,0.0,0.0,1.0,14.0,-0.0009427953312284298,0.0,0.0,1.0,7.0,-0.0009427953312284298,0.0,0.0,1.0,7.0,-0.0009427953312284298
2000-12-31,1.0,1.0,1.0,30.0,0.0109536339020931,1.0,1.0,1.0,15.0,0.0109536339020931,1.0,1.0,1.0,15.0,0.0109536339020931,0.0,0.0,1.0,14.0,0.029086492908284134,0.0,0.0,1.0,7.0,0.029086492908284134,0.0,0.0,1.0,7.0,0.029086492908284134
2001-01-31,1.0,1.0,1.0,30.0,0.004911280262184263,1.0,1.0,1.0,15.0,0.004911280262184263,1.0,1.0,1.0,15.0,0.004911280262184263,0.0,0.0,1.0,14.0,-0.09574532390823631,0.0,0.0,1.0,7.0,-0.09574532390823631,0.0,0.0,1.0,7.0,-0.09574532390823631
2001-02-28,1.0,1.0,1.0,30.0,0.0008202276395496795,1.0,1.0,1.0,15.0,0.0008202276395496795,1.0,1.0,1.0,15.0,0.0008202276395496795,0.0,0.0,1.0,14.0,-0.06813179842276817,0.0,0.0,1.0,7.0,-0.06813179842276817,0.0,0.0,1.0,7.0,-0.06813179842276817
2001-03-31,1.0,1.0,1.0,30.0,-0.008050459366168425,1.0,1.0,1.0,15.0,-0.008050459366168425,1.0,1.0,1.0,15.0,-0.008050459366168425,0.0,0.0,1.0,14.0,0.07264497451110175,0.0,0.0,1.0,7.0,0.07264497451110175,0.0,0.0,1.0,7.0,0.07264497451110175
2001-04-30,1.0,1.0,1.0,30.0,0.0028317294099168082,1.0,1.0,1.0,15.0,0.0028317294099168082,1.0,1.0,1.0,15.0,0.0028317294099168082,0.0,0.0,1.0,14.0,0.0018842608141531603,0.0,0.0,1.0,7.0,0.0018842608141531603,0.0,0.0,1.0,7.0,0.0018842608141531603
2001-05-31,1.0,1.0,1.0,30.0,0.0009784555172737378,1.0,1.0,1.0,15.0,0.0009784555172737378,1.0,1.0,1.0,15.0,0.0009784555172737378,0.0,0.0,1.0,14.0,-0.027729689359467957,0.0,0.0,1.0,7.0,-0.027729689359467957,0.0,0.0,1.0,7.0,-0.027729689359467957
2001-06-30,1.0,1.0,1.0,30.0,0.01935725988759141,1.0,1.0,1.0,15.0,0.01935725988759141,1.0,1.0,1.0,15.0,0.01935725988759141,0.0,0.0,1.0,14.0,-0.013733403891902807,0.0,0.0,1.0,7.0,-0.013733403891902807,0.0,0.0,1.0,7.0,-0.013733403891902807
2001-07-31,1.0,1.0,1.0,30.0,0.00835146566588906,1.0,1.0,1.0,15.0,0.00835146566588906,1.0,1.0,1.0,15.0,0.00835146566588906,0.0,0.0,1.0,14.0,-0.06700953356462602,0.0,0.0,1.0,7.0,-0.06700953356462602,0.0,0.0,1.0,7.0,-0.06700953356462602
2001-08-31,1.0,1.0,1.0,30.0,0.008852744211233523,1.0,1.0,1.0,15.0,0.008852744211233523,1.0,1.0,1.0,15.0,0.008852744211233523,0.0,0.0,1.0,14.0,-0.08430304444782921,0.0,0.0,1.0,7.0,-0.08430304444782921,0.0,0.0,1.0,7.0,-0.08430304444782921
2001-09-30,1.0,1.0,1.0,30.0,0.018725645066960152,1.0,1.0,1.0,15.0,0.018725645066960152,1.0,1.0,1.0,15.0,0.018725645066960152,0.0,0.0,1.0,14.0,0.015865495285225295,0.0,0.0,1.0,7.0,0.015865495285225295,0.0,0.0,1.0,7.0,0.015865495285225295
2001-10-31,1.0,1.0,1.0,30.0,-0.015487478639117667,1.0,1.0,1.0,15.0,-0.015487478639117667,1.0,1.0,1.0,15.0,-0.015487478639117667,0.0,0.0,1.0,14.0,0.07335733505593933,0.0,0.0,1.0,7.0,0.07335733505593933,0.0,0.0,1.0,7.0,0.07335733505593933
2001-11-30,1.0,1.0,1.0,30.0,-0.00785017524514636,1.0,1.0,1.0,15.0,-0.00785017524514636,1.0,1.0,1.0,15.0,-0.00785017524514636,0.0,0.0,1.0,14.0,0.0060651207472548485,0.0,0.0,1.0,7.0,0.0060651207472548485,0.0,0.0,1.0,7.0,0.0060651207472548485
2001-12-31,1.0,1.0,1.0,30.0,0.006694959723364381,1.0,1.0,1.0,15.0,0.006694959723364381,1.0,1.0,1.0,15.0,0.006694959723364381,0.0,0.0,1.0,14.0,-0.016942591150824193,0.0,0.0,1.0,7.0,-0.016942591150824193,0.0,0.0,1.0,7.0,-0.016942591150824193
2002-01-31,1.0,1.0,1.0,30.0,0.008390989149237162,1.0,1.0,1.0,15.0,0.008390989149237162,1.0,1.0,1.0,15.0,0.008390989149237162,0.0,0.0,1.0,14.0,-0.022047817428440974,0.0,0.0,1.0,7.0,-0.022047817428440974,0.0,0.0,1.0,7.0,-0.022047817428440974
2002-02-28,0.0,0.06666666666666667,0.9333333333333333,30.0,-0.01793584152633113,0.0,0.0,1.0,15.0,-0.01793584152633113,0.0,0.13333333333333333,0.8666666666666667,15.0,-0.01793584152633113,0.0,0.0,1.0,14.0,0.03539512302114711,0.0,0.0,1.0,7.0,0.03539512302114711,0.0,0.0,1.0,7.0,0.03539512302114711
2002-03-31,1.0,0.9,0.9,30.0,0.01789200760237969,1.0,0.8666666666666667,0.8666666666666667,15.0,0.01789200760237969,1.0,0.9333333333333333,0.9333333333333333,15.0,0.01789200760237969,0.0,0.0,1.0,14.0,-0.06282763478602738,0.0,0.0,1.0,7.0,-0.06282763478602738,0.0,0.0,1.0,7.0,-0.06282763478602738
2002-04-30,1.0,1.0,1.0,30.0,0.007096795494270737,1.0,1.0,1.0,15.0,0.007096795494270737,1.0,1.0,1.0,15.0,0.007096795494270737,0.0,0.0,1.0,14.0,-0.010467590319745645,0.0,0.0,1.0,7.0,-0.010467590319745645,0.0,0.0,1.0,7.0,-0.010467590319745645
2002-05-31,1.0,1.0,1.0,30.0,0.007346670839150827,1.0,1.0,1.0,15.0,0.007346670839150827,1.0,1.0,1.0,15.0,0.007346670839150827,0.0,0.0,1.0,14.0,-0.07367366643457907,0.0,0.0,1.0,7.0,-0.07367366643457907,0.0,0.0,1.0,7.0,-0.07367366643457907
2002-06-30,1.0,1.0,1.0,30.0,0.010566480196271323,1.0,1.0,1.0,15.0,0.010566480196271323,1.0,1.0,1.0,15.0,0.010566480196271323,0.0,0.0,1.0,14.0,-0.08038012140986173,0.0,0.0,1.0,7.0,-0.08038012140986173,0.0,0.0,1.0,7.0,-0.08038012140986173
2002-07-31,1.0,1.0,1.0,30.0,0.015484084627937001,1.0,1.0,1.0,15.0,0.015484084627937001,1.0,1.0,1.0,15.0,0.015484084627937001,0.0,0.0,1.0,14.0,0.0034764753487117606,0.0,0.0,1.0,7.0,0.0034764753487117606,0.0,0.0,1.0,7.0,0.0034764753487117606
2002-08-31,1.0,1.0,1.0,30.0,0.014795608819464358,1.0,1.0,1.0,15.0,0.014795608819464358,1.0,1.0,1.0,15.0,0.014795608819464358,0.0,0.0,1.0,14.0,-0.11127613621210775,0.0,0.0,1.0,7.0,-0.11127613621210775,0.0,0.0,1.0,7.0,-0.11127613621210775
2002-09-30,1.0,1.0,1.0,30.0,-0.005954872983852598,1.0,1.0,1.0,15.0,-0.005954872983852598,1.0,1.0,1.0,15.0,-0.005954872983852598,0.0,0.0,1.0,14.0,0.08493493229615434,0.0,0.0,1.0,7.0,0.08493493229615434,0.0,0.0,1.0,7.0,0.08493493229615434
2002-10-31,1.0,1.0,1.0,30.0,-0.0014659233040511743,1.0,1.0,1.0,15.0,-0.0014659233040511743,1.0,1.0,1.0,15.0,-0.0014659233040511743,0.0,0.0,1.0,14.0,0.05580597034420709,0.0,0.0,1.0,7.0,0.05580597034420709,0.0,0.0,1.0,7.0,0.05580597034420709
2002-11-30,1.0,1.0,1.0,30.0,0.019555812886952507,1.0,1.0,1.0,15.0,0.019555812886952507,1.0,1.0,1.0,15.0,0.019555812886952507,0.0,0.0,1.0,14.0,-0.06136825789340472,0.0,0.0,1.0,7.0,-0.06136825789340472,0.0,0.0,1.0,7.0,-0.06136825789340472
2002-12-31,1.0,1.0,1.0,30.0,-0.00014627461200433702,1.0,1.0,1.0,15.0,-0.00014627461200433702,1.0,1.0,1.0,15.0,-0.00014627461200433702,0.0,0.0,1.0,14.0,-0.028387763343473704,0.0,0.0,1.0,7.0,-0.028387763343473704,0.0,0.0,1.0,7.0,-0.028387763343473704
2003-01-31,1.0,1.0,1.0,30.0,0.012945490787630643,1.0,1.0,1.0,15.0,0.012945490787630643,1.0,1.0,1.0,15.0,0.012945490787630643,0.0,0.0,1.0,14.0,-0.01788842282176606,0.0,0.0,1.0,7.0,-0.01788842282176606,0.0,0.0,1.0,7.0,-0.01788842282176606
2003-02-28,1.0,1.0,1.0,30.0,-0.001779354198770843,1.0,1.0,1.0,15.0,-0.001779354198770843,1.0,1.0,1.0,15.0,-0.001779354198770843,0.0,0.0,1.0,14.0,0.007350460172550699,0.0,0.0,1.0,7.0,0.007350460172550699,0.0,0.0,1.0,7.0,0.007350460172550699
2003-03-31,1.0,1.0,1.0,30.0,0.007251644124581237,1.0,1.0,1.0,15.0,0.007251644124581237,1.0,1.0,1.0,15.0,0.007251644124581237,0.0,0.0,1.0,14.0,0.07996803085790538,0.0,0.0,1.0,7.0,0.07996803085790538,0.0,0.0,1.0,7.0,0.07996803085790538
2003-04-30,1.0,1.0,1.0,30.0,0.017745006461140977,1.0,1.0,1.0,15.0,0.017745006461140977,1.0,1.0,1.0,15.0,0.017745006461140977,0.0,0.21428571428571427,0.7857142857142857,14.0,0.04995584501515071,0.0,0.42857142857142855,0.5714285714285714,7.0,0.04995584501515071,0.0,0.0,1.0,7.0,0.04995584501515071
2003-05-31,1.0,1.0,1.0,30.0,-0.002984846131275919,1.0,1.0,1.0,15.0,-0.002984846131275919,1.0,1.0,1.0,15.0,-0.002984846131275919,1.0,0.7857142857142857,0.7857142857142857,14.0,0.01031237651078043,1.0,0.7142857142857143,0.7142857142857143,7.0,0.01031237651078043,1.0,0.8571428571428571,0.8571428571428571,7.0,0.01031237651078043
2003-06-30,0.0,0.0,1.0,30.0,-0.03431925843940239,0.0,0.0,1.0,15.0,-0.03431925843940239,0.0,0.0,1.0,15.0,-0.03431925843940239,1.0,0.9285714285714286,0.9285714285714286,14.0,0.015513309857816848,1.0,0.8571428571428571,0.8571428571428571,7.0,0.015513309857816848,1.0,1.0,1.0,7.0,0.015513309857816848
2003-07-31,0.0,0.0,1.0,30.0,0.005939226914817442,0.0,0.0,1.0,15.0,0.005939226914817442,0.0,0.0,1.0,15.0,0.005939226914817442,1.0,0.9285714285714286,0.9285714285714286,14.0,0.017161738652394787,1.0,0.8571428571428571,0.8571428571428571,7.0,0.017161738652394787,1.0,1.0,1.0,7.0,0.017161738652394787
2003-08-31,0.0,0.0,1.0,30.0,0.025670640521946144,0.0,0.0,1.0,15.0,0.025670640521946144,0.0,0.0,1.0,15.0,0.025670640521946144,1.0,1.0,1.0,14.0,-0.012734655706085563,1.0,1.0,1.0,7.0,-0.012734655706085563,1.0,1.0,1.0,7.0,-0.012734655706085563
2003-09-30,0.0,0.0,1.0,30.0,-0.010026290266712833,0.0,0.0,1.0,15.0,-0.010026290266712833,0.0,0.0,1.0,15.0,-0.010026290266712833,1.0,1.0,1.0,14.0,0.05422520973691647,1.0,1.0,1.0,7.0,0.05422520973691647,1.0,1.0,1.0,7.0,0.05422520973691647
2003-10-31,0.0,0.0,1.0,30.0,0.0016950420880571864,0.0,0.0,1.0,15.0,0.0016950420880571864,0.0,0.0,1.0,15.0,0.0016950420880571864,1.0,1.0,1.0,14.0,0.006424236717049725,1.0,1.0,1.0,7.0,0.006424236717049725,1.0,1.0,1.0,7.0,0.006424236717049725
2003-11-30,0.0,0.0,1.0,30.0,0.009376408521325175,0.0,0.0,1.0,15.0,0.009376408521325175,0.0,0.0,1.0,15.0,0.009376408521325175,1.0,1.0,1.0,14.0,0.049927352870980046,1.0,1.0,1.0,7.0,0.049927352870980046,1.0,1.0,1.0,7.0,0.049927352870980046
2003-12-31,1.0,0.9,0.9,30.0,0.007345302303097301,1.0,0.8666666666666667,0.8666666666666667,15.0,0.007345302303097301,1.0,0.9333333333333333,0.9333333333333333,15.0,0.007345302303097301,1.0,1.0,1.0,14.0,0.016565394367046293,1.0,1.0,1.0,7.0,0.016565394367046293,1.0,1.0,1.0,7.0,0.016565394367046293
2004-01-31,1.0,1.0,1.0,30.0,0.010224141946975452,1.0,1.0,1.0,15.0,0.010224141946975452,1.0,1.0,1.0,15.0,0.010224141946975452,1.0,1.0,1.0,14.0,0.011602427390976278,1.0,1.0,1.0,7.0,0.011602427390976278,1.0,1.0,1.0,7.0,0.011602427390976278
2004-02-29,1.0,1.0,1.0,30.0,0.006588986784141005,1.0,1.0,1.0,15.0,0.006588986784141005,1.0,1.0,1.0,15.0,0.006588986784141005,1.0,1.0,1.0,14.0,-0.017244123558368907,1.0,1.0,1.0,7.0,-0.017244123558368907,1.0,1.0,1.0,7.0,-0.017244123558368907
2004-03-31,0.0,0.0,1.0,30.0,-0.02681661565369484,0.0,0.0,1.0,15.0,-0.02681661565369484,0.0,0.0,1.0,15.0,-0.02681661565369484,1.0,1.0,1.0,14.0,-0.017568582045513703,1.0,1.0,1.0,7.0,-0.017568582045513703,1.0,1.0,1.0,7.0,-0.017568582045513703
2004-04-30,0.0,0.0,1.0,30.0,-0.004605870672537215,0.0,0.0,1.0,15.0,-0.004605870672537215,0.0,0.0,1.0,15.0,-0.004605870672537215,1.0,0.6428571428571429,0.6428571428571429,14.0,0.011467756831833764,1.0,0.5714285714285714,0.5714285714285714,7.0,0.011467756831833764,1.0,0.7142857142857143,0.7142857142857143,7.0,0.011467756831833764
2004-05-31,0.0,0.0,1.0,30.0,0.004851578454657357,0.0,0.0,1.0,15.0,0.004851578454657357,0.0,0.0,1.0,15.0,0.004851578454657357,1.0,1.0,1.0,14.0,0.017175982591647765,1.0,1.0,1.0,7.0,0.017175982591647765,1.0,1.0,1.0,7.0,0.017175982591647765
2004-06-30,0.0,0.0,1.0,30.0,0.008912254994914659,0.0,0.0,1.0,15.0,0.008912254994914659,0.0,0.0,1.0,15.0,0.008912254994914659,0.0,0.42857142857142855,0.5714285714285714,14.0,-0.035256933643439514,0.0,0.42857142857142855,0.5714285714285714,7.0,-0.035256933643439514,0.0,0.42857142857142855,0.5714285714285714,7.0,-0.035256933643439514
2004-07-31,1.0,0.7333333333333333,0.7333333333333333,30.0,0.017975174108971637,1.0,0.5333333333333333,0.5333333333333333,15.0,0.017975174108971637,1.0,0.9333333333333333,0.9333333333333333,15.0,0.017975174108971637,0.0,0.14285714285714285,0.8571428571428572,14.0,0.0011860510084233944,0.0,0.14285714285714285,0.8571428571428572,7.0,0.0011860510084233944,0.0,0.14285714285714285,0.8571428571428572,7.0,0.0011860510084233944
2004-08-31,1.0,0.9666666666666667,0.9666666666666667,30.0,0.0016134996608124683,1.0,0.9333333333333333,0.9333333333333333,15.0,0.0016134996608124683,1.0,1.0,1.0,15.0,0.0016134996608124683,1.0,0.9285714285714286,0.9285714285714286,14.0,0.008255241390163981,1.0,1.0,1.0,7.0,0.008255241390163981,1.0,0.8571428571428571,0.8571428571428571,7.0,0.008255241390163981
2004-09-30,1.0,1.0,1.0,30.0,0.007285744234800762,1.0,1.0,1.0,15.0,0.007285744234800762,1.0,1.0,1.0,15.0,0.007285744234800762,1.0,1.0,1.0,14.0,0.01290070473424576,1.0,1.0,1.0,7.0,0.01290070473424576,1.0,1.0,1.0,7.0,0.01290070473424576
2004-10-31,1.0,0.9333333333333333,0.9333333333333333,30.0,-0.009476410366848485,1.0,0.8666666666666667,0.8666666666666667,15.0,-0.009476410366848485,1.0,1.0,1.0,15.0,-0.009476410366848485,1.0,1.0,1.0,14.0,0.03704204077233175,1.0,1.0,1.0,7.0,0.03704204077233175,1.0,1.0,1.0,7.0,0.03704204077233175
2004-11-30,1.0,1.0,1.0,30.0,0.007601122169527842,1.0,1.0,1.0,15.0,0.007601122169527842,1.0,1.0,1.0,15.0,0.007601122169527842,1.0,1.0,1.0,14.0,0.030811080194563356,1.0,1.0,1.0,7.0,0.030811080194563356,1.0,1.0,1.0,7.0,0.030811080194563356
2004-12-31,1.0,1.0,1.0,30.0,0.004679473814842396,1.0,1.0,1.0,15.0,0.004679473814842396,1.0,1.0,1.0,15.0,0.004679473814842396,1.0,1.0,1.0,14.0,-0.026849641576098704,1.0,1.0,1.0,7.0,-0.026849641576098704,1.0,1.0,1.0,7.0,-0.026849641576098704
2005-01-31,1.0,0.6666666666666666,0.6666666666666666,30.0,-0.007503197428244966,0.0,0.3333333333333333,0.6666666666666667,15.0,-0.007503197428244966,1.0,1.0,1.0,15.0,-0.007503197428244966,1.0,1.0,1.0,14.0,0.017277172995352474,1.0,1.0,1.0,7.0,0.017277172995352474,1.0,1.0,1.0,7.0,0.017277172995352474
2005-02-28,0.0,0.1,0.9,30.0,-0.007236009130682794,0.0,0.06666666666666667,0.9333333333333333,15.0,-0.007236009130682794,0.0,0.13333333333333333,0.8666666666666667,15.0,-0.007236009130682794,1.0,1.0,1.0,14.0,-0.021175221250081866,1.0,1.0,1.0,7.0,-0.021175221250081866,1.0,1.0,1.0,7.0,-0.021175221250081866
2005-03-31,1.0,0.9666666666666667,0.9666666666666667,30.0,0.011433959597638923,1.0,0.9333333333333333,0.9333333333333333,15.0,0.011433959597638923,1.0,1.0,1.0,15.0,0.011433959597638923,0.0,0.2857142857142857,0.7142857142857143,14.0,-0.022164328315202098,0.0,0.2857142857142857,0.7142857142857143,7.0,-0.022164328315202098,0.0,0.2857142857142857,0.7142857142857143,7.0,-0.022164328315202098
2005-04-30,1.0,1.0,1.0,30.0,0.008418747026689835,1.0,1.0,1.0,15.0,0.008418747026689835,1.0,1.0,1.0,15.0,0.008418747026689835,0.0,0.2857142857142857,0.7142857142857143,14.0,0.02748918892345098,0.0,0.2857142857142857,0.7142857142857143,7.0,0.02748918892345098,0.0,0.2857142857142857,0.7142857142857143,7.0,0.02748918892345098
2005-05-31,1.0,1.0,1.0,30.0,0.003152907811777319,1.0,1.0,1.0,15.0,0.003152907811777319,1.0,1.0,1.0,15.0,0.003152907811777319,1.0,1.0,1.0,14.0,-0.0024373545275214736,1.0,1.0,1.0,7.0,-0.0024373545275214736,1.0,1.0,1.0,7.0,-0.0024373545275214736
2005-06-30,0.0,0.23333333333333334,0.7666666666666666,30.0,-0.01149538451605607,0.0,0.2,0.8,15.0,-0.01149538451605607,0.0,0.26666666666666666,0.7333333333333334,15.0,-0.01149538451605607,1.0,1.0,1.0,14.0,0.03349187364667161,1.0,1.0,1.0,7.0,0.03349187364667161,1.0,1.0,1.0,7.0,0.03349187364667161
2005-07-31,1.0,1.0,1.0,30.0,0.009819468651756872,1.0,1.0,1.0,15.0,0.009819468651756872,1.0,1.0,1.0,15.0,0.009819468651756872,1.0,1.0,1.0,14.0,-0.014181366258638195,1.0,1.0,1.0,7.0,-0.014181366258638195,1.0,1.0,1.0,7.0,-0.014181366258638195
2005-08-31,0.0,0.03333333333333333,0.9666666666666667,30.0,-0.0132091125478465,0.0,0.0,1.0,15.0,-0.0132091125478465,0.0,0.06666666666666667,0.9333333333333333,15.0,-0.0132091125478465,1.0,1.0,1.0,14.0,0.004037744517766395,1.0,1.0,1.0,7.0,0.004037744517766395,1.0,1.0,1.0,7.0,0.004037744517766395
2005-09-30,0.0,0.0,1.0,30.0,-0.010613937956026463,0.0,0.0,1.0,15.0,-0.010613937956026463,0.0,0.0,1.0,15.0,-0.010613937956026463,0.0,0.14285714285714285,0.8571428571428572,14.0,-0.020388404901516055,0.0,0.14285714285714285,0.8571428571428572,7.0,-0.020388404901516055,0.0,0.14285714285714285,0.8571428571428572,7.0,-0.020388404901516055
2005-10-31,0.0,0.0,1.0,30.0,0.0013226044226045592,0.0,0.0,1.0,15.0,0.0013226044226045592,0.0,0.0,1.0,15.0,0.0013226044226045592,1.0,1.0,1.0,14.0,0.03199171091576569,1.0,1.0,1.0,7.0,0.03199171091576569,1.0,1.0,1.0,7.0,0.03199171091576569
2005-11-30,0.0,0.0,1.0,30.0,0.006307501630789284,0.0,0.0,1.0,15.0,0.006307501630789284,0.0,0.0,1.0,15.0,0.006307501630789284,1.0,1.0,1.0,14.0,-0.004139812172872515,1.0,1.0,1.0,7.0,-0.004139812172872515,1.0,1.0,1.0,7.0,-0.004139812172872515
2005-12-31,0.0,0.0,1.0,30.0,-0.0034434599292440496,0.0,0.0,1.0,15.0,-0.0034434599292440496,0.0,0.0,1.0,15.0,-0.0034434599292440496,1.0,1.0,1.0,14.0,0.021901986857540967,1.0,1.0,1.0,7.0,0.021901986857540967,1.0,1.0,1.0,7.0,0.021901986857540967
2006-01-31,0.0,0.0,1.0,30.0,-8.047781735369365e-05,0.0,0.0,1.0,15.0,-8.047781735369365e-05,0.0,0.0,1.0,15.0,-8.047781735369365e-05,1.0,1.0,1.0,14.0,-0.0029452899688248158,1.0,1.0,1.0,7.0,-0.0029452899688248158,1.0,1.0,1.0,7.0,-0.0029452899688248158
2006-02-28,0.0,0.0,1.0,30.0,-0.013512918598660514,0.0,0.0,1.0,15.0,-0.013512918598660514,0.0,0.0,1.0,15.0,-0.013512918598660514,1.0,1.0,1.0,14.0,0.00733859760993294,1.0,1.0,1.0,7.0,0.00733859760993294,1.0,1.0,1.0,7.0,0.00733859760993294
2006-03-31,0.0,0.0,1.0,30.0,-0.005412934433559676,0.0,0.0,1.0,15.0,-0.005412934433559676,0.0,0.0,1.0,15.0,-0.005412934433559676,1.0,1.0,1.0,14.0,0.008557694885618972,1.0,1.0,1.0,7.0,0.008557694885618972,1.0,1.0,1.0,7.0,0.008557694885618972
2006-04-30,0.0,0.0,1.0,30.0,-0.005366931634930102,0.0,0.0,1.0,15.0,-0.005366931634930102,0.0,0.0,1.0,15.0,-0.005366931634930102,1.0,1.0,1.0,14.0,-0.03507296542323457,1.0,1.0,1.0,7.0,-0.03507296542323457,1.0,1.0,1.0,7.0,-0.03507296542323457
2006-05-31,0.0,0.0,1.0,30.0,-0.0018801640426901987,0.0,0.0,1.0,15.0,-0.0018801640426901987,0.0,0.0,1.0,15.0,-0.0018801640426901987,0.0,0.0,1.0,14.0,-0.003898695565249799,0.0,0.0,1.0,7.0,-0.003898695565249799,0.0,0.0,1.0,7.0,-0.003898695565249799
2006-06-30,0.0,0.0,1.0,30.0,0.009521979318368737,0.0,0.0,1.0,15.0,0.009521979318368737,0.0,0.0,1.0,15.0,0.009521979318368737,0.0,0.0,1.0,14.0,0.0010815593921986721,0.0,0.0,1.0,7.0,0.0010815593921986721,0.0,0.0,1.0,7.0,0.0010815593921986721
2006-07-31,1.0,0.7,0.7,30.0,0.011108293129329799,1.0,0.7333333333333333,0.7333333333333333,15.0,0.011108293129329799,1.0,0.6666666666666666,0.6666666666666666,15.0,0.011108293129329799,1.0,0.6428571428571429,0.6428571428571429,14.0,0.017005932917945277,1.0,0.7142857142857143,0.7142857142857143,7.0,0.017005932917945277,1.0,0.5714285714285714,0.5714285714285714,7.0,0.017005932917945277
2006-08-31,1.0,0.9666666666666667,0.9666666666666667,30.0,0.0046839974699557285,1.0,0.9333333333333333,0.9333333333333333,15.0,0.0046839974699557285,1.0,1.0,1.0,15.0,0.0046839974699557285,1.0,0.9285714285714286,0.9285714285714286,14.0,0.020386865485085615,1.0,1.0,1.0,7.0,0.020386865485085615,1.0,0.8571428571428571,0.8571428571428571,7.0,0.020386865485085615
2006-09-30,1.0,1.0,1.0,30.0,0.0025148866299344796,1.0,1.0,1.0,15.0,0.0025148866299344796,1.0,1.0,1.0,15.0,0.0025148866299344796,1.0,1.0,1.0,14.0,0.027301218520287218,1.0,1.0,1.0,7.0,0.027301218520287218,1.0,1.0,1.0,7.0,0.027301218520287218
2006-10-31,1.0,1.0,1.0,30.0,0.007401199050103262,1.0,1.0,1.0,15.0,0.007401199050103262,1.0,1.0,1.0,15.0,0.007401199050103262,1.0,1.0,1.0,14.0,0.0122176989672238,1.0,1.0,1.0,7.0,0.0122176989672238,1.0,1.0,1.0,7.0,0.0122176989672238
2006-11-30,1.0,0.9666666666666667,0.9666666666666667,30.0,-0.009803348085433924,1.0,0.9333333333333333,0.9333333333333333,15.0,-0.009803348085433924,1.0,1.0,1.0,15.0,-0.009803348085433924,1.0,1.0,1.0,14.0,0.008583110768633162,1.0,1.0,1.0,7.0,0.008583110768633162,1.0,1.0,1.0,7.0,0.008583110768633162
2006-12-31,0.0,0.13333333333333333,0.8666666666666667,30.0,-0.004810308815446126,0.0,0.06666666666666667,0.9333333333333333,15.0,-0.004810308815446126,0.0,0.2,0.8,15.0,-0.004810308815446126,1.0,1.0,1.0,14.0,0.009618843019300272,1.0,1.0,1.0,7.0,0.009618843019300272,1.0,1.0,1.0,7.0,0.009618843019300272
2007-01-31,1.0,1.0,1.0,30.0,0.011620003407735417,1.0,1.0,1.0,15.0,0.011620003407735417,1.0,1.0,1.0,15.0,0.011620003407735417,1.0,1.0,1.0,14.0,-0.025554244009025506,1.0,1.0,1.0,7.0,-0.025554244009025506,1.0,1.0,1.0,7.0,-0.025554244009025506
2007-02-28,1.0,1.0,1.0,30.0,-0.004269491034177427,1.0,1.0,1.0,15.0,-0.004269491034177427,1.0,1.0,1.0,15.0,-0.004269491034177427,1.0,0.9285714285714286,0.9285714285714286,14.0,0.005656586237002825,1.0,0.8571428571428571,0.8571428571428571,7.0,0.005656586237002825,1.0,1.0,1.0,7.0,0.005656586237002825
2007-03-31,1.0,1.0,1.0,30.0,0.0009922951957470208,1.0,1.0,1.0,15.0,0.0009922951957470208,1.0,1.0,1.0,15.0,0.0009922951957470208,1.0,1.0,1.0,14.0,0.038728913094001394,1.0,1.0,1.0,7.0,0.038728913094001394,1.0,1.0,1.0,7.0,0.038728913094001394
2007-04-30,0.0,0.03333333333333333,0.9666666666666667,30.0,-0.011678516158397774,0.0,0.0,1.0,15.0,-0.011678516158397774,0.0,0.06666666666666667,0.9333333333333333,15.0,-0.011678516158397774,1.0,1.0,1.0,14.0,0.028338341289531055,1.0,1.0,1.0,7.0,0.028338341289531055,1.0,1.0,1.0,7.0,0.028338341289531055
2007-05-31,0.0,0.0,1.0,30.0,-0.006958240649437061,0.0,0.0,1.0,15.0,-0.006958240649437061,0.0,0.0,1.0,15.0,-0.006958240649437061,1.0,1.0,1.0,14.0,-0.02173361648288208,1.0,1.0,1.0,7.0,-0.02173361648288208,1.0,1.0,1.0,7.0,-0.02173361648288208
2007-06-30,0.0,0.0,1.0,30.0,0.0043413833816337045,0.0,0.0,1.0,15.0,0.0043413833816337045,0.0,0.0,1.0,15.0,0.0043413833816337045,1.0,1.0,1.0,14.0,-0.035838842520842684,1.0,1.0,1.0,7.0,-0.035838842520842684,1.0,1.0,1.0,7.0,-0.035838842520842684
2007-07-31,1.0,0.5333333333333333,0.5333333333333333,30.0,0.008056504615197451,0.0,0.4666666666666667,0.5333333333333333,15.0,0.008056504615197451,1.0,0.6,0.6,15.0,0.008056504615197451,0.0,0.21428571428571427,0.7857142857142857,14.0,0.008621529929450755,0.0,0.14285714285714285,0.8571428571428572,7.0,0.008621529929450755,0.0,0.2857142857142857,0.7142857142857143,7.0,0.008621529929450755
2007-08-31,1.0,0.9666666666666667,0.9666666666666667,30.0,0.004386341580663181,1.0,0.9333333333333333,0.9333333333333333,15.0,0.004386341580663181,1.0,1.0,1.0,15.0,0.004386341580663181,1.0,1.0,1.0,14.0,0.03249542602376532,1.0,1.0,1.0,7.0,0.03249542602376532,1.0,1.0,1.0,7.0,0.03249542602376532
2007-09-30,1.0,1.0,1.0,30.0,0.005782884064885566,1.0,1.0,1.0,15.0,0.005782884064885566,1.0,1.0,1.0,15.0,0.005782884064885566,1.0,1.0,1.0,14.0,0.01158676194907815,1.0,1.0,1.0,7.0,0.01158676194907815,1.0,1.0,1.0,7.0,0.01158676194907815
2007-10-31,1.0,1.0,1.0,30.0,0.014583139882821408,1.0,1.0,1.0,15.0,0.014583139882821408,1.0,1.0,1.0,15.0,0.014583139882821408,0.0,0.14285714285714285,0.8571428571428572,14.0,-0.04729055919882941,0.0,0.14285714285714285,0.8571428571428572,7.0,-0.04729055919882941,0.0,0.14285714285714285,0.8571428571428572,7.0,-0.04729055919882941
2007-11-30,1.0,1.0,1.0,30.0,0.00010876450650668893,1.0,1.0,1.0,15.0,0.00010876450650668893,1.0,1.0,1.0,15.0,0.00010876450650668893,0.0,0.14285714285714285,0.8571428571428572,14.0,-0.011299656709151007,0.0,0.14285714285714285,0.8571428571428572,7.0,-0.011299656709151007,0.0,0.14285714285714285,0.8571428571428572,7.0,-0.011299656709151007
2007-12-31,1.0,1.0,1.0,30.0,0.014698147209958759,1.0,1.0,1.0,15.0,0.014698147209958759,1.0,1.0,1.0,15.0,0.014698147209958759,0.0,0.0,1.0,14.0,-0.06313723320741238,0.0,0.0,1.0,7.0,-0.06313723320741238,0.0,0.0,1.0,7.0,-0.06313723320741238
2008-01-31,1.0,1.0,1.0,30.0,8.79892662163052e-05,1.0,1.0,1.0,15.0,8.79892662163052e-05,1.0,1.0,1.0,15.0,8.79892662163052e-05,0.0,0.0,1.0,14.0,-0.036016743620361,0.0,0.0,1.0,7.0,-0.036016743620361,0.0,0.0,1.0,7.0,-0.036016743620361
2008-02-29,1.0,1.0,1.0,30.0,0.0017118533471703128,1.0,1.0,1.0,15.0,0.0017118533471703128,1.0,1.0,1.0,15.0,0.0017118533471703128,0.0,0.0,1.0,14.0,-0.007647492590279303,0.0,0.0,1.0,7.0,-0.007647492590279303,0.0,0.0,1.0,7.0,-0.007647492590279303
2008-03-31,1.0,1.0,1.0,30.0,-0.003889738322258894,1.0,1.0,1.0,15.0,-0.003889738322258894,1.0,1.0,1.0,15.0,-0.003889738322258894,0.0,0.0,1.0,14.0,0.045668184851956006,0.0,0.0,1.0,7.0,0.045668184851956006,0.0,0.0,1.0,7.0,0.045668184851956006
2008-04-30,1.0,1.0,1.0,30.0,-0.009132950003904215,1.0,1.0,1.0,15.0,-0.009132950003904215,1.0,1.0,1.0,15.0,-0.009132950003904215,0.0,0.0,1.0,14.0,0.00885889933067685,0.0,0.0,1.0,7.0,0.00885889933067685,0.0,0.0,1.0,7.0,0.00885889933067685
2008-05-31,1.0,1.0,1.0,30.0,-0.0025009267867103988,1.0,1.0,1.0,15.0,-0.0025009267867103988,1.0,1.0,1.0,15.0,-0.0025009267867103988,0.0,0.0,1.0,14.0,-0.0875204979086951,0.0,0.0,1.0,7.0,-0.0875204979086951,0.0,0.0,1.0,7.0,-0.0875204979086951
2008-06-30,1.0,1.0,1.0,30.0,-0.0023230393770666256,1.0,1.0,1.0,15.0,-0.0023230393770666256,1.0,1.0,1.0,15.0,-0.0023230393770666256,0.0,0.0,1.0,14.0,-0.011343280419844337,0.0,0.0,1.0,7.0,-0.011343280419844337,0.0,0.0,1.0,7.0,-0.011343280419844337
2008-07-31,1.0,1.0,1.0,30.0,0.008190656180386915,1.0,1.0,1.0,15.0,0.008190656180386915,1.0,1.0,1.0,15.0,0.008190656180386915,0.0,0.0,1.0,14.0,0.010876933528148003,0.0,0.0,1.0,7.0,0.010876933528148003,0.0,0.0,1.0,7.0,0.010876933528148003
2008-08-31,0.0,0.03333333333333333,0.9666666666666667,30.0,-0.014931628540614082,0.0,0.0,1.0,15.0,-0.014931628540614082,0.0,0.06666666666666667,0.9333333333333333,15.0,-0.014931628540614082,0.0,0.0,1.0,14.0,-0.09216029329959607,0.0,0.0,1.0,7.0,-0.09216029329959607,0.0,0.0,1.0,7.0,-0.09216029329959607
2008-09-30,0.0,0.0,1.0,30.0,-0.024404208769948952,0.0,0.0,1.0,15.0,-0.024404208769948952,0.0,0.0,1.0,15.0,-0.024404208769948952,0.0,0.0,1.0,14.0,-0.1700946682443626,0.0,0.0,1.0,7.0,-0.1700946682443626,0.0,0.0,1.0,7.0,-0.1700946682443626
2008-10-31,0.0,0.0,1.0,30.0,0.03224984863105026,0.0,0.0,1.0,15.0,0.03224984863105026,0.0,0.0,1.0,15.0,0.03224984863105026,0.0,0.0,1.0,14.0,-0.07512790119556867,0.0,0.0,1.0,7.0,-0.07512790119556867,0.0,0.0,1.0,7.0,-0.07512790119556867
2008-11-30,1.0,0.7666666666666667,0.7666666666666667,30.0,0.0373091739192466,1.0,0.7333333333333333,0.7333333333333333,15.0,0.0373091739192466,1.0,0.8,0.8,15.0,0.0373091739192466,0.0,0.0,1.0,14.0,0.007821565652057494,0.0,0.0,1.0,7.0,0.007821565652057494,0.0,0.0,1.0,7.0,0.007821565652057494
2008-12-31,0.0,0.0,1.0,30.0,-0.008823327143937743,0.0,0.0,1.0,15.0,-0.008823327143937743,0.0,0.0,1.0,15.0,-0.008823327143937743,0.0,0.0,1.0,14.0,-0.08565734846388029,0.0,0.0,1.0,7.0,-0.08565734846388029,0.0,0.0,1.0,7.0,-0.08565734846388029
2009-01-31,0.0,0.0,1.0,30.0,-0.003874448923518858,0.0,0.0,1.0,15.0,-0.003874448923518858,0.0,0.0,1.0,15.0,-0.003874448923518858,0.0,0.0,1.0,14.0,-0.11002079275433951,0.0,0.0,1.0,7.0,-0.11002079275433951,0.0,0.0,1.0,7.0,-0.11002079275433951
2009-02-28,1.0,0.8333333333333334,0.8333333333333334,30.0,0.013701367153493104,1.0,0.8666666666666667,0.8666666666666667,15.0,0.013701367153493104,1.0,0.8,0.8,15.0,0.013701367153493104,0.0,0.0,1.0,14.0,0.08518817971627746,0.0,0.0,1.0,7.0,0.08518817971627746,0.0,0.0,1.0,7.0,0.08518817971627746
2009-03-31,1.0,1.0,1.0,30.0,0.0046809093344506334,1.0,1.0,1.0,15.0,0.0046809093344506334,1.0,1.0,1.0,15.0,0.0046809093344506334,0.0,0.0,1.0,14.0,0.09381614135409655,0.0,0.0,1.0,7.0,0.09381614135409655,0.0,0.0,1.0,7.0,0.09381614135409655
2009-04-30,1.0,1.0,1.0,30.0,0.007253460946846646,1.0,1.0,1.0,15.0,0.007253460946846646,1.0,1.0,1.0,15.0,0.007253460946846646,0.0,0.0,1.0,14.0,0.05308142665643123,0.0,0.0,1.0,7.0,0.05308142665643123,0.0,0.0,1.0,7.0,0.05308142665643123
2009-05-31,1.0,1.0,1.0,30.0,0.005587679860998162,1.0,1.0,1.0,15.0,0.005587679860998162,1.0,1.0,1.0,15.0,0.005587679860998162,0.0,0.0,1.0,14.0,9.581813981873744e-05,0.0,0.0,1.0,7.0,9.581813981873744e-05,0.0,0.0,1.0,7.0,9.581813981873744e-05
2009-06-30,1.0,1.0,1.0,30.0,0.016029685369903113,1.0,1.0,1.0,15.0,0.016029685369903113,1.0,1.0,1.0,15.0,0.016029685369903113,1.0,0.6428571428571429,0.6428571428571429,14.0,0.07403469305134158,1.0,0.5714285714285714,0.5714285714285714,7.0,0.07403469305134158,1.0,0.7142857142857143,0.7142857142857143,7.0,0.07403469305134158
2009-07-31,1.0,1.0,1.0,30.0,0.010254400786376506,1.0,1.0,1.0,15.0,0.010254400786376506,1.0,1.0,1.0,15.0,0.010254400786376506,1.0,0.8571428571428571,0.8571428571428571,14.0,0.033467110097277875,1.0,0.8571428571428571,0.8571428571428571,7.0,0.033467110097277875,1.0,0.8571428571428571,0.8571428571428571,7.0,0.033467110097277875
2009-08-31,1.0,1.0,1.0,30.0,0.010404657415381092,1.0,1.0,1.0,15.0,0.010404657415381092,1.0,1.0,1.0,15.0,0.010404657415381092,1.0,1.0,1.0,14.0,0.035609842808786096,1.0,1.0,1.0,7.0,0.035609842808786096,1.0,1.0,1.0,7.0,0.035609842808786096
2009-09-30,1.0,1.0,1.0,30.0,0.004937516669810904,1.0,1.0,1.0,15.0,0.004937516669810904,1.0,1.0,1.0,15.0,0.004937516669810904,1.0,1.0,1.0,14.0,-0.019752525825859846,1.0,1.0,1.0,7.0,-0.019752525825859846,1.0,1.0,1.0,7.0,-0.019752525825859846
2009-10-31,1.0,1.0,1.0,30.0,0.012946659761781554,1.0,1.0,1.0,15.0,0.012946659761781554,1.0,1.0,1.0,15.0,0.012946659761781554,1.0,1.0,1.0,14.0,0.057353792704111006,1.0,1.0,1.0,7.0,0.057353792704111006,1.0,1.0,1.0,7.0,0.057353792704111006
2009-11-30,1.0,1.0,1.0,30.0,-0.015731390593047078,1.0,1.0,1.0,15.0,-0.015731390593047078,1.0,1.0,1.0,15.0,-0.015731390593047078,1.0,1.0,1.0,14.0,0.01766890970995405,1.0,1.0,1.0,7.0,0.01766890970995405,1.0,1.0,1.0,7.0,0.01766890970995405
2009-12-31,1.0,1.0,1.0,30.0,0.015275848189360675,1.0,1.0,1.0,15.0,0.015275848189360675,1.0,1.0,1.0,15.0,0.015275848189360675,1.0,1.0,1.0,14.0,-0.036974262397991176,1.0,1.0,1.0,7.0,-0.036974262397991176,1.0,1.0,1.0,7.0,-0.036974262397991176
2010-01-31,1.0,1.0,1.0,30.0,0.003734325743188549,1.0,1.0,1.0,15.0,0.003734325743188549,1.0,1.0,1.0,15.0,0.003734325743188549,1.0,1.0,1.0,14.0,0.02851369346382726,1.0,1.0,1.0,7.0,0.02851369346382726,1.0,1.0,1.0,7.0,0.02851369346382726
2010-02-28,1.0,1.0,1.0,30.0,-0.0013295264730428635,1.0,1.0,1.0,15.0,-0.0013295264730428635,1.0,1.0,1.0,15.0,-0.0013295264730428635,1.0,1.0,1.0,14.0,0.058690759572571416,1.0,1.0,1.0,7.0,0.058690759572571416,1.0,1.0,1.0,7.0,0.058690759572571416
2010-03-31,1.0,1.0,1.0,30.0,0.010309623799257473,1.0,1.0,1.0,15.0,0.010309623799257473,1.0,1.0,1.0,15.0,0.010309623799257473,1.0,1.0,1.0,14.0,0.014657927326365838,1.0,1.0,1.0,7.0,0.014657927326365838,1.0,1.0,1.0,7.0,0.014657927326365838
2010-04-30,1.0,1.0,1.0,30.0,0.008314872798434559,1.0,1.0,1.0,15.0,0.008314872798434559,1.0,1.0,1.0,15.0,0.008314872798434559,1.0,1.0,1.0,14.0,-0.08206812106265116,1.0,1.0,1.0,7.0,-0.08206812106265116,1.0,1.0,1.0,7.0,-0.08206812106265116
2010-05-31,1.0,1.0,1.0,30.0,0.0155814383102859,1.0,1.0,1.0,15.0,0.0155814383102859,1.0,1.0,1.0,15.0,0.0155814383102859,0.0,0.14285714285714285,0.8571428571428572,14.0,-0.053977229721370534,0.0,0.14285714285714285,0.8571428571428572,7.0,-0.053977229721370534,0.0,0.14285714285714285,0.8571428571428572,7.0,-0.053977229721370534
2010-06-30,1.0,1.0,1.0,30.0,0.01057501602485077,1.0,1.0,1.0,15.0,0.01057501602485077,1.0,1.0,1.0,15.0,0.01057501602485077,0.0,0.14285714285714285,0.8571428571428572,14.0,0.06867129518309367,0.0,0.14285714285714285,0.8571428571428572,7.0,0.06867129518309367,0.0,0.14285714285714285,0.8571428571428572,7.0,0.06867129518309367
2010-07-31,1.0,1.0,1.0,30.0,0.0127613245517748,1.0,1.0,1.0,15.0,0.0127613245517748,1.0,1.0,1.0,15.0,0.0127613245517748,0.0,0.07142857142857142,0.9285714285714286,14.0,-0.04754462719880981,0.0,0.14285714285714285,0.8571428571428572,7.0,-0.04754462719880981,0.0,0.0,1.0,7.0,-0.04754462719880981
2010-08-31,1.0,1.0,1.0,30.0,0.000965693694344505,1.0,1.0,1.0,15.0,0.000965693694344505,1.0,1.0,1.0,15.0,0.000965693694344505,1.0,1.0,1.0,14.0,0.08744278795967264,1.0,1.0,1.0,7.0,0.08744278795967264,1.0,1.0,1.0,7.0,0.08744278795967264
2010-09-30,1.0,1.0,1.0,30.0,0.0034605595852428175,1.0,1.0,1.0,15.0,0.0034605595852428175,1.0,1.0,1.0,15.0,0.0034605595852428175,1.0,1.0,1.0,14.0,0.036752441423921534,1.0,1.0,1.0,7.0,0.036752441423921534,1.0,1.0,1.0,7.0,0.036752441423921534
2010-10-31,1.0,1.0,1.0,30.0,-0.005847401982523992,1.0,1.0,1.0,15.0,-0.005847401982523992,1.0,1.0,1.0,15.0,-0.005847401982523992,1.0,1.0,1.0,14.0,-0.00239005925485547,1.0,1.0,1.0,7.0,-0.00239005925485547,1.0,1.0,1.0,7.0,-0.00239005925485547
2010-11-30,1.0,1.0,1.0,30.0,-0.0108836695820952,1.0,1.0,1.0,15.0,-0.0108836695820952,1.0,1.0,1.0,15.0,-0.0108836695820952,1.0,1.0,1.0,14.0,0.06519385644883413,1.0,1.0,1.0,7.0,0.06519385644883413,1.0,1.0,1.0,7.0,0.06519385644883413
2010-12-31,1.0,1.0,1.0,30.0,0.0010638535128877247,1.0,1.0,1.0,15.0,0.0010638535128877247,1.0,1.0,1.0,15.0,0.0010638535128877247,1.0,1.0,1.0,14.0,0.022543447574061792,1.0,1.0,1.0,7.0,0.022543447574061792,1.0,1.0,1.0,7.0,0.022543447574061792
2011-01-31,1.0,1.0,1.0,30.0,0.0024015063815800877,1.0,1.0,1.0,15.0,0.0024015063815800877,1.0,1.0,1.0,15.0,0.0024015063815800877,1.0,1.0,1.0,14.0,0.03185356463275024,1.0,1.0,1.0,7.0,0.03185356463275024,1.0,1.0,1.0,7.0,0.03185356463275024
2011-02-28,1.0,1.0,1.0,30.0,0.0004524794793336785,1.0,1.0,1.0,15.0,0.0004524794793336785,1.0,1.0,1.0,15.0,0.0004524794793336785,1.0,1.0,1.0,14.0,-0.0011471972642426165,1.0,1.0,1.0,7.0,-0.0011471972642426165,1.0,1.0,1.0,7.0,-0.0011471972642426165
2011-03-31,1.0,1.0,1.0,30.0,0.012693943678209862,1.0,1.0,1.0,15.0,0.012693943678209862,1.0,1.0,1.0,15.0,0.012693943678209862,1.0,1.0,1.0,14.0,0.028495357625035744,1.0,1.0,1.0,7.0,0.028495357625035744,1.0,1.0,1.0,7.0,0.028495357625035744
2011-04-30,1.0,1.0,1.0,30.0,0.013050121333772813,1.0,1.0,1.0,15.0,0.013050121333772813,1.0,1.0,1.0,15.0,0.013050121333772813,1.0,1.0,1.0,14.0,-0.01350092768460176,1.0,1.0,1.0,7.0,-0.01350092768460176,1.0,1.0,1.0,7.0,-0.01350092768460176
2011-05-31,1.0,1.0,1.0,30.0,-0.0029277294423118994,1.0,1.0,1.0,15.0,-0.0029277294423118994,1.0,1.0,1.0,15.0,-0.0029277294423118994,1.0,1.0,1.0,14.0,-0.018257508177222603,1.0,1.0,1.0,7.0,-0.018257508177222603,1.0,1.0,1.0,7.0,-0.018257508177222603
2011-06-30,1.0,1.0,1.0,30.0,0.015868025483752435,1.0,1.0,1.0,15.0,0.015868025483752435,1.0,1.0,1.0,15.0,0.015868025483752435,1.0,1.0,1.0,14.0,-0.021474436636781946,1.0,1.0,1.0,7.0,-0.021474436636781946,1.0,1.0,1.0,7.0,-0.021474436636781946
2011-07-31,1.0,1.0,1.0,30.0,0.014509963037143903,1.0,1.0,1.0,15.0,0.014509963037143903,1.0,1.0,1.0,15.0,0.014509963037143903,0.0,0.07142857142857142,0.9285714285714286,14.0,-0.05688568993664178,0.0,0.14285714285714285,0.8571428571428572,7.0,-0.05688568993664178,0.0,0.0,1.0,7.0,-0.05688568993664178
2011-08-31,1.0,1.0,1.0,30.0,0.007274610802566972,1.0,1.0,1.0,15.0,0.007274610802566972,1.0,1.0,1.0,15.0,0.007274610802566972,0.0,0.0,1.0,14.0,-0.07176201297902218,0.0,0.0,1.0,7.0,-0.07176201297902218,0.0,0.0,1.0,7.0,-0.07176201297902218
2011-09-30,1.0,1.0,1.0,30.0,0.001074169090212962,1.0,1.0,1.0,15.0,0.001074169090212962,1.0,1.0,1.0,15.0,0.001074169090212962,1.0,0.7142857142857143,0.7142857142857143,14.0,0.10772303830584606,1.0,0.7142857142857143,0.7142857142857143,7.0,0.10772303830584606,1.0,0.7142857142857143,0.7142857142857143,7.0,0.10772303830584606
2011-10-31,1.0,1.0,1.0,30.0,-0.0008675452464799172,1.0,1.0,1.0,15.0,-0.0008675452464799172,1.0,1.0,1.0,15.0,-0.0008675452464799172,1.0,0.7142857142857143,0.7142857142857143,14.0,-0.0050586451767336005,1.0,0.7142857142857143,0.7142857142857143,7.0,-0.0050586451767336005,1.0,0.7142857142857143,0.7142857142857143,7.0,-0.0050586451767336005
2011-11-30,1.0,1.0,1.0,30.0,0.010990831452971861,1.0,1.0,1.0,15.0,0.010990831452971861,1.0,1.0,1.0,15.0,0.010990831452971861,1.0,0.9285714285714286,0.9285714285714286,14.0,0.008540771155449711,1.0,1.0,1.0,7.0,0.008540771155449711,1.0,0.8571428571428571,0.8571428571428571,7.0,0.008540771155449711
2011-12-31,1.0,1.0,1.0,30.0,0.008780702795246897,1.0,1.0,1.0,15.0,0.008780702795246897,1.0,1.0,1.0,15.0,0.008780702795246897,1.0,1.0,1.0,14.0,0.04357471712216032,1.0,1.0,1.0,7.0,0.04357471712216032,1.0,1.0,1.0,7.0,0.04357471712216032
2012-01-31,1.0,1.0,1.0,30.0,-0.00022964942055525572,1.0,1.0,1.0,15.0,-0.00022964942055525572,1.0,1.0,1.0,15.0,-0.00022964942055525572,1.0,1.0,1.0,14.0,0.040589449943234435,1.0,1.0,1.0,7.0,0.040589449943234435,1.0,1.0,1.0,7.0,0.040589449943234435
2012-02-29,1.0,1.0,1.0,30.0,-0.005479237164690787,1.0,1.0,1.0,15.0,-0.005479237164690787,1.0,1.0,1.0,15.0,-0.005479237164690787,1.0,1.0,1.0,14.0,0.03133237654501819,1.0,1.0,1.0,7.0,0.03133237654501819,1.0,1.0,1.0,7.0,0.03133237654501819
2012-03-31,1.0,1.0,1.0,30.0,0.011086449519474462,1.0,1.0,1.0,15.0,0.011086449519474462,1.0,1.0,1.0,15.0,0.011086449519474462,1.0,1.0,1.0,14.0,-0.007497497284287169,1.0,1.0,1.0,7.0,-0.007497497284287169,1.0,1.0,1.0,7.0,-0.007497497284287169
2012-04-30,1.0,1.0,1.0,30.0,0.00894826110696333,1.0,1.0,1.0,15.0,0.00894826110696333,1.0,1.0,1.0,15.0,0.00894826110696333,1.0,1.0,1.0,14.0,-0.06274467617874369,1.0,1.0,1.0,7.0,-0.06274467617874369,1.0,1.0,1.0,7.0,-0.06274467617874369
2012-05-31,1.0,1.0,1.0,30.0,0.00039203560345879573,1.0,1.0,1.0,15.0,0.00039203560345879573,1.0,1.0,1.0,15.0,0.00039203560345879573,1.0,1.0,1.0,14.0,0.03955492127937288,1.0,1.0,1.0,7.0,0.03955492127937288,1.0,1.0,1.0,7.0,0.03955492127937288
2012-06-30,1.0,1.0,1.0,30.0,0.013793141513547491,1.0,1.0,1.0,15.0,0.013793141513547491,1.0,1.0,1.0,15.0,0.013793141513547491,1.0,1.0,1.0,14.0,0.012597639043871345,1.0,1.0,1.0,7.0,0.012597639043871345,1.0,1.0,1.0,7.0,0.012597639043871345
2012-07-31,1.0,1.0,1.0,30.0,0.0005533243319759574,1.0,1.0,1.0,15.0,0.0005533243319759574,1.0,1.0,1.0,15.0,0.0005533243319759574,1.0,1.0,1.0,14.0,0.019661480238966078,1.0,1.0,1.0,7.0,0.019661480238966078,1.0,1.0,1.0,7.0,0.019661480238966078
2012-08-31,1.0,1.0,1.0,30.0,0.0012765261485561008,1.0,1.0,1.0,15.0,0.0012765261485561008,1.0,1.0,1.0,15.0,0.0012765261485561008,1.0,1.0,1.0,14.0,0.024133802768754098,1.0,1.0,1.0,7.0,0.024133802768754098,1.0,1.0,1.0,7.0,0.024133802768754098
2012-09-30,1.0,1.0,1.0,30.0,0.001866867518975901,1.0,1.0,1.0,15.0,0.001866867518975901,1.0,1.0,1.0,15.0,0.001866867518975901,1.0,1.0,1.0,14.0,-0.01988751073111683,1.0,1.0,1.0,7.0,-0.01988751073111683,1.0,1.0,1.0,7.0,-0.01988751073111683
2012-10-31,1.0,1.0,1.0,30.0,0.0014779969741502863,1.0,1.0,1.0,15.0,0.0014779969741502863,1.0,1.0,1.0,15.0,0.0014779969741502863,1.0,1.0,1.0,14.0,0.002746436811390085,1.0,1.0,1.0,7.0,0.002746436811390085,1.0,1.0,1.0,7.0,0.002746436811390085
2012-11-30,1.0,1.0,1.0,30.0,-0.0015239152797478339,1.0,1.0,1.0,15.0,-0.0015239152797478339,1.0,1.0,1.0,15.0,-0.0015239152797478339,1.0,1.0,1.0,14.0,0.006967646132110206,1.0,1.0,1.0,7.0,0.006967646132110206,1.0,1.0,1.0,7.0,0.006967646132110206
2012-12-31,1.0,1.0,1.0,30.0,-0.006994182358394996,1.0,1.0,1.0,15.0,-0.006994182358394996,1.0,1.0,1.0,15.0,-0.006994182358394996,1.0,1.0,1.0,14.0,0.050428063581991145,1.0,1.0,1.0,7.0,0.050428063581991145,1.0,1.0,1.0,7.0,0.050428063581991145
2013-01-31,1.0,1.0,1.0,30.0,0.005012312379538031,1.0,1.0,1.0,15.0,0.005012312379538031,1.0,1.0,1.0,15.0,0.005012312379538031,1.0,1.0,1.0,14.0,0.011060603026480376,1.0,1.0,1.0,7.0,0.011060603026480376,1.0,1.0,1.0,7.0,0.011060603026480376
2013-02-28,1.0,1.0,1.0,30.0,0.0007986222408145061,1.0,1.0,1.0,15.0,0.0007986222408145061,1.0,1.0,1.0,15.0,0.0007986222408145061,1.0,1.0,1.0,14.0,0.03598779940317387,1.0,1.0,1.0,7.0,0.03598779940317387,1.0,1.0,1.0,7.0,0.03598779940317387
2013-03-31,1.0,1.0,1.0,30.0,0.010118666333720494,1.0,1.0,1.0,15.0,0.010118666333720494,1.0,1.0,1.0,15.0,0.010118666333720494,1.0,1.0,1.0,14.0,0.018085763992888193,1.0,1.0,1.0,7.0,0.018085763992888193,1.0,1.0,1.0,7.0,0.018085763992888193
2013-04-30,0.0,0.06666666666666667,0.9333333333333333,30.0,-0.017841980244843625,0.0,0.06666666666666667,0.9333333333333333,15.0,-0.017841980244843625,0.0,0.06666666666666667,0.9333333333333333,15.0,-0.017841980244843625,1.0,1.0,1.0,14.0,0.020762783477406233,1.0,1.0,1.0,7.0,0.020762783477406233,1.0,1.0,1.0,7.0,0.020762783477406233
2013-05-31,0.0,0.0,1.0,30.0,-0.01546854310071244,0.0,0.0,1.0,15.0,-0.01546854310071244,0.0,0.0,1.0,15.0,-0.01546854310071244,1.0,1.0,1.0,14.0,-0.014999325459607249,1.0,1.0,1.0,7.0,-0.014999325459607249,1.0,1.0,1.0,7.0,-0.014999325459607249
2013-06-30,0.0,0.0,1.0,30.0,0.0013671907564567487,0.0,0.0,1.0,15.0,0.0013671907564567487,0.0,0.0,1.0,15.0,0.0013671907564567487,1.0,1.0,1.0,14.0,0.04946211121348787,1.0,1.0,1.0,7.0,0.04946211121348787,1.0,1.0,1.0,7.0,0.04946211121348787
2013-07-31,0.0,0.0,1.0,30.0,-0.0051116402204499645,0.0,0.0,1.0,15.0,-0.0051116402204499645,0.0,0.0,1.0,15.0,-0.0051116402204499645,1.0,1.0,1.0,14.0,-0.031298013323605045,1.0,1.0,1.0,7.0,-0.031298013323605045,1.0,1.0,1.0,7.0,-0.031298013323605045
2013-08-31,0.0,0.0,1.0,30.0,0.009466907662784019,0.0,0.0,1.0,15.0,0.009466907662784019,0.0,0.0,1.0,15.0,0.009466907662784019,1.0,1.0,1.0,14.0,0.029749474883188798,1.0,1.0,1.0,7.0,0.029749474883188798,1.0,1.0,1.0,7.0,0.029749474883188798
2013-09-30,0.0,0.0,1.0,30.0,0.008084972340884233,0.0,0.0,1.0,15.0,0.008084972340884233,0.0,0.0,1.0,15.0,0.008084972340884233,1.0,1.0,1.0,14.0,0.044595759864410445,1.0,1.0,1.0,7.0,0.044595759864410445,1.0,1.0,1.0,7.0,0.044595759864410445
2013-10-31,0.0,0.0,1.0,30.0,-0.003744189106218876,0.0,0.0,1.0,15.0,-0.003744189106218876,0.0,0.0,1.0,15.0,-0.003744189106218876,1.0,1.0,1.0,14.0,0.02804946087194171,1.0,1.0,1.0,7.0,0.02804946087194171,1.0,1.0,1.0,7.0,0.02804946087194171
2013-11-30,0.0,0.0,1.0,30.0,-0.005651147562633074,0.0,0.0,1.0,15.0,-0.005651147562633074,0.0,0.0,1.0,15.0,-0.005651147562633074,1.0,1.0,1.0,14.0,0.02356283329918374,1.0,1.0,1.0,7.0,0.02356283329918374,1.0,1.0,1.0,7.0,0.02356283329918374
2013-12-31,1.0,0.8666666666666667,0.8666666666666667,30.0,0.014775381005611266,1.0,0.8666666666666667,0.8666666666666667,15.0,0.014775381005611266,1.0,0.8666666666666667,0.8666666666666667,15.0,0.014775381005611266,1.0,1.0,1.0,14.0,-0.0355828951070134,1.0,1.0,1.0,7.0,-0.0355828951070134,1.0,1.0,1.0,7.0,-0.0355828951070134
2014-01-31,1.0,1.0,1.0,30.0,0.005316944420207692,1.0,1.0,1.0,15.0,0.005316944420207692,1.0,1.0,1.0,15.0,0.005316944420207692,1.0,1.0,1.0,14.0,0.04311703756893026,1.0,1.0,1.0,7.0,0.04311703756893026,1.0,1.0,1.0,7.0,0.04311703756893026
2014-02-28,1.0,1.0,1.0,30.0,-0.0017032725615809818,1.0,1.0,1.0,15.0,-0.0017032725615809818,1.0,1.0,1.0,15.0,-0.0017032725615809818,1.0,1.0,1.0,14.0,0.006932157358358282,1.0,1.0,1.0,7.0,0.006932157358358282,1.0,1.0,1.0,7.0,0.006932157358358282
2014-03-31,1.0,1.0,1.0,30.0,0.008438520514896464,1.0,1.0,1.0,15.0,0.008438520514896464,1.0,1.0,1.0,15.0,0.008438520514896464,1.0,1.0,1.0,14.0,0.006200796863817137,1.0,1.0,1.0,7.0,0.006200796863817137,1.0,1.0,1.0,7.0,0.006200796863817137
2014-04-30,1.0,1.0,1.0,30.0,0.011385311708604906,1.0,1.0,1.0,15.0,0.011385311708604906,1.0,1.0,1.0,15.0,0.011385311708604906,1.0,1.0,1.0,14.0,0.021030282120013233,1.0,1.0,1.0,7.0,0.021030282120013233,1.0,1.0,1.0,7.0,0.021030282120013233
2014-05-31,1.0,1.0,1.0,30.0,0.0005167738395230881,1.0,1.0,1.0,15.0,0.0005167738395230881,1.0,1.0,1.0,15.0,0.0005167738395230881,1.0,1.0,1.0,14.0,0.019058313448432118,1.0,1.0,1.0,7.0,0.019058313448432118,1.0,1.0,1.0,7.0,0.019058313448432118
2014-06-30,1.0,1.0,1.0,30.0,-0.0025079872204473164,1.0,1.0,1.0,15.0,-0.0025079872204473164,1.0,1.0,1.0,15.0,-0.0025079872204473164,1.0,1.0,1.0,14.0,-0.0150798630772917,1.0,1.0,1.0,7.0,-0.0150798630772917,1.0,1.0,1.0,7.0,-0.0150798630772917
2014-07-31,1.0,1.0,1.0,30.0,0.011039401267289195,1.0,1.0,1.0,15.0,0.011039401267289195,1.0,1.0,1.0,15.0,0.011039401267289195,1.0,1.0,1.0,14.0,0.03765532172769115,1.0,1.0,1.0,7.0,0.03765532172769115,1.0,1.0,1.0,7.0,0.03765532172769115
2014-08-31,1.0,1.0,1.0,30.0,-0.006789970274080459,1.0,1.0,1.0,15.0,-0.006789970274080459,1.0,1.0,1.0,15.0,-0.006789970274080459,1.0,1.0,1.0,14.0,-0.015513859147336606,1.0,1.0,1.0,7.0,-0.015513859147336606,1.0,1.0,1.0,7.0,-0.015513859147336606
2014-09-30,1.0,1.0,1.0,30.0,0.009829302911578797,1.0,1.0,1.0,15.0,0.009829302911578797,1.0,1.0,1.0,15.0,0.009829302911578797,1.0,1.0,1.0,14.0,0.023201456175308666,1.0,1.0,1.0,7.0,0.023201456175308666,1.0,1.0,1.0,7.0,0.023201456175308666
2014-10-31,1.0,1.0,1.0,30.0,0.007096230785428537,1.0,1.0,1.0,15.0,0.007096230785428537,1.0,1.0,1.0,15.0,0.007096230785428537,1.0,1.0,1.0,14.0,0.024533584400782793,1.0,1.0,1.0,7.0,0.024533584400782793,1.0,1.0,1.0,7.0,0.024533584400782793
2014-11-30,1.0,1.0,1.0,30.0,0.0009356639555062607,1.0,1.0,1.0,15.0,0.0009356639555062607,1.0,1.0,1.0,15.0,0.0009356639555062607,1.0,1.0,1.0,14.0,-0.004188512062527683,1.0,1.0,1.0,7.0,-0.004188512062527683,1.0,1.0,1.0,7.0,-0.004188512062527683
2014-12-31,1.0,1.0,1.0,30.0,0.020967480821152407,1.0,1.0,1.0,15.0,0.020967480821152407,1.0,1.0,1.0,15.0,0.020967480821152407,1.0,1.0,1.0,14.0,-0.031040847054252696,1.0,1.0,1.0,7.0,-0.031040847054252696,1.0,1.0,1.0,7.0,-0.031040847054252696
2015-01-31,1.0,1.0,1.0,30.0,-0.009401438348456748,1.0,1.0,1.0,15.0,-0.009401438348456748,1.0,1.0,1.0,15.0,-0.009401438348456748,1.0,1.0,1.0,14.0,0.05489250572684545,1.0,1.0,1.0,7.0,0.05489250572684545,1.0,1.0,1.0,7.0,0.05489250572684545
2015-02-28,1.0,1.0,1.0,30.0,0.004642060475875676,1.0,1.0,1.0,15.0,0.004642060475875676,1.0,1.0,1.0,15.0,0.004642060475875676,1.0,1.0,1.0,14.0,-0.01739605607032546,1.0,1.0,1.0,7.0,-0.01739605607032546,1.0,1.0,1.0,7.0,-0.01739605607032546
2015-03-31,1.0,1.0,1.0,30.0,-0.0035875269193011983,1.0,1.0,1.0,15.0,-0.0035875269193011983,1.0,1.0,1.0,15.0,-0.0035875269193011983,1.0,1.0,1.0,14.0,0.008520762709816276,1.0,1.0,1.0,7.0,0.008520762709816276,1.0,1.0,1.0,7.0,0.008520762709816276
2015-04-30,1.0,1.0,1.0,30.0,-0.0024088927862172538,1.0,1.0,1.0,15.0,-0.0024088927862172538,1.0,1.0,1.0,15.0,-0.0024088927862172538,1.0,1.0,1.0,14.0,0.010491438545007892,1.0,1.0,1.0,7.0,0.010491438545007892,1.0,1.0,1.0,7.0,0.010491438545007892
2015-05-31,0.0,0.1,0.9,30.0,-0.010904973164148513,0.0,0.06666666666666667,0.9333333333333333,15.0,-0.010904973164148513,0.0,0.13333333333333333,0.8666666666666667,15.0,-0.010904973164148513,1.0,1.0,1.0,14.0,-0.0210117728564716,1.0,1.0,1.0,7.0,-0.0210117728564716,1.0,1.0,1.0,7.0,-0.0210117728564716
2015-06-30,0.0,0.4666666666666667,0.5333333333333333,30.0,0.006952830533904164,0.0,0.06666666666666667,0.9333333333333333,15.0,0.006952830533904164,1.0,0.8666666666666667,0.8666666666666667,15.0,0.006952830533904164,1.0,1.0,1.0,14.0,0.01974203993000878,1.0,1.0,1.0,7.0,0.01974203993000878,1.0,1.0,1.0,7.0,0.01974203993000878
2015-07-31,1.0,0.5666666666666667,0.5666666666666667,30.0,-0.0014380720489671761,0.0,0.13333333333333333,0.8666666666666667,15.0,-0.0014380720489671761,1.0,1.0,1.0,15.0,-0.0014380720489671761,1.0,1.0,1.0,14.0,-0.0625808046239259,1.0,1.0,1.0,7.0,-0.0625808046239259,1.0,1.0,1.0,7.0,-0.0625808046239259
2015-08-31,1.0,0.9666666666666667,0.9666666666666667,30.0,0.006763993303594562,1.0,0.9333333333333333,0.9333333333333333,15.0,0.006763993303594562,1.0,1.0,1.0,15.0,0.006763993303594562,0.0,0.14285714285714285,0.8571428571428572,14.0,-0.026442819620927316,0.0,0.14285714285714285,0.8571428571428572,7.0,-0.026442819620927316,0.0,0.14285714285714285,0.8571428571428572,7.0,-0.026442819620927316
2015-09-30,1.0,1.0,1.0,30.0,0.00017041669463901954,1.0,1.0,1.0,15.0,0.00017041669463901954,1.0,1.0,1.0,15.0,0.00017041669463901954,1.0,0.9285714285714286,0.9285714285714286,14.0,0.08298307838939967,1.0,1.0,1.0,7.0,0.08298307838939967,1.0,0.8571428571428571,0.8571428571428571,7.0,0.08298307838939967
2015-10-31,1.0,1.0,1.0,30.0,-0.002643590326111611,1.0,1.0,1.0,15.0,-0.002643590326111611,1.0,1.0,1.0,15.0,-0.002643590326111611,1.0,1.0,1.0,14.0,0.0005049630655580284,1.0,1.0,1.0,7.0,0.0005049630655580284,1.0,1.0,1.0,7.0,0.0005049630655580284
2015-11-30,1.0,1.0,1.0,30.0,-0.003330415605392278,1.0,1.0,1.0,15.0,-0.003330415605392278,1.0,1.0,1.0,15.0,-0.003330415605392278,1.0,1.0,1.0,14.0,-0.01762852129878678,1.0,1.0,1.0,7.0,-0.01762852129878678,1.0,1.0,1.0,7.0,-0.01762852129878678
2015-12-31,1.0,1.0,1.0,30.0,0.013658180118417008,1.0,1.0,1.0,15.0,0.013658180118417008,1.0,1.0,1.0,15.0,0.013658180118417008,0.0,0.14285714285714285,0.8571428571428572,14.0,-0.050830532874823975,0.0,0.14285714285714285,0.8571428571428572,7.0,-0.050830532874823975,0.0,0.14285714285714285,0.8571428571428572,7.0,-0.050830532874823975
2016-01-31,1.0,1.0,1.0,30.0,0.006895686744642338,1.0,1.0,1.0,15.0,0.006895686744642338,1.0,1.0,1.0,15.0,0.006895686744642338,0.0,0.0,1.0,14.0,-0.004327545883828776,0.0,0.0,1.0,7.0,-0.004327545883828776,0.0,0.0,1.0,7.0,-0.004327545883828776
2016-02-29,1.0,1.0,1.0,30.0,0.00897211838798626,1.0,1.0,1.0,15.0,0.00897211838798626,1.0,1.0,1.0,15.0,0.00897211838798626,1.0,0.8571428571428571,0.8571428571428571,14.0,0.0657785642465123,1.0,0.8571428571428571,0.8571428571428571,7.0,0.0657785642465123,1.0,0.8571428571428571,0.8571428571428571,7.0,0.0657785642465123
2016-03-31,1.0,1.0,1.0,30.0,0.0037411711035049036,1.0,1.0,1.0,15.0,0.0037411711035049036,1.0,1.0,1.0,15.0,0.0037411711035049036,1.0,1.0,1.0,14.0,0.002599120351667761,1.0,1.0,1.0,7.0,0.002599120351667761,1.0,1.0,1.0,7.0,0.002599120351667761
2016-04-30,1.0,1.0,1.0,30.0,0.00015610252135432888,1.0,1.0,1.0,15.0,0.00015610252135432888,1.0,1.0,1.0,15.0,0.00015610252135432888,1.0,1.0,1.0,14.0,0.015228039950915262,1.0,1.0,1.0,7.0,0.015228039950915262,1.0,1.0,1.0,7.0,0.015228039950915262
2016-05-31,1.0,1.0,1.0,30.0,0.017767769466338713,1.0,1.0,1.0,15.0,0.017767769466338713,1.0,1.0,1.0,15.0,0.017767769466338713,1.0,1.0,1.0,14.0,0.0007059255151471433,1.0,1.0,1.0,7.0,0.0007059255151471433,1.0,1.0,1.0,7.0,0.0007059255151471433
2016-06-30,1.0,1.0,1.0,30.0,0.006122465465628424,1.0,1.0,1.0,15.0,0.006122465465628424,1.0,1.0,1.0,15.0,0.006122465465628424,1.0,1.0,1.0,14.0,0.035403084428839326,1.0,1.0,1.0,7.0,0.035403084428839326,1.0,1.0,1.0,7.0,0.035403084428839326
2016-07-31,1.0,1.0,1.0,30.0,-0.001341871394896299,1.0,1.0,1.0,15.0,-0.001341871394896299,1.0,1.0,1.0,15.0,-0.001341871394896299,1.0,1.0,1.0,14.0,-0.001418905321315056,1.0,1.0,1.0,7.0,-0.001418905321315056,1.0,1.0,1.0,7.0,-0.001418905321315056
2016-08-31,1.0,1.0,1.0,30.0,-0.0007887605608926316,1.0,1.0,1.0,15.0,-0.0007887605608926316,1.0,1.0,1.0,15.0,-0.0007887605608926316,1.0,1.0,1.0,14.0,-0.001434217449349573,1.0,1.0,1.0,7.0,-0.001434217449349573,1.0,1.0,1.0,7.0,-0.001434217449349573
2016-09-30,1.0,1.0,1.0,30.0,-0.007848577796541934,1.0,1.0,1.0,15.0,-0.007848577796541934,1.0,1.0,1.0,15.0,-0.007848577796541934,1.0,1.0,1.0,14.0,-0.019621887419920103,1.0,1.0,1.0,7.0,-0.019621887419920103,1.0,1.0,1.0,7.0,-0.019621887419920103
2016-10-31,0.0,0.0,1.0,30.0,-0.023751924408825686,0.0,0.0,1.0,15.0,-0.023751924408825686,0.0,0.0,1.0,15.0,-0.023751924408825686,1.0,1.0,1.0,14.0,0.03407120234527117,1.0,1.0,1.0,7.0,0.03407120234527117,1.0,1.0,1.0,7.0,0.03407120234527117
2016-11-30,0.0,0.0,1.0,30.0,0.0011086005705338246,0.0,0.0,1.0,15.0,0.0011086005705338246,0.0,0.0,1.0,15.0,0.0011086005705338246,1.0,1.0,1.0,14.0,0.017895639525752127,1.0,1.0,1.0,7.0,0.017895639525752127,1.0,1.0,1.0,7.0,0.017895639525752127
2016-12-31,0.0,0.0,1.0,30.0,0.0015631951507055323,0.0,0.0,1.0,15.0,0.0015631951507055323,0.0,0.0,1.0,15.0,0.0015631951507055323,1.0,1.0,1.0,14.0,0.01747769956294354,1.0,1.0,1.0,7.0,0.01747769956294354,1.0,1.0,1.0,7.0,0.01747769956294354
2017-01-31,0.0,0.0,1.0,30.0,0.006321373563943977,0.0,0.0,1.0,15.0,0.006321373563943977,0.0,0.0,1.0,15.0,0.006321373563943977,1.0,1.0,1.0,14.0,0.03678433302495199,1.0,1.0,1.0,7.0,0.03678433302495199,1.0,1.0,1.0,7.0,0.03678433302495199
2017-02-28,0.0,0.0,1.0,30.0,-0.0008266959609944165,0.0,0.0,1.0,15.0,-0.0008266959609944165,0.0,0.0,1.0,15.0,-0.0008266959609944165,1.0,1.0,1.0,14.0,-0.0006890361842921688,1.0,1.0,1.0,7.0,-0.0006890361842921688,1.0,1.0,1.0,7.0,-0.0006890361842921688
2017-03-31,0.0,0.0,1.0,30.0,0.007218907307868061,0.0,0.0,1.0,15.0,0.007218907307868061,0.0,0.0,1.0,15.0,0.007218907307868061,1.0,1.0,1.0,14.0,0.008587145187185286,1.0,1.0,1.0,7.0,0.008587145187185286,1.0,1.0,1.0,7.0,0.008587145187185286
2017-04-30,1.0,0.9666666666666667,0.9666666666666667,30.0,0.007094644626946579,1.0,0.9333333333333333,0.9333333333333333,15.0,0.007094644626946579,1.0,1.0,1.0,15.0,0.007094644626946579,1.0,1.0,1.0,14.0,0.01096992196886415,1.0,1.0,1.0,7.0,0.01096992196886415,1.0,1.0,1.0,7.0,0.01096992196886415
2017-05-31,1.0,1.0,1.0,30.0,-0.0016032915871776014,1.0,1.0,1.0,15.0,-0.0016032915871776014,1.0,1.0,1.0,15.0,-0.0016032915871776014,1.0,1.0,1.0,14.0,0.004211414153812543,1.0,1.0,1.0,7.0,0.004211414153812543,1.0,1.0,1.0,7.0,0.004211414153812543
2017-06-30,1.0,1.0,1.0,30.0,0.0036041393947489403,1.0,1.0,1.0,15.0,0.0036041393947489403,1.0,1.0,1.0,15.0,0.0036041393947489403,1.0,1.0,1.0,14.0,0.018636377361948897,1.0,1.0,1.0,7.0,0.018636377361948897,1.0,1.0,1.0,7.0,0.018636377361948897
2017-07-31,1.0,1.0,1.0,30.0,0.00806547307648743,1.0,1.0,1.0,15.0,0.00806547307648743,1.0,1.0,1.0,15.0,0.00806547307648743,1.0,1.0,1.0,14.0,-0.00035321846206037844,1.0,1.0,1.0,7.0,-0.00035321846206037844,1.0,1.0,1.0,7.0,-0.00035321846206037844
2017-08-31,1.0,1.0,1.0,30.0,-0.00566025407550984,1.0,1.0,1.0,15.0,-0.00566025407550984,1.0,1.0,1.0,15.0,-0.00566025407550984,1.0,1.0,1.0,14.0,0.018387175880428153,1.0,1.0,1.0,7.0,0.018387175880428153,1.0,1.0,1.0,7.0,0.018387175880428153
2017-09-30,1.0,1.0,1.0,30.0,-0.0003211316385899213,1.0,1.0,1.0,15.0,-0.0003211316385899213,1.0,1.0,1.0,15.0,-0.0003211316385899213,1.0,1.0,1.0,14.0,0.021269907054393355,1.0,1.0,1.0,7.0,0.021269907054393355,1.0,1.0,1.0,7.0,0.021269907054393355
2017-10-31,1.0,1.0,1.0,30.0,-0.002084540409091872,1.0,1.0,1.0,15.0,-0.002084540409091872,1.0,1.0,1.0,15.0,-0.002084540409091872,1.0,1.0,1.0,14.0,0.027261838013664885,1.0,1.0,1.0,7.0,0.027261838013664885,1.0,1.0,1.0,7.0,0.027261838013664885
2017-11-30,1.0,1.0,1.0,30.0,0.003690038389411966,1.0,1.0,1.0,15.0,0.003690038389411966,1.0,1.0,1.0,15.0,0.003690038389411966,1.0,1.0,1.0,14.0,0.00892398626846358,1.0,1.0,1.0,7.0,0.00892398626846358,1.0,1.0,1.0,7.0,0.00892398626846358
2017-12-31,0.0,0.06666666666666667,0.9333333333333333,30.0,-0.012617956185831513,0.0,0.06666666666666667,0.9333333333333333,15.0,-0.012617956185831513,0.0,0.06666666666666667,0.9333333333333333,15.0,-0.012617956185831513,1.0,1.0,1.0,14.0,0.055021141738099244,1.0,1.0,1.0,7.0,0.055021141738099244,1.0,1.0,1.0,7.0,0.055021141738099244
2018-01-31,0.0,0.0,1.0,30.0,-0.01057696262606279,0.0,0.0,1.0,15.0,-0.01057696262606279,0.0,0.0,1.0,15.0,-0.01057696262606279,1.0,1.0,1.0,14.0,-0.04000579725459874,1.0,1.0,1.0,7.0,-0.04000579725459874,1.0,1.0,1.0,7.0,-0.04000579725459874
2018-02-28,0.0,0.0,1.0,30.0,0.00521335975204993,0.0,0.0,1.0,15.0,0.00521335975204993,0.0,0.0,1.0,15.0,0.00521335975204993,1.0,1.0,1.0,14.0,-0.028052522563831395,1.0,1.0,1.0,7.0,-0.028052522563831395,1.0,1.0,1.0,7.0,-0.028052522563831395
2018-03-31,0.0,0.0,1.0,30.0,-0.008838705070221374,0.0,0.0,1.0,15.0,-0.008838705070221374,0.0,0.0,1.0,15.0,-0.008838705070221374,1.0,1.0,1.0,14.0,0.001316965610489662,1.0,1.0,1.0,7.0,0.001316965610489662,1.0,1.0,1.0,7.0,0.001316965610489662
2018-04-30,0.0,0.0,1.0,30.0,0.00573472030697293,0.0,0.0,1.0,15.0,0.00573472030697293,0.0,0.0,1.0,15.0,0.00573472030697293,1.0,1.0,1.0,14.0,0.02018136767893486,1.0,1.0,1.0,7.0,0.02018136767893486,1.0,1.0,1.0,7.0,0.02018136767893486
2018-05-31,0.0,0.0,1.0,30.0,-0.002630305195062953,0.0,0.0,1.0,15.0,-0.002630305195062953,0.0,0.0,1.0,15.0,-0.002630305195062953,1.0,1.0,1.0,14.0,0.0034377961287015424,1.0,1.0,1.0,7.0,0.0034377961287015424,1.0,1.0,1.0,7.0,0.0034377961287015424
2018-06-30,0.0,0.0,1.0,30.0,-0.0013615830882937705,0.0,0.0,1.0,15.0,-0.0013615830882937705,0.0,0.0,1.0,15.0,-0.0013615830882937705,1.0,1.0,1.0,14.0,0.034369235350930394,1.0,1.0,1.0,7.0,0.034369235350930394,1.0,1.0,1.0,7.0,0.034369235350930394
2018-07-31,0.0,0.0,1.0,30.0,0.004835722231050489,0.0,0.0,1.0,15.0,0.004835722231050489,0.0,0.0,1.0,15.0,0.004835722231050489,1.0,1.0,1.0,14.0,0.028619431537443063,1.0,1.0,1.0,7.0,0.028619431537443063,1.0,1.0,1.0,7.0,0.028619431537443063
2018-08-31,0.0,0.0,1.0,30.0,-0.007938975290123938,0.0,0.0,1.0,15.0,-0.007938975290123938,0.0,0.0,1.0,15.0,-0.007938975290123938,1.0,1.0,1.0,14.0,0.002790327114495117,1.0,1.0,1.0,7.0,0.002790327114495117,1.0,1.0,1.0,7.0,0.002790327114495117
2018-09-30,0.0,0.0,1.0,30.0,-0.009800996687639995,0.0,0.0,1.0,15.0,-0.009800996687639995,0.0,0.0,1.0,15.0,-0.009800996687639995,1.0,0.9285714285714286,0.9285714285714286,14.0,-0.0711739782357077,1.0,1.0,1.0,7.0,-0.0711739782357077,1.0,0.8571428571428571,0.8571428571428571,7.0,-0.0711739782357077
2018-10-31,0.0,0.0,1.0,30.0,0.004166682684606762,0.0,0.0,1.0,15.0,0.004166682684606762,0.0,0.0,1.0,15.0,0.004166682684606762,0.0,0.21428571428571427,0.7857142857142857,14.0,0.016031787764465344,0.0,0.14285714285714285,0.8571428571428572,7.0,0.016031787764465344,0.0,0.2857142857142857,0.7142857142857143,7.0,0.016031787764465344
2018-11-30,0.0,0.0,1.0,30.0,0.01647108395366416,0.0,0.0,1.0,15.0,0.01647108395366416,0.0,0.0,1.0,15.0,0.01647108395366416,0.0,0.0,1.0,14.0,-0.09350850512989295,0.0,0.0,1.0,7.0,-0.09350850512989295,0.0,0.0,1.0,7.0,-0.09350850512989295
2018-12-31,1.0,0.9333333333333333,0.9333333333333333,30.0,0.008522495846770442,1.0,0.9333333333333333,0.9333333333333333,15.0,0.008522495846770442,1.0,0.9333333333333333,0.9333333333333333,15.0,0.008522495846770442,0.0,0.0,1.0,14.0,0.07643167489119129,0.0,0.0,1.0,7.0,0.07643167489119129,0.0,0.0,1.0,7.0,0.07643167489119129
2019-01-31,1.0,1.0,1.0,30.0,-0.00238017540636468,1.0,1.0,1.0,15.0,-0.00238017540636468,1.0,1.0,1.0,15.0,-0.00238017540636468,1.0,0.8571428571428571,0.8571428571428571,14.0,0.027881398304471672,1.0,0.8571428571428571,0.8571428571428571,7.0,0.027881398304471672,1.0,0.8571428571428571,0.8571428571428571,7.0,0.027881398304471672
2019-02-28,1.0,1.0,1.0,30.0,0.01730044118927611,1.0,1.0,1.0,15.0,0.01730044118927611,1.0,1.0,1.0,15.0,0.01730044118927611,1.0,1.0,1.0,14.0,0.015995305770988733,1.0,1.0,1.0,7.0,0.015995305770988733,1.0,1.0,1.0,7.0,0.015995305770988733
2019-03-31,1.0,1.0,1.0,30.0,-0.0018436907581531694,1.0,1.0,1.0,15.0,-0.0018436907581531694,1.0,1.0,1.0,15.0,-0.0018436907581531694,1.0,1.0,1.0,14.0,0.03713920954645822,1.0,1.0,1.0,7.0,0.03713920954645822,1.0,1.0,1.0,7.0,0.03713920954645822
2019-04-30,1.0,1.0,1.0,30.0,0.01565198470131034,1.0,1.0,1.0,15.0,0.01565198470131034,1.0,1.0,1.0,15.0,0.01565198470131034,1.0,1.0,1.0,14.0,-0.067741800593207,1.0,1.0,1.0,7.0,-0.067741800593207,1.0,1.0,1.0,7.0,-0.067741800593207
2019-05-31,1.0,1.0,1.0,30.0,0.01075606635645612,1.0,1.0,1.0,15.0,0.01075606635645612,1.0,1.0,1.0,15.0,0.01075606635645612,1.0,1.0,1.0,14.0,0.06701573953749818,1.0,1.0,1.0,7.0,0.06701573953749818,1.0,1.0,1.0,7.0,0.06701573953749818
2019-06-30,1.0,1.0,1.0,30.0,0.0003010305243331807,1.0,1.0,1.0,15.0,0.0003010305243331807,1.0,1.0,1.0,15.0,0.0003010305243331807,1.0,1.0,1.0,14.0,0.011207848827570421,1.0,1.0,1.0,7.0,0.011207848827570421,1.0,1.0,1.0,7.0,0.011207848827570421
2019-07-31,1.0,1.0,1.0,30.0,0.024313282395048975,1.0,1.0,1.0,15.0,0.024313282395048975,1.0,1.0,1.0,15.0,0.024313282395048975,1.0,1.0,1.0,14.0,-0.01966176710013967,1.0,1.0,1.0,7.0,-0.01966176710013967,1.0,1.0,1.0,7.0,-0.01966176710013967
2019-08-31,1.0,1.0,1.0,30.0,-0.007124937636874138,1.0,1.0,1.0,15.0,-0.007124937636874138,1.0,1.0,1.0,15.0,-0.007124937636874138,1.0,1.0,1.0,14.0,0.01535489518676747,1.0,1.0,1.0,7.0,0.01535489518676747,1.0,1.0,1.0,7.0,0.01535489518676747
2019-09-30,1.0,1.0,1.0,30.0,0.0015121566861773807,1.0,1.0,1.0,15.0,0.0015121566861773807,1.0,1.0,1.0,15.0,0.0015121566861773807,1.0,1.0,1.0,14.0,0.018904585644546,1.0,1.0,1.0,7.0,0.018904585644546,1.0,1.0,1.0,7.0,0.018904585644546
2019-10-31,1.0,1.0,1.0,30.0,-0.0017117408616099882,1.0,1.0,1.0,15.0,-0.0017117408616099882,1.0,1.0,1.0,15.0,-0.0017117408616099882,1.0,1.0,1.0,14.0,0.032809684833309705,1.0,1.0,1.0,7.0,0.032809684833309705,1.0,1.0,1.0,7.0,0.032809684833309705
2019-11-30,1.0,1.0,1.0,30.0,-0.00209614425905562,1.0,1.0,1.0,15.0,-0.00209614425905562,1.0,1.0,1.0,15.0,-0.00209614425905562,1.0,1.0,1.0,14.0,0.02715360691878943,1.0,1.0,1.0,7.0,0.02715360691878943,1.0,1.0,1.0,7.0,0.02715360691878943
2019-12-31,1.0,1.0,1.0,30.0,0.017944943820224903,1.0,1.0,1.0,15.0,0.017944943820224903,1.0,1.0,1.0,15.0,0.017944943820224903,1.0,1.0,1.0,14.0,-0.002924503732150252,1.0,1.0,1.0,7.0,-0.002924503732150252,1.0,1.0,1.0,7.0,-0.002924503732150252
2020-01-31,1.0,1.0,1.0,30.0,0.016799664876400923,1.0,1.0,1.0,15.0,0.016799664876400923,1.0,1.0,1.0,15.0,0.016799664876400923,1.0,1.0,1.0,14.0,-0.08521350590188781,1.0,1.0,1.0,7.0,-0.08521350590188781,1.0,1.0,1.0,7.0,-0.08521350590188781
2020-02-29,1.0,1.0,1.0,30.0,-0.007086582576755006,1.0,1.0,1.0,15.0,-0.007086582576755006,1.0,1.0,1.0,15.0,-0.007086582576755006,0.0,0.0,1.0,14.0,-0.12617614100066243,0.0,0.0,1.0,7.0,-0.12617614100066243,0.0,0.0,1.0,7.0,-0.12617614100066243
2020-03-31,1.0,1.0,1.0,30.0,0.01777739047079563,1.0,1.0,1.0,15.0,0.01777739047079563,1.0,1.0,1.0,15.0,0.01777739047079563,0.0,0.0,1.0,14.0,0.1268441029331533,0.0,0.0,1.0,7.0,0.1268441029331533,0.0,0.0,1.0,7.0,0.1268441029331533
2020-04-30,1.0,1.0,1.0,30.0,0.004553552240083902,1.0,1.0,1.0,15.0,0.004553552240083902,1.0,1.0,1.0,15.0,0.004553552240083902,1.0,0.7142857142857143,0.7142857142857143,14.0,0.045177477583742576,1.0,0.7142857142857143,0.7142857142857143,7.0,0.045177477583742576,1.0,0.7142857142857143,0.7142857142857143,7.0,0.045177477583742576
2020-05-31,1.0,1.0,1.0,30.0,0.006202413581509736,1.0,1.0,1.0,15.0,0.006202413581509736,1.0,1.0,1.0,15.0,0.006202413581509736,1.0,1.0,1.0,14.0,0.018286641160991435,1.0,1.0,1.0,7.0,0.018286641160991435,1.0,1.0,1.0,7.0,0.018286641160991435
2020-06-30,1.0,1.0,1.0,30.0,0.01483535915579436,1.0,1.0,1.0,15.0,0.01483535915579436,1.0,1.0,1.0,15.0,0.01483535915579436,1.0,1.0,1.0,14.0,0.05499605028598764,1.0,1.0,1.0,7.0,0.05499605028598764,1.0,1.0,1.0,7.0,0.05499605028598764
2020-07-31,1.0,1.0,1.0,30.0,-0.008173331720057863,1.0,1.0,1.0,15.0,-0.008173331720057863,1.0,1.0,1.0,15.0,-0.008173331720057863,1.0,1.0,1.0,14.0,0.06995803418731583,1.0,1.0,1.0,7.0,0.06995803418731583,1.0,1.0,1.0,7.0,0.06995803418731583
2020-08-31,1.0,1.0,1.0,30.0,-0.000646808949159261,1.0,1.0,1.0,15.0,-0.000646808949159261,1.0,1.0,1.0,15.0,-0.000646808949159261,1.0,1.0,1.0,14.0,-0.039324216639738396,1.0,1.0,1.0,7.0,-0.039324216639738396,1.0,1.0,1.0,7.0,-0.039324216639738396
2020-09-30,1.0,1.0,1.0,30.0,-0.004565243905005245,1.0,1.0,1.0,15.0,-0.004565243905005245,1.0,1.0,1.0,15.0,-0.004565243905005245,1.0,1.0,1.0,14.0,-0.027763130947918713,1.0,1.0,1.0,7.0,-0.027763130947918713,1.0,1.0,1.0,7.0,-0.027763130947918713
2020-10-31,1.0,1.0,1.0,30.0,0.009711796137846996,1.0,1.0,1.0,15.0,0.009711796137846996,1.0,1.0,1.0,15.0,0.009711796137846996,1.0,1.0,1.0,14.0,0.10743547280503019,1.0,1.0,1.0,7.0,0.10743547280503019,1.0,1.0,1.0,7.0,0.10743547280503019
2020-11-30,1.0,1.0,1.0,30.0,0.0012773009088511312,1.0,1.0,1.0,15.0,0.0012773009088511312,1.0,1.0,1.0,15.0,0.0012773009088511312,1.0,1.0,1.0,14.0,0.037017874636896986,1.0,1.0,1.0,7.0,0.037017874636896986,1.0,1.0,1.0,7.0,0.037017874636896986
2020-12-31,1.0,1.0,1.0,30.0,-0.007169672494377166,1.0,1.0,1.0,15.0,-0.007169672494377166,1.0,1.0,1.0,15.0,-0.007169672494377166,1.0,1.0,1.0,14.0,-0.011136640158463273,1.0,1.0,1.0,7.0,-0.011136640158463273,1.0,1.0,1.0,7.0,-0.011136640158463273
2021-01-31,0.0,0.03333333333333333,0.9666666666666667,30.0,-0.014438685064866674,0.0,0.0,1.0,15.0,-0.014438685064866674,0.0,0.06666666666666667,0.9333333333333333,15.0,-0.014438685064866674,1.0,1.0,1.0,14.0,0.02609147497199915,1.0,1.0,1.0,7.0,0.02609147497199915,1.0,1.0,1.0,7.0,0.02609147497199915
2021-02-28,0.0,0.0,1.0,30.0,-0.012488357586581067,0.0,0.0,1.0,15.0,-0.012488357586581067,0.0,0.0,1.0,15.0,-0.012488357586581067,1.0,1.0,1.0,14.0,0.04243863400810732,1.0,1.0,1.0,7.0,0.04243863400810732,1.0,1.0,1.0,7.0,0.04243863400810732
2021-03-31,0.0,0.0,1.0,30.0,0.0079001449369418,0.0,0.0,1.0,15.0,0.0079001449369418,0.0,0.0,1.0,15.0,0.0079001449369418,1.0,1.0,1.0,14.0,0.052425312555848036,1.0,1.0,1.0,7.0,0.052425312555848036,1.0,1.0,1.0,7.0,0.052425312555848036
2021-04-30,0.0,0.0,1.0,30.0,0.003266641197453568,0.0,0.0,1.0,15.0,0.003266641197453568,0.0,0.0,1.0,15.0,0.003266641197453568,1.0,1.0,1.0,14.0,0.005486502581812935,1.0,1.0,1.0,7.0,0.005486502581812935,1.0,1.0,1.0,7.0,0.005486502581812935
2021-05-31,0.0,0.36666666666666664,0.6333333333333333,30.0,0.007025440480570966,0.0,0.0,1.0,15.0,0.007025440480570966,1.0,0.7333333333333333,0.7333333333333333,15.0,0.007025440480570966,1.0,1.0,1.0,14.0,0.022213976323170126,1.0,1.0,1.0,7.0,0.022213976323170126,1.0,1.0,1.0,7.0,0.022213976323170126
2021-06-30,1.0,0.8,0.8,30.0,0.011182678744412922,1.0,0.6666666666666666,0.6666666666666666,15.0,0.011182678744412922,1.0,0.9333333333333333,0.9333333333333333,15.0,0.011182678744412922,1.0,1.0,1.0,14.0,0.02274810936591054,1.0,1.0,1.0,7.0,0.02274810936591054,1.0,1.0,1.0,7.0,0.02274810936591054
2021-07-31,1.0,0.9666666666666667,0.9666666666666667,30.0,-0.001903393334341863,1.0,0.9333333333333333,0.9333333333333333,15.0,-0.001903393334341863,1.0,1.0,1.0,15.0,-0.001903393334341863,1.0,1.0,1.0,14.0,0.028990321391680673,1.0,1.0,1.0,7.0,0.028990321391680673,1.0,1.0,1.0,7.0,0.028990321391680673
2021-08-31,0.0,0.16666666666666666,0.8333333333333334,30.0,-0.008659484809065976,0.0,0.13333333333333333,0.8666666666666667,15.0,-0.008659484809065976,0.0,0.2,0.8,15.0,-0.008659484809065976,1.0,1.0,1.0,14.0,-0.04756914042116567,1.0,1.0,1.0,7.0,-0.04756914042116567,1.0,1.0,1.0,7.0,-0.04756914042116567
2021-09-30,0.0,0.03333333333333333,0.9666666666666667,30.0,-0.00027602490169276184,0.0,0.0,1.0,15.0,-0.00027602490169276184,0.0,0.06666666666666667,0.9333333333333333,15.0,-0.00027602490169276184,1.0,1.0,1.0,14.0,0.06914387330123395,1.0,1.0,1.0,7.0,0.06914387330123395,1.0,1.0,1.0,7.0,0.06914387330123395
2021-10-31,1.0,0.6666666666666666,0.6666666666666666,30.0,0.0029606534676174245,0.0,0.4,0.6,15.0,0.0029606534676174245,1.0,0.9333333333333333,0.9333333333333333,15.0,0.0029606534676174245,1.0,1.0,1.0,14.0,-0.008333731418471935,1.0,1.0,1.0,7.0,-0.008333731418471935,1.0,1.0,1.0,7.0,-0.008333731418471935
2021-11-30,1.0,0.6333333333333333,0.6333333333333333,30.0,-0.0026580430123920415,0.0,0.26666666666666666,0.7333333333333334,15.0,-0.0026580430123920415,1.0,1.0,1.0,15.0,-0.0026580430123920415,1.0,1.0,1.0,14.0,0.043508720211088425,1.0,1.0,1.0,7.0,0.043508720211088425,1.0,1.0,1.0,7.0,0.043508720211088425
2021-12-31,0.0,0.0,1.0,30.0,-0.021544366789235325,0.0,0.0,1.0,15.0,-0.021544366789235325,0.0,0.0,1.0,15.0,-0.021544366789235325,1.0,1.0,1.0,14.0,-0.05258508910699922,1.0,1.0,1.0,7.0,-0.05258508910699922,1.0,1.0,1.0,7.0,-0.05258508910699922
2022-01-31,0.0,0.0,1.0,30.0,-0.011156917201874728,0.0,0.0,1.0,15.0,-0.011156917201874728,0.0,0.0,1.0,15.0,-0.011156917201874728,1.0,1.0,1.0,14.0,-0.03136052086678254,1.0,1.0,1.0,7.0,-0.03136052086678254,1.0,1.0,1.0,7.0,-0.03136052086678254
2022-02-28,0.0,0.0,1.0,30.0,-0.027783507190534906,0.0,0.0,1.0,15.0,-0.027783507190534906,0.0,0.0,1.0,15.0,-0.027783507190534906,1.0,1.0,1.0,14.0,0.035773238773280314,1.0,1.0,1.0,7.0,0.035773238773280314,1.0,1.0,1.0,7.0,0.035773238773280314
2022-03-31,0.0,0.0,1.0,30.0,-0.03794834294793681,0.0,0.0,1.0,15.0,-0.03794834294793681,0.0,0.0,1.0,15.0,-0.03794834294793681,1.0,1.0,1.0,14.0,-0.08795671914903924,1.0,1.0,1.0,7.0,-0.08795671914903924,1.0,1.0,1.0,7.0,-0.08795671914903924
2022-04-30,0.0,0.0,1.0,30.0,0.006146739329332818,0.0,0.0,1.0,15.0,0.006146739329332818,0.0,0.0,1.0,15.0,0.006146739329332818,0.0,0.0,1.0,14.0,-0.000246741798417327,0.0,0.0,1.0,7.0,-0.000246741798417327,0.0,0.0,1.0,7.0,-0.000246741798417327
2022-05-31,0.0,0.0,1.0,30.0,-0.01628728001678288,0.0,0.0,1.0,15.0,-0.01628728001678288,0.0,0.0,1.0,15.0,-0.01628728001678288,0.0,0.0,1.0,14.0,-0.0844717154294854,0.0,0.0,1.0,7.0,-0.0844717154294854,0.0,0.0,1.0,7.0,-0.0844717154294854
2022-06-30,0.0,0.0,1.0,30.0,0.023634024817656443,0.0,0.0,1.0,15.0,0.023634024817656443,0.0,0.0,1.0,15.0,0.023634024817656443,0.0,0.0,1.0,14.0,0.09024785094657695,0.0,0.0,1.0,7.0,0.09024785094657695,0.0,0.0,1.0,7.0,0.09024785094657695
2022-07-31,0.0,0.0,1.0,30.0,-0.030152557801931476,0.0,0.0,1.0,15.0,-0.030152557801931476,0.0,0.0,1.0,15.0,-0.030152557801931476,1.0,0.7142857142857143,0.7142857142857143,14.0,-0.04425973748682854,1.0,0.7142857142857143,0.7142857142857143,7.0,-0.04425973748682854,1.0,0.7142857142857143,0.7142857142857143,7.0,-0.04425973748682854
2022-08-31,0.0,0.0,1.0,30.0,-0.045108936761375604,0.0,0.0,1.0,15.0,-0.045108936761375604,0.0,0.0,1.0,15.0,-0.045108936761375604,0.0,0.0,1.0,14.0,-0.09512336627076778,0.0,0.0,1.0,7.0,-0.09512336627076778,0.0,0.0,1.0,7.0,-0.09512336627076778
2022-09-30,0.0,0.0,1.0,30.0,-0.015253367875647603,0.0,0.0,1.0,15.0,-0.015253367875647603,0.0,0.0,1.0,15.0,-0.015253367875647603,0.0,0.0,1.0,14.0,0.07739387719491231,0.0,0.0,1.0,7.0,0.07739387719491231,0.0,0.0,1.0,7.0,0.07739387719491231
2022-10-31,0.0,0.0,1.0,30.0,0.033875633372124084,0.0,0.0,1.0,15.0,0.033875633372124084,0.0,0.0,1.0,15.0,0.033875633372124084,0.0,0.0,1.0,14.0,0.05071253771188289,0.0,0.0,1.0,7.0,0.05071253771188289,0.0,0.0,1.0,7.0,0.05071253771188289
2022-11-30,0.0,0.0,1.0,30.0,-0.007809210353691229,0.0,0.0,1.0,15.0,-0.007809210353691229,0.0,0.0,1.0,15.0,-0.007809210353691229,0.0,0.0,1.0,14.0,-0.0620762609982094,0.0,0.0,1.0,7.0,-0.0620762609982094,0.0,0.0,1.0,7.0,-0.0620762609982094
2022-12-31,0.0,0.0,1.0,30.0,0.02726540100452485,0.0,0.0,1.0,15.0,0.02726540100452485,0.0,0.0,1.0,15.0,0.02726540100452485,0.0,0.0,1.0,14.0,0.05805988214643576,0.0,0.0,1.0,7.0,0.05805988214643576,0.0,0.0,1.0,7.0,0.05805988214643576
2023-01-31,0.0,0.0,1.0,30.0,-0.029255210819411445,0.0,0.0,1.0,15.0,-0.029255210819411445,0.0,0.0,1.0,15.0,-0.029255210819411445,1.0,0.6428571428571429,0.6428571428571429,14.0,-0.029417773785776147,1.0,0.5714285714285714,0.5714285714285714,7.0,-0.029417773785776147,1.0,0.7142857142857143,0.7142857142857143,7.0,-0.029417773785776147
2023-02-28,0.0,0.0,1.0,30.0,0.021799093896439685,0.0,0.0,1.0,15.0,0.021799093896439685,0.0,0.0,1.0,15.0,0.021799093896439685,0.0,0.0,1.0,14.0,0.03134349391020619,0.0,0.0,1.0,7.0,0.03134349391020619,0.0,0.0,1.0,7.0,0.03134349391020619
2023-03-31,0.0,0.0,1.0,30.0,0.00256330680142797,0.0,0.0,1.0,15.0,0.00256330680142797,0.0,0.0,1.0,15.0,0.00256330680142797,1.0,0.7142857142857143,0.7142857142857143,14.0,0.011105457384251949,1.0,0.7142857142857143,0.7142857142857143,7.0,0.011105457384251949,1.0,0.7142857142857143,0.7142857142857143,7.0,0.011105457384251949
2023-04-30,0.0,0.0,1.0,30.0,-0.014489642823484923,0.0,0.0,1.0,15.0,-0.014489642823484923,0.0,0.0,1.0,15.0,-0.014489642823484923,1.0,0.7857142857142857,0.7857142857142857,14.0,-0.0011139596770545213,1.0,0.8571428571428571,0.8571428571428571,7.0,-0.0011139596770545213,1.0,0.7142857142857143,0.7142857142857143,7.0,-0.0011139596770545213
2023-05-31,0.0,0.0,1.0,30.0,-0.007568212892253397,0.0,0.0,1.0,15.0,-0.007568212892253397,0.0,0.0,1.0,15.0,-0.007568212892253397,1.0,1.0,1.0,14.0,0.06049730205809989,1.0,1.0,1.0,7.0,0.06049730205809989,1.0,1.0,1.0,7.0,0.06049730205809989
2023-06-30,0.0,0.0,1.0,30.0,-0.00519324918722502,0.0,0.0,1.0,15.0,-0.00519324918722502,0.0,0.0,1.0,15.0,-0.00519324918722502,1.0,1.0,1.0,14.0,0.0265255481474167,1.0,1.0,1.0,7.0,0.0265255481474167,1.0,1.0,1.0,7.0,0.0265255481474167
2023-07-31,0.0,0.0,1.0,30.0,-0.010887101404205398,0.0,0.0,1.0,15.0,-0.010887101404205398,0.0,0.0,1.0,15.0,-0.010887101404205398,1.0,1.0,1.0,14.0,-0.022121304870390435,1.0,1.0,1.0,7.0,-0.022121304870390435,1.0,1.0,1.0,7.0,-0.022121304870390435
2023-08-31,0.0,0.0,1.0,30.0,-0.029714098613251277,0.0,0.0,1.0,15.0,-0.029714098613251277,0.0,0.0,1.0,15.0,-0.029714098613251277,1.0,1.0,1.0,14.0,-0.05280341470837602,1.0,1.0,1.0,7.0,-0.05280341470837602,1.0,1.0,1.0,7.0,-0.05280341470837602
2023-09-30,0.0,0.0,1.0,30.0,-0.020480476477505245,0.0,0.0,1.0,15.0,-0.020480476477505245,0.0,0.0,1.0,15.0,-0.020480476477505245,0.0,0.07142857142857142,0.9285714285714286,14.0,-0.02656064054856322,0.0,0.0,1.0,7.0,-0.02656064054856322,0.0,0.14285714285714285,0.8571428571428572,7.0,-0.02656064054856322
2023-10-31,0.0,0.0,1.0,30.0,0.04088432593068543,0.0,0.0,1.0,15.0,0.04088432593068543,0.0,0.0,1.0,15.0,0.04088432593068543,1.0,1.0,1.0,14.0,0.08442609808894841,1.0,1.0,1.0,7.0,0.08442609808894841,1.0,1.0,1.0,7.0,0.08442609808894841
2023-11-30,0.0,0.0,1.0,30.0,0.033979970609281124,0.0,0.0,1.0,15.0,0.033979970609281124,0.0,0.0,1.0,15.0,0.033979970609281124,1.0,1.0,1.0,14.0,0.039766820363609456,1.0,1.0,1.0,7.0,0.039766820363609456,1.0,1.0,1.0,7.0,0.039766820363609456
2023-12-31,0.0,0.0,1.0,30.0,-0.007447456059204456,0.0,0.0,1.0,15.0,-0.007447456059204456,0.0,0.0,1.0,15.0,-0.007447456059204456,1.0,1.0,1.0,14.0,0.011145763283263665,1.0,1.0,1.0,7.0,0.011145763283263665,1.0,1.0,1.0,7.0,0.011145763283263665
2024-01-31,0.0,0.0,1.0,30.0,-0.01832762168028725,0.0,0.0,1.0,15.0,-0.01832762168028725,0.0,0.0,1.0,15.0,-0.01832762168028725,1.0,1.0,1.0,14.0,0.04733187858148624,1.0,1.0,1.0,7.0,0.04733187858148624,1.0,1.0,1.0,7.0,0.04733187858148624
2024-02-29,0.0,0.0,1.0,30.0,0.004935039518253663,0.0,0.0,1.0,15.0,0.004935039518253663,0.0,0.0,1.0,15.0,0.004935039518253663,1.0,1.0,1.0,14.0,0.02661006516976916,1.0,1.0,1.0,7.0,0.02661006516976916,1.0,1.0,1.0,7.0,0.02661006516976916
2024-03-31,0.0,0.0,1.0,30.0,-0.02996069465744929,0.0,0.0,1.0,15.0,-0.02996069465744929,0.0,0.0,1.0,15.0,-0.02996069465744929,1.0,1.0,1.0,14.0,-0.04610813798557667,1.0,1.0,1.0,7.0,-0.04610813798557667,1.0,1.0,1.0,7.0,-0.04610813798557667
2024-04-30,0.0,0.0,1.0,30.0,0.012553286402938249,0.0,0.0,1.0,15.0,0.012553286402938249,0.0,0.0,1.0,15.0,0.012553286402938249,1.0,1.0,1.0,14.0,0.043438901638312544,1.0,1.0,1.0,7.0,0.043438901638312544,1.0,1.0,1.0,7.0,0.043438901638312544
2024-05-31,0.0,0.0,1.0,30.0,0.0053710062121150514,0.0,0.0,1.0,15.0,0.0053710062121150514,0.0,0.0,1.0,15.0,0.0053710062121150514,1.0,1.0,1.0,14.0,0.030451553034773093,1.0,1.0,1.0,7.0,0.030451553034773093,1.0,1.0,1.0,7.0,0.030451553034773093
2024-06-30,0.0,0.0,1.0,30.0,0.01885754182136651,0.0,0.0,1.0,15.0,0.01885754182136651,0.0,0.0,1.0,15.0,0.01885754182136651,1.0,1.0,1.0,14.0,0.006792000743555793,1.0,1.0,1.0,7.0,0.006792000743555793,1.0,1.0,1.0,7.0,0.006792000743555793
2024-07-31,0.0,0.0,1.0,30.0,0.009566547248915397,0.0,0.0,1.0,15.0,0.009566547248915397,0.0,0.0,1.0,15.0,0.009566547248915397,1.0,1.0,1.0,14.0,0.017952123576342016,1.0,1.0,1.0,7.0,0.017952123576342016,1.0,1.0,1.0,7.0,0.017952123576342016
2024-08-31,0.0,0.0,1.0,30.0,0.00939119430245983,0.0,0.0,1.0,15.0,0.00939119430245983,0.0,0.0,1.0,15.0,0.00939119430245983,1.0,1.0,1.0,14.0,0.016135437859995383,1.0,1.0,1.0,7.0,0.016135437859995383,1.0,1.0,1.0,7.0,0.016135437859995383
2024-09-30,0.0,0.0,1.0,30.0,-0.02869884153983092,0.0,0.0,1.0,15.0,-0.02869884153983092,0.0,0.0,1.0,15.0,-0.02869884153983092,1.0,1.0,1.0,14.0,-0.013745581890465153,1.0,1.0,1.0,7.0,-0.013745581890465153,1.0,1.0,1.0,7.0,-0.013745581890465153
2024-10-31,0.0,0.0,1.0,30.0,0.006571390946202852,0.0,0.0,1.0,15.0,0.006571390946202852,0.0,0.0,1.0,15.0,0.006571390946202852,1.0,1.0,1.0,14.0,0.05309974203027812,1.0,1.0,1.0,7.0,0.05309974203027812,1.0,1.0,1.0,7.0,0.05309974203027812
2024-11-30,0.0,0.0,1.0,30.0,-0.020065229504145098,0.0,0.0,1.0,15.0,-0.020065229504145098,0.0,0.0,1.0,15.0,-0.020065229504145098,1.0,1.0,1.0,14.0,-0.02858947347096652,1.0,1.0,1.0,7.0,-0.02858947347096652,1.0,1.0,1.0,7.0,-0.02858947347096652
2024-12-31,0.0,0.0,1.0,30.0,0.001603718998825868,0.0,0.0,1.0,15.0,0.001603718998825868,0.0,0.0,1.0,15.0,0.001603718998825868,1.0,1.0,1.0,14.0,0.023234564568631377,1.0,1.0,1.0,7.0,0.023234564568631377,1.0,1.0,1.0,7.0,0.023234564568631377
2025-01-31,0.0,0.0,1.0,30.0,0.018702690126508683,0.0,0.0,1.0,15.0,0.018702690126508683,0.0,0.0,1.0,15.0,0.018702690126508683,1.0,1.0,1.0,14.0,-0.017487542984461313,1.0,1.0,1.0,7.0,-0.017487542984461313,1.0,1.0,1.0,7.0,-0.017487542984461313
2025-02-28,0.0,0.0,1.0,30.0,-0.0030220643290976147,0.0,0.0,1.0,15.0,-0.0030220643290976147,0.0,0.0,1.0,15.0,-0.0030220643290976147,0.0,0.2857142857142857,0.7142857142857143,14.0,-0.060747990310141664,0.0,0.2857142857142857,0.7142857142857143,7.0,-0.060747990310141664,0.0,0.2857142857142857,0.7142857142857143,7.0,-0.060747990310141664
2025-03-31,0.0,0.0,1.0,30.0,0.0004290460507310775,0.0,0.0,1.0,15.0,0.0004290460507310775,0.0,0.0,1.0,15.0,0.0004290460507310775,0.0,0.0,1.0,14.0,-0.01108951806986569,0.0,0.0,1.0,7.0,-0.01108951806986569,0.0,0.0,1.0,7.0,-0.01108951806986569
2025-04-30,0.0,0.0,1.0,30.0,-0.010958826784726124,0.0,0.0,1.0,15.0,-0.010958826784726124,0.0,0.0,1.0,15.0,-0.010958826784726124,1.0,1.0,1.0,14.0,0.057515787799079954,1.0,1.0,1.0,7.0,0.057515787799079954,1.0,1.0,1.0,7.0,0.057515787799079954
2025-05-31,0.0,0.0,1.0,30.0,0.011975148266728589,0.0,0.0,1.0,15.0,0.011975148266728589,0.0,0.0,1.0,15.0,0.011975148266728589,1.0,1.0,1.0,14.0,0.04605814373844641,1.0,1.0,1.0,7.0,0.04605814373844641,1.0,1.0,1.0,7.0,0.04605814373844641
2025-06-30,0.0,0.0,1.0,30.0,-0.006039368308257062,0.0,0.0,1.0,15.0,-0.006039368308257062,0.0,0.0,1.0,15.0,-0.006039368308257062,1.0,1.0,1.0,14.0,0.018207482481705117,1.0,1.0,1.0,7.0,0.018207482481705117,1.0,1.0,1.0,7.0,0.018207482481705117
2025-07-31,0.0,0.0,1.0,30.0,0.008163629158318723,0.0,0.0,1.0,15.0,0.008163629158318723,0.0,0.0,1.0,15.0,0.008163629158318723,1.0,1.0,1.0,14.0,0.015211374178038417,1.0,1.0,1.0,7.0,0.015211374178038417,1.0,1.0,1.0,7.0,0.015211374178038417
2025-08-31,0.0,0.0,1.0,30.0,0.007608442185691536,0.0,0.0,1.0,15.0,0.007608442185691536,0.0,0.0,1.0,15.0,0.007608442185691536,1.0,1.0,1.0,14.0,0.031923375988277325,1.0,1.0,1.0,7.0,0.031923375988277325,1.0,1.0,1.0,7.0,0.031923375988277325
2025-09-30,0.0,0.43333333333333335,0.5666666666666667,30.0,0.002545453645477017,0.0,0.0,1.0,15.0,0.002545453645477017,1.0,0.8666666666666667,0.8666666666666667,15.0,0.002545453645477017,1.0,1.0,1.0,14.0,0.0189197750574559,1.0,1.0,1.0,7.0,0.0189197750574559,1.0,1.0,1.0,7.0,0.0189197750574559
2025-10-31,1.0,0.9,0.9,30.0,0.0032152451022328136,1.0,0.8,0.8,15.0,0.0032152451022328136,1.0,1.0,1.0,15.0,0.0032152451022328136,1.0,1.0,1.0,14.0,-0.0016956458946413289,1.0,1.0,1.0,7.0,-0.0016956458946413289,1.0,1.0,1.0,7.0,-0.0016956458946413289
2025-11-30,1.0,0.5,0.5,30.0,-0.0048793842700641105,0.0,0.0,1.0,15.0,-0.0048793842700641105,1.0,1.0,1.0,15.0,-0.0048793842700641105,1.0,1.0,1.0,14.0,-0.0039115126252462495,1.0,1.0,1.0,7.0,-0.0039115126252462495,1.0,1.0,1.0,7.0,-0.0039115126252462495
2025-12-31,1.0,0.5,0.5,30.0,-0.0019313919577664792,0.0,0.0,1.0,15.0,-0.0019313919577664792,1.0,1.0,1.0,15.0,-0.0019313919577664792,1.0,1.0,1.0,14.0,0.010632634612642855,1.0,1.0,1.0,7.0,0.010632634612642855,1.0,1.0,1.0,7.0,0.010632634612642855
2026-01-31,1.0,0.9333333333333333,0.9333333333333333,30.0,0.013373502994011969,1.0,0.8666666666666667,0.8666666666666667,15.0,0.013373502994011969,1.0,1.0,1.0,15.0,0.013373502994011969,1.0,1.0,1.0,14.0,-0.011635383958892742,1.0,1.0,1.0,7.0,-0.011635383958892742,1.0,1.0,1.0,7.0,-0.011635383958892742
2026-02-28,0.0,0.0,1.0,30.0,-0.02062027901215979,0.0,0.0,1.0,15.0,-0.02062027901215979,0.0,0.0,1.0,15.0,-0.02062027901215979,0.0,0.2857142857142857,0.7142857142857143,14.0,-0.0537787016795509,0.0,0.2857142857142857,0.7142857142857143,7.0,-0.0537787016795509,0.0,0.2857142857142857,0.7142857142857143,7.0,-0.0537787016795509
2026-03-31,0.0,0.0,1.0,30.0,0.001120221488659423,0.0,0.0,1.0,15.0,0.001120221488659423,0.0,0.0,1.0,15.0,0.001120221488659423,1.0,1.0,1.0,14.0,0.10423342503354394,1.0,1.0,1.0,7.0,0.10423342503354394,1.0,1.0,1.0,7.0,0.10423342503354394
2026-04-30,,,,,,,,,,,,,,,,,,,,,,,,,,,,,,
