date,asset,teacher_panel,feature_group,source_frequency,label_source,feature_source,excess_return,excess_return_source,n_daily_obs,ewm_return_3m,ewm_return_6m,ewm_return_12m,log_downside_1m,log_downside_3m,log_downside_6m,log_downside_12m,sharpe_3m,sharpe_6m,sharpe_12m,realized_vol_6m
1976-01-31,bond,bond_monthly_return_downside_sharpe_vol,return_downside_sharpe_vol,monthly,monthly_sjm,monthly_only,,monthly_rf,,,,,,,,,,,,
1976-02-29,bond,bond_monthly_return_downside_sharpe_vol,return_downside_sharpe_vol,monthly,monthly_sjm,monthly_only,0.004152721922510885,monthly_rf,,,,,,,,,,,,
1976-03-31,bond,bond_monthly_return_downside_sharpe_vol,return_downside_sharpe_vol,monthly,monthly_sjm,monthly_only,0.00797429906542058,monthly_rf,,,,,,,,,,,,
1976-04-30,bond,bond_monthly_return_downside_sharpe_vol,return_downside_sharpe_vol,monthly,monthly_sjm,monthly_only,0.0013796055796055735,monthly_rf,,,,,,,,,,,,
1976-05-31,bond,bond_monthly_return_downside_sharpe_vol,return_downside_sharpe_vol,monthly,monthly_sjm,monthly_only,-0.012788300009566619,monthly_rf,,0.0007003821073890324,,,-4.705798177987747,-5.148437791904215,,,-0.1321600791619902,,,
1976-06-30,bond,bond_monthly_return_downside_sharpe_vol,return_downside_sharpe_vol,monthly,monthly_sjm,monthly_only,0.009891928943811494,monthly_rf,,0.0025965933851354976,,,-5.052371768221913,-5.2639623219764555,,,-0.05404687044360243,,,
1976-07-31,bond,bond_monthly_return_downside_sharpe_vol,return_downside_sharpe_vol,monthly,monthly_sjm,monthly_only,0.007008710138029543,monthly_rf,,0.00350681075055428,,,-5.398945358437106,-5.3794868520461145,,,0.13597742880488597,,,
1976-08-31,bond,bond_monthly_return_downside_sharpe_vol,return_downside_sharpe_vol,monthly,monthly_sjm,monthly_only,0.013677305231464026,monthly_rf,,0.005604978412447576,0.004702910251741518,,-5.745518948625466,-5.495011382112875,-5.640250701082328,,3.732566865807815,0.528113223242583,,0.008566202520908986
1976-09-30,bond,bond_monthly_return_downside_sharpe_vol,return_downside_sharpe_vol,monthly,monthly_sjm,monthly_only,0.009373340728415516,monthly_rf,,0.006382389576133102,0.005212460203583077,,-6.092092538775878,-5.610535912176383,-5.69801296611225,,3.6296331347772726,0.5483500325787124,,0.008675295253241462
1976-10-31,bond,bond_monthly_return_downside_sharpe_vol,return_downside_sharpe_vol,monthly,monthly_sjm,monthly_only,0.0066595513814169316,monthly_rf,,0.006439567910780453,0.005370339706052557,,-6.438666128872625,-5.72606044223624,-5.755775231141175,,3.4274946368096844,0.6589219403972031,,0.008555018517375234
1976-11-30,bond,bond_monthly_return_downside_sharpe_vol,return_downside_sharpe_vol,monthly,monthly_sjm,monthly_only,0.020176815516463668,monthly_rf,,0.009273554866259085,0.0069857451967924675,,-6.785239718893477,-5.841584972291997,-5.8135374961690465,,2.067283629483429,2.392097094793198,,0.004653354307859768
1976-12-31,bond,bond_monthly_return_downside_sharpe_vol,return_downside_sharpe_vol,monthly,monthly_sjm,monthly_only,0.014233066149916155,monthly_rf,,0.010296699435453461,0.00777643720282664,,-7.131813308806999,-5.9571095023431555,-5.8712997611958,,2.4747686229301418,2.5004479748615753,,0.004741069723358993
1977-01-31,bond,bond_monthly_return_downside_sharpe_vol,return_downside_sharpe_vol,monthly,monthly_sjm,monthly_only,-0.022804152249134964,monthly_rf,,0.0034680111434445453,0.004440055693593609,,-4.126772385144378,-4.545855560410989,-4.829748081687251,,0.20343881605105416,0.4942810287616783,,0.013931321236114196
1977-02-28,bond,bond_monthly_return_downside_sharpe_vol,return_downside_sharpe_vol,monthly,monthly_sjm,monthly_only,0.0002925560063503116,monthly_rf,,0.0028129164189009165,0.003987558161202823,0.00424831476799346,-4.473345975398678,-4.661380090492773,-4.88751034672647,-5.1594010655361595,-0.18067163979712805,0.3389172402037571,0.40095176438120184,0.0137354955812624
1977-03-31,bond,bond_monthly_return_downside_sharpe_vol,return_downside_sharpe_vol,monthly,monthly_sjm,monthly_only,0.0036685879975397995,monthly_rf,,0.0029894410155044734,0.003952758107472202,0.0042157772045449265,-4.819919565642345,-4.776904620573142,-4.945272611765246,-5.188282198054391,-0.5338880708816864,0.27293516759424696,0.37104234854267837,0.01357246911835409
1977-04-30,bond,bond_monthly_return_downside_sharpe_vol,return_downside_sharpe_vol,monthly,monthly_sjm,monthly_only,0.005270294784580657,monthly_rf,,0.0034599799483720733,0.0040965030478418525,0.004274962728513669,-5.166493155870974,-4.892429150651926,-5.003034876803553,-5.217163330572472,1.4831474081877511,0.25664313169199543,0.4005453512188663,0.013531869504813032
1977-05-31,bond,bond_monthly_return_downside_sharpe_vol,return_downside_sharpe_vol,monthly,monthly_sjm,monthly_only,0.0032144338807261006,monthly_rf,,0.0034093239237700363,0.004000268171020641,0.0042154398180107005,-5.513066746078335,-5.007953680728929,-5.060797141841363,-5.246044463090399,4.594084847486404,0.05694178138193348,0.5812696354924572,0.011341369130593573
1977-06-30,bond,bond_monthly_return_downside_sharpe_vol,return_downside_sharpe_vol,monthly,monthly_sjm,monthly_only,0.010163090128755495,monthly_rf,,0.004802622339484899,0.004672639946482378,0.0045492557796301914,-5.85964033625562,-5.123478210803933,-5.118559406878647,-5.274925595608169,2.1327490976745596,-0.0030671878200444077,0.5829706166493668,0.010606319893889585
1977-07-31,bond,bond_monthly_return_downside_sharpe_vol,return_downside_sharpe_vol,monthly,monthly_sjm,monthly_only,-0.004792467202708446,monthly_rf,,0.002823160413794947,0.0036399846235666195,0.004024945156509216,-5.535673798640233,-5.161215904371628,-5.138521463623373,-5.278397233319077,0.4683093553143754,0.6505553079485263,0.4671011783064298,0.004564432717110419
1977-08-31,bond,bond_monthly_return_downside_sharpe_vol,return_downside_sharpe_vol,monthly,monthly_sjm,monthly_only,0.00516978319783186,monthly_rf,,0.0033072674598554896,0.0038068876090060384,0.004089199978446593,-5.882247388815171,-5.276740434443598,-5.1962837286599,-5.307278365836663,0.5651483162254539,0.8503073624780644,0.41285797119703316,0.004448141104232972
1977-09-30,bond,bond_monthly_return_downside_sharpe_vol,return_downside_sharpe_vol,monthly,monthly_sjm,monthly_only,-0.0043,monthly_rf,,0.001737892184189029,0.0029224157789712797,0.003618350363605556,-5.620195096557329,-5.307765756452216,-5.21841904111513,-5.314259105685699,-0.2852082410583061,0.45646250084569384,0.29775598409720455,0.00537654051872295
1977-10-31,bond,bond_monthly_return_downside_sharpe_vol,return_downside_sharpe_vol,monthly,monthly_sjm,monthly_only,-0.010184791544333478,monthly_rf,,-0.0007217511978630958,0.0014924026583983982,0.002843639536870358,-4.873828242843067,-5.05255083988546,-5.096268712909767,-5.229685056200474,-0.49089596099026656,-0.017638270422910104,0.15387838481752605,0.006897421743749079
1977-11-30,bond,bond_monthly_return_downside_sharpe_vol,return_downside_sharpe_vol,monthly,monthly_sjm,monthly_only,0.003939112835216756,monthly_rf,,0.0002397826006209048,0.0017593418750283581,0.0029051237286789014,-5.220401833068852,-5.168075369959628,-5.154030977946713,-5.2585661887183335,-0.6068371994042658,-0.00012624407027028906,0.03424911089727644,0.0069608355013791815
1977-12-31,bond,bond_monthly_return_downside_sharpe_vol,return_downside_sharpe_vol,monthly,monthly_sjm,monthly_only,-0.009329956536275536,monthly_rf,,-0.0017344495497902054,0.000549485203430804,0.0022184214394136864,-4.876397960669168,-5.019026476503,-5.073160023398994,-5.199957218237628,-0.802949277243537,-0.5478504257367457,-0.18772279778646483,0.005931764806291343
1978-01-31,bond,bond_monthly_return_downside_sharpe_vol,return_downside_sharpe_vol,monthly,monthly_sjm,monthly_only,-0.007250768197464492,monthly_rf,,-0.0028724631853095125,-0.00030153244143705084,0.0016869566626965136,-4.900891911449379,-4.998520957527627,-5.054923522134532,-5.179949925853558,-0.7231401323788462,-0.5992690112679233,-0.05451882924184995,0.006106500816990862
1978-02-28,bond,bond_monthly_return_downside_sharpe_vol,return_downside_sharpe_vol,monthly,monthly_sjm,monthly_only,-0.0007289236724732986,monthly_rf,,-0.0024302521112791026,-0.0003481613725986839,0.0015513637184063273,-5.242688904258964,-5.112531306093015,-5.111886616945625,-5.208332618850534,-1.5746768047502346,-0.9329694199525038,-0.06799457087231087,0.004976105774747742
1978-03-31,bond,bond_monthly_return_downside_sharpe_vol,return_downside_sharpe_vol,monthly,monthly_sjm,monthly_only,-0.002114485707100406,monthly_rf,,-0.002365109668185145,-0.0005408696216727339,0.0013456153997943431,-5.5150475295904595,-5.212278302324314,-5.162162808012811,-5.232791886734526,-1.1993475207109046,-0.8443446875423108,-0.14675793359208464,0.005067009006334286
1978-04-30,bond,bond_monthly_return_downside_sharpe_vol,return_downside_sharpe_vol,monthly,monthly_sjm,monthly_only,-0.003979426756914801,monthly_rf,,-0.002698142434484952,-0.0009160206128753263,0.0010467437487500853,-5.520799049850724,-5.262896573657866,-5.191224788404232,-5.245420292468628,-1.7076548629414856,-0.7480824946926012,-0.28194105813337184,0.004336519962396555
1978-05-31,bond,bond_monthly_return_downside_sharpe_vol,return_downside_sharpe_vol,monthly,monthly_sjm,monthly_only,-0.009606008010680907,monthly_rf,,-0.00412323146942672,-0.0018641093773202127,0.00044885073442072225,-4.911892064790568,-5.0591388003853925,-5.093460596206492,-5.184206093285274,-1.64345879112168,-1.597855981286873,-0.4479713565557908,0.0034431105658572596
1978-06-30,bond,bond_monthly_return_downside_sharpe_vol,return_downside_sharpe_vol,monthly,monthly_sjm,monthly_only,-0.005651466890192842,monthly_rf,,-0.004438505632903239,-0.002277314936835433,0.00010646621487930721,-5.02664751454555,-5.081085696742421,-5.101816379717842,-5.183732822315433,-2.717994915100807,-1.6258809776828922,-0.8524742299604492,0.0030066857729926775
1978-07-31,bond,bond_monthly_return_downside_sharpe_vol,return_downside_sharpe_vol,monthly,monthly_sjm,monthly_only,0.005802699756854151,monthly_rf,,-0.0023257503477074875,-0.0013957749763090052,0.00042617123754823665,-5.373221104762387,-5.196610226816035,-5.159578644754734,-5.212613954833538,-0.4823208250191733,-0.5728629800723704,-0.5809190155712525,0.004735748874019449
1978-08-31,bond,bond_monthly_return_downside_sharpe_vol,return_downside_sharpe_vol,monthly,monthly_sjm,monthly_only,0.010233540578628957,monthly_rf,,0.00026522476440838847,-0.00012700174211478202,0.0009766165826008786,-5.719794694953074,-5.312134756887236,-5.217340909791044,-5.24149508735149,0.517197349161671,-0.1300929095087698,-0.4420996489145894,0.006809424444800338
1978-09-30,bond,bond_monthly_return_downside_sharpe_vol,return_downside_sharpe_vol,monthly,monthly_sjm,monthly_only,-0.00660803003101042,monthly_rf,,-0.0011527240846637753,-0.0008340902362020198,0.0005509230783454788,-5.255898856168007,-5.236148393321147,-5.191534860898358,-5.226048752238422,0.44088980279094053,-0.22888609295045423,-0.4669404416424237,0.007142338229978425
1978-10-31,bond,bond_monthly_return_downside_sharpe_vol,return_downside_sharpe_vol,monthly,monthly_sjm,monthly_only,-0.020923601926687824,monthly_rf,,-0.005231445784305952,-0.0030258817135686606,-0.000654349397396174,-4.1832987593846,-4.545004971167082,-4.746753576110025,-4.933694078479107,-0.45281384943975567,-0.43694647240138934,-0.48977681403962625,0.010204478965671945
1978-11-30,bond,bond_monthly_return_downside_sharpe_vol,return_downside_sharpe_vol,monthly,monthly_sjm,monthly_only,0.0027714474991719145,monthly_rf,,-0.003580453109319088,-0.002393385665096206,-0.00046207419196336885,-4.529872349637408,-4.660529501248875,-4.804515841149836,-4.962575210998367,-0.8470947845211695,-0.23474238381386098,-0.5079839350996537,0.01020651574026969
1978-12-31,bond,bond_monthly_return_downside_sharpe_vol,return_downside_sharpe_vol,monthly,monthly_sjm,monthly_only,-0.017394882729211053,monthly_rf,,-0.006430362673732473,-0.004030068224605073,-0.0014124397093456826,-4.23559082609402,-4.460802599944459,-4.642483418833266,-4.8348802781537,-1.1351678916414176,-0.3731815759325209,-0.5422135174386014,0.01166493227179844
1979-01-31,bond,bond_monthly_return_downside_sharpe_vol,return_downside_sharpe_vol,monthly,monthly_sjm,monthly_only,0.011013256603461126,monthly_rf,,-0.0028317531919138162,-0.00238882220243179,-0.0007150389633808541,-4.582164416345369,-4.576327130027183,-4.700245683873756,-4.863761410673344,-0.10084334534490332,-0.2776855264999441,-0.3264581073120856,0.012549129626066047
1979-02-28,bond,bond_monthly_return_downside_sharpe_vol,return_downside_sharpe_vol,monthly,monthly_sjm,monthly_only,-0.01152661139559455,monthly_rf,,-0.004625497865975986,-0.0033857667167692023,-0.0013218458971305021,-4.519094722990876,-4.550775461237137,-4.668189619255146,-4.8304227711498395,-0.48748993686483205,-0.6392899222449853,-0.4108043592213773,0.011123910162230456
1979-03-31,bond,bond_monthly_return_downside_sharpe_vol,return_downside_sharpe_vol,monthly,monthly_sjm,monthly_only,0.0021848747041057735,monthly_rf,,-0.0032205215869158046,-0.0027780025969712206,-0.0011250287931528513,-4.8656683132328435,-4.666299991318864,-4.725951884295475,-4.8593039036695,0.06008189852976758,-0.48421377900386325,-0.36866076031755435,0.011659972898588613
1979-04-30,bond,bond_monthly_return_downside_sharpe_vol,return_downside_sharpe_vol,monthly,monthly_sjm,monthly_only,-0.009615900460531616,monthly_rf,,-0.004539884884675147,-0.003524026019111095,-0.0016015848014160193,-4.742854626599391,-4.661689428479334,-4.716372059128405,-4.844452569226035,-1.0421414288128625,-0.38362924612803945,-0.4104894450513951,0.009804525247606916
1979-05-31,bond,bond_monthly_return_downside_sharpe_vol,return_downside_sharpe_vol,monthly,monthly_sjm,monthly_only,0.01049385773245935,monthly_rf,,-0.0014384316902698773,-0.0019946569328550493,-0.0009227197757831859,-5.089428216831828,-4.7772139585597,-4.774134324168421,-4.8733337017456435,0.12373691358168075,-0.22471910882077206,-0.22937475300897944,0.0110103420679746
1979-06-30,bond,bond_monthly_return_downside_sharpe_vol,return_downside_sharpe_vol,monthly,monthly_sjm,monthly_only,0.013666761995551498,monthly_rf,,0.0016777618220233691,-0.0002859760520247409,-0.00010387508374912343,-5.436001807044575,-4.892738488638479,-4.831896589208043,-4.902214834265143,0.47027407285305894,0.26927004029508345,-0.07213967776929024,0.010037160193081738
1979-07-31,bond,bond_monthly_return_downside_sharpe_vol,return_downside_sharpe_vol,monthly,monthly_sjm,monthly_only,-0.007233509563053979,monthly_rf,,-0.00016062877753103013,-0.0010439608638409801,-0.0005040307192284046,-5.120838910711056,-4.900012996837506,-4.84162221275373,-4.903682410285581,0.6135475150261851,-0.03446108510571262,-0.16802091696196683,0.009820386196139404
1979-08-31,bond,bond_monthly_return_downside_sharpe_vol,return_downside_sharpe_vol,monthly,monthly_sjm,monthly_only,-0.01026450108797024,monthly_rf,,-0.0022450523206984574,-0.0020499336217320455,-0.0010518438272240044,-4.779902959152897,-4.8148518425367,-4.805298429215659,-4.878667058189125,-0.12003676550198679,-0.013355479279970795,-0.33038073959705366,0.009589281213734627
1979-09-30,bond,bond_monthly_return_downside_sharpe_vol,return_downside_sharpe_vol,monthly,monthly_sjm,monthly_only,-0.018740202571094572,monthly_rf,,-0.00564799314116842,-0.0038708633586899896,-0.002044615119256516,-4.232179804305256,-4.495062801397144,-4.6151732963662315,-4.753485585563062,-2.480508172316287,-0.30931213377948913,-0.3951623773120955,0.011689106021432454
1979-10-31,bond,bond_monthly_return_downside_sharpe_vol,return_downside_sharpe_vol,monthly,monthly_sjm,monthly_only,-0.0694826155420833,monthly_rf,,-0.01881704216648076,-0.011029189626956594,-0.005829619244359912,-2.9918786919058267,-3.4085452062579846,-3.6977186519715057,-3.9916301917683983,-1.2555158820689036,-0.494990057594916,-0.4093675958524541,0.02746190143343834
1979-11-30,bond,bond_monthly_return_downside_sharpe_vol,return_downside_sharpe_vol,monthly,monthly_sjm,monthly_only,0.01927260457708104,monthly_rf,,-0.010959168077832513,-0.007723225036648451,-0.0044207396791635725,-3.338452282177547,-3.524069736347608,-3.7554809170157686,-4.020511324290143,-0.6321384816597679,-0.4196977192126436,-0.3260461311342437,0.028902334091621146
1979-12-31,bond,bond_monthly_return_downside_sharpe_vol,return_downside_sharpe_vol,monthly,monthly_sjm,monthly_only,-0.006812046916999373,monthly_rf,,-0.010103619163672427,-0.007623814335792261,-0.004554953441476347,-3.6669379409905942,-3.632702377799772,-3.808076043939653,-4.045125775340284,-0.5103168946753209,-0.5802778187715759,-0.28934828245786604,0.02678609799298863
1980-01-31,bond,bond_monthly_return_downside_sharpe_vol,return_downside_sharpe_vol,monthly,monthly_sjm,monthly_only,-0.03846303818034124,monthly_rf,,-0.01595415239020772,-0.010988413188789568,-0.0064580680030925175,-3.4218171212655384,-3.5291439150432073,-3.709196318742103,-3.947848817401432,-0.3671583314526919,-0.7494480816694965,-0.4555805959176111,0.027684772915288366
1980-02-29,bond,bond_monthly_return_downside_sharpe_vol,return_downside_sharpe_vol,monthly,monthly_sjm,monthly_only,-0.06805374947633001,monthly_rf,,-0.026702271865515076,-0.017214314527512844,-0.009915167961617448,-2.9304344820814294,-3.2070730884707848,-3.4343047647703755,-3.6998961656592466,-1.510656182864875,-0.9473694883296425,-0.5430778245999387,0.03206757418823447
1980-03-31,bond,bond_monthly_return_downside_sharpe_vol,return_downside_sharpe_vol,monthly,monthly_sjm,monthly_only,-0.01129850387389797,monthly_rf,,-0.023524482630981506,-0.016568892001964423,-0.009992808640486288,-3.2550900540133267,-3.3125717919725224,-3.484606519569882,-3.7226075685994906,-1.6944072232533547,-0.8929555285061006,-0.5926621411210555,0.03263270936155746
1980-04-30,bond,bond_monthly_return_downside_sharpe_vol,return_downside_sharpe_vol,monthly,monthly_sjm,monthly_only,0.10076536750311454,monthly_rf,,0.0021164480771975677,-0.0037675738839062275,-0.003776429878304636,-3.6016636442825622,-3.4280963220624843,-3.542368784614605,-3.7514887011216094,0.1017604802323196,-0.014452409749955347,-0.16833922889290556,0.05292504210587308
1980-05-31,bond,bond_monthly_return_downside_sharpe_vol,return_downside_sharpe_vol,monthly,monthly_sjm,monthly_only,0.03905473145780047,monthly_rf,,0.009736796509666214,0.0009043945210597702,-0.0013725015096744632,-3.94823723454735,-3.5436208521520345,-3.600131049659213,-3.7803698336436926,0.9348085201577102,0.04632640308420058,-0.10825648253174172,0.05465839313222327
1980-06-30,bond,bond_monthly_return_downside_sharpe_vol,return_downside_sharpe_vol,monthly,monthly_sjm,monthly_only,0.012752083651350825,monthly_rf,,0.010358848661002656,0.002196992592249293,-0.0005797494594259663,-4.2948108248058485,-3.6591453822411224,-3.6578933147036987,-3.809250966165739,1.3787060152563004,0.10612037451750123,-0.11005297512307614,0.05458721010470336
1980-07-31,bond,bond_monthly_return_downside_sharpe_vol,return_downside_sharpe_vol,monthly,monthly_sjm,monthly_only,-0.025975706045396812,monthly_rf,,0.002863049136470495,-0.0008766849425638147,-0.002005114977919452,-3.8754188239459855,-3.6573691309227465,-3.6570917030871946,-3.7988796337446114,0.32236974267215507,0.14835014446368153,-0.1440597996522327,0.053077381428184904
1980-08-31,bond,bond_monthly_return_downside_sharpe_vol,return_downside_sharpe_vol,monthly,monthly_sjm,monthly_only,-0.042198974986613555,monthly_rf,,-0.00643322273821355,-0.005384999755746338,-0.004261022996883201,-3.4036981666812145,-3.508952710578021,-3.5732326341572227,-3.7319906282418893,-0.8014055548889786,0.25651976789455505,-0.19878304864151844,0.04749406404088283
1980-09-30,bond,bond_monthly_return_downside_sharpe_vol,return_downside_sharpe_vol,monthly,monthly_sjm,monthly_only,-0.017972034906782945,monthly_rf,,-0.008813673619357684,-0.006758261425537039,-0.00503056296415581,-3.6221171543182002,-3.5796808033588006,-3.606495630536311,-3.7443975884979155,-2.849171768245207,0.23013975989683869,-0.1974405081359321,0.04810516495271339
1980-10-31,bond,bond_monthly_return_downside_sharpe_vol,return_downside_sharpe_vol,monthly,monthly_sjm,monthly_only,-0.020964763890002507,monthly_rf,,-0.011320437150911432,-0.00830820905515265,-0.005924880942986951,-3.728919860552209,-3.626663560103422,-3.629011356301502,-3.750444542850143,-2.5077372118882537,-0.3405266167396585,-0.11814501238057303,0.02706820455872677
1980-11-30,bond,bond_monthly_return_downside_sharpe_vol,return_downside_sharpe_vol,monthly,monthly_sjm,monthly_only,-0.01146536901865375,monthly_rf,,-0.011350336518994813,-0.00865265925420662,-0.006235844644312632,-3.9728556282276575,-3.718616427615595,-3.6754769243146965,-3.7723024821119284,-4.236648764161053,-1.065001044186271,-0.18144726452351242,0.01656097988000341
1980-12-31,bond,bond_monthly_return_downside_sharpe_vol,return_downside_sharpe_vol,monthly,monthly_sjm,monthly_only,0.014201535711383939,monthly_rf,,-0.006078998717746191,-0.006159237287590085,-0.005088782624863507,-4.31942921848562,-3.8341409577038723,-3.7332391893590113,-3.8011836146339855,-0.4090691650454449,-1.0228617332123575,-0.13793913007217326,0.017007074325697907
1981-01-31,bond,bond_monthly_return_downside_sharpe_vol,return_downside_sharpe_vol,monthly,monthly_sjm,monthly_only,-0.009925429091196793,monthly_rf,,-0.006872515280627833,-0.006570133641092925,-0.005360242732102121,-4.444847997845044,-3.9229987510834983,-3.7805643553433064,-3.824232354015011,-0.20389251637398365,-0.8811287007249934,-0.08362716121159773,0.01670679816768064
1981-02-28,bond,bond_monthly_return_downside_sharpe_vol,return_downside_sharpe_vol,monthly,monthly_sjm,monthly_only,-0.02967383192347213,monthly_rf,,-0.011576414910916603,-0.009090776739399339,-0.0067248596366427105,-3.7913653625934662,-3.8082709023170476,-3.7441519785571518,-3.8010146407295817,-0.4718552065789995,-0.9258633947933782,-0.006070033592985227,0.013644902250056917
1981-03-31,bond,bond_monthly_return_downside_sharpe_vol,return_downside_sharpe_vol,monthly,monthly_sjm,monthly_only,0.011673067934563575,monthly_rf,,-0.0067800588287523465,-0.0068254146691350956,-0.005692263306476337,-4.137938952855082,-3.923795432404852,-3.8019142436013005,-3.8298957732516015,-0.551287671952353,-0.4812608060253098,0.04559122284425465,0.015983984046570792
1981-04-30,bond,bond_monthly_return_downside_sharpe_vol,return_downside_sharpe_vol,monthly,monthly_sjm,monthly_only,-0.04645806045340048,monthly_rf,,-0.01496560969391929,-0.011149387127688327,-0.007980271690426111,-3.3600291307726344,-3.5941585453919407,-3.6469833895426755,-3.7383816959086693,-0.8795789690201344,-0.5576553152249247,-0.4328163884695005,0.021413492313655903
1981-05-31,bond,bond_monthly_return_downside_sharpe_vol,return_downside_sharpe_vol,monthly,monthly_sjm,monthly_only,0.024415435474655144,monthly_rf,,-0.006841320789445976,-0.00726921939266122,-0.00616204035962334,-3.706602721040682,-3.709683075480809,-3.704745654587057,-3.7672628284307685,-0.11204834198835958,-0.23507991640988865,-0.5315572466029715,0.025358243338612793
1981-06-30,bond,bond_monthly_return_downside_sharpe_vol,return_downside_sharpe_vol,monthly,monthly_sjm,monthly_only,-0.01578508391773696,monthly_rf,,-0.008686414418535208,-0.008198311128490194,-0.006702140293416469,-3.880299256230115,-3.773917946176627,-3.73792427784118,-3.7824678933852622,-0.43448663187779746,-0.4604812284681543,-0.6772891673336621,0.023798980251074495
1981-07-31,bond,bond_monthly_return_downside_sharpe_vol,return_downside_sharpe_vol,monthly,monthly_sjm,monthly_only,-0.03167025746327593,monthly_rf,,-0.013427969149529225,-0.010759130561356483,-0.00810349303061884,-3.6218914883468614,-3.688561167601084,-3.6975814491945225,-3.756890618638794,-0.32537743714618617,-0.583524769530839,-0.6892861686744528,0.024991435643630485
1981-08-31,bond,bond_monthly_return_downside_sharpe_vol,return_downside_sharpe_vol,monthly,monthly_sjm,monthly_only,-0.0338984055403447,monthly_rf,,-0.017651009409830398,-0.013283655122867272,-0.009551250224542786,-3.489167952218982,-3.6088838632513776,-3.652199738989103,-3.726766309780404,-3.3624261762763785,-0.6003990857163768,-0.6820011337599913,0.025461759837207748
1981-09-30,bond,bond_monthly_return_downside_sharpe_vol,return_downside_sharpe_vol,monthly,monthly_sjm,monthly_only,-0.013058111220796286,monthly_rf,,-0.016703496929224078,-0.013259047994035697,-0.009748075208287275,-3.751721443785107,-3.6950720503268566,-3.6946745049351146,-3.7469731573758636,-2.8050693460741365,-0.8586098768889165,-0.6631374603543647,0.022605237887104262
1981-10-31,bond,bond_monthly_return_downside_sharpe_vol,return_downside_sharpe_vol,monthly,monthly_sjm,monthly_only,0.04642815278235091,monthly_rf,,-0.0036794707999701012,-0.0067470978787169825,-0.00659514580136282,-4.098295034047437,-3.8105965804152517,-3.7524367699793846,-3.7758542898979526,-0.005174747235552907,-0.13303437495549808,-0.3040068028072641,0.02952654140735375
1981-11-30,bond,bond_monthly_return_downside_sharpe_vol,return_downside_sharpe_vol,monthly,monthly_sjm,monthly_only,0.07453213313632483,monthly_rf,,0.012455541954027451,0.002120570413591571,-0.002041821510721133,-4.444868624302458,-3.9261211105030434,-3.810199035023512,-3.8047354224200047,0.9849870552225107,0.10750061005443766,-0.02221821303969582,0.04116011956030278
1981-12-31,bond,bond_monthly_return_downside_sharpe_vol,return_downside_sharpe_vol,monthly,monthly_sjm,monthly_only,-0.046105947689000296,monthly_rf,,0.00037433744308324086,-0.003141004531029335,-0.004514950878557632,-3.3919830975225858,-3.59959128550954,-3.655033588042046,-3.7200552179968622,0.48413230445833727,-0.013968180274976363,-0.15929434195910633,0.04501225786506471
1982-01-31,bond,bond_monthly_return_downside_sharpe_vol,return_downside_sharpe_vol,monthly,monthly_sjm,monthly_only,-0.001672299560783179,monthly_rf,,-4.7882694315879435e-05,-0.0029807669361018247,-0.004355405119541252,-3.737322727377105,-3.7146296393787246,-3.7125398705515584,-3.7487947766561023,0.17901679729172984,0.10187844152281877,-0.1404107638885535,0.04290328996520489
1982-02-28,bond,bond_monthly_return_downside_sharpe_vol,return_downside_sharpe_vol,monthly,monthly_sjm,monthly_only,0.010329516200621267,monthly_rf,,0.0020929692393628374,-0.0015285979839703093,-0.0035312038172318778,-4.083896317639686,-3.8301541694670225,-3.7703021355957853,-3.7776759091781886,-0.5142351833255755,0.29842816032662184,-0.049525339036887196,0.03934695906368063
1982-03-31,bond,bond_monthly_return_downside_sharpe_vol,return_downside_sharpe_vol,monthly,monthly_sjm,monthly_only,0.0028977216659411865,monthly_rf,,0.00225898924167897,-0.0010456808362443604,-0.003170375955770614,-4.4304699078950645,-3.945678699554705,-3.828064400639867,-3.806557041700239,0.7787502165603605,0.37798952187824214,-0.07033754260841114,0.038100384416220615
1982-04-30,bond,bond_monthly_return_downside_sharpe_vol,return_downside_sharpe_vol,monthly,monthly_sjm,monthly_only,0.016714616321559107,monthly_rf,,0.005241177504828246,0.0008919903498804869,-0.002054317096886267,-4.777043498140255,-4.061203229641697,-3.8858266656837954,-3.8354381742222516,1.7676961895384642,0.2665151727021557,0.08289094862214881,0.03545497960349659
1982-05-31,bond,bond_monthly_return_downside_sharpe_vol,return_downside_sharpe_vol,monthly,monthly_sjm,monthly_only,0.005639197100641256,monthly_rf,,0.005323288738092491,0.0014099166916413217,-0.0016225133246568857,-5.123617088371039,-4.176727759727912,-3.9435889307275613,-3.8643193067442256,1.4092119076101346,-0.09899680201471768,0.03658923890365821,0.020534663262175137
1982-06-30,bond,bond_monthly_return_downside_sharpe_vol,return_downside_sharpe_vol,monthly,monthly_sjm,monthly_only,-0.025305370002057404,monthly_rf,,-0.0009953874498129364,-0.0015047553318895466,-0.002951729933336934,-3.996367571559588,-4.025023225864064,-3.9065263444238028,-3.8517048383538666,-0.05532743056966444,0.10802797292149455,0.012126051078545006,0.013273385729956951
1982-07-31,bond,bond_monthly_return_downside_sharpe_vol,return_downside_sharpe_vol,monthly,monthly_sjm,monthly_only,0.032490523968784664,monthly_rf,,0.005912738462786774,0.0022041732169912004,-0.0009625090729704299,-4.342941161817027,-4.140547755950532,-3.964288609467508,-3.8805859708758184,0.18102144626234398,0.40953814091892266,0.17545845883183475,0.017404241908976586
1982-08-31,bond,bond_monthly_return_downside_sharpe_vol,return_downside_sharpe_vol,monthly,monthly_sjm,monthly_only,0.046979464226067295,monthly_rf,,0.014384782387306762,0.007089214861720744,0.0017282671298339592,-4.689514752065133,-4.2560722860361615,-4.022050874511037,-3.9094671033977297,0.578205772435794,0.5757072819944259,0.38746907530344715,0.022990894783184505
1982-09-30,bond,bond_monthly_return_downside_sharpe_vol,return_downside_sharpe_vol,monthly,monthly_sjm,monthly_only,0.03537890535917897,monthly_rf,,0.018715858913829125,0.0101756563584065,0.003616932329155628,-5.036088342300039,-4.3715968161208485,-4.07981313955438,-3.9383482359195994,6.114131405689618,0.7858599108831201,0.5194965966408739,0.023731400346683643
1982-10-31,bond,bond_monthly_return_downside_sharpe_vol,return_downside_sharpe_vol,monthly,monthly_sjm,monthly_only,0.04706803652968029,monthly_rf,,0.0245648982431846,0.014200662325946401,0.006055655417149428,-5.382661932516278,-4.487121346204477,-4.137575404597526,-3.967229368441426,7.858954227375784,0.9148701564408206,0.52034556762449,0.025914562151313603
1982-11-30,bond,bond_monthly_return_downside_sharpe_vol,return_downside_sharpe_vol,monthly,monthly_sjm,monthly_only,0.0034716102919918057,monthly_rf,,0.020213364033587602,0.013030108995902954,0.005910624108438437,-5.729235522706118,-4.6026458762869185,-4.195337669640463,-3.996110500963209,1.5543749221018408,0.8918729869490094,0.39869216147592373,0.026177712973738953
1982-12-31,bond,bond_monthly_return_downside_sharpe_vol,return_downside_sharpe_vol,monthly,monthly_sjm,monthly_only,0.013398488318827322,monthly_rf,,0.018807458758148824,0.013070299652244597,0.006330885633792661,-6.0758091128586225,-4.718170406368028,-4.253099934683179,-4.024991633484946,1.1423299594597864,1.8282397084178836,0.7601301171889185,0.016298649447731982
1983-01-31,bond,bond_monthly_return_downside_sharpe_vol,return_downside_sharpe_vol,monthly,monthly_sjm,monthly_only,-0.005216025820937591,monthly_rf,,0.013851426525454206,0.011075238102617454,0.0056828072919923,-5.513912756984175,-4.791226401730608,-4.302690863984713,-4.051344273248784,0.5108105082013982,1.1348785729227868,0.7360782101244671,0.020718880160993432
1983-02-28,bond,bond_monthly_return_downside_sharpe_vol,return_downside_sharpe_vol,monthly,monthly_sjm,monthly_only,0.022491510226954264,monthly_rf,,0.01563387124852702,0.012320768025441312,0.006626207297146275,-5.860486347161373,-4.9067509318091815,-4.360453129026982,-4.080225405770431,0.8866307184613472,1.0845715694852387,0.7837033655399076,0.017916832812076042
1983-03-31,bond,bond_monthly_return_downside_sharpe_vol,return_downside_sharpe_vol,monthly,monthly_sjm,monthly_only,-0.0036851936590945045,monthly_rf,,0.011648358319605662,0.01057449708826184,0.0060474728312626186,-5.7156188458437,-4.991012248810529,-4.413143977685515,-4.107695418407102,0.3562516104304157,0.7164105930527803,0.7421197753796553,0.01803631107517961
1983-04-30,bond,bond_monthly_return_downside_sharpe_vol,return_downside_sharpe_vol,monthly,monthly_sjm,monthly_only,0.020772860635696826,monthly_rf,,0.013530738348072132,0.011687151624157833,0.006873945342815097,-6.062192435997929,-5.106536778885841,-4.470906242727269,-4.136576550928652,1.103529149687643,0.7729337333503901,0.756443507863454,0.011047357140333959
1983-05-31,bond,bond_monthly_return_downside_sharpe_vol,return_downside_sharpe_vol,monthly,monthly_sjm,monthly_only,-0.020009208161539376,monthly_rf,,0.00661146502461785,0.008229038141253267,0.005365109875099663,-4.251406053258193,-4.54978109771212,-4.36950132926915,-4.1208759843739236,-0.05810809264940467,0.2996433376341588,0.5967015421544779,0.015436369427972302
1983-06-30,bond,bond_monthly_return_downside_sharpe_vol,return_downside_sharpe_vol,monthly,monthly_sjm,monthly_only,-0.005628762720942665,monthly_rf,,0.004086312478873888,0.006717134303431779,0.004748071219356893,-4.525430597301154,-4.629743240799661,-4.415299175796501,-4.1461938989325855,-0.09602361562957965,0.09528359441117187,0.7365157532281629,0.015261774693892496
1983-07-31,bond,bond_monthly_return_downside_sharpe_vol,return_downside_sharpe_vol,monthly,monthly_sjm,monthly_only,-0.031049010165864182,monthly_rf,,-0.0031620861021145227,0.0025967995309344534,0.0027389354226220065,-3.761354877374953,-4.100380236266183,-4.17707128449473,-4.072007689497688,-1.8155634926611106,-0.14568599242595984,0.4289984265870862,0.019571549695154598
1983-08-31,bond,bond_monthly_return_downside_sharpe_vol,return_downside_sharpe_vol,monthly,monthly_sjm,monthly_only,-0.0006403331871986427,monthly_rf,,-0.0026418498021693135,0.0022436242018362847,0.0025492716492626446,-4.107549424415091,-4.215710640136202,-4.2347269156473955,-4.100846854601824,-0.9341909704817672,-0.4143720888767725,0.29592818605418875,0.01618498942401135
1983-09-30,bond,bond_monthly_return_downside_sharpe_vol,return_downside_sharpe_vol,monthly,monthly_sjm,monthly_only,0.0253795918367346,monthly_rf,,0.0031389588691038083,0.004767787927867314,0.0038306390614815155,-4.4541230146698805,-4.33123517022123,-4.292489180689952,-4.129727987123385,-0.09120737064047921,-0.09214379447964267,0.269306643423658,0.02021272263579554
1983-10-31,bond,bond_monthly_return_downside_sharpe_vol,return_downside_sharpe_vol,monthly,monthly_sjm,monthly_only,-0.00401747010168058,monthly_rf,,0.0016625913365988388,0.0038093050153757617,0.003390158540549944,-4.744336643089943,-4.434776707703631,-4.344991283993635,-4.156758339047399,0.5258881907070175,-0.3421828239365364,0.07782844196307555,0.01751753253065488
1983-11-30,bond,bond_monthly_return_downside_sharpe_vol,return_downside_sharpe_vol,monthly,monthly_sjm,monthly_only,0.004444170297653322,monthly_rf,,0.002236429613198073,0.003878569631480439,0.003449315674858947,-5.090910233322309,-4.550301237786628,-4.4027535490357135,-4.185639471568859,0.6961772673639588,-0.11555595216283933,0.08271971173327487,0.016603520956933758
1983-12-31,bond,bond_monthly_return_downside_sharpe_vol,return_downside_sharpe_vol,monthly,monthly_sjm,monthly_only,-0.005379617999688473,monthly_rf,,0.0006652429965795263,0.0028684894932226547,0.002953785704087232,-5.153533265747072,-4.633210994730972,-4.448832297598378,-4.210816263848811,-0.379914340917826,-0.11311649176300674,-0.01319230126888774,0.016594499387059577
1984-01-31,bond,bond_monthly_return_downside_sharpe_vol,return_downside_sharpe_vol,monthly,monthly_sjm,monthly_only,0.013017488603398294,monthly_rf,,0.0032135047681814514,0.003975758305735373,0.003518617946278299,-5.5001068559553685,-4.748735524811702,-4.506594562639955,-4.2396973963701665,0.5358102203788464,0.5063653802783278,0.0800316701017765,0.010797153835223828
1984-02-29,bond,bond_monthly_return_downside_sharpe_vol,return_downside_sharpe_vol,monthly,monthly_sjm,monthly_only,-0.012226383108313926,monthly_rf,,2.8264020395980978e-05,0.0022080839085910986,0.00263491894026185,-4.697785350297657,-4.655639042256821,-4.494342905398152,-4.247625995915726,-0.14349020521627687,0.2806140123722769,-0.10305145146361373,0.012601995737280427
1984-03-31,bond,bond_monthly_return_downside_sharpe_vol,return_downside_sharpe_vol,monthly,monthly_sjm,monthly_only,-0.018523917147084262,monthly_rf,,-0.003799041196302882,-5.3803982098922856e-05,0.0014473647220041633,-4.226843076359252,-4.427949715334561,-4.40701461915899,-4.22894048126509,-0.4336996208951497,-0.36576598347648187,-0.17545999752634317,0.010337087317370186
1984-04-30,bond,bond_monthly_return_downside_sharpe_vol,return_downside_sharpe_vol,monthly,monthly_sjm,monthly_only,-0.01006068314328468,monthly_rf,,-0.0050908146364411246,-0.0011455673259990154,0.0008014676258728575,-4.379105993410436,-4.458783690978162,-4.424727006682143,-4.243838733386026,-3.78960455228892,-0.4516243273455535,-0.3720286990271503,0.010602079632374216
1984-05-31,bond,bond_monthly_return_downside_sharpe_vol,return_downside_sharpe_vol,monthly,monthly_sjm,monthly_only,-0.03897406813834467,monthly_rf,,-0.012080912011831233,-0.005272705255455144,-0.0014309616573477315,-3.5422034624894856,-3.887947995368628,-4.066763969418061,-4.090926125397842,-1.8554061358303955,-0.7751916369949752,-0.4139228228503354,0.015511687150535795
1984-06-30,bond,bond_monthly_return_downside_sharpe_vol,return_downside_sharpe_vol,monthly,monthly_sjm,monthly_only,0.005306830309498363,monthly_rf,,-0.00849382991661693,-0.004118464363838847,-0.0010527984522007306,-3.88877705275515,-4.003472525455975,-4.1245262344612525,-4.119807257919421,-0.7940114360683853,-0.6120064765430779,-0.352688254972774,0.016737495156265925
1984-07-31,bond,bond_monthly_return_downside_sharpe_vol,return_downside_sharpe_vol,monthly,monthly_sjm,monthly_only,0.03679473129610121,monthly_rf,,0.0008491764405037213,0.0003452177276357213,0.0010714201682227665,-4.235350643014888,-4.118997055542589,-4.182288499504237,-4.148688390440949,0.0335433670393373,-0.26951911455791644,-0.02130470490116389,0.02330291736550973
1984-08-31,bond,bond_monthly_return_downside_sharpe_vol,return_downside_sharpe_vol,monthly,monthly_sjm,monthly_only,0.008539770091761741,monthly_rf,,0.002435741865628272,0.0012392538948279833,0.001490586440815013,-4.581924233266244,-4.234521585628382,-4.240050764547004,-4.177569522962423,1.1935339326919565,-0.11896095618331336,0.01862108279298855,0.0237015253763452
1984-09-30,bond,bond_monthly_return_downside_sharpe_vol,return_downside_sharpe_vol,monthly,monthly_sjm,monthly_only,0.015150495834986118,monthly_rf,,0.005058788921748375,0.0027569882227591095,0.0022572582442686577,-4.928497823505747,-4.350046115713253,-4.2978130295895385,-4.2064506554838434,1.6708068992546363,0.1198547892200242,-0.026964075887517442,0.023301914423623955
1984-10-31,bond,bond_monthly_return_downside_sharpe_vol,return_downside_sharpe_vol,monthly,monthly_sjm,monthly_only,0.032427471303337015,monthly_rf,,0.010704933701578346,0.005994075960245534,0.003950582188748615,-5.2750714137284875,-4.465570645797089,-4.355575294631827,-4.235331788005207,1.857411329270389,0.39924987039238435,0.12471476272043704,0.02473189310273197
1984-11-30,bond,bond_monthly_return_downside_sharpe_vol,return_downside_sharpe_vol,monthly,monthly_sjm,monthly_only,0.010587840914370789,monthly_rf,,0.01068077752116637,0.0064952616053025845,0.0043231028966335865,-5.6216450039275205,-4.581095175879763,-4.413337559673857,-4.264212920526514,2.0612684046432,1.5017176170643527,0.14896017307737766,0.012075854397729319
1984-12-31,bond,bond_monthly_return_downside_sharpe_vol,return_downside_sharpe_vol,monthly,monthly_sjm,monthly_only,0.008206536425050055,monthly_rf,,0.01017034288444905,0.006681963881751194,0.004541063272570917,-5.968218594093028,-4.696619705961131,-4.47109982471561,-4.293094053047762,1.566414640657837,1.604773343383778,0.20538885149312489,0.011601518506910194
1985-01-31,bond,bond_monthly_return_downside_sharpe_vol,return_downside_sharpe_vol,monthly,monthly_sjm,monthly_only,0.016264081338851884,monthly_rf,,0.011427477922382818,0.007727385179250711,0.00519902571898586,-6.3147921842111225,-4.8121442360410365,-4.528862089757072,-4.321975185568948,3.4575300150501245,1.832800249632079,0.2172057302302479,0.00829115592526279
1985-02-28,bond,bond_monthly_return_downside_sharpe_vol,return_downside_sharpe_vol,monthly,monthly_sjm,monthly_only,-0.026253945632092907,monthly_rf,,0.0036538200629241237,0.004019978428435938,0.0034337060837035622,-3.9841434307614803,-4.27212196339465,-4.314120988835121,-4.246283247187281,-0.03223695832633385,0.5302393281398251,0.15086170107515592,0.017722336936392285
1985-03-31,bond,bond_monthly_return_downside_sharpe_vol,return_downside_sharpe_vol,monthly,monthly_sjm,monthly_only,0.014187085185683995,monthly_rf,,0.005826827117419511,0.005129222808455719,0.004037246876796527,-4.330717021019193,-4.387646493479196,-4.371883253877338,-4.275164379708566,0.07148337661064973,0.5226109823720375,0.28737571848043475,0.0176737801160524
1985-04-30,bond,bond_monthly_return_downside_sharpe_vol,return_downside_sharpe_vol,monthly,monthly_sjm,monthly_only,0.013483888571051412,monthly_rf,,0.007406474867811196,0.0060407275526639295,0.004567446134736354,-4.677290611267686,-4.503171023562668,-4.429645518919291,-4.3040455122297905,0.02499099002219304,0.41386645875983985,0.39047416870315044,0.014688911535108708
1985-05-31,bond,bond_monthly_return_downside_sharpe_vol,return_downside_sharpe_vol,monthly,monthly_sjm,monthly_only,0.045657146552839194,monthly_rf,,0.015297568317187357,0.01036292964827247,0.006873633812405681,-5.02386420150314,-4.618695553644934,-4.487407783960965,-4.332926644750954,1.6291205192430671,0.568925142067466,0.8645596658760263,0.020959052766876998
1985-06-30,bond,bond_monthly_return_downside_sharpe_vol,return_downside_sharpe_vol,monthly,monthly_sjm,monthly_only,0.00507160417947145,monthly_rf,,0.013187957294271108,0.009785639256889609,0.0067724936606892916,-5.370437791720153,-4.7342200837258455,-4.545170049002341,-4.361807777272053,1.2238037813130351,0.540774369482889,0.8628820123876546,0.021083919669361285
1985-07-31,bond,bond_monthly_return_downside_sharpe_vol,return_downside_sharpe_vol,monthly,monthly_sjm,monthly_only,-0.009687004825041496,monthly_rf,,0.008468864640923276,0.007661148826353988,0.0058486929952630265,-4.879780005266632,-4.712549909780865,-4.554404652836733,-4.373828364310332,0.5846439398435662,0.31774068937309463,0.6441805552123154,0.022271187087483588
1985-08-31,bond,bond_monthly_return_downside_sharpe_vol,return_downside_sharpe_vol,monthly,monthly_sjm,monthly_only,0.013298063229849005,monthly_rf,,0.00946512576973698,0.008276143413508479,0.006266794019767699,-5.226353595492093,-4.828074439860554,-4.612166917877744,-4.402709496831338,0.3043637140064217,0.825968222668936,0.6674858253280919,0.01654841365524891
1985-09-30,bond,bond_monthly_return_downside_sharpe_vol,return_downside_sharpe_vol,monthly,monthly_sjm,monthly_only,3.059227604951774e-05,monthly_rf,,0.007518786472403864,0.0073765432147723225,0.005916782910645894,-5.572927185694976,-4.9435989699385745,-4.669929182918417,-4.431590629352276,0.12885081962687292,0.6537601967480282,0.5864192915096463,0.017298465685588606
1985-10-31,bond,bond_monthly_return_downside_sharpe_vol,return_downside_sharpe_vol,monthly,monthly_sjm,monthly_only,0.014460698689956426,monthly_rf,,0.008950899311549508,0.008149433658008043,0.006396316056149423,-5.9195007758659255,-5.059123500014721,-4.727691447958736,-4.460471761873143,1.4151642757341416,0.6622419556192529,0.5388836326858337,0.017322747251490498
1985-11-30,bond,bond_monthly_return_downside_sharpe_vol,return_downside_sharpe_vol,monthly,monthly_sjm,monthly_only,0.01792986235321558,monthly_rf,,0.010803254664253427,0.009216490965792195,0.007043644269289769,-6.2660743659917175,-5.174648030088763,-4.7854537129986765,-4.489352894393939,1.394349311286909,0.7185346206578773,0.5696900505515492,0.009534176623147112
1985-12-31,bond,bond_monthly_return_downside_sharpe_vol,return_downside_sharpe_vol,monthly,monthly_sjm,monthly_only,0.02406652490887002,monthly_rf,,0.01353946033944857,0.010836648704641457,0.007999065145323704,-6.612647956053645,-5.2901725601604435,-4.843215978038217,-4.51823402691466,4.73834702804367,0.8793526032547536,0.6314538250061893,0.011390716383314094
1986-01-31,bond,bond_monthly_return_downside_sharpe_vol,return_downside_sharpe_vol,monthly,monthly_sjm,monthly_only,-3.646144209862919e-05,monthly_rf,,0.01073875481663438,0.00965037844983083,0.007548065692640099,-6.9588532892191965,-5.405690290968832,-4.900976932681254,-4.547114827255474,1.3675628635174977,1.305420580810674,0.5464350891836794,0.008905084056600196
1986-02-28,bond,bond_monthly_return_downside_sharpe_vol,return_downside_sharpe_vol,monthly,monthly_sjm,monthly_only,0.03412547266598262,monthly_rf,,0.015563422407913186,0.012320642602448958,0.0090397409261573,-7.305426879063241,-5.521214821034888,-4.9587391977199236,-4.57599595977604,1.3523906517757756,1.2278382024552685,0.9854200699942189,0.012294873117034097
1986-03-31,bond,bond_monthly_return_downside_sharpe_vol,return_downside_sharpe_vol,monthly,monthly_sjm,monthly_only,0.025056119571347908,monthly_rf,,0.017521760839721998,0.01371009946485002,0.009938671185968868,-7.652000468726716,-5.636739351097604,-5.016501462758117,-4.604877092296525,1.3644696062132662,1.8167347732480452,1.0267899509874672,0.010605310365850702
1986-04-30,bond,bond_monthly_return_downside_sharpe_vol,return_downside_sharpe_vol,monthly,monthly_sjm,monthly_only,9.932647269992809e-05,monthly_rf,,0.013927521793728801,0.012225146684305594,0.009386431201174904,-7.998574058134831,-5.752263881156572,-5.074263727795807,-4.633758224816926,1.3734829260687567,1.3170877423761802,0.9159936244500986,0.012811199697734208
1986-05-31,bond,bond_monthly_return_downside_sharpe_vol,return_downside_sharpe_vol,monthly,monthly_sjm,monthly_only,-0.024013045844102895,monthly_rf,,0.006100402646179438,0.008271513427179047,0.0075118625959366865,-4.0756337599222965,-4.4858127210733985,-4.6164217980321025,-4.507774848264653,0.019008267497434183,0.4980926076342452,0.5349784166205587,0.01984167047815785
1986-06-30,bond,bond_monthly_return_downside_sharpe_vol,return_downside_sharpe_vol,monthly,monthly_sjm,monthly_only,0.02097710283614172,monthly_rf,,0.0091694580704609,0.009657709518479404,0.008267608459324312,-4.422207350177877,-4.601337251155854,-4.674184063072752,-4.5366559807853255,-0.05324886562227946,0.48031284815851183,0.606733605712422,0.019504133077912503
1986-07-31,bond,bond_monthly_return_downside_sharpe_vol,return_downside_sharpe_vol,monthly,monthly_sjm,monthly_only,0.003652248538703034,monthly_rf,,0.00803126064602374,0.009002506027427628,0.008008568211558079,-4.768780940423354,-4.716861781236979,-4.731946328113042,-4.565537113305921,0.011087730156188766,0.5184683030683279,0.7191516506892565,0.019254543907887254
1986-08-31,bond,bond_monthly_return_downside_sharpe_vol,return_downside_sharpe_vol,monthly,monthly_sjm,monthly_only,0.02025012893934835,monthly_rf,,0.010552006748006167,0.010229636104992269,0.008695634221254096,-5.1153545306545425,-4.83238631131661,-4.789708593152954,-4.594418245826436,1.8697045628239286,0.4537020885258729,0.7469021375826612,0.01690605710785018
1986-09-30,bond,bond_monthly_return_downside_sharpe_vol,return_downside_sharpe_vol,monthly,monthly_sjm,monthly_only,-0.014368958530766859,monthly_rf,,0.005410824719026781,0.007545897898284773,0.00740111810033009,-4.5088008580933465,-4.6415695585652905,-4.6916326239343835,-4.566563716948796,0.2247838552173816,0.06651647072371608,0.6136722753178291,0.016529245413076606
1986-10-31,bond,bond_monthly_return_downside_sharpe_vol,return_downside_sharpe_vol,monthly,monthly_sjm,monthly_only,0.009855922637710783,monthly_rf,,0.006327846081600462,0.00779792455848368,0.007538895692222679,-4.855374448335703,-4.757094088645914,-4.749394888974562,-4.595444849469308,0.36166565642261567,0.16196537851715645,0.5923389370890922,0.01682808050891575
1986-11-30,bond,bond_monthly_return_downside_sharpe_vol,return_downside_sharpe_vol,monthly,monthly_sjm,monthly_only,0.010089654162735565,monthly_rf,,0.007103905110087396,0.008047955195983293,0.0076820587645632064,-5.201948038562478,-4.872618618724983,-4.807157154014355,-4.624325981989737,0.16199035648737745,0.708802773374427,0.5589332087515365,0.011864160354840626
1986-12-31,bond,bond_monthly_return_downside_sharpe_vol,return_downside_sharpe_vol,monthly,monthly_sjm,monthly_only,-0.0011460294542305748,monthly_rf,,0.005401947948803004,0.007044879685246915,0.007186576245576761,-5.52731489897662,-4.98523749910767,-4.863716367742499,-4.6528015392727,1.1953685455069378,0.4383363271755291,0.44237299489803805,0.010772917405468466
1987-01-31,bond,bond_monthly_return_downside_sharpe_vol,return_downside_sharpe_vol,monthly,monthly_sjm,monthly_only,0.009896662830840102,monthly_rf,,0.006329205264818696,0.007356012882016907,0.007338681717866788,-5.8738884891524314,-5.100762029183085,-4.921478632781461,-4.681682671792958,1.1958318504402485,0.5277421996515196,0.49848052285241556,0.010919908939536243
1987-02-28,bond,bond_monthly_return_downside_sharpe_vol,return_downside_sharpe_vol,monthly,monthly_sjm,monthly_only,0.002634594168636732,monthly_rf,,0.0055670089389830485,0.0068409000481909395,0.007074661570960764,-6.220462079285098,-5.216286559256307,-4.979240897819964,-4.710563804313125,0.8282152145183236,0.321588129826722,0.38339899957247475,0.008790667440646096
1987-03-31,bond,bond_monthly_return_downside_sharpe_vol,return_downside_sharpe_vol,monthly,monthly_sjm,monthly_only,-0.009207747691344543,monthly_rf,,0.0025189844174335323,0.0050899720076934725,0.00616080015991592,-5.011495703174045,-5.052547551554988,-4.937826718099494,-4.709253072856292,0.14070076378286375,0.5143369281283764,0.18689964043936613,0.007168795213598525
1987-04-30,bond,bond_monthly_return_downside_sharpe_vol,return_downside_sharpe_vol,monthly,monthly_sjm,monthly_only,-0.03182052136725248,monthly_rf,,-0.004565237563913154,0.0010629898664143538,0.004029072383946003,-3.772774743859455,-4.16467929937993,-4.381955464955758,-4.460782280310475,-0.8953653411720368,-0.2265450679082076,-0.01673167772632157,0.014385207860111566
1987-05-31,bond,bond_monthly_return_downside_sharpe_vol,return_downside_sharpe_vol,monthly,monthly_sjm,monthly_only,-0.007712185974328408,monthly_rf,,-0.005214451365736994,0.0001056069336453924,0.003370086188606041,-4.066020995930705,-4.249157663241666,-4.416939772786233,-4.4765876317540165,-1.473075299060581,-0.4750784573689753,0.07537374826946518,0.013104932776684619
1987-06-30,bond,bond_monthly_return_downside_sharpe_vol,return_downside_sharpe_vol,monthly,monthly_sjm,monthly_only,0.008962659049597616,monthly_rf,,-0.0022897209439881236,0.0010719226729936002,0.003683973184306901,-4.412594586186518,-4.364682193326413,-4.47470203782797,-4.505468764274771,-0.6086644634723347,-0.31868391618809017,0.006729382527818495,0.014249510564075517
1987-07-31,bond,bond_monthly_return_downside_sharpe_vol,return_downside_sharpe_vol,monthly,monthly_sjm,monthly_only,-0.005368442622950838,monthly_rf,,-0.0029248596069994803,0.0003692705635615888,0.0031759001252334583,-4.669644482149308,-4.457572995577512,-4.519051887258422,-4.527379079786271,-0.18623548052853742,-0.5567605306871666,-0.049028719175898655,0.012725891441404357
1987-08-31,bond,bond_monthly_return_downside_sharpe_vol,return_downside_sharpe_vol,monthly,monthly_sjm,monthly_only,-0.010051192002050586,monthly_rf,,-0.004395018231760994,-0.0007676152599173085,0.002433520488367081,-4.633644879247978,-4.483828724890742,-4.527278856700709,-4.531190405797066,-0.2660922835555392,-0.7687742661047499,-0.2633426438594689,0.011966544892168134
1987-09-30,bond,bond_monthly_return_downside_sharpe_vol,return_downside_sharpe_vol,monthly,monthly_sjm,monthly_only,-0.025794417061306082,monthly_rf,,-0.008809702954552617,-0.00349807141729649,0.0008492080918134429,-3.937790628066264,-4.170713332845216,-4.320532273586329,-4.413279827908257,-1.5724167702515042,-0.888164729553186,-0.3104818863400315,0.013470492875999595
1987-10-31,bond,bond_monthly_return_downside_sharpe_vol,return_downside_sharpe_vol,monthly,monthly_sjm,monthly_only,0.029615536537195515,monthly_rf,,-0.0008825962584699809,0.00011466565753684562,0.002463738047434662,-4.284364218324985,-4.2862378629306095,-4.378294538628518,-4.442160960429169,-0.0890777719508098,-0.09973382024866011,-0.1564793737887991,0.017292766631961384
1987-11-30,bond,bond_monthly_return_downside_sharpe_vol,return_downside_sharpe_vol,monthly,monthly_sjm,monthly_only,0.004509662449939503,monthly_rf,,0.00022982387683255306,0.0005941654413570728,0.0025785669607265417,-4.630937808574904,-4.401762393015032,-4.436056803670441,-4.471042092950011,0.1225790485713109,0.018170762263014836,-0.1891906330303421,0.017187009211037933
1987-12-31,bond,bond_monthly_return_downside_sharpe_vol,return_downside_sharpe_vol,monthly,monthly_sjm,monthly_only,0.009721744340039043,monthly_rf,,0.0021880020757928114,0.001589995999478466,0.0029794827007770352,-4.977511398812374,-4.517286923098363,-4.493819068712082,-4.49992322547078,1.3510672102119985,0.025434310194112672,-0.12805729546794697,0.017252886754282708
1988-01-31,bond,bond_monthly_return_downside_sharpe_vol,return_downside_sharpe_vol,monthly,monthly_sjm,monthly_only,0.03225211845952848,monthly_rf,,0.008390213472510287,0.004935272864407816,0.004622429502355396,-5.324084989032239,-4.632811453180472,-4.551581333753424,-4.528804357991473,1.2870312649365179,0.32681374337986485,-0.010216938559884226,0.02052823335247424
1988-02-29,bond,bond_monthly_return_downside_sharpe_vol,return_downside_sharpe_vol,monthly,monthly_sjm,monthly_only,0.007270417117441967,monthly_rf,,0.00815920007345477,0.005190040095741063,0.004771049627262493,-5.670658579227207,-4.748335983261207,-4.60934359879445,-4.55768549051209,1.459955405218409,0.5013707097864696,0.010697230148936233,0.01913921865132191
1988-03-31,bond,bond_monthly_return_downside_sharpe_vol,return_downside_sharpe_vol,monthly,monthly_sjm,monthly_only,-0.013784930652490132,monthly_rf,,0.0036321374469561827,0.0031198464638594733,0.0037295824801964364,-4.600451422149262,-4.611156376733865,-4.561708792549557,-4.537659857171273,0.4559205429810191,0.7414342513632417,-0.009771837134943867,0.015641878813318872
1988-04-30,bond,bond_monthly_return_downside_sharpe_vol,return_downside_sharpe_vol,monthly,monthly_sjm,monthly_only,-0.00999649228001804,monthly_rf,,0.0008205583027239391,0.0016888370935969044,0.00295919710009694,-4.602979795608598,-4.609988594075717,-4.56630640000401,-4.541234197563747,-0.6005685549326409,0.33325810400043704,0.09894928846895927,0.014989642698682361
1988-05-31,bond,bond_monthly_return_downside_sharpe_vol,return_downside_sharpe_vol,monthly,monthly_sjm,monthly_only,-0.011821929163526763,monthly_rf,,-0.0017875802118161913,0.00021479517603846185,0.0021295962292123887,-4.513599058915132,-4.569285021873371,-4.550569824602585,-4.534825952198983,-7.671664723095528,0.1398233535573117,0.07714857384267745,0.016259715649651688
1988-06-30,bond,bond_monthly_return_downside_sharpe_vol,return_downside_sharpe_vol,monthly,monthly_sjm,monthly_only,0.019226001456664435,monthly_rf,,0.0025475106335815243,0.0022889421509531883,0.003089143723275423,-4.860172649157308,-4.684809551954881,-4.608332089643616,-4.563707084719583,-0.06074623193021728,0.2225214971140826,0.12361071211302051,0.017335542285755515
1988-07-31,bond,bond_monthly_return_downside_sharpe_vol,return_downside_sharpe_vol,monthly,monthly_sjm,monthly_only,-0.010344910658725344,monthly_rf,,-0.00011218909781277476,0.0009105726145909839,0.002335148187614123,-4.695133084600897,-4.659179514623618,-4.60415135769628,-4.564128022091355,-0.06854757644513025,-0.265271839001149,0.09843216694354773,0.012221327533487886
1988-08-31,bond,bond_monthly_return_downside_sharpe_vol,return_downside_sharpe_vol,monthly,monthly_sjm,monthly_only,-0.00327861185582366,monthly_rf,,-0.0007654204473023963,0.00045352721892216226,0.0020200720467361314,-4.981180992380366,-4.7593779907028955,-4.655387887980695,-4.590073714125294,0.1481106744020406,-0.44221117725873677,0.13259097101515577,0.011307144148202898
1988-09-30,bond,bond_monthly_return_downside_sharpe_vol,return_downside_sharpe_vol,monthly,monthly_sjm,monthly_only,0.01643949135421006,monthly_rf,,0.0027839438078395774,0.002197616397844635,0.0028293718660989645,-5.32775458260001,-4.874902520781932,-4.713150153021105,-4.618954846645739,0.08281758512621512,0.0028898464143152745,0.3764064320948959,0.012892775873022524
1988-10-31,bond,bond_monthly_return_downside_sharpe_vol,return_downside_sharpe_vol,monthly,monthly_sjm,monthly_only,0.012726263800116204,monthly_rf,,0.0048350391927440145,0.0033463053256808503,0.0033848417282106857,-5.674328172794665,-4.990427050859219,-4.770912418061143,-4.647835979166099,1.0086130255398997,0.30053031592224805,0.3168935211205159,0.01272545215097275
1988-11-30,bond,bond_monthly_return_downside_sharpe_vol,return_downside_sharpe_vol,monthly,monthly_sjm,monthly_only,-0.01784782707881823,monthly_rf,,0.0001555758117477205,0.0010339983124466273,0.0021931435978142216,-4.354282419721472,-4.593086636507307,-4.611674935042458,-4.582942528740403,0.24556752598601128,0.20020728363165707,0.167396233380896,0.014085740463162936
1988-12-31,bond,bond_monthly_return_downside_sharpe_vol,return_downside_sharpe_vol,monthly,monthly_sjm,monthly_only,-0.005174198949252445,monthly_rf,,-0.0009439539180698338,0.0003566760331576229,0.0017796464336507023,-4.625744080327032,-4.675752233091087,-4.653099421861533,-4.6042673254346544,-0.27362394944048407,-0.10258964425371563,0.08596582757930406,0.012151638114628665
1989-01-31,bond,bond_monthly_return_downside_sharpe_vol,return_downside_sharpe_vol,monthly,monthly_sjm,monthly_only,0.00888828176811513,monthly_rf,,0.0010844311323904877,0.0012874851551627198,0.0021786234776927176,-4.972317670564722,-4.791276763171269,-4.710861686901958,-4.633148457955058,-0.43143777283932566,0.1651391305131331,-0.05207020617488945,0.011862117921451193
1989-02-28,bond,bond_monthly_return_downside_sharpe_vol,return_downside_sharpe_vol,monthly,monthly_sjm,monthly_only,-0.013348436611711263,monthly_rf,,-0.0018930618917587553,-0.0003093126708009423,0.0013071565581422742,-4.543696183468098,-4.64979885323348,-4.649286474510279,-4.608927234963391,-0.3496949431443601,0.021372021677111257,-0.18828010022029779,0.013129114222063172
1989-03-31,bond,bond_monthly_return_downside_sharpe_vol,return_downside_sharpe_vol,monthly,monthly_sjm,monthly_only,-0.002376449534717234,monthly_rf,,-0.001992784508246875,-0.0005348399524335688,0.0011004116343706328,-4.865902551184343,-4.757362328982829,-4.703285928209452,-4.636119465886521,-0.2510218805141942,-0.2604463801796491,-0.11689488541911916,0.010963463697011072
1989-04-30,bond,bond_monthly_return_downside_sharpe_vol,return_downside_sharpe_vol,monthly,monthly_sjm,monthly_only,0.014225989280419665,monthly_rf,,0.0013531399935379008,0.0010755854381822713,0.0018370937012049339,-5.212476141410555,-4.872886859061894,-4.761048193249554,-4.66500059840683,-0.04407806388416442,-0.2300217597262736,0.04888244846337528,0.011326929202398885
1989-05-31,bond,bond_monthly_return_downside_sharpe_vol,return_downside_sharpe_vol,monthly,monthly_sjm,monthly_only,0.018377576096062515,monthly_rf,,0.004865272206906031,0.0029632547976808804,0.0027654396441926634,-5.5590497316145004,-4.988411389139213,-4.818810458289267,-4.693881730927051,1.1236875327393394,0.3051454203285641,0.24519280859675704,0.011247512756875239
1989-06-30,bond,bond_monthly_return_downside_sharpe_vol,return_downside_sharpe_vol,monthly,monthly_sjm,monthly_only,0.023348151070719074,monthly_rf,,0.008678280394810261,0.005187273111645568,0.003920658469880819,-5.905623321786953,-5.103935919214571,-4.876572723328566,-4.722762863447179,5.001351298874292,0.6519087734990197,0.26234531429707625,0.012556744660595852
1989-07-31,bond,bond_monthly_return_downside_sharpe_vol,return_downside_sharpe_vol,monthly,monthly_sjm,monthly_only,0.014256931608133024,monthly_rf,,0.00982915320583691,0.006176784479641713,0.004500788904074972,-6.2521969119148695,-5.2194604492877295,-4.934334988367429,-4.751643995967215,5.02058160323536,0.7113980447854578,0.4303646984508519,0.012764481222105063
1989-08-31,bond,bond_monthly_return_downside_sharpe_vol,return_downside_sharpe_vol,monthly,monthly_sjm,monthly_only,-0.02221577246283128,monthly_rf,,0.0032183018955120445,0.0030791201219445004,0.0030013035345756453,-4.1497815446198,-4.4934009033899525,-4.605324684675215,-4.61466423337867,0.26053732075919167,0.4906032467949505,0.2659500895998357,0.015496712925311351
1989-09-30,bond,bond_monthly_return_downside_sharpe_vol,return_downside_sharpe_vol,monthly,monthly_sjm,monthly_only,-0.0013821584168809903,monthly_rf,,0.0022692293528343375,0.0025923889146256453,0.002755278719716497,-4.492527972167557,-4.606943976175851,-4.661918221056843,-4.642966832678366,-0.20840900272824772,0.5046386474636668,0.17082134731463147,0.015394090209189427
1989-10-31,bond,bond_monthly_return_downside_sharpe_vol,return_downside_sharpe_vol,monthly,monthly_sjm,monthly_only,0.017823338642713488,monthly_rf,,0.005478033918122233,0.00425410505390008,0.003600983939448131,-4.839101562410521,-4.722468506256907,-4.719680486097212,-4.671847965198654,-0.11772579041445758,0.5329633080360784,0.19536353527381226,0.01570091404595007
1989-11-30,bond,bond_monthly_return_downside_sharpe_vol,return_downside_sharpe_vol,monthly,monthly_sjm,monthly_only,0.0026310907237513566,monthly_rf,,0.004890711034570374,0.004077032110004255,0.0035465480160917873,-5.185675152638155,-4.837993036336461,-4.7774427511372055,-4.7007290977188525,0.768592385614978,0.3800308235875209,0.34310657509416376,0.015113502653111332
1989-12-31,bond,bond_monthly_return_downside_sharpe_vol,return_downside_sharpe_vol,monthly,monthly_sjm,monthly_only,-0.003424178320795563,monthly_rf,,0.003175353734057974,0.0032586404365049374,0.003155311209326164,-5.373241011804204,-4.929813846932558,-4.825173778411697,-4.725407753851498,0.6351531471629912,0.09804134326346632,0.35662883583162525,0.01307144434778308
1990-01-31,bond,bond_monthly_return_downside_sharpe_vol,return_downside_sharpe_vol,monthly,monthly_sjm,monthly_only,-0.017583182275931437,monthly_rf,,-0.0011071213261429646,0.000984770862286338,0.00199134900851986,-4.353739260605443,-4.579606953231001,-4.651735941140979,-4.649231835899182,-0.7231387245396785,-0.30518517913553966,0.17385894778967784,0.013189184665166507
1990-02-28,bond,bond_monthly_return_downside_sharpe_vol,return_downside_sharpe_vol,monthly,monthly_sjm,monthly_only,-0.0024641663269466436,monthly_rf,,-0.0013870789960246704,0.0006084873938875645,0.0017412801479595478,-4.682279982914262,-4.687689111516306,-4.705433850203606,-4.676145199311445,-1.1319190458617543,-0.0704312427209895,0.24811995057306188,0.010410285274237076
1990-03-31,bond,bond_monthly_return_downside_sharpe_vol,return_downside_sharpe_vol,monthly,monthly_sjm,monthly_only,-0.005663492063491965,monthly_rf,,-0.0022693007625178953,-7.579360471000158e-05,0.0013256822181563356,-4.869904681810751,-4.75631831897553,-4.739753437105488,-4.69415446637972,-1.3173803008407925,-0.1368005377437054,0.22598101400689535,0.010575725508895016
1990-04-30,bond,bond_monthly_return_downside_sharpe_vol,return_downside_sharpe_vol,monthly,monthly_sjm,monthly_only,-0.016061506446046075,monthly_rf,,-0.005114625540548868,-0.0018198553671402065,0.0003498143038449084,-4.37509293382892,-4.549026631805713,-4.624482571726543,-4.638891235827726,-1.3890765010269897,-0.9684485873914631,0.04396395182563928,0.007325364722130912
1990-05-31,bond,bond_monthly_return_downside_sharpe_vol,return_downside_sharpe_vol,monthly,monthly_sjm,monthly_only,0.022808380503547415,monthly_rf,,0.0006458759192909972,0.0008671167362938905,0.0016103167679868977,-4.721666524075984,-4.664551161887459,-4.6822448367671425,-4.667772368348027,0.02197916323542776,-0.28156890806654694,0.06715517270489121,0.013252022439615131
1990-06-30,bond,bond_monthly_return_downside_sharpe_vol,return_downside_sharpe_vol,monthly,monthly_sjm,monthly_only,0.009745175253115662,monthly_rf,,0.0025230565857722563,0.0018357243009042242,0.002066891291701907,-5.068240114309418,-4.780075691967788,-4.7400071018073815,-4.696653500868239,0.3403860865807044,-0.10835980194822592,-0.009297510066973451,0.01417929156593144
1990-07-31,bond,bond_monthly_return_downside_sharpe_vol,return_downside_sharpe_vol,monthly,monthly_sjm,monthly_only,0.00703312114386448,monthly_rf,,0.0034534805318844355,0.0024027669588045416,0.002345624355535223,-5.414813704523574,-4.895600222046526,-4.797769366847239,-4.725534633388358,1.916044608970638,0.20710168401952153,-0.05520236450035141,0.01239126578142558
1990-08-31,bond,bond_monthly_return_downside_sharpe_vol,return_downside_sharpe_vol,monthly,monthly_sjm,monthly_only,-0.019954584752106937,monthly_rf,,-0.0013755910239328377,-3.644877184317977e-05,0.001094009792026849,-4.23660078825403,-4.487450728498528,-4.585310951381622,-4.622765603361047,-0.0789699571769757,-0.023235951019817694,-0.041876948004201886,0.01501198408157105
1990-09-30,bond,bond_monthly_return_downside_sharpe_vol,return_downside_sharpe_vol,monthly,monthly_sjm,monthly_only,0.002272958684159004,monthly_rf,,-0.0006228971382326246,0.0002155105419429165,0.0011601791089109223,-4.583174378505351,-4.602975258580966,-4.643073216422455,-4.651646735881395,-0.3017822220787707,0.06565478334483628,-0.018272241206358134,0.014834015356372379
1990-10-31,bond,bond_monthly_return_downside_sharpe_vol,return_downside_sharpe_vol,monthly,monthly_sjm,monthly_only,0.005896023692770897,monthly_rf,,0.0007219528003546969,0.0008352618083189095,0.0014259816412127424,-4.929747968744803,-4.71849978866207,-4.700835481462941,-4.680527868401657,-0.34375638042058776,0.36367780431385605,-0.10311252768124125,0.012740707201722235
1990-11-30,bond,bond_monthly_return_downside_sharpe_vol,return_downside_sharpe_vol,monthly,monthly_sjm,monthly_only,0.015825996596111874,monthly_rf,,0.003837909090932523,0.002470770189685331,0.0022341923779503484,-5.276321558967472,-4.834024318741679,-4.75859774650306,-4.709409000921829,1.396058171405879,0.30814133614237404,-0.010207527425379474,0.011260358031748042
1990-12-31,bond,bond_monthly_return_downside_sharpe_vol,return_downside_sharpe_vol,monthly,monthly_sjm,monthly_only,0.009581368062888678,monthly_rf,,0.00502278165587898,0.0032465455324403934,0.002646557663115861,-5.622895149166404,-4.9495488488196075,-4.81636001154279,-4.738290133441907,2.5459039150924903,0.3061262066378869,0.07310267319805663,0.011245298495621042
1991-01-31,bond,bond_monthly_return_downside_sharpe_vol,return_downside_sharpe_vol,monthly,monthly_sjm,monthly_only,0.007161653457797051,monthly_rf,,0.005464029783602118,0.0036736888257157215,0.002899970517900338,-5.969468739331768,-5.065073378895651,-4.874122276582107,-4.767171265961891,2.974107067070471,0.30784120270067244,0.25456645422502433,0.01125223846875264
1991-02-28,bond,bond_monthly_return_downside_sharpe_vol,return_downside_sharpe_vol,monthly,monthly_sjm,monthly_only,0.0037360843565984727,monthly_rf,,0.005107555550883085,0.003680496258117344,0.0029468979817736185,-6.31604232944966,-5.180597908969578,-4.931884541620988,-4.796052398481776,2.846603178678938,1.672967125570668,0.30113065763511354,0.00443065937165557
1991-03-31,bond,bond_monthly_return_downside_sharpe_vol,return_downside_sharpe_vol,monthly,monthly_sjm,monthly_only,0.0024796958450259013,monthly_rf,,0.00456542947577717,0.0035494873937914574,0.0029206759407320714,-6.662615919500416,-5.29612243904113,-4.989646806659406,-4.824933531001561,2.2536854055077677,1.695852630144715,0.3690749383018929,0.0043911856103916415
1991-04-30,bond,bond_monthly_return_downside_sharpe_vol,return_downside_sharpe_vol,monthly,monthly_sjm,monthly_only,0.005533408253169141,monthly_rf,,0.004765122988411688,0.0037659357026576827,0.00306731733754635,-7.009189509456227,-5.4116469691100155,-5.047409071697334,-4.853814663521241,3.1251771370409522,1.6731884178224423,0.6238679981444907,0.004414546312645167
1991-05-31,bond,bond_monthly_return_downside_sharpe_vol,return_downside_sharpe_vol,monthly,monthly_sjm,monthly_only,0.00114782318673005,monthly_rf,,0.004018875941966945,0.0034802962711171564,0.0029595844090283163,-7.355763099277766,-5.527171499175908,-5.105171336734743,-4.8826957960408155,1.6633591975923607,1.7337214877563119,0.5099270217899183,0.0028493651144015334
1991-06-30,bond,bond_monthly_return_downside_sharpe_vol,return_downside_sharpe_vol,monthly,monthly_sjm,monthly_only,-0.004708433362070959,monthly_rf,,0.0022184366229698535,0.0025868953713341436,0.0025292116412563813,-5.695851120153897,-5.487382883118062,-5.127332236944731,-4.900224560858023,0.15673701713905688,0.6748531016299936,0.3570680153391666,0.0037910057008763948
1991-07-31,bond,bond_monthly_return_downside_sharpe_vol,return_downside_sharpe_vol,monthly,monthly_sjm,monthly_only,0.008967386207811805,monthly_rf,,0.003610741372482576,0.0032830151004876757,0.002890558613879544,-6.042424710310587,-5.602907413181796,-5.18509450198137,-4.9291056933774176,0.3217012263758077,0.6816552796739535,0.3720950920504488,0.004194682413712212
1991-08-31,bond,bond_monthly_return_downside_sharpe_vol,return_downside_sharpe_vol,monthly,monthly_sjm,monthly_only,0.017040016579044907,monthly_rf,,0.006381193784011154,0.004783921596343517,0.0036847066673559364,-6.388998300416212,-5.7184319432419075,-5.242856767017412,-4.957986825896698,0.7909199748681044,0.7479743166413634,1.067595246062249,0.006787197552004498
1991-09-30,bond,bond_monthly_return_downside_sharpe_vol,return_downside_sharpe_vol,monthly,monthly_sjm,monthly_only,0.015663489419853453,monthly_rf,,0.008296126491345505,0.00597089639196757,0.004357024082576535,-6.73557189044962,-5.833956473297951,-5.300619032052824,-4.986867958415859,3.9392884457391224,0.9486441945255226,1.1779123784989805,0.00766773087505787
1991-10-31,bond,bond_monthly_return_downside_sharpe_vol,return_downside_sharpe_vol,monthly,monthly_sjm,monthly_only,0.0069338997949017584,monthly_rf,,0.008015099840378744,0.006075961297662906,0.004501653003064639,-7.082145480380897,-5.949481003349429,-5.358381297087566,-5.015749090934897,2.952478006474046,0.9836139457635492,1.1943721916891845,0.007632429032815801
1991-11-30,bond,bond_monthly_return_downside_sharpe_vol,return_downside_sharpe_vol,monthly,monthly_sjm,monthly_only,0.005269184915345463,monthly_rf,,0.0074486190356519676,0.005987940960177973,0.004544731259180135,-7.428719070167741,-6.065005533395782,-5.416143562121599,-5.044630223453811,2.0377045098026985,1.137691587871586,1.1493864441722597,0.0072025295302921314
1991-12-31,bond,bond_monthly_return_downside_sharpe_vol,return_downside_sharpe_vol,monthly,monthly_sjm,monthly_only,0.025898299731320653,monthly_rf,,0.011254778458929724,0.008160186624395379,0.0057432149663775404,-7.775292659750323,-6.180530063436383,-5.473905827154882,-5.073511355972594,1.3573227436258957,1.8737549270861116,1.0134355814093967,0.007095580775967136
1992-01-31,bond,bond_monthly_return_downside_sharpe_vol,return_downside_sharpe_vol,monthly,monthly_sjm,monthly_only,-0.01700422268698336,monthly_rf,,0.005424961386313135,0.005414717311282777,0.004466499393352336,-4.4205622393184765,-4.835799980536081,-4.9803187921637315,-4.920526242064014,0.26948123855367706,0.6655775359792155,0.5666987815548512,0.013472176378453143
1992-02-29,bond,bond_monthly_return_downside_sharpe_vol,return_downside_sharpe_vol,monthly,monthly_sjm,monthly_only,0.0037021606558699485,monthly_rf,,0.005069548501788497,0.005227875184919944,0.00442360035636713,-4.76713582956401,-4.951324510613983,-5.03808105720174,-4.949407374583328,0.23967632227320304,0.5167483559619549,0.5663956038421076,0.013050456558584084
1992-03-31,bond,bond_monthly_return_downside_sharpe_vol,return_downside_sharpe_vol,monthly,monthly_sjm,monthly_only,-0.009037589278549071,monthly_rf,,0.002159253397835023,0.003671494725632037,0.003668081835985395,-4.735826549079784,-4.890029574740649,-4.9891939897313975,-4.932143096313236,-0.8732005577541017,0.1949294121387423,0.44171779399994854,0.013476445103725797
1992-04-30,bond,bond_monthly_return_downside_sharpe_vol,return_downside_sharpe_vol,monthly,monthly_sjm,monthly_only,0.00402313015757714,monthly_rf,,0.0025437701930002823,0.0037098586020045234,0.003688009167065943,-5.082400139312553,-5.0055541048176915,-5.046956254769329,-4.961024228832504,-0.07191495530652736,0.16026125539612088,0.43044077836680994,0.013364597972495205
1992-05-31,bond,bond_monthly_return_downside_sharpe_vol,return_downside_sharpe_vol,monthly,monthly_sjm,monthly_only,0.016069814306604393,monthly_rf,,0.005334185979152673,0.005058345613104995,0.004382946490763878,-5.428973729525771,-5.121078634892739,-5.104718519806742,-4.989905361351652,0.35942412991409917,0.2745984359914053,0.5251930548071789,0.014355260739681453
1992-06-30,bond,bond_monthly_return_downside_sharpe_vol,return_downside_sharpe_vol,monthly,monthly_sjm,monthly_only,0.010562459941411232,monthly_rf,,0.00641277614757764,0.0056588515418253315,0.00472977593047418,-5.775547319711339,-5.236603164965549,-5.162480784843605,-5.018786493870678,2.0752163051723156,0.12322739090944373,0.6595265674075171,0.011247165414846657
1992-07-31,bond,bond_monthly_return_downside_sharpe_vol,return_downside_sharpe_vol,monthly,monthly_sjm,monthly_only,0.017302226402653102,monthly_rf,,0.008659264007522018,0.00692915866431419,0.005435413354500589,-6.122120909857801,-5.352127695035847,-5.220243049879885,-5.047667626389578,4.997908639983018,0.7959061552929916,0.7008447015027328,0.008925298939106933
1992-08-31,bond,bond_monthly_return_downside_sharpe_vol,return_downside_sharpe_vol,monthly,monthly_sjm,monthly_only,0.007530191010168321,monthly_rf,,0.008426336842042394,0.006994732063685995,0.005552984190203971,-6.468694499948963,-5.467652225103325,-5.278005314915547,-5.076548758908348,2.888903404145897,0.8802178286413507,0.650198112787335,0.008795215423414276
1992-09-30,bond,bond_monthly_return_downside_sharpe_vol,return_downside_sharpe_vol,monthly,monthly_sjm,monthly_only,0.009272506961691842,monthly_rf,,0.008600901292654046,0.007243240224846191,0.005761744962249821,-6.815268089961917,-5.583176755167637,-5.335767579950556,-5.105429891426984,2.671265042919159,2.327248705053659,0.617108025006701,0.0046378318330363225
1992-10-31,bond,bond_monthly_return_downside_sharpe_vol,return_downside_sharpe_vol,monthly,monthly_sjm,monthly_only,-0.015576557764183017,monthly_rf,,0.003613104206187598,0.004753571012464596,0.004564118055522684,-4.506088441440062,-4.850037748346707,-4.981233087072635,-4.9688025728508896,0.03608740632478643,0.6897029802056067,0.3869259019621455,0.010913065031932258
1992-11-30,bond,bond_monthly_return_downside_sharpe_vol,return_downside_sharpe_vol,monthly,monthly_sjm,monthly_only,-0.002073862244417222,monthly_rf,,0.002439886018681753,0.004008689292327511,0.004191556848783179,-4.835327250861173,-4.9565231001840235,-5.033439377454892,-4.995044472631372,-0.2749386510956215,0.42331165847417157,0.3341324550643738,0.010637144746641724
1992-12-31,bond,bond_monthly_return_downside_sharpe_vol,return_downside_sharpe_vol,monthly,monthly_sjm,monthly_only,0.013101426229817161,monthly_rf,,0.004639356156438357,0.005000718547820318,0.004691629391710045,-5.181900841089004,-5.072047630259946,-5.091201642492429,-5.023925605150376,-0.1294419416313453,0.45123754190338766,0.28119151203924153,0.010916619240925523
1993-01-31,bond,bond_monthly_return_downside_sharpe_vol,return_downside_sharpe_vol,monthly,monthly_sjm,monthly_only,0.016876202221768746,monthly_rf,,0.007163811063329554,0.006296349039351564,0.005375496916477053,-5.528474431295239,-5.187572160333737,-5.148963907529423,-5.052806737669253,1.1357235924087752,0.44800136856342104,0.5984887243389654,0.010836985649384259
1993-02-28,bond,bond_monthly_return_downside_sharpe_vol,return_downside_sharpe_vol,monthly,monthly_sjm,monthly_only,0.015305231553088806,monthly_rf,,0.00884338182810916,0.00727922966972338,0.0059328100978452815,-5.875048021470929,-5.303096690405137,-5.206726172565842,-5.0816878701879995,9.749270697846054,0.533806798462653,0.6756523479446213,0.011522566797840392
1993-03-31,bond,bond_monthly_return_downside_sharpe_vol,return_downside_sharpe_vol,monthly,monthly_sjm,monthly_only,0.0016668902122788953,monthly_rf,,0.0073628753824838584,0.006666916240684634,0.005693382412223037,-6.221621611603425,-5.418621220473851,-5.264488437601653,-5.110569002706612,1.6520313809525602,0.4236049932434994,0.8455604135559511,0.01152777181302397
1993-04-30,bond,bond_monthly_return_downside_sharpe_vol,return_downside_sharpe_vol,monthly,monthly_sjm,monthly_only,0.0045634906500444244,monthly_rf,,0.006785363784613462,0.006437429812449373,0.00562996646047547,-6.568195201674833,-5.534145750539551,-5.3222507026368175,-5.139450135225085,1.2235755400959503,1.144074802361734,0.8520123289723884,0.0072022357445011105
1993-05-31,bond,bond_monthly_return_downside_sharpe_vol,return_downside_sharpe_vol,monthly,monthly_sjm,monthly_only,-0.0009265877858544362,monthly_rf,,0.005194392231989839,0.005634006052837328,0.005261975346960443,-6.734065667599344,-5.642568055808217,-5.377811883658291,-5.167588697084096,0.7883913505822143,1.215523968925169,0.7035647618086116,0.006936193000864455
1993-06-30,bond,bond_monthly_return_downside_sharpe_vol,return_downside_sharpe_vol,monthly,monthly_sjm,monthly_only,0.015623045943511106,monthly_rf,,0.007345818007370641,0.0067238231094571225,0.005843497555545345,-7.080639257531146,-5.758092585866985,-5.435574148692076,-5.196469829602284,0.932769828373937,1.2167548296150308,0.726541993843663,0.007274578725710357
1993-07-31,bond,bond_monthly_return_downside_sharpe_vol,return_downside_sharpe_vol,monthly,monthly_sjm,monthly_only,0.003255892711531996,monthly_rf,,0.006502068570074803,0.006345467457643408,0.005698266455166917,-7.4272128473187315,-5.87361711592152,-5.493336413725096,-5.225350962120323,0.8516644314485895,1.0124922239590044,0.6369607544071505,0.0065001261810719
1993-08-31,bond,bond_monthly_return_downside_sharpe_vol,return_downside_sharpe_vol,monthly,monthly_sjm,monthly_only,0.015027818511170467,monthly_rf,,0.00826092629851393,0.007292723087138786,0.006221893976682036,-7.7737864369023635,-5.989141645971304,-5.551098678757305,-5.254232094638206,1.9846540844097698,1.014985820943284,0.6794529622787508,0.00643860394032433
1993-09-30,bond,bond_monthly_return_downside_sharpe_vol,return_downside_sharpe_vol,monthly,monthly_sjm,monthly_only,0.00014664722537765205,monthly_rf,,0.00658695479370769,0.006513077050354266,0.005880916577136768,-8.120360026197561,-6.1046661760157575,-5.608860943788654,-5.283113227155929,0.9585439932931111,0.9443943620097555,0.5915562290147921,0.006651583414423486
1993-10-31,bond,bond_monthly_return_downside_sharpe_vol,return_downside_sharpe_vol,monthly,monthly_sjm,monthly_only,0.0015367059499857634,monthly_rf,,0.005545091113598449,0.005970148584294691,0.005637094769832427,-8.466933615084853,-6.220190706054225,-5.666623208819093,-5.311994359673488,0.8299835916332342,0.8404707523468079,0.9806565314396838,0.006873830817211733
1993-11-30,bond,bond_monthly_return_downside_sharpe_vol,return_downside_sharpe_vol,monthly,monthly_sjm,monthly_only,-0.011006839161781521,monthly_rf,,0.002130436603839707,0.0041179374590820245,0.00470294253824011,-4.855629540189556,-5.239286524797649,-5.321229459450425,-5.211176145788589,-0.5535658451626914,0.4473415287569757,0.7450214574012312,0.00915902414478886
1993-12-31,bond,bond_monthly_return_downside_sharpe_vol,return_downside_sharpe_vol,monthly,monthly_sjm,monthly_only,0.0031197319016631163,monthly_rf,,0.0023345277034270795,0.004009031953208185,0.004614083753092573,-5.202203130416318,-5.354811054867884,-5.378991724484918,-5.240057278306549,-0.33497176713936094,0.26536292518405746,0.6640081073081687,0.007587066610741087
1994-01-31,bond,bond_monthly_return_downside_sharpe_vol,return_downside_sharpe_vol,monthly,monthly_sjm,monthly_only,0.011001639122647013,monthly_rf,,0.004122548230449354,0.004771934358935015,0.004972589688492555,-5.548776720621039,-5.470335584935293,-5.436753989518689,-5.268938410824351,0.1140267122068641,0.3974877514055506,0.6470012484413389,0.008312920115807415
1994-02-28,bond,bond_monthly_return_downside_sharpe_vol,return_downside_sharpe_vol,monthly,monthly_sjm,monthly_only,-0.019473326441802673,monthly_rf,,-0.0007452683033813399,0.0021267453265527486,0.00360054584355406,-4.265697042963168,-4.6452476509205205,-4.875312592991367,-4.99009413059765,-0.13812731603475195,-0.24507766348153381,0.21469292240532284,0.009980129831746148
1994-03-31,bond,bond_monthly_return_downside_sharpe_vol,return_downside_sharpe_vol,monthly,monthly_sjm,monthly_only,-0.027354280139136287,monthly_rf,,-0.006234693449180448,-0.0010896723422912265,0.0018631849594569925,-3.8285054882088563,-4.19391343061134,-4.460562457876388,-4.682295724744406,-0.7220263793664885,-0.5226656525637802,-0.029849090245305226,0.013449123277441653
1994-04-30,bond,bond_monthly_return_downside_sharpe_vol,return_downside_sharpe_vol,monthly,monthly_sjm,monthly_only,-0.01068510838175437,monthly_rf,,-0.007152811708922957,-0.0021365467141990415,0.0011589033710097765,-4.066910328118642,-4.24816431616704,-4.468536944894638,-4.673060880588706,-2.8157228195659028,-0.7021496728114907,-0.12917986145745625,0.012912295199145373
1994-05-31,bond,bond_monthly_return_downside_sharpe_vol,return_downside_sharpe_vol,monthly,monthly_sjm,monthly_only,-0.003340294267225616,monthly_rf,,-0.00636629136602435,-0.0022678771152696707,0.0009063828111829139,-4.394825094533294,-4.356638281019795,-4.521127728465186,-4.698156619352713,-1.3728708601380655,-0.5974787435347452,-0.1449097705464142,0.013035788220557945
1994-06-30,bond,bond_monthly_return_downside_sharpe_vol,return_downside_sharpe_vol,monthly,monthly_sjm,monthly_only,-0.0053099447513812546,monthly_rf,,-0.006148367615045003,-0.0025997705938732322,0.0005574871541382671,-4.656472487988014,-4.450354907623903,-4.564505613627848,-4.717041983925014,-2.076332244254865,-0.7527866248650511,-0.3092681972442981,0.012212693706317515
1994-07-31,bond,bond_monthly_return_downside_sharpe_vol,return_downside_sharpe_vol,monthly,monthly_sjm,monthly_only,0.0170632424546048,monthly_rf,,-0.0013598246666140764,-0.00045451066506104376,0.0014838840150847316,-5.003046078224385,-4.565879437706737,-4.622267878668801,-4.745923116445068,0.2772565234510391,-0.5859298460741261,-0.1898731791000027,0.013966322604477863
1994-08-31,bond,bond_monthly_return_downside_sharpe_vol,return_downside_sharpe_vol,monthly,monthly_sjm,monthly_only,-0.0024590272152226946,monthly_rf,,-0.001586589574228971,-0.0006732059901925847,0.001262585412248658,-5.286742367777042,-4.6741916544852735,-4.676213422607578,-4.772427583580113,0.31157857127270505,-0.4086594118019463,-0.33228669932177285,0.013085636992177987
1994-09-30,bond,bond_monthly_return_downside_sharpe_vol,return_downside_sharpe_vol,monthly,monthly_sjm,monthly_only,-0.018418286825842088,monthly_rf,,-0.005058959864031629,-0.002609217056065245,0.00015798293086203836,-4.304628486156966,-4.440087456234942,-4.538340377208919,-4.677155059243439,-0.08762180713930927,-0.35703933569213625,-0.4425128783600141,0.0108061944770515
1994-10-31,bond,bond_monthly_return_downside_sharpe_vol,return_downside_sharpe_vol,monthly,monthly_sjm,monthly_only,-0.0046910475924243095,monthly_rf,,-0.004983059755915044,-0.0028363474361966044,-0.00011417224008485521,-4.594251959039318,-4.535466232068281,-4.584450831470413,-4.698536878880966,-1.2078338600234317,-0.2749717366266792,-0.4917065910467177,0.010398255475454346
1994-11-30,bond,bond_monthly_return_downside_sharpe_vol,return_downside_sharpe_vol,monthly,monthly_sjm,monthly_only,-0.005920862114190703,monthly_rf,,-0.005176527889158183,-0.0031728719414806992,-0.0004400767003132964,-4.793374847785502,-4.612851836021545,-4.622031725004611,-4.715010490298993,-1.560368284299316,-0.314393609234591,-0.46037023485387285,0.010462429612049115
1994-12-31,bond,bond_monthly_return_downside_sharpe_vol,return_downside_sharpe_vol,monthly,monthly_sjm,monthly_only,0.0025052543026393296,monthly_rf,,-0.0035917802634856475,-0.0025533810896862233,-0.00027476797339266333,-5.139948438015476,-4.728376366102529,-4.6797939900452254,-4.743891622819054,-0.7271240667910382,-0.18716520260068398,-0.4660092252546515,0.010615156043673975
1995-01-31,bond,bond_monthly_return_downside_sharpe_vol,return_downside_sharpe_vol,monthly,monthly_sjm,monthly_only,0.015590433753394067,monthly_rf,,0.0003655003986570652,-0.0005738676324818248,0.0006156773779668245,-5.486522028224739,-4.843900896182001,-4.73755625508548,-4.772772755339018,0.4585443883418534,-0.21928063213734647,-0.414048627541485,0.010179904748679676
1995-02-28,bond,bond_monthly_return_downside_sharpe_vol,return_downside_sharpe_vol,monthly,monthly_sjm,monthly_only,0.019775794091041025,monthly_rf,,0.0043698337778900215,0.001646306546964991,0.001691052097587085,-5.833095618404714,-4.959425426259777,-4.795318520125354,-4.801653887858884,1.7161018021081085,0.11281219444528365,-0.14336189584580122,0.013061953183067528
1995-03-31,bond,bond_monthly_return_downside_sharpe_vol,return_downside_sharpe_vol,monthly,monthly_sjm,monthly_only,0.0015351738854988903,monthly_rf,,0.003785044933075763,0.0016341818311425638,0.0016823033257956864,-6.1796692085432685,-5.074949956335649,-4.853080785164825,-4.830535020378649,1.5766550528132417,0.49602649347744987,0.04225929299443572,0.00967513721599603
1995-04-30,bond,bond_monthly_return_downside_sharpe_vol,return_downside_sharpe_vol,monthly,monthly_sjm,monthly_only,0.009568516984258493,monthly_rf,,0.004978172175220419,0.0024998279670516792,0.0021249224877159275,-6.526242798623246,-5.190474486409384,-4.910843050203868,-4.859416152898309,1.3789836514725207,0.819129377735696,0.19901413677680588,0.008760177180789301
1995-05-31,bond,bond_monthly_return_downside_sharpe_vol,return_downside_sharpe_vol,monthly,monthly_sjm,monthly_only,0.03329723661203084,monthly_rf,,0.010820380273156793,0.005859864728174702,0.0038744900432452546,-6.8728163886203815,-5.305999016480719,-4.968605315242458,-4.8882972854178615,1.097602955373834,1.2561792056901266,0.38153309532594504,0.010915694359617832
1995-06-30,bond,bond_monthly_return_downside_sharpe_vol,return_downside_sharpe_vol,monthly,monthly_sjm,monthly_only,0.002631539780683016,monthly_rf,,0.009131026786759349,0.005507650338143837,0.0038047286054564795,-7.219389978500363,-5.421523546549363,-5.026367580280567,-4.917178417937303,1.1550517671344867,1.2605936297146605,0.44088022945188604,0.010894165674150672
1995-07-31,bond,bond_monthly_return_downside_sharpe_vol,return_downside_sharpe_vol,monthly,monthly_sjm,monthly_only,-0.006733432770549881,monthly_rf,,0.005858197124539934,0.0041721324796347116,0.003213267055156892,-5.341365386955777,-5.301078145927515,-5.023498911737309,-4.921512836689408,0.569234163985934,0.7588734677691047,0.29294711036366156,0.013193861499953316
1995-08-31,bond,bond_monthly_return_downside_sharpe_vol,return_downside_sharpe_vol,monthly,monthly_sjm,monthly_only,0.007368749608665552,monthly_rf,,0.00616982330748846,0.004520887506026525,0.0034464963696117967,-5.687938977149263,-5.416602675996279,-5.081261176774936,-4.950393969208719,0.18584034416854503,0.6379638581397484,0.35769893677090675,0.012453104641317913
1995-09-30,bond,bond_monthly_return_downside_sharpe_vol,return_downside_sharpe_vol,monthly,monthly_sjm,monthly_only,0.005428559276158233,monthly_rf,,0.0060169009277181275,0.004619915659655722,0.0035577410125498354,-6.034512567306925,-5.532127206062035,-5.139023441812026,-4.979275101727911,0.3238734692093958,0.704323696084103,0.5993284945424696,0.012201106246481542
1995-10-31,bond,bond_monthly_return_downside_sharpe_vol,return_downside_sharpe_vol,monthly,monthly_sjm,monthly_only,0.008304717848171144,monthly_rf,,0.006488876355052261,0.005021932301822038,0.003824168350133161,-6.381086157413924,-5.647651736124415,-5.196785706848546,-5.008156234246982,5.87240847439066,0.6874965687784994,0.7315770289004255,0.012193362758740526
1995-11-30,bond,bond_monthly_return_downside_sharpe_vol,return_downside_sharpe_vol,monthly,monthly_sjm,monthly_only,0.01078495456126281,monthly_rf,,0.007375155029324669,0.0056506854177127835,0.004214847260508603,-6.727659747449275,-5.763176266183007,-5.254547971884464,-5.037037366765929,3.734012707660007,0.8172503896186551,0.9348549787441683,0.005666376068753424
1995-12-31,bond,bond_monthly_return_downside_sharpe_vol,return_downside_sharpe_vol,monthly,monthly_sjm,monthly_only,0.009133728621655417,monthly_rf,,0.0077379478364407546,0.006030689896035504,0.004490922857740175,-7.0742333373833,-5.878700796237344,-5.3123102369197435,-5.065918499284748,9.125532786173377,0.9851709311837451,1.0124649156451209,0.005800563139883063
1996-01-31,bond,bond_monthly_return_downside_sharpe_vol,return_downside_sharpe_vol,monthly,monthly_sjm,monthly_only,0.002340613522169714,monthly_rf,,0.006624480606318669,0.005628097833486698,0.004370235268334312,-7.42080692717403,-5.994225326286907,-5.370072501954345,-5.094799631803434,2.03046542968402,2.651068207694603,0.8952909264799264,0.0027260284047214258
1996-02-29,bond,bond_monthly_return_downside_sharpe_vol,return_downside_sharpe_vol,monthly,monthly_sjm,monthly_only,-0.021282293703844254,monthly_rf,,0.0008673277446516227,0.0026921396214185257,0.0029304694483180205,-4.196057938373531,-4.613368140817854,-4.792802046156725,-4.853366497881468,-0.25080071072219046,0.22372793014578815,0.4314959813974864,0.010958459019581654
1996-03-31,bond,bond_monthly_return_downside_sharpe_vol,return_downside_sharpe_vol,monthly,monthly_sjm,monthly_only,-0.01085114887043824,monthly_rf,,-0.0015501878173090422,0.001214549486361761,0.002156966647819262,-4.333434757550589,-4.593455732748055,-4.755312334012492,-4.827810727474503,-1.0274164357302484,-0.022048357260885835,0.32490400957666843,0.011863529501094441
1996-04-30,bond,bond_monthly_return_downside_sharpe_vol,return_downside_sharpe_vol,monthly,monthly_sjm,monthly_only,-0.010223775407948006,monthly_rf,,-0.0033395443750886995,-3.338642193470294e-05,0.0014620889904286615,-4.442820536047379,-4.591288999742087,-4.733361932442265,-4.810393972956509,-2.783929943475658,-0.2877410011866328,0.18942258046582727,0.011641210436082607
1996-05-31,bond,bond_monthly_return_downside_sharpe_vol,return_downside_sharpe_vol,monthly,monthly_sjm,monthly_only,-0.006230594287261489,monthly_rf,,-0.00393596645132366,-0.000709509743992627,0.0010303318541462591,-4.6657408251079895,-4.660004887981201,-4.761313944893836,-4.822171704204857,-4.447800759101019,-0.6327621938393644,-0.08057303978971148,0.009775518218168619
1996-06-30,bond,bond_monthly_return_downside_sharpe_vol,return_downside_sharpe_vol,monthly,monthly_sjm,monthly_only,0.009429191535539786,monthly_rf,,-0.0011787413884943236,0.00039663556199654153,0.0015017236264544833,-5.012314415343955,-4.7755294180615895,-4.819076209933547,-4.851052836724548,-0.2761000388937672,-0.622788332730262,-0.021039514741567483,0.009853001753859163
1996-07-31,bond,bond_monthly_return_downside_sharpe_vol,return_downside_sharpe_vol,monthly,monthly_sjm,monthly_only,-0.0017634929133390443,monthly_rf,,-0.0012993753204997849,0.00016096277635587462,0.0013184611039154693,-5.324961357023954,-4.885403605042918,-4.873926082346397,-4.8784243059326124,0.07262650769886794,-0.7277789828159922,0.020643050171997024,0.009371460889720672
1996-08-31,bond,bond_monthly_return_downside_sharpe_vol,return_downside_sharpe_vol,monthly,monthly_sjm,monthly_only,-0.005775985939516234,monthly_rf,,-0.0022228977365768717,-0.0004867659388808391,0.0009202803874595376,-5.232236127290599,-4.9302303225402335,-4.897889578487097,-4.890460132065069,0.09790157441016975,-0.6213991979446275,-0.09179170716099097,0.006816821876420582
1996-09-30,bond,bond_monthly_return_downside_sharpe_vol,return_downside_sharpe_vol,monthly,monthly_sjm,monthly_only,0.013026831080077364,monthly_rf,,0.000923113297184013,0.0009875848184223907,0.0015997688661366324,-5.5788097174930265,-5.045754852616607,-4.95565184352579,-4.919341264584503,0.22621771545924899,-0.02999706847588633,-0.02504718029685845,0.008544312330074643
1996-10-31,bond,bond_monthly_return_downside_sharpe_vol,return_downside_sharpe_vol,monthly,monthly_sjm,monthly_only,0.01795148284975821,monthly_rf,,0.0044360569792284395,0.0028383678389777038,0.002517520052299756,-5.925383307663333,-5.161279382690906,-5.01341410856401,-4.948222397103822,0.8216637092310477,0.46888583743440077,0.048214842673765634,0.009468343249676407
1996-11-30,bond,bond_monthly_return_downside_sharpe_vol,return_downside_sharpe_vol,monthly,monthly_sjm,monthly_only,0.013028571428571382,monthly_rf,,0.0062086881906019105,0.00395013211301329,0.0031074600352310328,-6.271956897788216,-5.276803912762874,-5.071176373601728,-4.977103529623024,6.319850907568445,0.8973532476697323,0.06371447346030729,0.008524438982992981
1996-12-31,bond,bond_monthly_return_downside_sharpe_vol,return_downside_sharpe_vol,monthly,monthly_sjm,monthly_only,-0.013897883397238693,monthly_rf,,0.002060713047767351,0.002002890742193692,0.0021530234469998204,-4.613444001221529,-4.855922352878329,-4.893714213412647,-4.897760679275906,0.40675857594558484,0.32446297418362385,-0.10026727323188481,0.0115932709852606
1997-01-31,bond,bond_monthly_return_downside_sharpe_vol,return_downside_sharpe_vol,monthly,monthly_sjm,monthly_only,-0.0014377773367169567,monthly_rf,,0.0013389763215985537,0.0016275094443309241,0.0019514872849906027,-4.949618018385968,-4.967030407448192,-4.94922740405277,-4.925539605517032,-0.06989371762232963,0.32986433459271525,-0.12737072097234692,0.01156800755236983
1997-02-28,bond,bond_monthly_return_downside_sharpe_vol,return_downside_sharpe_vol,monthly,monthly_sjm,monthly_only,-0.0014124729693440882,monthly_rf,,0.0007713537800956652,0.001295843466168155,0.0017626827036046032,-5.2767099630086065,-5.0772366989740725,-5.004564609019219,-4.953296240034638,-0.9494853023795978,0.41045506198233206,0.015077151071106885,0.011068508336818375
1997-03-31,bond,bond_monthly_return_downside_sharpe_vol,return_downside_sharpe_vol,monthly,monthly_sjm,monthly_only,-0.015381504039250567,monthly_rf,,-0.002560972291889083,-0.0005236765246920427,0.0008004534391484588,-4.468832569266712,-4.718715819008232,-4.8137504214331495,-4.8578718316619405,-0.9237196368228338,-0.015426135290133152,-0.021008514182148844,0.01242030102924813
1997-04-30,bond,bond_monthly_return_downside_sharpe_vol,return_downside_sharpe_vol,monthly,monthly_sjm,monthly_only,0.010669419614216717,monthly_rf,,0.00016845059936476626,0.000697504612041322,0.001354355948845283,-4.815406159510543,-4.834240349087837,-4.871512686472486,-4.886752964181499,-0.19179021699896523,-0.12959174345790983,0.14325483262853,0.010843857890431099
1997-05-31,bond,bond_monthly_return_downside_sharpe_vol,return_downside_sharpe_vol,monthly,monthly_sjm,monthly_only,0.00455317657634881,monthly_rf,,0.0010730172621204286,0.001118163365777625,0.0015338919551718948,-5.161979749739403,-4.949764879165763,-4.929274951511387,-4.915634096700947,-0.004762224690394587,-0.30247215635817354,0.23341495418590957,0.009316031902866801
1997-06-30,bond,bond_monthly_return_downside_sharpe_vol,return_downside_sharpe_vol,monthly,monthly_sjm,monthly_only,0.00816931233128341,monthly_rf,,0.0025369792023503777,0.0018874527564977268,0.0019063094844270492,-5.508553339947091,-5.065289409241803,-4.987037216549827,-4.94451522922028,3.10555041725751,0.10071351639144313,0.224692673827532,0.00853932745875119
1997-07-31,bond,bond_monthly_return_downside_sharpe_vol,return_downside_sharpe_vol,monthly,monthly_sjm,monthly_only,0.022666817475487794,monthly_rf,,0.006689754250123763,0.004154508083568952,0.0030715072645025273,-5.855126930124839,-5.180813939315725,-5.044799481587777,-4.973396361739497,1.507145492499139,0.41954181614782987,0.37442142124880123,0.011625678243839652
1997-08-31,bond,bond_monthly_return_downside_sharpe_vol,return_downside_sharpe_vol,monthly,monthly_sjm,monthly_only,-0.012629726834493822,monthly_rf,,0.002704155464107022,0.002323326538974625,0.002190264708950727,-4.69318326332316,-4.877482310788139,-4.909728471547233,-4.911911268116276,0.4189396160426087,0.2266330391914188,0.30835156772264816,0.013272186016818472
1997-09-30,bond,bond_monthly_return_downside_sharpe_vol,return_downside_sharpe_vol,monthly,monthly_sjm,monthly_only,0.010348186864389722,monthly_rf,,0.004281115121346368,0.0031988490872221463,0.002648133697013981,-5.0397568535579005,-4.993006840865384,-4.967490736585832,-4.940792400635625,0.464553709991703,0.6944676079671562,0.2936501860857032,0.010506174207128793
1997-10-31,bond,bond_monthly_return_downside_sharpe_vol,return_downside_sharpe_vol,monthly,monthly_sjm,monthly_only,0.010307220336727135,monthly_rf,,0.0055242974576438925,0.003974381502477499,0.00307800519889834,-5.386330443773906,-5.10853137094066,-5.025253001623951,-4.969673533154857,0.24719692606052734,0.6899387272392837,0.25330417711981573,0.010487643088569096
1997-11-30,bond,bond_monthly_return_downside_sharpe_vol,return_downside_sharpe_vol,monthly,monthly_sjm,monthly_only,0.000704788455231157,monthly_rf,,0.004530035285431249,0.0036176647098634888,0.002944806778004706,-5.732904033963414,-5.224055901013725,-5.083015266661563,-4.998554665673969,1.5695697523991812,0.6136310395716781,0.17006407342007124,0.01074657681717056
1997-12-31,bond,bond_monthly_return_downside_sharpe_vol,return_downside_sharpe_vol,monthly,monthly_sjm,monthly_only,0.005268428750522385,monthly_rf,,0.004682365468896328,0.0037977651827472074,0.00307522165828018,-6.079477624115451,-5.33958043108431,-5.140777531698635,-5.027435798192958,1.3837640748713658,0.5695154885460327,0.34695565012735247,0.01073009010344754
1998-01-31,bond,bond_monthly_return_downside_sharpe_vol,return_downside_sharpe_vol,monthly,monthly_sjm,monthly_only,0.008538248412995856,monthly_rf,,0.005477832092130941,0.0043149579798015605,0.0033818377897268945,-6.426051214214494,-5.45510496115211,-5.1985397967351386,-5.0563169307118185,1.505727446919116,0.46629605472574864,0.4309567669156461,0.008055378035108985
1998-02-28,bond,bond_monthly_return_downside_sharpe_vol,return_downside_sharpe_vol,monthly,monthly_sjm,monthly_only,-0.004653127393413377,monthly_rf,,0.0033878204789867536,0.003336528369756937,0.0029308698462444842,-5.659662889510101,-5.436373198907469,-5.214649597712774,-5.069575013763477,0.5439861783969693,0.9260665514487122,0.39637328649064313,0.005491640129816017
1998-03-31,bond,bond_monthly_return_downside_sharpe_vol,return_downside_sharpe_vol,monthly,monthly_sjm,monthly_only,-0.00046366168035659374,monthly_rf,,0.0025932617353325972,0.0029219227639792223,0.002740349431190338,-5.9974568817205265,-5.5504269455690505,-5.271966649933973,-5.09829436563615,0.20722861705784718,0.6269925229086876,0.6194408079902451,0.005237142963721831
1998-04-30,bond,bond_monthly_return_downside_sharpe_vol,return_downside_sharpe_vol,monthly,monthly_sjm,monthly_only,0.0009196053469129033,monthly_rf,,0.002247987302718263,0.002703467367087362,0.0026381589180295264,-6.344030471833818,-5.665951475630859,-5.329728914969052,-5.127175498154683,-0.5905063693789028,0.40872524360144113,0.529702937456046,0.004205874260239272
1998-05-31,bond,bond_monthly_return_downside_sharpe_vol,return_downside_sharpe_vol,monthly,monthly_sjm,monthly_only,0.005485815602836789,monthly_rf,,0.0029159495779865112,0.00300702512618759,0.002797985606710904,-6.6906040618780676,-5.781476005688809,-5.387491180003442,-5.156056630673075,0.7791174189060467,0.5734571565002068,0.5386028530473099,0.004387223719897826
1998-06-30,bond,bond_monthly_return_downside_sharpe_vol,return_downside_sharpe_vol,monthly,monthly_sjm,monthly_only,0.004380849088559727,monthly_rf,,0.003218157576503915,0.003156911081531908,0.0028868249075607168,-7.0371776518246785,-5.897000535742426,-5.445253445037102,-5.184937763191323,1.848432419933583,0.5499028765490177,0.5054807893531489,0.004306132949451669
1998-07-31,bond,bond_monthly_return_downside_sharpe_vol,return_downside_sharpe_vol,monthly,monthly_sjm,monthly_only,-0.0018727374510170113,monthly_rf,,0.002167908610056186,0.0026081699793272595,0.002619691198851202,-6.5274588681280195,-5.955528781123442,-5.491622270364529,-5.210505211558285,0.8224283380735005,0.18128774111382093,0.3428248684221996,0.0034905315798958916
1998-08-31,bond,bond_monthly_return_downside_sharpe_vol,return_downside_sharpe_vol,monthly,monthly_sjm,monthly_only,0.011974392968866458,monthly_rf,,0.004190981175223898,0.0036300369136694098,0.0031447302653510867,-6.874032458124812,-6.071053311169511,-5.549384535396762,-5.239386344076249,0.8526318040029685,0.7378195533187761,0.8256981413966964,0.0046136537900776315
1998-09-30,bond,bond_monthly_return_downside_sharpe_vol,return_downside_sharpe_vol,monthly,monthly_sjm,monthly_only,0.018816028436366476,monthly_rf,,0.0072081207326552925,0.005286848055105601,0.004024292646369445,-7.220606048004306,-6.186577841209791,-5.607146800428138,-5.268267476594055,1.1200532239616827,0.9545755752791358,0.7777020406195932,0.006932217663888248
1998-10-31,bond,bond_monthly_return_downside_sharpe_vol,return_downside_sharpe_vol,monthly,monthly_sjm,monthly_only,-0.008475470256851044,monthly_rf,,0.003972604160839623,0.003785361485910449,0.003322734862110325,-5.113443431658823,-5.457674008935418,-5.413739669602492,-5.222554327070684,0.6415546028373501,0.5713871497453736,0.47543103248372803,0.00884073037543796
1998-11-30,bond,bond_monthly_return_downside_sharpe_vol,return_downside_sharpe_vol,monthly,monthly_sjm,monthly_only,0.002563411005255581,monthly_rf,,0.0036818883540558284,0.0036520451221019744,0.003280117288747165,-5.460017021869936,-5.5731985390000185,-5.471501934635807,-5.251435459588582,0.3837289671689221,0.5137915609927417,0.4999842057318511,0.008883782149315445
1998-12-31,bond,bond_monthly_return_downside_sharpe_vol,return_downside_sharpe_vol,monthly,monthly_sjm,monthly_only,-0.0007933424010308798,monthly_rf,,0.002758650603181661,0.0031670476449652376,0.0030514915638949567,-5.789492231808724,-5.683085383918135,-5.527089325306558,-5.279635537531061,-0.48374462330588824,0.4064588546318992,0.4241765806064523,0.009108048718021284
1999-01-31,bond,bond_monthly_return_downside_sharpe_vol,return_downside_sharpe_vol,monthly,monthly_sjm,monthly_only,0.003637249304118187,monthly_rf,,0.0029399050530559195,0.003218347248711364,0.0030843676196670037,-6.136065821953312,-5.798609913975472,-5.58485159033827,-5.308516670048641,0.9551260077410609,0.5267660282462953,0.3770225267852065,0.0087712151654429
1999-02-28,bond,bond_monthly_return_downside_sharpe_vol,return_downside_sharpe_vol,monthly,monthly_sjm,monthly_only,-0.020956830368743014,monthly_rf,,-0.001989978895158331,0.0005808043814621126,0.0017350388586120046,-4.20656400015918,-4.615783082893198,-4.856655862500513,-4.974554682335254,-0.5640862311740359,-0.07164627139246983,0.13468928479173947,0.012117295567089584
1999-03-31,bond,bond_monthly_return_downside_sharpe_vol,return_downside_sharpe_vol,monthly,monthly_sjm,monthly_only,0.0012416646631725186,monthly_rf,,-0.0013232925288678046,0.0006529050853268544,0.001707347892787847,-4.553137590411349,-4.731307612974145,-4.914418127539528,-5.003435814854346,-0.4840241849118467,-0.4401897523182794,0.15001391681437581,0.008626324568532906
1999-04-30,bond,bond_monthly_return_downside_sharpe_vol,return_downside_sharpe_vol,monthly,monthly_sjm,monthly_only,-0.0005320003825508204,monthly_rf,,-0.001160049375289698,0.000523630379898879,0.0015816629316894,-4.898437543543035,-4.846359001137816,-4.971858830296345,-5.032130356889348,-0.6700493624261729,-0.29396270574298894,0.1369278511721502,0.008413679631291459
1999-05-31,bond,bond_monthly_return_downside_sharpe_vol,return_downside_sharpe_vol,monthly,monthly_sjm,monthly_only,-0.012158967514360006,monthly_rf,,-0.0034291204021238463,-0.0008600573076753991,0.0008104606037180291,-4.596580289380128,-4.719904112567931,-4.869681582500285,-4.967154861150667,-0.6421367311967618,-0.5645150216386052,-0.018124847561288727,0.008727912621999357
1999-06-30,bond,bond_monthly_return_downside_sharpe_vol,return_downside_sharpe_vol,monthly,monthly_sjm,monthly_only,-0.007185900287332122,monthly_rf,,-0.004204142116435827,-0.0015502148855988831,0.0003616593526626138,-4.737902268743162,-4.757425217778633,-4.876468611522462,-4.96533213037617,-1.3910041975557341,-0.7011544173550881,-0.11367368625635807,0.008546568271679218
1999-07-31,bond,bond_monthly_return_downside_sharpe_vol,return_downside_sharpe_vol,monthly,monthly_sjm,monthly_only,-0.00805742335431889,monthly_rf,,-0.004999072009046439,-0.002260159670864276,-0.00011086745085639129,-4.777800838104021,-4.769925381374771,-4.870128516410098,-4.9560400529061805,-4.212566922024879,-1.0757404792446947,-0.16192845542050247,0.007382427601734982
1999-08-31,bond,bond_monthly_return_downside_sharpe_vol,return_downside_sharpe_vol,monthly,monthly_sjm,monthly_only,-0.004408714768474139,monthly_rf,,-0.0048772816208348954,-0.0024945697861596203,-0.00035208708554682717,-5.003090826527549,-4.851509545979154,-4.908070977926241,-4.973397564821934,-4.210415660015363,-1.1381869490426182,-0.32175313883963114,0.0045542227872722085
1999-09-30,bond,bond_monthly_return_downside_sharpe_vol,return_downside_sharpe_vol,monthly,monthly_sjm,monthly_only,0.0077094475211767636,monthly_rf,,-0.0022806460192572875,-0.0013812984178110572,0.00010037208509584784,-5.349664416745856,-4.967034076056812,-4.9658332429648535,-5.002278697341031,-0.23527307192909386,-0.6459033760493798,-0.521403740216108,0.006356358059996823
1999-10-31,bond,bond_monthly_return_downside_sharpe_vol,return_downside_sharpe_vol,monthly,monthly_sjm,monthly_only,-0.0002103609377432777,monthly_rf,,-0.0018535472958779821,-0.0012535476377581415,8.29319806165069e-05,-5.695258214496308,-5.082440028947535,-5.023539770762381,-5.031130718725315,0.2050251535588972,-0.6343569433319645,-0.43436970950481113,0.006387549783761333
1999-11-30,bond,bond_monthly_return_downside_sharpe_vol,return_downside_sharpe_vol,monthly,monthly_sjm,monthly_only,-0.0036716118636988615,monthly_rf,,-0.002228613059946374,-0.0015173615444272624,-0.0001277943732124098,-5.6492519852480445,-5.154410972155283,-5.0625983149224805,-5.050703626206594,0.26782449227108024,-0.49958737039592827,-0.5179010379640185,0.005279211280185046
1999-12-31,bond,bond_monthly_return_downside_sharpe_vol,return_downside_sharpe_vol,monthly,monthly_sjm,monthly_only,-0.009222210816552986,monthly_rf,,-0.0036713885986130977,-0.0023579704765516528,-0.0006382247468538078,-4.96470728204816,-5.015595213205343,-5.004801087612253,-5.021456956140181,-1.1767769285593175,-0.5301104930894058,-0.6071300960229868,0.005615456415617619
2000-01-31,bond,bond_monthly_return_downside_sharpe_vol,return_downside_sharpe_vol,monthly,monthly_sjm,monthly_only,-0.007374362818590726,monthly_rf,,-0.00443531023248892,-0.002905265311379101,-0.001016295126001054,-4.936471718107499,-4.9918479777556435,-4.993507599084616,-5.014480363787977,-2.9274722201937187,-0.5189010897035116,-0.7723929714903738,0.005517369309112086
2000-02-29,bond,bond_monthly_return_downside_sharpe_vol,return_downside_sharpe_vol,monthly,monthly_sjm,monthly_only,0.007793571755192434,monthly_rf,,-0.0019124983106277409,-0.0017380084730084944,-0.0005218352921112845,-5.283045308329781,-5.10737250783094,-5.05126986412251,-5.043361496306896,-0.38492190548615396,-0.12384643316649016,-0.4907639406264768,0.0066958289017830805
2000-03-31,bond,bond_monthly_return_downside_sharpe_vol,return_downside_sharpe_vol,monthly,monthly_sjm,monthly_only,0.008473695411796694,monthly_rf,,0.00023016799133566425,-0.0006238984892049711,-1.6954948561520035e-05,-5.629618898528166,-5.222897037904029,-5.109032129159883,-5.072242628825685,0.40519111662663515,-0.10228130454747503,-0.35195950908984647,0.006862249961214137
2000-04-30,bond,bond_monthly_return_downside_sharpe_vol,return_downside_sharpe_vol,monthly,monthly_sjm,monthly_only,-0.007463345655107596,monthly_rf,,-0.0013569998272597306,-0.0013700909422163711,-0.0004348887450070683,-5.1402611754305765,-5.136344662944411,-5.081138592804902,-5.060658152171416,0.3988514844639819,-0.2619415477228098,-0.42964571724475203,0.00729441618117607
2000-05-31,bond,bond_monthly_return_downside_sharpe_vol,return_downside_sharpe_vol,monthly,monthly_sjm,monthly_only,-0.005458980122630015,monthly_rf,,-0.002203236204618207,-0.001816193993181597,-0.0007168693267261334,-5.174145111011935,-5.150767325673175,-5.093730797320024,-5.0679779938721286,-0.20921676447530685,-0.29862017241532074,-0.37689018038299454,0.007396035425714714
2000-06-30,bond,bond_monthly_return_downside_sharpe_vol,return_downside_sharpe_vol,monthly,monthly_sjm,monthly_only,0.016804879197475534,monthly_rf,,0.001718128004867263,0.00021538896152165847,0.0002665508522132073,-5.520718701218739,-5.266291855745367,-5.151493062356994,-5.096859126390805,0.11767238824885355,0.22705797555835727,-0.05206433697672921,0.009377529927733132
2000-07-31,bond,bond_monthly_return_downside_sharpe_vol,return_downside_sharpe_vol,monthly,monthly_sjm,monthly_only,0.00427738266877356,monthly_rf,,0.0022461008959038715,0.0006585576818887163,0.0004916615446357887,-5.867292291395234,-5.38181638581497,-5.209255327393387,-5.125740258909345,0.5714675115634743,0.48700917629084306,0.07660993365032615,0.008359597190967696
2000-08-31,bond,bond_monthly_return_downside_sharpe_vol,return_downside_sharpe_vol,monthly,monthly_sjm,monthly_only,0.009493747571039827,monthly_rf,,0.0037412865928375064,0.0016224882242686163,0.0009969098101662377,-6.213865881528869,-5.4973409158816695,-5.26701759242917,-5.154621391427744,1.9836105880075758,0.5117921405433367,0.21807413745903037,0.008508460433611285
2000-09-30,bond,bond_monthly_return_downside_sharpe_vol,return_downside_sharpe_vol,monthly,monthly_sjm,monthly_only,0.001187040584086467,monthly_rf,,0.0032143469847249542,0.0015749803285419796,0.0010075810305328723,-6.560439471601889,-5.612865445945108,-5.324779857464306,-5.183502523945999,1.4544993852507664,0.3759522333192195,0.15468237148962136,0.008352445945521873
2000-10-31,bond,bond_monthly_return_downside_sharpe_vol,return_downside_sharpe_vol,monthly,monthly_sjm,monthly_only,0.0010172518810461157,monthly_rf,,0.0027610874204731,0.0015141314399905823,0.0010081238136648806,-6.907013061589185,-5.728389976004886,-5.382542122498757,-5.212383656464105,0.9855680136209892,0.6454058098011729,0.1679022274483068,0.007055334117185327
2000-11-30,bond,bond_monthly_return_downside_sharpe_vol,return_downside_sharpe_vol,monthly,monthly_sjm,monthly_only,0.011250956030388275,monthly_rf,,0.0045125428491627016,0.0025764314840456366,0.0015830098119145736,-7.253586651455252,-5.843914506060556,-5.440304387532481,-5.2412647889820585,0.9373807559455656,1.2815807251790585,0.3144606163502633,0.005726165229657872
2000-12-31,bond,bond_monthly_return_downside_sharpe_vol,return_downside_sharpe_vol,monthly,monthly_sjm,monthly_only,0.013550337627088797,monthly_rf,,0.006377035158112504,0.0037736987112592505,0.0022546843109047137,-7.600160241149872,-5.959439036111616,-5.498066652565436,-5.2701459214998545,1.5797909804774954,1.3875250616373083,0.5694806581705142,0.00489801559643909
2001-01-31,bond,bond_monthly_return_downside_sharpe_vol,return_downside_sharpe_vol,monthly,monthly_sjm,monthly_only,0.0109536339020931,monthly_rf,,0.007321185071777531,0.004557038844248511,0.002742918835657463,-7.9467338306020325,-6.074963566157499,-5.555828917597577,-5.299027054017488,10.271001369919208,1.5953546687491809,0.8395006298290473,0.004957410465491808
2001-02-28,bond,bond_monthly_return_downside_sharpe_vol,return_downside_sharpe_vol,monthly,monthly_sjm,monthly_only,0.004911280262184263,monthly_rf,,0.006824022977130051,0.004595687037033085,0.002864619611075783,-8.293307419711303,-6.190488096197573,-5.613591182628853,-5.3279081865349545,2.7091998890208537,1.426977562194387,0.8076785512672211,0.005007144869701555
2001-03-31,bond,bond_monthly_return_downside_sharpe_vol,return_downside_sharpe_vol,monthly,monthly_sjm,monthly_only,0.0008202276395496795,monthly_rf,,0.0055854431568881065,0.0041837795771585435,0.0027498767065258526,-8.63988100833565,-6.306012626231125,-5.6713534476592145,-5.356789319052249,1.3361688476096103,1.3941461802892887,0.7111066979351653,0.005081208835308517
2001-04-30,bond,bond_monthly_return_downside_sharpe_vol,return_downside_sharpe_vol,monthly,monthly_sjm,monthly_only,-0.008050459366168425,monthly_rf,,0.0027723636386494574,0.0028490084258641904,0.0021437004211771874,-5.168358325569954,-5.521004050520226,-5.472868729995543,-5.3057707885320955,-0.14287524475431942,0.7475162203607392,0.695889559282025,0.0074549053652452095
2001-05-31,bond,bond_monthly_return_downside_sharpe_vol,return_downside_sharpe_vol,monthly,monthly_sjm,monthly_only,0.0028317294099168082,monthly_rf,,0.00278461076603646,0.0028471232630750574,0.002182316521065118,-5.51493191577718,-5.636528580582949,-5.530630995028045,-5.334651921049522,-0.310125137185019,0.5927113125659772,0.8709418165941089,0.007034551487020145
2001-06-30,bond,bond_monthly_return_downside_sharpe_vol,return_downside_sharpe_vol,monthly,monthly_sjm,monthly_only,0.0009784555172737378,monthly_rf,,0.0024120018882256527,0.002643249216638331,0.0021147489947916202,-5.861505505954273,-5.752053110641924,-5.588393260059704,-5.363533053566775,-0.29733225302409466,0.3659472789076049,0.7647693122001665,0.005667878079688983
2001-07-31,bond,bond_monthly_return_downside_sharpe_vol,return_downside_sharpe_vol,monthly,monthly_sjm,monthly_only,0.01935725988759141,monthly_rf,,0.005907799700558533,0.0044667692058553594,0.0030824967697433946,-6.208079096088752,-5.867577640696693,-5.646155525090472,-5.392414186083851,0.9347273917610258,0.42512213481104466,0.8001022294511649,0.008173530867415046
2001-08-31,bond,bond_monthly_return_downside_sharpe_vol,return_downside_sharpe_vol,monthly,monthly_sjm,monthly_only,0.00835146566588906,monthly_rf,,0.006411926703876777,0.004890594569280722,0.003378221270498349,-6.5546526861629655,-5.98310217074674,-5.703917790120293,-5.421295318600744,1.2662377522267367,0.48350493155843194,0.7916179982717104,0.0083724339938871
2001-09-30,bond,bond_monthly_return_downside_sharpe_vol,return_downside_sharpe_vol,monthly,monthly_sjm,monthly_only,0.008852744211233523,monthly_rf,,0.006915466071813274,0.005322870174137569,0.0036854826332869467,-6.901226276151951,-6.098626700791487,-5.761680055149115,-5.450176451117447,2.4018090585583405,0.6419477365790973,0.892253181732732,0.008391439956914616
2001-10-31,bond,bond_monthly_return_downside_sharpe_vol,return_downside_sharpe_vol,monthly,monthly_sjm,monthly_only,0.018725645066960152,monthly_rf,,0.009351899786545707,0.00678513009542099,0.004529622087255828,-7.247799866020406,-6.214151230830286,-5.819442320176874,-5.479057583633956,2.5073162482360334,1.3920886965687782,1.0178738993866103,0.007075375285135116
2001-11-30,bond,bond_monthly_return_downside_sharpe_vol,return_downside_sharpe_vol,monthly,monthly_sjm,monthly_only,-0.015487478639117667,monthly_rf,,0.004227549082449454,0.004355159932124146,0.0034061485508683443,-4.51324214979181,-4.92581668467172,-5.144224152890507,-5.208808746943666,0.2803167332516133,0.5753736868219534,0.5589274028463465,0.011812060185214477
2001-12-31,bond,bond_monthly_return_downside_sharpe_vol,return_downside_sharpe_vol,monthly,monthly_sjm,monthly_only,-0.00785017524514636,monthly_rf,,0.0017359209063573956,0.003023542218757124,0.00277437964113961,-4.652849056239375,-4.908559471000161,-5.10182069061917,-5.1798875975810805,-0.10484165838747571,0.41147313566101046,0.36551995581070684,0.012941088241243296
2002-01-31,bond,bond_monthly_return_downside_sharpe_vol,return_downside_sharpe_vol,monthly,monthly_sjm,monthly_only,0.006694959723364381,monthly_rf,,0.0027589680059303687,0.0034240985747517726,0.0029944248929409376,-4.999422646475904,-5.024084001076898,-5.159582955656061,-5.208768730099206,-0.6029210081189753,0.2813779307394948,0.33669884920479043,0.011424232129604627
2002-02-28,bond,bond_monthly_return_downside_sharpe_vol,return_downside_sharpe_vol,monthly,monthly_sjm,monthly_only,0.008390989149237162,monthly_rf,,0.003920851005440989,0.003965992703284796,0.003297310770982969,-5.345996236694437,-5.139608531151604,-5.217345220692371,-5.237649862617178,0.33088290745066606,0.28188122534935034,0.3625375318857827,0.011427203213509112
2002-03-31,bond,bond_monthly_return_downside_sharpe_vol,return_downside_sharpe_vol,monthly,monthly_sjm,monthly_only,-0.01793584152633113,monthly_rf,,-0.0005881731675908526,0.0015764745137559033,0.002105585504361937,-4.333397072246128,-4.638130105963999,-4.849986715933124,-5.007810532709971,-0.07896121333658782,-0.09270554612298294,0.1775208446706714,0.013415057643150244
2002-04-30,bond,bond_monthly_return_downside_sharpe_vol,return_downside_sharpe_vol,monthly,monthly_sjm,monthly_only,0.01789200760237969,monthly_rf,,0.003224278404972823,0.003356520087948468,0.002991609294910085,-4.6799706624945365,-4.753654636044666,-4.9077489809721895,-5.03669166522892,0.1835978565376152,-0.10466022192775444,0.3530029385454183,0.013210270311217624
2002-05-31,bond,bond_monthly_return_downside_sharpe_vol,return_downside_sharpe_vol,monthly,monthly_sjm,monthly_only,0.007096795494270737,monthly_rf,,0.004023176643612568,0.003764588929286391,0.003222015691918828,-5.02654425272987,-4.869179166123784,-4.965511246010805,-5.065572797747739,0.1566627009072648,0.20187009479835571,0.3821174294400893,0.011796972050132868
2002-06-30,bond,bond_monthly_return_downside_sharpe_vol,return_downside_sharpe_vol,monthly,monthly_sjm,monthly_only,0.007346670839150827,monthly_rf,,0.004708811748047008,0.004155398657378902,0.0034535147970082146,-5.373117842946715,-4.984703696201162,-5.023273511048941,-5.094453930266427,2.1423940296946173,0.4497070552775021,0.42739667340673987,0.010927699463220066
2002-07-31,bond,bond_monthly_return_downside_sharpe_vol,return_downside_sharpe_vol,monthly,monthly_sjm,monthly_only,0.010566480196271323,monthly_rf,,0.0059172456678752185,0.004854855871378872,0.003852734868913189,-5.7196914331374105,-5.100228226276587,-5.08103577608657,-5.123335062784978,5.27627525764233,0.4996738273026148,0.38696361093421006,0.011126292102740945
2002-08-31,bond,bond_monthly_return_downside_sharpe_vol,return_downside_sharpe_vol,monthly,monthly_sjm,monthly_only,0.015484084627937001,monthly_rf,,0.007890879513330786,0.006014518353898931,0.004505552368578018,-6.066265023291126,-5.21575275634982,-5.138798041123662,-5.15221619530339,3.3269805351726123,0.5749826023148632,0.4253923849830261,0.01172504961233529
2002-09-30,bond,bond_monthly_return_downside_sharpe_vol,return_downside_sharpe_vol,monthly,monthly_sjm,monthly_only,0.014795608819464358,monthly_rf,,0.009315321537408314,0.006972546579817765,0.005083088859428187,-6.412838613392545,-5.331277286420593,-5.196560306160185,-5.181097327821657,6.262396824996334,2.955482236690086,0.4569270962650383,0.004126887013183274
2002-10-31,bond,bond_monthly_return_downside_sharpe_vol,return_downside_sharpe_vol,monthly,monthly_sjm,monthly_only,-0.005954872983852598,monthly_rf,,0.006165088439551707,0.005562148534283671,0.004463575664380812,-5.433548975838964,-5.280785109708402,-5.188056006990142,-5.177685609436478,0.8150560535579371,1.1542777740000718,0.29358994618085577,0.007123468327637991
2002-11-30,bond,bond_monthly_return_downside_sharpe_vol,return_downside_sharpe_vol,monthly,monthly_sjm,monthly_only,-0.0014659233040511743,monthly_rf,,0.004590814730637275,0.004795376887719557,0.004130778459324377,-5.726748891268611,-5.385638204538813,-5.241614344782563,-5.204562961828507,0.27576945525003205,0.8484896443378648,0.44456529330175926,0.008008749912645474
2002-12-31,bond,bond_monthly_return_downside_sharpe_vol,return_downside_sharpe_vol,monthly,monthly_sjm,monthly_only,0.019555812886952507,monthly_rf,,0.0076780859789340235,0.006405759376043354,0.0049965191184835455,-6.073322481421432,-5.50116273460541,-5.299376609817989,-5.233444094346502,0.3637644660294948,0.9462234052570634,0.6641015731827421,0.009332043916670769
2003-01-31,bond,bond_monthly_return_downside_sharpe_vol,return_downside_sharpe_vol,monthly,monthly_sjm,monthly_only,-0.00014627461200433702,monthly_rf,,0.006063924504512702,0.005690924069159286,0.004707876285623636,-6.4178839479541585,-5.616520414695249,-5.357086361872622,-5.26230287789517,0.6221475635526436,0.7159264006063187,0.5985443002838137,0.009840032763692146
2003-02-28,bond,bond_monthly_return_downside_sharpe_vol,return_downside_sharpe_vol,monthly,monthly_sjm,monthly_only,0.012945490787630643,monthly_rf,,0.007483588009125486,0.006482406597480944,0.005170218061412028,-6.76445753798034,-5.732044944754905,-5.4148486269066725,-5.291184010412848,1.3173114726333675,0.6957441134511649,0.6257079825836522,0.009517350038576984
2003-03-31,bond,bond_monthly_return_downside_sharpe_vol,return_downside_sharpe_vol,monthly,monthly_sjm,monthly_only,-0.001779354198770843,monthly_rf,,0.005572647903796792,0.005581037904191982,0.0047801685417410275,-6.502513920788617,-5.809843534756785,-5.462915693077048,-5.316366867679582,0.5573822517346732,0.42213479345911764,0.975819252183973,0.009141976659332097
2003-04-30,bond,bond_monthly_return_downside_sharpe_vol,return_downside_sharpe_vol,monthly,monthly_sjm,monthly_only,0.007251644124581237,monthly_rf,,0.005919023941019307,0.005763303184319173,0.004918881807518346,-6.849087510792386,-5.92536806480926,-5.520677958109689,-5.345248000196946,1.0126389449295154,0.7540225769269878,0.9309950956122206,0.00803720312726011
2003-05-31,bond,bond_monthly_return_downside_sharpe_vol,return_downside_sharpe_vol,monthly,monthly_sjm,monthly_only,0.017745006461140977,monthly_rf,,0.008358717914641637,0.007070522370682529,0.005638756869333192,-7.195661100681747,-6.040892594856732,-5.578440223141498,-5.374129132714135,0.9700263093073122,1.126006561976718,0.9777923892734922,0.008225577499479851
2003-06-30,bond,bond_monthly_return_downside_sharpe_vol,return_downside_sharpe_vol,monthly,monthly_sjm,monthly_only,-0.002984846131275919,monthly_rf,,0.0060185466185031684,0.005973468777547605,0.005154751223763796,-6.130182333013117,-5.9849721022541855,-5.599381311110003,-5.390829629962366,0.8669672431875858,0.7055481758786165,0.8181718622520513,0.007802837461792089
2003-07-31,bond,bond_monthly_return_downside_sharpe_vol,return_downside_sharpe_vol,monthly,monthly_sjm,monthly_only,-0.03431925843940239,monthly_rf,,-0.0023031213478986656,0.0015774805885567207,0.0029392453002091224,-3.716615819072791,-4.151026078606982,-4.434446865369648,-4.682232909310801,-0.30463594245835884,-0.011219425357473497,0.23923805831086384,0.01695448384779547
2003-08-31,bond,bond_monthly_return_downside_sharpe_vol,return_downside_sharpe_vol,monthly,monthly_sjm,monthly_only,0.005939226914817442,monthly_rf,,-0.000602729236644464,0.0020533527038984313,0.0031076213302712974,-4.063189409335729,-4.266550608692531,-4.492209130411298,-4.7111140418309665,-0.6056135457640629,-0.08363903121166602,0.18944223106524125,0.01623560425950837
2003-09-30,bond,bond_monthly_return_downside_sharpe_vol,return_downside_sharpe_vol,monthly,monthly_sjm,monthly_only,0.025670640521946144,monthly_rf,,0.0048174531251780365,0.004630029078895986,0.004373986290380188,-4.409762999591611,-4.382075138777126,-4.549971395452649,-4.73999517435104,-0.03617714537866928,0.16852952827101492,0.23635392823747747,0.019089051879933074
2003-10-31,bond,bond_monthly_return_downside_sharpe_vol,return_downside_sharpe_vol,monthly,monthly_sjm,monthly_only,-0.010026290266712833,monthly_rf,,0.001755196671003956,0.0030310058509455205,0.003565760871039646,-4.496919603858301,-4.420278024283734,-4.555445807737855,-4.731193993408577,0.4927683768333238,0.017249621114356718,0.2101059550991352,0.019560613795404483
2003-11-30,bond,bond_monthly_return_downside_sharpe_vol,return_downside_sharpe_vol,monthly,monthly_sjm,monthly_only,0.0016950420880571864,monthly_rf,,0.0017427868121823915,0.0028852504918963472,0.00346076549356549,-4.843493194101102,-4.535802554366879,-4.613208072778859,-4.760075125928584,0.38903681554613767,-0.12961279413953453,0.22824325192490544,0.01803510911725476
2003-12-31,bond,bond_monthly_return_downside_sharpe_vol,return_downside_sharpe_vol,monthly,monthly_sjm,monthly_only,0.009376408521325175,monthly_rf,,0.0033175989556149046,0.0035934441536606618,0.0037927850244282497,-5.190066784328506,-4.651327084448777,-4.670970337819527,-4.7889562584484935,0.04366762065159868,-0.014958787972910103,0.18007482653025253,0.01854239642602726
2004-01-31,bond,bond_monthly_return_downside_sharpe_vol,return_downside_sharpe_vol,monthly,monthly_sjm,monthly_only,0.007345302303097301,monthly_rf,,0.004148512037692603,0.004002776687119814,0.00399217249840371,-5.536640374534135,-4.766851614529277,-4.728732602859838,-4.817837390968303,1.888979969172992,0.6295454812572553,0.2226388633262657,0.010589737959008434
2004-02-29,bond,bond_monthly_return_downside_sharpe_vol,return_downside_sharpe_vol,monthly,monthly_sjm,monthly_only,0.010224141946975452,monthly_rf,,0.0054019112922929265,0.0046815356118872255,0.004341946067051487,-5.883213964708971,-4.882376144608206,-4.786494867899772,-4.8467185234880095,7.435846716594156,0.69233506641173,0.20895077806704984,0.010660841178163984
2004-03-31,bond,bond_monthly_return_downside_sharpe_vol,return_downside_sharpe_vol,monthly,monthly_sjm,monthly_only,0.006588986784141005,monthly_rf,,0.00564680434187835,0.004889640979864825,0.004468062771730356,-6.229787554840256,-4.997900674685372,-4.844257132939306,-4.875599656007609,5.1419444530739105,0.6069918352134779,0.25816653507813225,0.006920354308768497
2004-04-30,bond,bond_monthly_return_downside_sharpe_vol,return_downside_sharpe_vol,monthly,monthly_sjm,monthly_only,-0.02681661565369484,monthly_rf,,-0.0010503821279656553,0.0014304477381720947,0.002712188692571173,-3.96261646823452,-4.298817060248853,-4.460007671245079,-4.629142794967501,-0.20002308445853761,0.10861342853333164,0.05245853994635448,0.012910107130795071
2004-05-31,bond,bond_monthly_return_downside_sharpe_vol,return_downside_sharpe_vol,monthly,monthly_sjm,monthly_only,-0.004605870672537215,monthly_rf,,-0.0017838775445803265,0.000771877661850639,0.002301457580868295,-4.2806774657820545,-4.399620799294617,-4.508146672062824,-4.651450296630697,-0.5962676127372885,0.026877861180666596,-0.06275934752993896,0.013098470490557701
2004-06-30,bond,bond_monthly_return_downside_sharpe_vol,return_downside_sharpe_vol,monthly,monthly_sjm,monthly_only,0.004851578454657357,monthly_rf,,-0.0004149864620819428,0.0012169782479497261,0.0024445848676544666,-4.627251056032083,-4.51514532937797,-4.56590893710409,-4.680331429150959,-0.6672748776203532,-0.03170777186751906,-0.021387327639129462,0.012680786103222432
2004-07-31,bond,bond_monthly_return_downside_sharpe_vol,return_downside_sharpe_vol,monthly,monthly_sjm,monthly_only,0.008912254994914659,monthly_rf,,0.0015092185445157546,0.0020565428053084403,0.0028075872988950236,-4.97382464626971,-4.630669859460102,-4.623671202145035,-4.709212561671132,0.5390095045715887,-0.010964351599336425,0.26619098300170585,0.012852624219155407
2004-08-31,bond,bond_monthly_return_downside_sharpe_vol,return_downside_sharpe_vol,monthly,monthly_sjm,monthly_only,0.017975174108971637,monthly_rf,,0.004906136516632189,0.0037932858859894172,0.0036588785335706533,-5.320398236489797,-4.7461943895408645,-4.68143346718564,-4.73809369419121,1.9285256852629957,0.08131834938075373,0.33041479784274885,0.014153238616193291
2004-09-30,bond,bond_monthly_return_downside_sharpe_vol,return_downside_sharpe_vol,monthly,monthly_sjm,monthly_only,0.0016134996608124683,monthly_rf,,0.004226867265151213,0.003555468414642581,0.003544080238510757,-5.666971826685076,-4.861718919620087,-4.739195732225884,-4.766974826711195,1.4195338719300135,0.023051040086912382,0.2021822664810064,0.013954691311894122
2004-10-31,bond,bond_monthly_return_downside_sharpe_vol,return_downside_sharpe_vol,monthly,monthly_sjm,monthly_only,0.007285744234800762,monthly_rf,,0.004857911975069266,0.003962446288311936,0.003754083702016695,-6.013545416845276,-4.977243449697584,-4.796957997265747,-4.795855959231082,1.32057807739619,0.8689435461143311,0.34917510450028805,0.00691114724647199
2004-11-30,bond,bond_monthly_return_downside_sharpe_vol,return_downside_sharpe_vol,monthly,monthly_sjm,monthly_only,-0.009476410366848485,monthly_rf,,0.0019007488155572674,0.002496249800505701,0.0030115131288408594,-4.9732896625145395,-4.8929586079971985,-4.7799118976989075,-4.7870942712020215,-0.027637131759265646,0.6284999955643817,0.2472328433124492,0.00826354847612333
2004-12-31,bond,bond_monthly_return_downside_sharpe_vol,return_downside_sharpe_vol,monthly,monthly_sjm,monthly_only,0.007601122169527842,monthly_rf,,0.00307673284017565,0.0030531979196959796,0.0032691080907717293,-5.319863252734658,-5.008483138074193,-4.837674162738488,-4.815975403721838,0.22608198394297357,0.6802964675607569,0.23565235001865975,0.008307991788660506
2005-01-31,bond,bond_monthly_return_downside_sharpe_vol,return_downside_sharpe_vol,monthly,monthly_sjm,monthly_only,0.004679473814842396,monthly_rf,,0.0034073774602331307,0.0032306267045139206,0.0033482658364053764,-5.666436842929984,-5.124007668149187,-4.895436427777647,-4.844856536241551,0.125335922392404,0.6047048745767061,0.217072561309941,0.008179914110789287
2005-02-28,bond,bond_monthly_return_downside_sharpe_vol,return_downside_sharpe_vol,monthly,monthly_sjm,monthly_only,-0.007503197428244966,monthly_rf,,0.0011565315995290103,0.002059552732373765,0.0027392200022675222,-5.142588049217521,-5.066660963564573,-4.895107106774324,-4.847409844133688,0.24344906455126408,0.10274707854840012,0.0833061717930632,0.006813222240498979
2005-03-31,bond,bond_monthly_return_downside_sharpe_vol,return_downside_sharpe_vol,monthly,monthly_sjm,monthly_only,-0.007236009130682794,monthly_rf,,-0.0005748451387707037,0.0010453950175085185,0.002179353411023091,-5.024284346506625,-5.034911410438086,-4.898662856270416,-4.851637866579362,-0.5902521711547094,-0.10486449242131823,-0.02027069145427246,0.00738934059665064
2005-04-30,bond,bond_monthly_return_downside_sharpe_vol,return_downside_sharpe_vol,monthly,monthly_sjm,monthly_only,0.011433959597638923,monthly_rf,,0.001902564961910253,0.002178800729882614,0.002698774544107156,-5.370857936723612,-5.1504359405125895,-4.9564251213091035,-4.880518999098944,-0.124284190984087,-0.010116838363256511,0.3611451690542454,0.00825457726540005
2005-05-31,bond,bond_monthly_return_downside_sharpe_vol,return_downside_sharpe_vol,monthly,monthly_sjm,monthly_only,0.008418747026689835,monthly_rf,,0.003246849894466123,0.0028595868695997246,0.003019811931133909,-5.717431526914509,-5.265960470584789,-5.014187386347317,-4.909400131618416,0.5139064389926967,0.38538542143847654,0.5067716515833035,0.007522381093423439
2005-06-30,bond,bond_monthly_return_downside_sharpe_vol,return_downside_sharpe_vol,monthly,monthly_sjm,monthly_only,0.003152907811777319,monthly_rf,,0.0032274696922194646,0.0028915885603875836,0.0030272820289142556,-6.06400511706851,-5.3814850006544,-5.071949651385029,-4.938281264137775,2.240892239907927,0.29817467442483964,0.48907184687589694,0.007236184469837721
2005-07-31,bond,bond_monthly_return_downside_sharpe_vol,return_downside_sharpe_vol,monthly,monthly_sjm,monthly_only,-0.01149538451605607,monthly_rf,,0.00019015261303943938,0.0013219513556671544,0.002212187387383221,-4.792335794874835,-5.014943909342178,-4.957345763047335,-4.895987989757875,0.003017504446492424,-0.06209922914961593,0.24873037762455658,0.008666174773081256
2005-08-31,bond,bond_monthly_return_downside_sharpe_vol,return_downside_sharpe_vol,monthly,monthly_sjm,monthly_only,0.009819468651756872,monthly_rf,,0.0021766754469597174,0.0022490413852951805,0.002639151276969868,-5.138909385104861,-5.130468439417053,-5.015108028085541,-4.924869122277286,0.055300658838269526,0.2684521413552288,0.19334486368500503,0.008749970210931017
2005-09-30,bond,bond_monthly_return_downside_sharpe_vol,return_downside_sharpe_vol,monthly,monthly_sjm,monthly_only,-0.0132091125478465,monthly_rf,,-0.0009974045236889565,0.000562536976005467,0.0017496565770001968,-4.58347737325586,-4.830244946586221,-4.875134874734597,-4.863989569184822,-0.47365763296919605,0.13493806282209864,0.032600953646059076,0.010030016553911931
2005-10-31,bond,bond_monthly_return_downside_sharpe_vol,return_downside_sharpe_vol,monthly,monthly_sjm,monthly_only,-0.010613937956026463,monthly_rf,,-0.002981290312636503,-0.000656830765751581,0.0010557413361092192,-4.564173476917406,-4.756792654971958,-4.826664018723828,-4.839605900542543,-0.453246229187184,-0.23937510897149308,-0.13250718138316808,0.009696992298063974
2005-11-30,bond,bond_monthly_return_downside_sharpe_vol,return_downside_sharpe_vol,monthly,monthly_sjm,monthly_only,0.0013226044226045592,monthly_rf,,-0.00209339909253647,-0.0004408718493438071,0.001070719210258655,-4.910747067157621,-4.872317185051031,-4.884426283763069,-4.86848703306217,-1.185241110050197,-0.40293097513963866,-0.034612672123403465,0.008696052768544649
2005-12-31,bond,bond_monthly_return_downside_sharpe_vol,return_downside_sharpe_vol,monthly,monthly_sjm,monthly_only,0.006307501630789284,monthly_rf,,-0.0003602976920545715,0.0002953843478064528,0.0013646372229473612,-5.257320657381368,-4.987841715128359,-4.9421885488018695,-4.897368165581688,-0.14008980872244414,-0.32493563801818043,-0.047441987518912015,0.009165333183012759
2006-01-31,bond,bond_monthly_return_downside_sharpe_vol,return_downside_sharpe_vol,monthly,monthly_sjm,monthly_only,-0.0034434599292440496,monthly_rf,,-0.000996352439892447,-0.00011252835549341349,0.0010947794655874264,-5.422629681897573,-5.0712901960606755,-4.985904017261128,-4.9199647318910635,0.3505393098478053,-0.19535174285171808,-0.12730635255361394,0.00837543566584724
2006-02-28,bond,bond_monthly_return_downside_sharpe_vol,return_downside_sharpe_vol,monthly,monthly_sjm,monthly_only,-8.047781735369365e-05,monthly_rf,,-0.000807407986998191,-0.0001090316006980781,0.0010288173428065106,-5.76903720385443,-5.186793345467622,-5.043657790075537,-4.948842250350139,0.22943065544801025,-0.4847429934313155,-0.05633196234725497,0.006779153235614583
2006-03-31,bond,bond_monthly_return_downside_sharpe_vol,return_downside_sharpe_vol,monthly,monthly_sjm,monthly_only,-0.013512918598660514,monthly_rf,,-0.0034285481432875663,-0.0015714128540778194,0.00021265241829035344,-4.62466895429595,-4.8404053038191845,-4.88634648112522,-4.879980508839208,-0.9950760678358131,-0.486851036533368,-0.11136974327572495,0.00685380357392529
2006-04-30,bond,bond_monthly_return_downside_sharpe_vol,return_downside_sharpe_vol,monthly,monthly_sjm,monthly_only,-0.005412934433559676,monthly_rf,,-0.003837925991215066,-0.0019905277826908385,-0.00010308751033855741,-4.8382749359205395,-4.898414754681288,-4.913578036621764,-4.893991799099351,-1.14721983908503,-0.4000710742168084,-0.2946993690097604,0.006173771644632205
2006-05-31,bond,bond_monthly_return_downside_sharpe_vol,return_downside_sharpe_vol,monthly,monthly_sjm,monthly_only,-0.005366931634930102,monthly_rf,,-0.00415335905128082,-0.0023588977710460386,-0.00039852437976768706,-4.995932447209293,-4.950805004140555,-4.939682415058953,-4.907841768187192,-2.1146641262478694,-0.5985274037643334,-0.4747029003427709,0.0059894837017456255
2006-06-30,bond,bond_monthly_return_downside_sharpe_vol,return_downside_sharpe_vol,monthly,monthly_sjm,monthly_only,-0.0018801640426901987,monthly_rf,,-0.0036844001166730055,-0.0023066673076129617,-0.00048168242420727693,-5.305308148787093,-5.057241609569839,-4.993236563198064,-4.934801263638666,-2.550428958970848,-1.1606146772133246,-0.5493315804844973,0.004264534278332838
2006-07-31,bond,bond_monthly_return_downside_sharpe_vol,return_downside_sharpe_vol,monthly,monthly_sjm,monthly_only,0.009521979318368737,monthly_rf,,-0.0009599309855694927,-0.0010161467980534075,7.977996679464931e-05,-5.651881738983642,-5.172766139643918,-5.050998828235961,-4.963682396157922,0.11926151745805705,-0.4023176598255989,-0.28698813576207455,0.006931275489151398
2006-08-31,bond,bond_monthly_return_downside_sharpe_vol,return_downside_sharpe_vol,monthly,monthly_sjm,monthly_only,0.011108293129329799,monthly_rf,,0.0015297373016402336,0.0003066451398545521,0.0006987628481409244,-5.998455329145635,-5.288290669715639,-5.108761093273336,-4.992563528677059,1.0803340671919268,-0.10629396044655506,-0.2670321962656411,0.008690798358029427
2006-09-30,bond,bond_monthly_return_downside_sharpe_vol,return_downside_sharpe_vol,monthly,monthly_sjm,monthly_only,0.0046839974699557285,monthly_rf,,0.002180459515273025,0.0007842198902199632,0.0009224368804149913,-6.34502891925876,-5.403815199784716,-5.166523358310159,-5.021444661196074,3.0881618038657237,0.31384394037427427,-0.08394162848162096,0.006720027682920168
2006-10-31,bond,bond_monthly_return_downside_sharpe_vol,return_downside_sharpe_vol,monthly,monthly_sjm,monthly_only,0.0025148866299344796,monthly_rf,,0.002249451653124338,0.0009730378499946968,0.0010118142171266376,-6.691602509302775,-5.519339729850822,-5.224285623346397,-5.050325793714962,1.6724411127073788,0.5882094052100395,0.0717703243915551,0.005831840578127014
2006-11-30,bond,bond_monthly_return_downside_sharpe_vol,return_downside_sharpe_vol,monthly,monthly_sjm,monthly_only,0.007401199050103262,monthly_rf,,0.003312254431383873,0.0016743584769270763,0.0013704228324186135,-7.038176099249052,-5.634864259913596,-5.2820478883820146,-5.07920692623372,2.4345554581683646,1.2681489487410302,0.14177315807423252,0.004383053949157116
2006-12-31,bond,bond_monthly_return_downside_sharpe_vol,return_downside_sharpe_vol,monthly,monthly_sjm,monthly_only,-0.009803348085433924,monthly_rf,,0.0006065125307627445,0.0004221259781644513,0.0007432872597168356,-4.967612775153006,-5.2080112951542645,-5.152066768979392,-5.03930300911227,0.005191305869938803,0.6143997640749838,-0.04842916484582399,0.006897519876398821
2007-01-31,bond,bond_monthly_return_downside_sharpe_vol,return_downside_sharpe_vol,monthly,monthly_sjm,monthly_only,-0.004810308815446126,monthly_rf,,-0.0005109748637982457,-0.0001487393650655519,0.0004315878629100652,-5.118941349359369,-5.232033200134376,-5.169222920528799,-5.052054578880167,-0.3326689538065634,0.259282302065521,-0.06343681892961978,0.007131685739509691
2007-02-28,bond,bond_monthly_return_downside_sharpe_vol,return_downside_sharpe_vol,monthly,monthly_sjm,monthly_only,0.011620003407735417,monthly_rf,,0.001991639572917463,0.0011352455573236516,0.0010595453753662123,-5.465514939570102,-5.3475577302047785,-5.226985185565009,-5.080935711398917,-0.10903359488900022,0.2670326423819489,0.0621782202463028,0.00724407669896117
2007-03-31,bond,bond_monthly_return_downside_sharpe_vol,return_downside_sharpe_vol,monthly,monthly_sjm,monthly_only,-0.004269491034177427,monthly_rf,,0.0006999716219289335,0.0005455818670770704,0.0007604495441362955,-5.460866386819311,-5.368130329022459,-5.247462620601997,-5.0959751523334536,0.11110470070571603,0.05940236904228267,0.1786610731100829,0.007443421295400136
2007-04-30,bond,bond_monthly_return_downside_sharpe_vol,return_downside_sharpe_vol,monthly,monthly_sjm,monthly_only,0.0009922951957470208,monthly_rf,,0.000760277821450053,0.0005943188638587579,0.0007734620406847081,-5.807439977001819,-5.48365485908952,-5.305224885637356,-5.124856284851998,0.42077976214307417,0.02547821785372452,0.26400762313668513,0.00739422281459477
2007-05-31,bond,bond_monthly_return_downside_sharpe_vol,return_downside_sharpe_vol,monthly,monthly_sjm,monthly_only,-0.011678516158397774,monthly_rf,,-0.0018058388339846994,-0.0007446631691215676,7.458620578863588e-05,-4.764521158158124,-5.040908035989164,-5.104368640369221,-5.050512305149369,-0.9591538130141678,-0.3882778977779246,0.16915886882148812,0.007704690201856952
2007-06-30,bond,bond_monthly_return_downside_sharpe_vol,return_downside_sharpe_vol,monthly,monthly_sjm,monthly_only,-0.006958240649437061,monthly_rf,,-0.0028687766184310906,-0.0014225724371583087,-0.00032013603525155016,-4.855911819031889,-5.024932293799051,-5.087526319102014,-5.0454911592659935,-1.124874947225344,-0.3424877652713323,0.10906525573865242,0.007350266483220131
2007-07-31,bond,bond_monthly_return_downside_sharpe_vol,return_downside_sharpe_vol,monthly,monthly_sjm,monthly_only,0.0043413833816337045,monthly_rf,,-0.0013813244028472406,-0.0007937174687456497,-5.850505403123406e-05,-5.202485409258637,-5.140456823873741,-5.145288584139044,-5.074372291784774,-0.7089440882400583,-0.12952891534320832,0.05686743218923987,0.007659249726012447
2007-08-31,bond,bond_monthly_return_downside_sharpe_vol,return_downside_sharpe_vol,monthly,monthly_sjm,monthly_only,0.008056504615197451,monthly_rf,,0.0005656947594273791,0.00017185310535522045,0.0003969554412489288,-5.5490589994633375,-5.25598135394615,-5.203050849175501,-5.1032534243034195,0.283975832245167,-0.23526365303703856,0.024142860443363813,0.006741418634780463
2007-09-30,bond,bond_monthly_return_downside_sharpe_vol,return_downside_sharpe_vol,monthly,monthly_sjm,monthly_only,0.004386341580663181,monthly_rf,,0.001353892189048846,0.000631659200394086,0.0006208624803016789,-5.895632589636858,-5.371505884015997,-5.260813114211351,-5.132134556821929,3.213845925622245,-0.020670258207279326,0.02074833620968606,0.006936149723297537
2007-10-31,bond,bond_monthly_return_downside_sharpe_vol,return_downside_sharpe_vol,monthly,monthly_sjm,monthly_only,0.005782884064885566,monthly_rf,,0.0022675908834546565,0.0011936644362574634,0.000910584489688383,-6.242206179766287,-5.487030414082969,-5.318575379246559,-5.161015689340297,4.016604828146224,0.08988514248042247,0.05741761222602562,0.007287739155299987
2007-11-30,bond,bond_monthly_return_downside_sharpe_vol,return_downside_sharpe_vol,monthly,monthly_sjm,monthly_only,0.014583139882821408,monthly_rf,,0.004808282164241063,0.002654473370906043,0.001677966058525592,-6.588779769833358,-5.602554944146714,-5.376337644281085,-5.189896821858519,1.8279029131934041,0.7865137265757083,0.12535106432365414,0.006397856738091937
2007-12-31,bond,bond_monthly_return_downside_sharpe_vol,return_downside_sharpe_vol,monthly,monthly_sjm,monthly_only,0.00010876450650668893,monthly_rf,,0.003838774143322026,0.0023767332705585723,0.0015898935428775777,-6.935353359812241,-5.718079474206836,-5.434099909314889,-5.218777954376592,1.1461028141596405,1.4018010013759117,0.24700796943055883,0.0044298986312044635
2008-01-31,bond,bond_monthly_return_downside_sharpe_vol,return_downside_sharpe_vol,monthly,monthly_sjm,monthly_only,0.014698147209958759,monthly_rf,,0.006079057095111617,0.0037210153256706244,0.0023256032894852204,-7.281926949666409,-5.8336040042628925,-5.491862174347929,-5.247659086894511,1.430057092082092,1.4978528496220975,0.43640138697459085,0.0052982264872301725
2008-02-29,bond,bond_monthly_return_downside_sharpe_vol,return_downside_sharpe_vol,monthly,monthly_sjm,monthly_only,8.79892662163052e-05,monthly_rf,,0.004843102953216933,0.0033246475255546064,0.0022000156644761716,-7.628500539344204,-5.949128534314386,-5.5496244393801595,-5.27654021941227,0.7214002177772254,1.0926951177120638,0.3302906218248732,0.006047320651148484
2008-03-31,bond,bond_monthly_return_downside_sharpe_vol,return_downside_sharpe_vol,monthly,monthly_sjm,monthly_only,0.0017118533471703128,monthly_rf,,0.004197127806477021,0.0031486896133170817,0.0021726172188944832,-7.975074128772568,-6.064653064360756,-5.607386704411531,-5.305421351929867,0.8411022299999839,0.9799193830826555,0.4104111941532794,0.0062884047589319035
2008-04-30,bond,bond_monthly_return_downside_sharpe_vol,return_downside_sharpe_vol,monthly,monthly_sjm,monthly_only,-0.003889738322258894,monthly_rf,,0.0025288115776818023,0.0023807881032688973,0.0018323633473793064,-5.892093164452766,-5.906578072464726,-5.600725045961929,-5.316376610073645,-0.29603858336714506,0.6205537819313232,0.3440252553431556,0.007332202483649938
2008-05-31,bond,bond_monthly_return_downside_sharpe_vol,return_downside_sharpe_vol,monthly,monthly_sjm,monthly_only,-0.009132950003904215,monthly_rf,,0.000122996297301775,0.0011246245167798872,0.0012169275988779163,-4.9987071109656425,-5.338139470127851,-5.3792265159332775,-5.251731235380446,-0.8514287761033753,0.08239095513055675,0.3915885250575683,0.0072501202701099506
2008-06-30,bond,bond_monthly_return_downside_sharpe_vol,return_downside_sharpe_vol,monthly,monthly_sjm,monthly_only,-0.0025009267867103988,monthly_rf,,-0.0004183176547881151,0.0007290722221211332,0.0010082604661373921,-5.280903069702323,-5.419638723988195,-5.419295694618318,-5.273881227002786,-1.8118973928509012,0.02211254705714707,0.47016359280465275,0.007344056052739714
2008-07-31,bond,bond_monthly_return_downside_sharpe_vol,return_downside_sharpe_vol,monthly,monthly_sjm,monthly_only,-0.0023230393770666256,monthly_rf,,-0.0008112607442408314,0.0003960829342710097,0.0008212889727742,-5.532798376349748,-5.5006268065582375,-5.460499722358446,-5.296687659964222,-1.4680087874677348,-0.781813023345365,0.3795890145062298,0.003420854559145654
2008-08-31,bond,bond_monthly_return_downside_sharpe_vol,return_downside_sharpe_vol,monthly,monthly_sjm,monthly_only,0.008190656180386915,monthly_rf,,0.0010458299824447023,0.0012464808669712716,0.0012348997724024526,-5.879371966524987,-5.616151336621577,-5.518261987391122,-5.325568792481703,0.22450618449577708,-0.24896717003390095,0.3807161519592163,0.00531806727757678
2008-09-30,bond,bond_monthly_return_downside_sharpe_vol,return_downside_sharpe_vol,monthly,monthly_sjm,monthly_only,-0.014931628540614082,monthly_rf,,-0.002250311306973186,-0.0005185716074621268,0.000327542259283538,-4.533609056703373,-4.890604634804732,-5.080218242946085,-5.132105314852038,-0.31963236424082364,-0.5800448445782531,0.12244810015055115,0.007064863770594764
2008-10-31,bond,bond_monthly_return_downside_sharpe_vol,return_downside_sharpe_vol,monthly,monthly_sjm,monthly_only,-0.024404208769948952,monthly_rf,,-0.006820648700987272,-0.0031245252399241885,-0.0010605442658173688,-3.9710260646851685,-4.346632272089357,-4.608036657026864,-4.810444264777835,-0.7583325579430445,-0.7269043283241104,-0.13729386686052178,0.010341135583706395
2008-11-30,bond,bond_monthly_return_downside_sharpe_vol,return_downside_sharpe_vol,monthly,monthly_sjm,monthly_only,0.03224984863105026,monthly_rf,,0.0012395743481517013,0.0007348642943820123,0.0008090244303621606,-4.317599654943171,-4.462156802173225,-4.665798922067563,-4.839325397297568,-0.09532669008924746,-0.034517909017068034,-0.0008221169958818829,0.017958304199213883
2008-12-31,bond,bond_monthly_return_downside_sharpe_vol,return_downside_sharpe_vol,monthly,monthly_sjm,monthly_only,0.0373091739192466,monthly_rf,,0.008680713767632717,0.004725168357586866,0.0028576204076467323,-4.6641732451920745,-4.577681332255935,-4.723561187107907,-4.868206529817196,0.5380218488378693,0.264377494598555,0.180030404877663,0.022752063986050244
2009-01-31,bond,bond_monthly_return_downside_sharpe_vol,return_downside_sharpe_vol,monthly,monthly_sjm,monthly_only,-0.008823327143937743,monthly_rf,,0.005069639334422933,0.003247010131100684,0.002202019197784964,-4.696170499848972,-4.605588079802219,-4.724298065424305,-4.859376321148351,0.9800146897244247,0.2119167133095581,0.06614957837687017,0.023272125648475125
2009-02-28,bond,bond_monthly_return_downside_sharpe_vol,return_downside_sharpe_vol,monthly,monthly_sjm,monthly_only,-0.003874448923518858,monthly_rf,,0.0032244786312577525,0.002470049819530604,0.0018609732480090089,-4.959953629637599,-4.701959051215512,-4.770529852276631,-4.880891396787937,0.39671094470775814,0.1246947616701618,0.046645499482870834,0.023424412456991922
2009-03-31,bond,bond_monthly_return_downside_sharpe_vol,return_downside_sharpe_vol,monthly,monthly_sjm,monthly_only,0.013701367153493104,monthly_rf,,0.005385855222718127,0.0036954009376385403,0.0025255234940737906,-5.306527219858509,-4.817483581295345,-4.828292117316278,-4.909772529307407,0.03461147546171215,0.34676667577921183,0.10279297966790728,0.02218514065717833
2009-04-30,bond,bond_monthly_return_downside_sharpe_vol,return_downside_sharpe_vol,monthly,monthly_sjm,monthly_only,0.0046809093344506334,monthly_rf,,0.005240425256758872,0.003802921167014199,0.0026464960058010865,-5.653100810054957,-4.933008111373527,-4.886054382355508,-4.9386536618267645,0.6738924262505153,0.725862202736182,0.14422916352118212,0.01727681523269701
2009-05-31,bond,bond_monthly_return_downside_sharpe_vol,return_downside_sharpe_vol,monthly,monthly_sjm,monthly_only,0.007253460946846646,monthly_rf,,0.005655713460799214,0.004179379480101671,0.0029050650795686096,-5.999674400216806,-5.048532641449854,-4.943816647394295,-4.9675347943460055,2.2521986760180868,0.5632692862059788,0.22690315671853042,0.01486770671202139
2009-06-30,bond,bond_monthly_return_downside_sharpe_vol,return_downside_sharpe_vol,monthly,monthly_sjm,monthly_only,0.005587679860998162,monthly_rf,,0.005641678164944848,0.004333026856900926,0.0030556286779865917,-6.3462479903297275,-5.1640571715240995,-5.001578912432614,-4.996415926865127,5.482315267000829,0.41687904531886083,0.26800657490488655,0.00740648134187254
2009-07-31,bond,bond_monthly_return_downside_sharpe_vol,return_downside_sharpe_vol,monthly,monthly_sjm,monthly_only,0.016029685369903113,monthly_rf,,0.007784718587401119,0.005609147294144178,0.00378380652712708,-6.692821580373454,-5.279581701596008,-5.059341177470437,-5.025297059384124,2.100975226640711,1.1159828383560968,0.3551808547392549,0.0064783931921653356
2009-08-31,bond,bond_monthly_return_downside_sharpe_vol,return_downside_sharpe_vol,monthly,monthly_sjm,monthly_only,0.010254400786376506,monthly_rf,,0.008294212726036173,0.006115950404709791,0.004146973077285342,-7.039395170319324,-5.395106231665294,-5.117103442507735,-5.054178191902995,2.4874955024353764,2.2978239505254217,0.36457313603829733,0.004171156760807802
2009-09-30,bond,bond_monthly_return_downside_sharpe_vol,return_downside_sharpe_vol,monthly,monthly_sjm,monthly_only,0.010404657415381092,monthly_rf,,0.00872959635538768,0.006583853837094544,0.004498189911781968,-7.385968760126804,-5.510630761731637,-5.174865707544475,-5.083059324421735,4.5500686015617555,2.3822830161242408,0.5250868094258782,0.0037926359807477538
2009-10-31,bond,bond_monthly_return_downside_sharpe_vol,return_downside_sharpe_vol,monthly,monthly_sjm,monthly_only,0.004937516669810904,monthly_rf,,0.00794729231082681,0.006404236341770696,0.004522847428033665,-7.732542349738572,-5.626155291794676,-5.232627972580626,-5.11194045694034,3.3557495552376735,2.4243713341212327,0.8565499581766054,0.0037444347096077953
2009-11-30,bond,bond_monthly_return_downside_sharpe_vol,return_downside_sharpe_vol,monthly,monthly_sjm,monthly_only,0.012946659761781554,monthly_rf,,0.008978659186370985,0.007118023123362546,0.004995639685105692,-8.07911593907356,-5.741679821854006,-5.290390237616151,-5.140821589458808,2.821868796351706,2.5837179017380603,0.8443554688424452,0.0038807513137224434
2009-12-31,bond,bond_monthly_return_downside_sharpe_vol,return_downside_sharpe_vol,monthly,monthly_sjm,monthly_only,-0.015731390593047078,monthly_rf,,0.003880988913970328,0.004625122797160541,0.003832320864677019,-4.498476699043179,-4.867045621226864,-4.955473500780453,-4.991012866577974,0.05939356495961622,0.6179875299825952,0.5180416487727454,0.01047527323827826
2010-01-31,bond,bond_monthly_return_downside_sharpe_vol,return_downside_sharpe_vol,monthly,monthly_sjm,monthly_only,0.015275848189360675,monthly_rf,,0.006231742388968557,0.005787130590184813,0.00447459670112071,-4.845050289285922,-4.982570151304276,-5.013235765818674,-5.019893999096995,0.2952970822246144,0.6125097608498212,0.784518735913542,0.010363832725741429
2010-02-28,bond,bond_monthly_return_downside_sharpe_vol,return_downside_sharpe_vol,monthly,monthly_sjm,monthly_only,0.003734325743188549,monthly_rf,,0.0057165266485455874,0.005563166949969796,0.004433048484804986,-5.191623879513244,-5.098094681379739,-5.070998030856393,-5.048775131615891,0.08541366881719376,0.5138799888923118,0.9152002402516257,0.010238323430157835
2010-03-31,bond,bond_monthly_return_downside_sharpe_vol,return_downside_sharpe_vol,monthly,monthly_sjm,monthly_only,-0.0013295264730428635,monthly_rf,,0.004262929595673798,0.004811165262053462,0.004109620004572515,-5.510423791409222,-5.207500020987559,-5.126020060857947,-5.076381680944843,0.8481240836502507,0.32440450849700253,0.7520704246432323,0.010189661763125888
2010-04-30,bond,bond_monthly_return_downside_sharpe_vol,return_downside_sharpe_vol,monthly,monthly_sjm,monthly_only,0.010309623799257473,monthly_rf,,0.005510359429408102,0.0054110541367146155,0.0044575994789253165,-5.856997381586778,-5.323024551058516,-5.183782325894598,-5.10526281346348,0.8894316194510961,0.39916612398151397,0.8031620287071825,0.010524248306147439
2010-05-31,bond,bond_monthly_return_downside_sharpe_vol,return_downside_sharpe_vol,monthly,monthly_sjm,monthly_only,0.008314872798434559,monthly_rf,,0.00608892906230882,0.005727864474996266,0.004674091595157338,-6.203570971721911,-5.438549081126736,-5.241544590930655,-5.13414394598198,1.1343383838083148,0.3424908740307998,0.8127049974179682,0.01001182562908533
2010-06-30,bond,bond_monthly_return_downside_sharpe_vol,return_downside_sharpe_vol,monthly,monthly_sjm,monthly_only,0.0155814383102859,monthly_rf,,0.00804722872725756,0.006802902011325178,0.005286273926363001,-6.55014456179705,-5.55407361119188,-5.299306855966081,-5.163025078500337,3.7194861121003058,1.4328014672509672,0.8773622142984969,0.006035563142654516
2010-07-31,bond,bond_monthly_return_downside_sharpe_vol,return_downside_sharpe_vol,monthly,monthly_sjm,monthly_only,0.01057501602485077,monthly_rf,,0.008568709917175113,0.0072144444855216094,0.00558310821168989,-6.896718151787344,-5.669598141253574,-5.357069121000839,-5.19190621101855,3.784278599505825,1.4575672866488902,0.8565010210761766,0.005395491358151327
2010-08-31,bond,bond_monthly_return_downside_sharpe_vol,return_downside_sharpe_vol,monthly,monthly_sjm,monthly_only,0.0127613245517748,monthly_rf,,0.009433644111044394,0.007819616211071632,0.005985990537496654,-7.24329174165765,-5.785122671311394,-5.414831386034888,-5.220787343536612,6.330207418263252,1.7704763879984298,0.8704022610183721,0.005291678309671197
2010-09-30,bond,bond_monthly_return_downside_sharpe_vol,return_downside_sharpe_vol,monthly,monthly_sjm,monthly_only,0.000965693694344505,monthly_rf,,0.007686710394086484,0.007071844478729911,0.005704222926632816,-7.589865331358267,-5.900647201364867,-5.4725936510681885,-5.249668476054519,1.5810706316724856,2.151163236030787,0.7663270285099586,0.004533048924884385
2010-10-31,bond,bond_monthly_return_downside_sharpe_vol,return_downside_sharpe_vol,monthly,monthly_sjm,monthly_only,0.0034605595852428175,monthly_rf,,0.006814857705110164,0.0066778486676900405,0.005578295779486413,-7.9364389208189055,-6.016171731413459,-5.530355916100693,-5.278549608572268,1.1287470243798439,1.6954121992703812,0.7490044166465999,0.005078303374344819
2010-11-30,bond,bond_monthly_return_downside_sharpe_vol,return_downside_sharpe_vol,monthly,monthly_sjm,monthly_only,-0.005847401982523992,monthly_rf,,0.0042026401916985005,0.00531132776613814,0.004937020639502343,-5.486466189949478,-5.674754319389124,-5.470029232297901,-5.269796222269841,-0.12041869943753696,0.8423794997609617,0.5423068266051774,0.007418792082341507
2010-12-31,bond,bond_monthly_return_downside_sharpe_vol,return_downside_sharpe_vol,monthly,monthly_sjm,monthly_only,-0.0108836695820952,monthly_rf,,0.0010903424205239258,0.0035444327957320767,0.0040490735269651705,-4.799421774379146,-5.1477750359255205,-5.2289199247114535,-5.1806969801413665,-0.7444554504288957,0.21976512376342663,0.6513315121978992,0.008366145714542013
2011-01-31,bond,bond_monthly_return_downside_sharpe_vol,return_downside_sharpe_vol,monthly,monthly_sjm,monthly_only,0.0010638535128877247,monthly_rf,,0.0010848777728113218,0.00327379841621924,0.003881526001878709,-5.145995364608817,-5.263299565997775,-5.286682189747021,-5.209578112659487,-1.0663333048706922,0.03421151185232774,0.5401406728070943,0.007406667605473232
2011-02-28,bond,bond_monthly_return_downside_sharpe_vol,return_downside_sharpe_vol,monthly,monthly_sjm,monthly_only,0.0024015063815800877,monthly_rf,,0.0013564975622746046,0.003178630237084137,0.0037984588834448704,-5.492568954817652,-5.37882409606745,-5.344444454781928,-5.238459245177455,-0.4140312756949017,-0.2858011530491703,0.5243960340797813,0.005154783488766205
2011-03-31,bond,bond_monthly_return_downside_sharpe_vol,return_downside_sharpe_vol,monthly,monthly_sjm,monthly_only,0.0004524794793336785,monthly_rf,,0.001169999107263029,0.0028812036948708767,0.0036106634896362322,-5.83914254499702,-5.4943486261342285,-5.402206719816135,-5.267340377695266,1.604567351144271,-0.3045841233706244,0.5505951124574847,0.005117728232323105
2011-04-30,bond,bond_monthly_return_downside_sharpe_vol,return_downside_sharpe_vol,monthly,monthly_sjm,monthly_only,0.012693943678209862,monthly_rf,,0.0035473828108377493,0.003951786205608706,0.004120468833324684,-6.185716135134717,-5.6098731561977555,-5.459968984849604,-5.2962215102129155,0.965009484144519,-0.002718623032442935,0.5627317114739291,0.007313047277241566
2011-05-31,bond,bond_monthly_return_downside_sharpe_vol,return_downside_sharpe_vol,monthly,monthly_sjm,monthly_only,0.013050121333772813,monthly_rf,,0.005507792769829885,0.00494442623088019,0.004621651717425969,-6.532289725213481,-5.725397686257635,-5.517731249882286,-5.325102642730399,1.4910394619379492,0.384160230543937,0.590183498899104,0.008146876098546904
2011-06-30,bond,bond_monthly_return_downside_sharpe_vol,return_downside_sharpe_vol,monthly,monthly_sjm,monthly_only,-0.0029277294423118994,monthly_rf,,0.0037675489744155915,0.004085563955936133,0.004197937511007808,-6.069647763634491,-5.745871214335475,-5.5439505211929845,-5.3433429495502365,1.020933852760125,0.722812675603602,0.4216539500684495,0.0061643852876105115
2011-07-31,bond,bond_monthly_return_downside_sharpe_vol,return_downside_sharpe_vol,monthly,monthly_sjm,monthly_only,0.015868025483752435,monthly_rf,,0.006263870913633538,0.005371045612083028,0.004852929219543202,-6.416221353735305,-5.861395744390481,-5.601712786224443,-5.372224082067437,1.0467482396631465,0.9628254870355819,0.44712934171116553,0.007190355792728918
2011-08-31,bond,bond_monthly_return_downside_sharpe_vol,return_downside_sharpe_vol,monthly,monthly_sjm,monthly_only,0.014509963037143903,monthly_rf,,0.007965035381400384,0.006368113217966759,0.00539493688001217,-6.762794943761908,-5.976920274440794,-5.659475051254997,-5.401105214584459,1.0691497891283888,1.2188271740374883,0.455128918607654,0.007335850494274395
2011-09-30,bond,bond_monthly_return_downside_sharpe_vol,return_downside_sharpe_vol,monthly,monthly_sjm,monthly_only,0.007274610802566972,monthly_rf,,0.007822601153939401,0.0064670132664493285,0.005500434870849856,-7.109368533683563,-6.092444804485841,-5.717237316284593,-5.429986347101295,3.327512551591945,1.5744192730683644,0.5187120342544865,0.0064011893060142416
2011-10-31,bond,bond_monthly_return_downside_sharpe_vol,return_downside_sharpe_vol,monthly,monthly_sjm,monthly_only,0.001074169090212962,monthly_rf,,0.006430403168760601,0.005878647053952535,0.00525200766165811,-7.455942123456797,-6.207969334524976,-5.774999581313175,-5.458867479617941,1.3877599628270114,1.156062650672306,0.4917583482895517,0.007042461506417593
2011-11-30,bond,bond_monthly_return_downside_sharpe_vol,return_downside_sharpe_vol,monthly,monthly_sjm,monthly_only,-0.0008675452464799172,monthly_rf,,0.004924840249301309,0.005142628826303581,0.004908543548608122,-7.212749119363943,-6.29992740218239,-5.828002055115054,-5.48651613616825,0.7181869672489508,0.7942713158489453,0.5690650253651863,0.007329882753977004
2011-12-31,bond,bond_monthly_return_downside_sharpe_vol,return_downside_sharpe_vol,monthly,monthly_sjm,monthly_only,0.010990831452971861,monthly_rf,,0.006176251044003622,0.005780675229448125,0.005249916137708359,-7.559322709081987,-6.41545193220903,-5.885764320141518,-5.515397268684507,0.7187142027411443,1.2866774557076124,0.9671286340389271,0.006327674222180118
2012-01-31,bond,bond_monthly_return_downside_sharpe_vol,return_downside_sharpe_vol,monthly,monthly_sjm,monthly_only,0.008780702795246897,monthly_rf,,0.0067135480703849,0.006107982082491089,0.005448083965637016,-7.905896298567272,-6.530976462227503,-5.94352658516678,-5.544278401200557,1.2238361601851158,1.2978421620976859,1.0944138210819245,0.005363098475238193
2012-02-29,bond,bond_monthly_return_downside_sharpe_vol,return_downside_sharpe_vol,monthly,monthly_sjm,monthly_only,-0.00022964942055525572,monthly_rf,,0.005281170080015428,0.005416538361554564,0.005129417276926879,-8.088449994219605,-6.64328526708219,-6.000819626390755,-5.573056967884991,1.3422361617029954,0.9636248555077501,1.0281370881499723,0.004673865788075596
2012-03-31,bond,bond_monthly_return_downside_sharpe_vol,return_downside_sharpe_vol,monthly,monthly_sjm,monthly_only,-0.005479237164690787,monthly_rf,,0.003061303725235654,0.004227795284786077,0.004533999254868682,-5.551795110324928,-5.897607985612987,-5.82378026226991,-5.5436229478706585,0.17388212897530117,0.4161587807396158,0.8667103728873216,0.005714674368137739
2012-04-30,bond,bond_monthly_return_downside_sharpe_vol,return_downside_sharpe_vol,monthly,monthly_sjm,monthly_only,0.011086449519474462,monthly_rf,,0.004716887081488033,0.0049760832536227696,0.004901760029588701,-5.898368700498158,-6.013132515661714,-5.8815425272964585,-5.5725040803865,0.2593187876323531,0.6227632714245983,0.8609608296823555,0.006498336539309598
2012-05-31,bond,bond_monthly_return_downside_sharpe_vol,return_downside_sharpe_vol,monthly,monthly_sjm,monthly_only,0.00894826110696333,monthly_rf,,0.005589817317308129,0.00540945294919678,0.00512887268379062,-6.244942290627174,-6.128657045704981,-5.939304792321812,-5.601385212902121,0.6594722558757274,0.9038645068520601,0.8423636110145587,0.006287328470417932
2012-06-30,bond,bond_monthly_return_downside_sharpe_vol,return_downside_sharpe_vol,monthly,monthly_sjm,monthly_only,0.00039203560345879573,monthly_rf,,0.004517517683691547,0.004862046285151869,0.004863014446942156,-6.5915158806936605,-6.244181575742116,-5.997067057345897,-5.6302663454175175,1.4735928036769483,0.6493205507827989,0.9229390881490364,0.006031577266336957
2012-07-31,bond,bond_monthly_return_downside_sharpe_vol,return_downside_sharpe_vol,monthly,monthly_sjm,monthly_only,0.013793141513547491,monthly_rf,,0.006431074000960178,0.005836440222980531,0.005364223966395192,-6.938089470671719,-6.359706105772372,-6.05482932236864,-5.659147477932681,1.391784967702639,0.6858913928270921,0.9306108443874943,0.006927967861055153
2012-08-31,bond,bond_monthly_return_downside_sharpe_vol,return_downside_sharpe_vol,monthly,monthly_sjm,monthly_only,0.0005533243319759574,monthly_rf,,0.005218497335851602,0.005260045507058789,0.005094208917794023,-7.284663060524721,-6.475230635794904,-6.112591587389962,-5.688028610447605,0.7823393618405518,0.7138201003066179,0.8007568585758555,0.006839719348022294
2012-09-30,bond,bond_monthly_return_downside_sharpe_vol,return_downside_sharpe_vol,monthly,monthly_sjm,monthly_only,0.0012765261485561008,monthly_rf,,0.004405270753326707,0.004825438438733372,0.004879938848407289,-7.631236650200866,-6.590755165808766,-6.170353852409776,-5.716909742962283,0.8568020692415759,1.1008687351329394,0.7137331756688124,0.005457771222987454
2012-10-31,bond,bond_monthly_return_downside_sharpe_vol,return_downside_sharpe_vol,monthly,monthly_sjm,monthly_only,0.001866867518975901,monthly_rf,,0.0038815995012398755,0.0045026545589151165,0.004710828149103869,-7.977810239626897,-6.706279695812897,-6.2281161174279935,-5.745790875476707,2.2939665303722356,0.8771946661106941,0.7288309716033425,0.005097719897069516
2012-11-30,bond,bond_monthly_return_downside_sharpe_vol,return_downside_sharpe_vol,monthly,monthly_sjm,monthly_only,0.0014779969741502863,monthly_rf,,0.003385737564158005,0.0041726605392307286,0.004529383277425551,-8.324383828699213,-6.8218042258061065,-6.28587838244452,-5.77467200799087,6.287090007466054,0.6788752764925058,0.7805936746854426,0.0047529329654917365
2012-12-31,bond,bond_monthly_return_downside_sharpe_vol,return_downside_sharpe_vol,monthly,monthly_sjm,monthly_only,-0.0015239152797478339,monthly_rf,,0.0023728787648595617,0.003551156815169421,0.004189637735361282,-6.820539451677591,-6.73184226177079,-6.304239078898856,-5.796443230897388,0.400619021622591,0.5825078522260513,0.613783599644902,0.004991046082698261
2013-01-31,bond,bond_monthly_return_downside_sharpe_vol,return_downside_sharpe_vol,monthly,monthly_sjm,monthly_only,-0.006994182358394996,monthly_rf,,0.00044045898205735917,0.0024006467936886476,0.0035619381457549235,-5.297226993825434,-5.698895100355984,-5.848674045110229,-5.688368112699813,-0.6690819602362369,-0.18081603591150297,0.3505570632858369,0.003081753457822028
2013-02-28,bond,bond_monthly_return_downside_sharpe_vol,return_downside_sharpe_vol,monthly,monthly_sjm,monthly_only,0.005012312379538031,monthly_rf,,0.0013836299332354279,0.002685582856893577,0.0036433413964947624,-5.643800584022654,-5.81441963041275,-5.906436310136271,-5.717249245214488,-0.23809685478502995,0.04985472802580598,0.42318144903161664,0.00372952050539355
2013-03-31,bond,bond_monthly_return_downside_sharpe_vol,return_downside_sharpe_vol,monthly,monthly_sjm,monthly_only,0.0007986222408145061,monthly_rf,,0.0012629431539937363,0.0024797130348606553,0.0034836795786546554,-5.990374174185598,-5.929944160465037,-5.964198575161086,-5.7461303777289094,-0.07930035931446884,0.02864452335098311,0.5537172000251229,0.0037104328074063944
2013-04-30,bond,bond_monthly_return_downside_sharpe_vol,return_downside_sharpe_vol,monthly,monthly_sjm,monthly_only,0.010118666333720494,monthly_rf,,0.0030898741880017815,0.0033131326318323476,0.0038560727706305857,-6.336947764300065,-6.0454686905122985,-6.021960840184604,-5.775011510243069,1.393408019219195,0.279657449207441,0.5502660788594108,0.005297850586849321
2013-05-31,bond,bond_monthly_return_downside_sharpe_vol,return_downside_sharpe_vol,monthly,monthly_sjm,monthly_only,-0.017841980244843625,monthly_rf,,-0.0012283563716716148,0.0010050826991011843,0.002638254631668043,-4.367879740054804,-4.782613010516245,-5.063696363946467,-5.2605439099364855,-0.19856829048100727,-0.1944428807585983,0.09819607579393369,0.008940480692884677
2013-06-30,bond,bond_monthly_return_downside_sharpe_vol,return_downside_sharpe_vol,monthly,monthly_sjm,monthly_only,-0.01546854310071244,monthly_rf,,-0.004166099403760939,-0.0007922109925348607,0.0016219981638046351,-4.258584262890157,-4.580675045840683,-4.84649892494947,-5.077539549098008,-0.6107062692288993,-0.39469368526020804,-0.06558049660957979,0.010292836216115367
2013-07-31,bond,bond_monthly_return_downside_sharpe_vol,return_downside_sharpe_vol,monthly,monthly_sjm,monthly_only,0.0013671907564567487,monthly_rf,,-0.003024584554130674,-0.0005566174936698829,0.0016076969229334393,-4.60515785314084,-4.696199575922057,-4.9042611899885635,-5.1064206816166395,-1.245216992416487,-0.2574388889612377,-0.2089395665560761,0.010367335265530929
2013-08-31,bond,bond_monthly_return_downside_sharpe_vol,return_downside_sharpe_vol,monthly,monthly_sjm,monthly_only,-0.0051116402204499645,monthly_rf,,-0.0034551430403342476,-0.001053576312061477,0.0012305695074376199,-4.835667027066953,-4.772560767715768,-4.933739650729156,-5.114567821470788,-0.9236560684582729,-0.4450856324824644,-0.26917164821523737,0.009787511407846344
2013-09-30,bond,bond_monthly_return_downside_sharpe_vol,return_downside_sharpe_vol,monthly,monthly_sjm,monthly_only,0.009466907662784019,monthly_rf,,-0.0007893307770741561,9.422197537818525e-05,0.001692839647392429,-5.1822406172947675,-4.888085297794614,-4.991501915767559,-5.1434489539892425,0.3198378108427885,-0.264550047466085,-0.16797973435771868,0.011005730282280527
2013-10-31,bond,bond_monthly_return_downside_sharpe_vol,return_downside_sharpe_vol,monthly,monthly_sjm,monthly_only,0.008084972340884233,monthly_rf,,0.0010414332884183227,0.0009660230832754476,0.002051602488244474,-5.528814207500976,-5.003609827871688,-5.049264180805471,-5.172330086507554,0.6310742936584918,-0.30596239287459914,-0.10141153452616417,0.010623905234893103
2013-11-30,bond,bond_monthly_return_downside_sharpe_vol,return_downside_sharpe_vol,monthly,monthly_sjm,monthly_only,-0.003744189106218876,monthly_rf,,5.4161905565955934e-05,0.0004521328955706177,0.001726309701451555,-5.557320225763374,-5.080264154654873,-5.086584872960656,-5.18841758745046,0.7762866473426664,-0.10624242796938596,-0.1512820001996827,0.00847950887721361
2013-12-31,bond,bond_monthly_return_downside_sharpe_vol,return_downside_sharpe_vol,monthly,monthly_sjm,monthly_only,-0.005651147562633074,monthly_rf,,-0.0011228404368214392,-0.00021374282596842256,0.0013122448418433723,-5.331086577295475,-5.09855149674176,-5.095588814345078,-5.187706473961221,-0.0718888982092697,0.11989637304622613,-0.18892876747156076,0.006133204530441512
2014-01-31,bond,bond_monthly_return_downside_sharpe_vol,return_downside_sharpe_vol,monthly,monthly_sjm,monthly_only,0.014775381005611266,monthly_rf,,0.002156954284540734,0.001421589798010111,0.0020678726124947933,-5.677660167489846,-5.214076026815027,-5.15335107938203,-5.2165876064793055,0.19466176890189887,0.3672339699270725,0.015495102025174698,0.008087616060007132
2014-02-28,bond,bond_monthly_return_downside_sharpe_vol,return_downside_sharpe_vol,monthly,monthly_sjm,monthly_only,0.005316944420207692,monthly_rf,,0.0028088585874242603,0.0018465779805898214,0.002250229000849212,-6.024233757648759,-5.329600556885837,-5.211113344418404,-5.245468738997236,0.5767231902122171,0.6502756110268707,0.018083674925001285,0.007240229700994254
2014-03-31,bond,bond_monthly_return_downside_sharpe_vol,return_downside_sharpe_vol,monthly,monthly_sjm,monthly_only,-0.0017032725615809818,monthly_rf,,0.0018780083046937193,0.0014592847360287752,0.002028336008343819,-6.169536000601123,-5.429322401769247,-5.262942585023157,-5.271255322055975,0.907847925061839,0.39461086556145536,-0.0033428324642433226,0.007213303883393629
2014-04-30,bond,bond_monthly_return_downside_sharpe_vol,return_downside_sharpe_vol,monthly,monthly_sjm,monthly_only,0.008438520514896464,monthly_rf,,0.003231438522933436,0.0022207283059040477,0.0023881120196112457,-6.516109590683116,-5.544846931834651,-5.32070485005834,-5.300136454573601,0.9472498829740786,0.400345321039899,-0.01796832035751256,0.007257166830625164
2014-05-31,bond,bond_monthly_return_downside_sharpe_vol,return_downside_sharpe_vol,monthly,monthly_sjm,monthly_only,0.011385311708604906,monthly_rf,,0.004913578272329812,0.0032205961028484824,0.002893086036096068,-6.862683180683104,-5.660371461896635,-5.378467115092841,-5.329017587091061,1.07743993245165,0.7604961958092905,0.2677761510469115,0.007136072847345053
2014-06-30,bond,bond_monthly_return_downside_sharpe_vol,return_downside_sharpe_vol,monthly,monthly_sjm,monthly_only,0.0005167738395230881,monthly_rf,,0.004006519830491007,0.0029256056279989926,0.002759713880780535,-7.209256770567118,-5.775895991954782,-5.436229380126617,-5.357898719608349,1.477363524954334,1.1163941305655403,0.5438330776398073,0.005781957264642207
2014-07-31,bond,bond_monthly_return_downside_sharpe_vol,return_downside_sharpe_vol,monthly,monthly_sjm,monthly_only,-0.0025079872204473164,monthly_rf,,0.0026625804524095576,0.0023327936831300153,0.002464060535886722,-6.293142214509732,-5.8129315801108055,-5.474094034579629,-5.378422947748953,0.5249016696469215,0.6880922816768991,0.4809577329940254,0.005194625601866979
2014-08-31,bond,bond_monthly_return_downside_sharpe_vol,return_downside_sharpe_vol,monthly,monthly_sjm,monthly_only,0.011039401267289195,monthly_rf,,0.004390714180444671,0.003282695731210826,0.0029453574284253547,-6.639715804565677,-5.928456110163154,-5.531856299612113,-5.407304080265934,0.5194563942402641,0.7669702245971846,0.6990224524362092,0.005903911840895924
2014-09-30,bond,bond_monthly_return_downside_sharpe_vol,return_downside_sharpe_vol,monthly,monthly_sjm,monthly_only,-0.006789970274080459,monthly_rf,,0.0020841448583383848,0.0021837549582893185,0.0023989554698532665,-5.320680212050725,-5.549150698869301,-5.435771319711482,-5.372267238632423,0.07638546067613225,0.5256794223951854,0.4583278684021914,0.007001114142918135
2014-10-31,bond,bond_monthly_return_downside_sharpe_vol,return_downside_sharpe_vol,monthly,monthly_sjm,monthly_only,0.009829302911578797,monthly_rf,,0.003681966890891895,0.003017894040512706,0.002815988827033932,-5.667253802245982,-5.66467522893115,-5.493533584744499,-5.401148371149444,0.5769047255543729,0.5451955773485491,0.471208938503761,0.007175661115763424
2014-11-30,bond,bond_monthly_return_downside_sharpe_vol,return_downside_sharpe_vol,monthly,monthly_sjm,monthly_only,0.007096230785428537,monthly_rf,,0.004386327736486283,0.0034628458072383794,0.0030562203488374833,-6.013827392406148,-5.780199758989145,-5.551295849776705,-5.43002950366628,0.46432068990810915,0.48554967768798396,0.6199202230064279,0.006584891374289032
2014-12-31,bond,bond_monthly_return_downside_sharpe_vol,return_downside_sharpe_vol,monthly,monthly_sjm,monthly_only,0.0009356639555062607,monthly_rf,,0.003674457613464387,0.0031871270277219342,0.0029372026637645393,-6.360400982516688,-5.895724289042813,-5.609058114808051,-5.458910636182925,1.6006361579906592,0.4981660874646369,0.7613820044461717,0.006558268388645099
2015-01-31,bond,bond_monthly_return_downside_sharpe_vol,return_downside_sharpe_vol,monthly,monthly_sjm,monthly_only,0.020967480821152407,monthly_rf,,0.007241999205355181,0.00512698641850348,0.003949164417888182,-6.706974572557047,-6.011248819091625,-5.666820379838486,-5.487791768699375,1.153863866943438,0.8325918887366935,0.732249083477924,0.008623294326356053
2015-02-28,bond,bond_monthly_return_downside_sharpe_vol,return_downside_sharpe_vol,monthly,monthly_sjm,monthly_only,-0.009401438348456748,monthly_rf,,0.003808466792187299,0.003541916653026477,0.003199852661513389,-5.005084476113167,-5.339956509008338,-5.402407713289338,-5.382769685740873,0.33055250378038564,0.3662915335108057,0.4939050273692663,0.010300206155444417
2015-03-31,bond,bond_monthly_return_downside_sharpe_vol,return_downside_sharpe_vol,monthly,monthly_sjm,monthly_only,0.004642060475875676,monthly_rf,,0.003980436730675188,0.003661943754329312,0.003280797566350305,-5.3516580663313515,-5.455481039076128,-5.460169978322803,-5.411650818257827,0.4353604090998238,0.6195655697598043,0.5695319811043448,0.009164835884003818
2015-04-30,bond,bond_monthly_return_downside_sharpe_vol,return_downside_sharpe_vol,monthly,monthly_sjm,monthly_only,-0.0035875269193011983,monthly_rf,,0.0024191698103136075,0.002871017211032205,0.0028953081338679606,-5.4718119517507375,-5.486880536046389,-5.476155414022129,-5.421691127997894,-0.48291789081325176,0.3619612986422018,0.43634399282349584,0.009509520698071514
2015-05-31,bond,bond_monthly_return_downside_sharpe_vol,return_downside_sharpe_vol,monthly,monthly_sjm,monthly_only,-0.0024088927862172538,monthly_rf,,0.0014231430361334495,0.0022949722622286513,0.002597606211553784,-5.6764015606369975,-5.560249611675598,-5.514035171966213,-5.441817068984714,-0.12424204098677917,0.19433167723375327,0.30690015478384597,0.00956041354663321
2015-06-30,bond,bond_monthly_return_downside_sharpe_vol,return_downside_sharpe_vol,monthly,monthly_sjm,monthly_only,-0.010904973164148513,monthly_rf,,-0.0011201408515916173,0.0008548412957333368,0.0018397646635225032,-4.818048798822125,-5.112065563993,-5.251721355037654,-5.310789469332394,-1.4990623236869212,-0.010797788800297602,0.1744172237999567,0.010701109487214717
2015-07-31,bond,bond_monthly_return_downside_sharpe_vol,return_downside_sharpe_vol,monthly,monthly_sjm,monthly_only,0.006952830533904164,monthly_rf,,0.0005453088989815755,0.00152013973838419,0.0021267389998014486,-5.16462238905085,-5.227590094065993,-5.309483620072965,-5.339670601849791,-0.2907261689573108,-0.37251512024970435,0.26104673904369685,0.006580466763447411
2015-08-31,bond,bond_monthly_return_downside_sharpe_vol,return_downside_sharpe_vol,monthly,monthly_sjm,monthly_only,-0.0014380720489671761,monthly_rf,,0.00013613845264659051,0.0011973950403717979,0.001926661529529417,-5.480501061384356,-5.333868112661056,-5.3620929830110375,-5.365887330191937,-0.24630303434903522,-0.19374786528122653,0.15204526365798085,0.0058018479308163395
2015-09-30,bond,bond_monthly_return_downside_sharpe_vol,return_downside_sharpe_vol,monthly,monthly_sjm,monthly_only,0.006763993303594562,monthly_rf,,0.0015034614222508896,0.0018047180464871625,0.002198160100135506,-5.8270746515649305,-5.449392642729002,-5.419855248045024,-5.394768462708997,1.0463109915583158,-0.12438551795098046,0.29004873072469867,0.0061939701080673554
2015-10-31,bond,bond_monthly_return_downside_sharpe_vol,return_downside_sharpe_vol,monthly,monthly_sjm,monthly_only,0.00017041669463901954,monthly_rf,,0.0012284549961048918,0.0016264136740555537,0.0020843516077968523,-6.173648241704334,-5.564917172793839,-5.477617513078256,-5.423649595225874,0.5162841459239232,-0.023757551345514324,0.20171174664623778,0.006066123667916819
2015-11-30,bond,bond_monthly_return_downside_sharpe_vol,return_downside_sharpe_vol,monthly,monthly_sjm,monthly_only,-0.002643590326111611,monthly_rf,,0.0004296540827659005,0.001160550764091437,0.0018189926171551967,-6.0405998687757965,-5.622066709641249,-5.511461550778196,-5.441964232842398,0.36277454891864214,-0.030130288160074868,0.10367176621074353,0.0060813391554037175
2015-12-31,bond,bond_monthly_return_downside_sharpe_vol,return_downside_sharpe_vol,monthly,monthly_sjm,monthly_only,-0.003330415605392278,monthly_rf,,-0.0003460463161642616,0.000670580576392137,0.0015299785413821808,-5.8449300680035,-5.638024391950766,-5.529257836983155,-5.453566363008326,-1.2772522991459336,0.25521719532969916,0.059060935553125256,0.004228530749904037
2016-01-31,bond,bond_monthly_return_downside_sharpe_vol,return_downside_sharpe_vol,monthly,monthly_sjm,monthly_only,0.013658180118417008,monthly_rf,,0.0025430182312894192,0.0020875443347069932,0.002210682190828229,-6.191503658140371,-5.753548922009689,-5.587020102014836,-5.482447495524813,0.3262244560499133,0.35991336681916963,-0.018833047598712575,0.006103557758221256
2016-02-29,bond,bond_monthly_return_downside_sharpe_vol,return_downside_sharpe_vol,monthly,monthly_sjm,monthly_only,0.006895686744642338,monthly_rf,,0.003440971456159696,0.0026121188349947375,0.0024736312915004414,-6.538077248217967,-5.8690734520644,-5.644782367045625,-5.511328628041098,0.8221083196425458,0.5910693022824932,0.1927438729126736,0.006066482910199756
2016-03-31,bond,bond_monthly_return_downside_sharpe_vol,return_downside_sharpe_vol,monthly,monthly_sjm,monthly_only,0.00897211838798626,monthly_rf,,0.004582044158900176,0.003306002938852982,0.002838363346319854,-6.884650838211736,-5.984597982114383,-5.70254463207547,-5.540209760557177,3.4796209643380114,0.626561115774013,0.23813950806585346,0.0063102107182623005
2016-04-30,bond,bond_monthly_return_downside_sharpe_vol,return_downside_sharpe_vol,monthly,monthly_sjm,monthly_only,0.0037411711035049036,monthly_rf,,0.004408572489857989,0.0033534803434410224,0.0028890340522081635,-7.231224428086955,-6.100122512159057,-5.760306897104315,-5.569090893073045,3.039316918643044,0.7469547410478806,0.3380343729759244,0.006089871518470706
2016-05-31,bond,bond_monthly_return_downside_sharpe_vol,return_downside_sharpe_vol,monthly,monthly_sjm,monthly_only,0.00015610252135432888,monthly_rf,,0.0035312901720872722,0.003004642324461714,0.0027356463916451204,-7.577798017794521,-6.215647042197774,-5.818069162132101,-5.5979720255886924,1.1850366249382505,0.8941535787356827,0.3774291889136758,0.005609186158619863
2016-06-30,bond,bond_monthly_return_downside_sharpe_vol,return_downside_sharpe_vol,monthly,monthly_sjm,monthly_only,0.017767769466338713,monthly_rf,,0.006468268362329598,0.004615318419897644,0.003579334631065673,-7.9243716072649875,-6.331171572229803,-5.875831427158764,-5.626853158104115,0.950286093840378,1.4506094188660792,0.7586621956174064,0.005881554293408077
2016-07-31,bond,bond_monthly_return_downside_sharpe_vol,return_downside_sharpe_vol,monthly,monthly_sjm,monthly_only,0.006122465465628424,monthly_rf,,0.006396929406626971,0.0047797500945378725,0.0037220695970958855,-8.270945196400145,-6.446696102254327,-5.933593692184239,-5.655734290619307,1.0959841727668238,1.3372693197990966,0.7500266665462888,0.00544085286774169
2016-08-31,bond,bond_monthly_return_downside_sharpe_vol,return_downside_sharpe_vol,monthly,monthly_sjm,monthly_only,-0.001341871394896299,monthly_rf,,0.004800418871758893,0.004111873342980958,0.0034378524283809773,-6.942410311497331,-6.476877023243484,-5.975885215742223,-5.68025775851183,0.9558272299117618,0.9325069405922345,0.7522237749830311,0.006330204098682545
2016-09-30,bond,bond_monthly_return_downside_sharpe_vol,return_downside_sharpe_vol,monthly,monthly_sjm,monthly_only,-0.0007887605608926316,monthly_rf,,0.0036473740946223964,0.003577207902143436,0.003200630869329514,-7.033533042907423,-6.5593632028053195,-6.027773986861363,-5.707553164721507,0.39183236834365376,0.6497067407758886,0.6380367279429393,0.006581655739659666
2016-10-31,bond,bond_monthly_return_downside_sharpe_vol,return_downside_sharpe_vol,monthly,monthly_sjm,monthly_only,-0.007848577796541934,monthly_rf,,0.001275765266163102,0.002330640036163083,0.0025804864386340907,-5.187724438589281,-5.577581166890472,-5.669538301641109,-5.593033512772161,-1.037677566254287,0.29297177588831536,0.4789913792052736,0.008002549993413788
2016-11-30,bond,bond_monthly_return_downside_sharpe_vol,return_downside_sharpe_vol,monthly,monthly_sjm,monthly_only,-0.023751924408825686,monthly_rf,,-0.00388743394962026,-0.0005150011789724022,0.0011025617810723819,-4.059760186375469,-4.482774107104526,-4.768378153337009,-5.007194627284667,-1.1242041461350232,-0.1293145037365183,0.1629695034159034,0.012683417745190445
2016-12-31,bond,bond_monthly_return_downside_sharpe_vol,return_downside_sharpe_vol,monthly,monthly_sjm,monthly_only,0.0011086005705338246,monthly_rf,,-0.002856754655947192,-0.00033786414687168506,0.0011029007122814757,-4.406333776631433,-4.598298637187015,-4.826140418376671,-5.036075759803618,-0.9886672453354708,-0.46137066497576684,0.20076766637914134,0.009572949378138277
2017-01-31,bond,bond_monthly_return_downside_sharpe_vol,return_downside_sharpe_vol,monthly,monthly_sjm,monthly_only,0.0015631951507055323,monthly_rf,,-0.001944921335658055,-0.00013045614061478445,0.00112873505400682,-4.752907366877453,-4.713823167268178,-4.883902683415916,-5.06495689232244,-0.5940757551427883,-0.5842171619747729,0.10894886467956462,0.008860671584126067
2017-02-28,bond,bond_monthly_return_downside_sharpe_vol,return_downside_sharpe_vol,monthly,monthly_sjm,monthly_only,0.006321373563943977,monthly_rf,,-0.00023958904580983738,0.0005734467504928126,0.0014201754593725496,-5.09948095710941,-4.82934769734785,-4.94166494845472,-5.093838024841131,1.2715729204040815,-0.39701903243127784,0.10428195089531271,0.00982156671239875
2017-03-31,bond,bond_monthly_return_downside_sharpe_vol,return_downside_sharpe_vol,monthly,monthly_sjm,monthly_only,-0.0008266959609944165,monthly_rf,,-0.0003607088936035138,0.00042068938588309476,0.0012940682565885943,-5.436954234810313,-4.943483497023382,-4.998607649609818,-5.1221794898934165,0.791836989768017,-0.3977434636365738,0.01990457205779734,0.009819574265505454
2017-04-30,bond,bond_monthly_return_downside_sharpe_vol,return_downside_sharpe_vol,monthly,monthly_sjm,monthly_only,0.007218907307868061,monthly_rf,,0.0012029619420024674,0.0011623836755329736,0.0016266039205919973,-5.783527824995123,-5.059008027099529,-5.056369914647667,-5.151060622411833,1.1772231668345599,-0.1340837943449174,0.05018851403468653,0.010399645754905174
2017-05-31,bond,bond_monthly_return_downside_sharpe_vol,return_downside_sharpe_vol,monthly,monthly_sjm,monthly_only,0.007094644626946579,monthly_rf,,0.002418412980975024,0.0018096009496582086,0.0019335014635206262,-6.130101415140516,-5.174532557173574,-5.114132179684993,-5.179941754930106,1.194440351802826,1.1605189968890657,0.10927654109373831,0.0032284442438112204
2017-06-30,bond,bond_monthly_return_downside_sharpe_vol,return_downside_sharpe_vol,monthly,monthly_sjm,monthly_only,-0.0016032915871776014,monthly_rf,,0.0015887374439177942,0.0014372499990401523,0.0017349965226475784,-6.2599064660923736,-5.279732169853715,-5.167557434748759,-5.206416103499091,1.0258862883319453,0.8859696272925509,-0.06823081608499894,0.0037187379203931416
2017-07-31,bond,bond_monthly_return_downside_sharpe_vol,return_downside_sharpe_vol,monthly,monthly_sjm,monthly_only,0.0036041393947489403,monthly_rf,,0.0020045138063048786,0.0016736604097600865,0.0018399034510403805,-6.606480056155642,-5.3952566999229985,-5.225319699784987,-5.235297236017076,0.8483248192948646,0.9993391733254632,-0.09540698796284942,0.003637249814922908
2017-08-31,bond,bond_monthly_return_downside_sharpe_vol,return_downside_sharpe_vol,monthly,monthly_sjm,monthly_only,0.00806547307648743,monthly_rf,,0.0032548865157753333,0.002371015365106856,0.002189317825216568,-6.953053646129149,-5.510781229989337,-5.283081964820593,-5.264178368534905,0.8492265696259356,1.0064161070745283,0.0015519386952882518,0.003900503427670254
2017-09-30,bond,bond_monthly_return_downside_sharpe_vol,return_downside_sharpe_vol,monthly,monthly_sjm,monthly_only,-0.00566025407550984,monthly_rf,,0.0014156977010154007,0.001494793574175254,0.001748755207133833,-5.506804981808926,-5.4204270654546285,-5.269994660646552,-5.258681480252128,0.3503965882965398,0.6105147865885979,-0.04579087398049475,0.005110337251698953
2017-10-31,bond,bond_monthly_return_downside_sharpe_vol,return_downside_sharpe_vol,monthly,monthly_sjm,monthly_only,-0.0003211316385899213,monthly_rf,,0.0010573907217994395,0.0012966738057012962,0.001632581385246466,-5.850258744359439,-5.535267678014302,-5.327518313130775,-5.287449329128839,0.12296903489619257,0.38265956012755514,0.028306223814580804,0.004869245390028957
2017-11-30,bond,bond_monthly_return_downside_sharpe_vol,return_downside_sharpe_vol,monthly,monthly_sjm,monthly_only,-0.002084540409091872,monthly_rf,,0.00040921198210237944,0.0009277790006252554,0.00142395536969337,-5.986099947848164,-5.615765150920182,-5.374123224895924,-5.3112992634414615,-1.2104729546489108,0.07568390450877176,0.4831722140562964,0.004405152309456578
2017-12-31,bond,bond_monthly_return_downside_sharpe_vol,return_downside_sharpe_vol,monthly,monthly_sjm,monthly_only,0.003690038389411966,monthly_rf,,0.0010860447442678227,0.0012291450407707683,0.0015511408366954197,-6.332673537963338,-5.731289680979863,-5.431885489929757,-5.340180395958856,0.17718371916591558,0.2726418608801313,0.5325071707428624,0.004458672580135932
2018-01-31,bond,bond_monthly_return_downside_sharpe_vol,return_downside_sharpe_vol,monthly,monthly_sjm,monthly_only,-0.012617956185831513,monthly_rf,,-0.0017410834395250774,-0.0002815914530920208,0.0007558905276263257,-4.709385324414522,-5.048628959579896,-5.138415637352688,-5.196641898620815,-0.5437012747838736,-0.22558391498828162,0.18161115828393382,0.006596488969698952
2018-02-28,bond,bond_monthly_return_downside_sharpe_vol,return_downside_sharpe_vol,monthly,monthly_sjm,monthly_only,-0.01057696262606279,monthly_rf,,-0.003563920668175848,-0.0014048296452841306,0.00011982635509808696,-4.622833791570393,-4.897105355951364,-5.0286528109029724,-5.127276158722008,-0.8962068498633342,-0.8070821464263718,-0.05168240565246491,0.005693515144422927
2018-03-31,bond,bond_monthly_return_downside_sharpe_vol,return_downside_sharpe_vol,monthly,monthly_sjm,monthly_only,0.00521335975204993,monthly_rf,,-0.0017531723341932103,-0.0006827766984449691,0.00040570441788075745,-4.969407381808206,-5.012629886028291,-5.086415075940553,-5.1561572912404,-0.7522046868113138,-0.4149504888057461,0.02533377232650172,0.006706499998622353
2018-04-30,bond,bond_monthly_return_downside_sharpe_vol,return_downside_sharpe_vol,monthly,monthly_sjm,monthly_only,-0.008838705070221374,monthly_rf,,-0.0032149140107582625,-0.0015725989385613505,-0.00011314441849084845,-4.834653831554374,-4.9393797931903185,-5.032411353647115,-5.119598047142209,-0.6696398776925745,-0.606168598300045,-0.17418895035730428,0.006932825349476909
2018-05-31,bond,bond_monthly_return_downside_sharpe_vol,return_downside_sharpe_vol,monthly,monthly_sjm,monthly_only,0.00573472030697293,monthly_rf,,-0.0013686091583756678,-0.0007753610419157916,0.0002150710085702857,-5.181227421782241,-5.054904323266537,-5.090173618684661,-5.148479179660639,0.10415973570447777,-0.36797964307997444,-0.1948457492213726,0.007878835038207231
2018-06-30,bond,bond_monthly_return_downside_sharpe_vol,return_downside_sharpe_vol,monthly,monthly_sjm,monthly_only,-0.002630305195062953,monthly_rf,,-0.0016288963871122007,-0.0009777378268022298,5.537231346221662e-05,-5.428801071829888,-5.1488001363388145,-5.136883810781487,-5.1712998283345275,-0.32010541896541794,-0.5391759044955111,-0.20752015319805395,0.007330894184125566
2018-07-31,bond,bond_monthly_return_downside_sharpe_vol,return_downside_sharpe_vol,monthly,monthly_sjm,monthly_only,-0.0013615830882937705,monthly_rf,,-0.0015737497941685033,-0.0010196158368667135,-2.4155282360725243e-05,-5.729418512015003,-5.257228800673697,-5.1913690757770485,-5.198473706988103,0.15782687554645544,-0.333259996425722,-0.2774841306048512,0.006231108870075791
2018-08-31,bond,bond_monthly_return_downside_sharpe_vol,return_downside_sharpe_vol,monthly,monthly_sjm,monthly_only,0.004835722231050489,monthly_rf,,-0.00025147908664619866,-0.00038079094793527747,0.00024860868336226135,-6.0759921021674845,-5.372753330743515,-5.249131340813024,-5.2273548395061304,0.08623228221100261,0.09277140755804415,-0.33839210349134835,0.005305530036451704
2018-09-30,bond,bond_monthly_return_downside_sharpe_vol,return_downside_sharpe_vol,monthly,monthly_sjm,monthly_only,-0.007938975290123938,monthly_rf,,-0.0018374055099228857,-0.001205398548199677,-0.00021092509462600234,-5.142335785024638,-5.205486200464908,-5.183536597916404,-5.1950932692607275,-0.28532853291843174,-0.3029850488777051,-0.36113475450037924,0.0056103572005943006
2018-10-31,bond,bond_monthly_return_downside_sharpe_vol,return_downside_sharpe_vol,monthly,monthly_sjm,monthly_only,-0.009800996687639995,monthly_rf,,-0.0034802901811635885,-0.0021431893235631305,-0.000749174454215679,-4.819746365550835,-5.01899281666743,-5.082425397809602,-5.138739783001214,-0.6611971060741231,-0.3195235128722153,-0.46580578068409606,0.005821907346165469
2018-11-30,bond,bond_monthly_return_downside_sharpe_vol,return_downside_sharpe_vol,monthly,monthly_sjm,monthly_only,0.004166682684606762,monthly_rf,,-0.0019027237011413043,-0.0014547741991014036,-0.00047326859354066605,-5.166319955779473,-5.13451734674223,-5.140187662846681,-5.167620915519549,-0.7306447059662434,-0.38563673247991936,-0.3688499366540824,0.0055014880892742795
2018-12-31,bond,bond_monthly_return_downside_sharpe_vol,return_downside_sharpe_vol,monthly,monthly_sjm,monthly_only,0.01647108395366416,monthly_rf,,0.0018877831537143833,0.0005009599037997692,0.0004777448393349018,-5.512893545986847,-5.2500418768147625,-5.197949927883189,-5.196502048037738,0.33656568289824323,0.12047642859578414,-0.17032273623103236,0.008814910762778917
2019-01-31,bond,bond_monthly_return_downside_sharpe_vol,return_downside_sharpe_vol,monthly,monthly_sjm,monthly_only,0.008522495846770442,monthly_rf,,0.0032565208925384647,0.0013761197576612118,0.0009292620189318599,-5.85946713616415,-5.365566406884748,-5.255712192919095,-5.225383180555776,1.9080956578261727,0.29687630183903424,0.038714523470329845,0.009126142569507311
2019-02-28,bond,bond_monthly_return_downside_sharpe_vol,return_downside_sharpe_vol,monthly,monthly_sjm,monthly_only,-0.00238017540636468,monthly_rf,,0.0020936734108873744,0.0009663031402227426,0.000743517568800165,-5.941867992979142,-5.448487403074219,-5.300891953680994,-5.248474975210678,0.9754606053282585,0.1630363093252965,0.13234069287447275,0.009241412886640434
2019-03-31,bond,bond_monthly_return_downside_sharpe_vol,return_downside_sharpe_vol,monthly,monthly_sjm,monthly_only,0.01730044118927611,monthly_rf,,0.005230821605050909,0.0027483785394471225,0.0016727862868760805,-6.288441583101446,-5.564011933139083,-5.358654218715732,-5.277356107728433,0.9706941837951402,0.5879895456365364,0.22915738927186274,0.009716593271420349
2019-04-30,bond,bond_monthly_return_downside_sharpe_vol,return_downside_sharpe_vol,monthly,monthly_sjm,monthly_only,-0.0018436907581531694,monthly_rf,,0.0037713534256029243,0.0022473778926905387,0.0014754215957847666,-6.292199497133752,-5.650342927573619,-5.407110383222257,-5.302375626926671,0.47618532278690845,0.8936111890608366,0.31455480192862584,0.007877556820662285
2019-05-31,bond,bond_monthly_return_downside_sharpe_vol,return_downside_sharpe_vol,monthly,monthly_sjm,monthly_only,0.01565198470131034,monthly_rf,,0.006222321408758218,0.003709837678335695,0.002271090943893735,-6.638773087189908,-5.765867457632116,-5.4648726482556595,-5.331256759444118,1.197097496881051,1.0749513835410864,0.38076735860710353,0.008329390572542755
2019-06-30,bond,bond_monthly_return_downside_sharpe_vol,return_downside_sharpe_vol,monthly,monthly_sjm,monthly_only,0.01075606635645612,monthly_rf,,0.00715763060679054,0.004478590259394936,0.00274731602080273,-6.985346677153356,-5.8813919876863485,-5.522634913288274,-5.360137891961392,1.111040371773498,1.036458168873828,0.504486586207315,0.007719739423611431
2019-07-31,bond,bond_monthly_return_downside_sharpe_vol,return_downside_sharpe_vol,monthly,monthly_sjm,monthly_only,0.0003010305243331807,monthly_rf,,0.005743117616242209,0.004022813137254394,0.0026100165659365716,-7.331920266985697,-5.996916517735794,-5.5803971783200526,-5.389019024478489,1.390551932634022,0.8067725039505806,0.5245533743111535,0.008219098611482997
2019-08-31,bond,bond_monthly_return_downside_sharpe_vol,return_downside_sharpe_vol,monthly,monthly_sjm,monthly_only,0.024313282395048975,monthly_rf,,0.00957413284249864,0.006236529342813822,0.0038281272776474196,-7.678493856632621,-6.112441047779866,-5.638159443350947,-5.417900156995403,1.1993790251829197,1.1924284098756635,0.6033885286868724,0.009291838661694985
2019-09-30,bond,bond_monthly_return_downside_sharpe_vol,return_downside_sharpe_vol,monthly,monthly_sjm,monthly_only,-0.007124937636874138,monthly_rf,,0.006129123386049589,0.004778776167804336,0.0032133789810778694,-5.288623929345448,-5.575278115835363,-5.496302342018862,-5.375437625408155,0.43451429264851954,0.6437214075316955,0.6152329302149344,0.010888182135475625
2019-10-31,bond,bond_monthly_return_downside_sharpe_vol,return_downside_sharpe_vol,monthly,monthly_sjm,monthly_only,0.0015121566861773807,monthly_rf,,0.005176645584317027,0.0044223837950110945,0.003117896710495353,-5.635197519543377,-5.690802645896378,-5.5540646070510284,-5.4043187579251555,0.47003807722928015,0.7209049814637277,0.7866601786958001,0.010498282064377537
2019-11-30,bond,bond_monthly_return_downside_sharpe_vol,return_downside_sharpe_vol,monthly,monthly_sjm,monthly_only,-0.0017117408616099882,monthly_rf,,0.0037555750837040274,0.003753142931886783,0.0028468299822626236,-5.878303076114883,-5.774001950094186,-5.599999181490946,-5.428910840201287,-0.6851166085661984,0.4555135876509314,0.7107249232995849,0.010261624907623512
2019-12-31,bond,bond_monthly_return_downside_sharpe_vol,return_downside_sharpe_vol,monthly,monthly_sjm,monthly_only,-0.00209614425905562,monthly_rf,,0.002548368461204043,0.003114978201389673,0.002569402155571953,-6.002333866685687,-5.833629751475883,-5.638463835625048,-5.4510525652927955,-0.4729579983628331,0.2505019770166591,0.5602639943389057,0.010108800355899235
2020-01-31,bond,bond_monthly_return_downside_sharpe_vol,return_downside_sharpe_vol,monthly,monthly_sjm,monthly_only,0.017944943820224903,monthly_rf,,0.005724673859416216,0.004732946460339293,0.0034323649993918577,-6.348907456798163,-5.949154281527375,-5.696226100654999,-5.479933697809298,0.5035549199962032,0.4758124204532705,0.6043984870428877,0.011502277903890079
2020-02-29,bond,bond_monthly_return_downside_sharpe_vol,return_downside_sharpe_vol,monthly,monthly_sjm,monthly_only,0.016799664876400923,monthly_rf,,0.00800943868095098,0.006049440907371192,0.004182613892578905,-6.695481046841261,-6.064678811573743,-5.7539883656839566,-5.508814830325602,1.18427767191353,0.43776324254532056,0.7596894876577935,0.00964141502432302
2020-03-31,bond,bond_monthly_return_downside_sharpe_vol,return_downside_sharpe_vol,monthly,monthly_sjm,monthly_only,-0.007086582576755006,monthly_rf,,0.004895137435753387,0.004616283906714417,0.0035501224952125066,-5.281130638448701,-5.565698398593002,-5.5730239133263355,-5.454101648718143,0.7989373214209079,0.43876825554147975,0.5415536187326319,0.00963390026604159
2020-04-30,bond,bond_monthly_return_downside_sharpe_vol,return_downside_sharpe_vol,monthly,monthly_sjm,monthly_only,0.01777739047079563,monthly_rf,,0.007552739461022336,0.006052177503547272,0.00434863768900384,-5.627704228647243,-5.681222928654327,-5.630786178357345,-5.482982781234625,0.7970007808452609,0.6474243285745473,0.6834496079340172,0.010716189683966319
2020-05-31,bond,bond_monthly_return_downside_sharpe_vol,return_downside_sharpe_vol,monthly,monthly_sjm,monthly_only,0.004553552240083902,monthly_rf,,0.006934008714867527,0.005888675566276147,0.00436013865902473,-5.974277818812054,-5.796747458711732,-5.6885484433874245,-5.511863913750908,0.5002643854561366,0.7894813179131246,0.6132122796421443,0.010110609645489639
2020-06-30,bond,bond_monthly_return_downside_sharpe_vol,return_downside_sharpe_vol,monthly,monthly_sjm,monthly_only,0.006202413581509736,monthly_rf,,0.006783081023663222,0.005922904785906237,0.004463537605278481,-6.320851408929165,-5.912271988764738,-5.746310708416518,-5.540745046266983,1.6165008094902926,1.022373646981594,0.5813098936549977,0.009160281496564808
2020-07-31,bond,bond_monthly_return_downside_sharpe_vol,return_downside_sharpe_vol,monthly,monthly_sjm,monthly_only,0.01483535915579436,monthly_rf,,0.008444261766951611,0.006895264982176766,0.005045663218544007,-6.667424998978816,-6.027796518812807,-5.8040729734445655,-5.569626178782846,1.891961380237423,1.0124174447758374,0.6916045869837832,0.00873845698327664
2020-08-31,bond,bond_monthly_return_downside_sharpe_vol,return_downside_sharpe_vol,monthly,monthly_sjm,monthly_only,-0.008173331720057863,monthly_rf,,0.005016060971171508,0.0052512617661367115,0.004303738041957763,-5.141492671666989,-5.451730774069893,-5.540956833993672,-5.477671193321322,0.451845946721018,0.47621499723276445,0.4570298380836876,0.009837573824095832
2020-09-30,bond,bond_monthly_return_downside_sharpe_vol,return_downside_sharpe_vol,monthly,monthly_sjm,monthly_only,-0.000646808949159261,monthly_rf,,0.0038478138851868074,0.004607774690598994,0.004025885189479746,-5.481988778971058,-5.564308195536006,-5.597057158234933,-5.505840612399362,0.20932841525489623,0.6550513027617288,0.5395351899887211,0.008790297449318779
2020-10-31,bond,bond_monthly_return_downside_sharpe_vol,return_downside_sharpe_vol,monthly,monthly_sjm,monthly_only,-0.004565243905005245,monthly_rf,,0.0021122044882048155,0.0036069866032960667,0.003543702164211476,-5.433490553674402,-5.522842175315327,-5.569714110714467,-5.49852713237078,-1.4516697002830061,0.26924614239903577,0.4677781733061325,0.007555626914956483
2020-11-30,bond,bond_monthly_return_downside_sharpe_vol,return_downside_sharpe_vol,monthly,monthly_sjm,monthly_only,0.009711796137846996,monthly_rf,,0.0036799962482616244,0.004273029149024651,0.003889890677925674,-5.7800641438595415,-5.638366705377994,-5.627476375745529,-5.527408264886952,0.2490311403008502,0.35864436638299446,0.5727736336108322,0.008069360591523389
2020-12-31,bond,bond_monthly_return_downside_sharpe_vol,return_downside_sharpe_vol,monthly,monthly_sjm,monthly_only,0.0012773009088511312,monthly_rf,,0.0031843214635207846,0.003946191357918535,0.0037432572814555896,-6.1266377340054,-5.753891235436906,-5.685238640775662,-5.556289397402914,0.3653752604517855,0.26108784102173105,0.6139575931407901,0.007940540610154435
2021-01-31,bond,bond_monthly_return_downside_sharpe_vol,return_downside_sharpe_vol,monthly,monthly_sjm,monthly_only,-0.007169672494377166,monthly_rf,,0.0010482979560426286,0.0027334363626556075,0.003130761597130564,-5.240104769643473,-5.446642703372295,-5.525188584756392,-5.492004378111893,0.18473196092071328,-0.26319475647567525,0.39617674310992096,0.006057592831265442
2021-02-28,bond,bond_monthly_return_downside_sharpe_vol,return_downside_sharpe_vol,monthly,monthly_sjm,monthly_only,-0.014438685064866674,monthly_rf,,-0.0021466584952641375,0.0008599359026631793,0.0021446643274236434,-4.521222725545807,-4.8796293314855,-5.103738107839095,-5.246691513535117,-1.0552768897107259,-0.3529495573171648,0.10800285386386899,0.007475720461269907
2021-03-31,bond,bond_monthly_return_downside_sharpe_vol,return_downside_sharpe_vol,monthly,monthly_sjm,monthly_only,-0.012488357586581067,monthly_rf,,-0.004280145578233533,-0.0005963800276523315,0.0013233759149562888,-4.4473264922666305,-4.7292959216134225,-4.952908405052823,-5.131271103663192,-3.699815839119853,-0.5613725106819436,0.05750786580768468,0.008215834546638608
2021-04-30,bond,bond_monthly_return_downside_sharpe_vol,return_downside_sharpe_vol,monthly,monthly_sjm,monthly_only,0.0079001449369418,monthly_rf,,-0.001767358051592004,0.00033060173733749664,0.0016925015966489719,-4.793900082511231,-4.844820451692882,-5.010670670091066,-5.160152236181564,-0.6278040528544577,-0.2682489221028538,-0.028248946558948464,0.009448607808847362
2021-05-31,bond,bond_monthly_return_downside_sharpe_vol,return_downside_sharpe_vol,monthly,monthly_sjm,monthly_only,0.003266641197453568,monthly_rf,,-0.0007288466543174659,0.0006509274060267063,0.0017808512636790944,-5.1404736727411775,-4.9603449817706435,-5.068432935128809,-5.189033368699791,-0.05048063567089263,-0.4352794438951705,-0.040595390452577325,0.008290700148164045
2021-06-30,bond,bond_monthly_return_downside_sharpe_vol,return_downside_sharpe_vol,monthly,monthly_sjm,monthly_only,0.007025440480570966,monthly_rf,,0.0008708587029782792,0.0013463949536906522,0.0020752074381793295,-5.487047262950404,-5.075869511846499,-5.126195200166021,-5.217914501217868,3.016864357094393,-0.29150811146652744,-0.032604868019553625,0.009093222397309832
2021-07-31,bond,bond_monthly_return_downside_sharpe_vol,return_downside_sharpe_vol,monthly,monthly_sjm,monthly_only,0.011182678744412922,monthly_rf,,0.0029981817536728636,0.002419546123993855,0.0025863705249734442,-5.833620853130326,-5.191394041920216,-5.1839574652026705,-5.2467956337357915,2.2140710548749136,0.04043116727944162,-0.07076653398052186,0.010090658900061103
2021-08-31,bond,bond_monthly_return_downside_sharpe_vol,return_downside_sharpe_vol,monthly,monthly_sjm,monthly_only,-0.001903393334341863,monthly_rf,,0.0019869893911659857,0.0019479078876877207,0.0023343794424724802,-6.00390131461087,-5.291937813190224,-5.234709876485411,-5.271805073896442,0.9955017530997641,0.31814659082307994,-0.00874378838946079,0.007849188009938229
2021-09-30,bond,bond_monthly_return_downside_sharpe_vol,return_downside_sharpe_vol,monthly,monthly_sjm,monthly_only,-0.008659484809065976,monthly_rf,,-0.00020937263646571974,0.0007906277472830888,0.0017173412550707257,-5.056591375661224,-5.122045877375837,-5.152354057803183,-5.222549157790354,0.025082629107826895,0.46990154401690715,-0.08762253679190024,0.0066723293608625805
2021-10-31,bond,bond_monthly_return_downside_sharpe_vol,return_downside_sharpe_vol,monthly,monthly_sjm,monthly_only,-0.00027602490169276184,monthly_rf,,-0.0002231229637240268,0.0006742545759808209,0.001605462209445324,-5.402226197978349,-5.237292090516336,-5.209976979759428,-5.251352427729481,-0.9953775675377683,0.2774544009841343,-0.045637022300690375,0.006388952165320751
2021-11-30,bond,bond_monthly_return_downside_sharpe_vol,return_downside_sharpe_vol,monthly,monthly_sjm,monthly_only,0.0029606534676174245,monthly_rf,,0.0004336884394459344,0.0009237036259008818,0.0016815232502579937,-5.748799788166408,-5.3528166205866174,-5.267739244795203,-5.28023356024722,-0.40673891613241425,0.26993343689270244,-0.12001585442656856,0.006378035121541964
2021-12-31,bond,bond_monthly_return_downside_sharpe_vol,return_downside_sharpe_vol,monthly,monthly_sjm,monthly_only,-0.0026580430123920415,monthly_rf,,-0.00020413413286665542,0.0005329304763665933,0.001437962111103426,-5.83130380557678,-5.428974887488102,-5.3094830628153415,-5.301075764090722,0.0038485415913502613,0.017811481553206644,-0.16208777846205683,0.006048403408591225
2022-01-31,bond,bond_monthly_return_downside_sharpe_vol,return_downside_sharpe_vol,monthly,monthly_sjm,monthly_only,-0.021544366789235325,monthly_rf,,-0.004606612905252449,-0.0018757309553073588,0.00014806310539653496,-4.175024832264385,-4.552830721121394,-4.766506930565141,-4.956583911051063,-0.6755308689056324,-0.6656242237786923,-0.2582224502602958,0.008032725329865952
2022-02-28,bond,bond_monthly_return_downside_sharpe_vol,return_downside_sharpe_vol,monthly,monthly_sjm,monthly_only,-0.011156917201874728,monthly_rf,,-0.005957937236289716,-0.002888320271986112,-0.0004864366844689842,-4.3100816447680845,-4.540497296562547,-4.728757821239262,-4.915812168757547,-1.5261188381803334,-0.8492928605414674,-0.23716697124708958,0.008111489994000224
2022-03-31,bond,bond_monthly_return_downside_sharpe_vol,return_downside_sharpe_vol,monthly,monthly_sjm,monthly_only,-0.027783507190534906,monthly_rf,,-0.010460540837947733,-0.005604417076935642,-0.002018503528398206,-3.8248604296613053,-4.14787129880565,-4.3899373772819255,-4.6359229961923205,-2.9399348745193805,-0.8910584842675927,-0.30457618228282435,0.011308312284436212
2022-04-30,bond,bond_monthly_return_downside_sharpe_vol,return_downside_sharpe_vol,monthly,monthly_sjm,monthly_only,-0.03794834294793681,monthly_rf,,-0.016131259955091633,-0.009133180849835713,-0.004035090461056191,-3.475265172193389,-3.805298083186124,-4.06574082624122,-4.341086111678683,-2.3208718553852408,-1.1509612462455794,-0.5110840660174978,0.014209937416449523
2022-05-31,bond,bond_monthly_return_downside_sharpe_vol,return_downside_sharpe_vol,monthly,monthly_sjm,monthly_only,0.006146739329332818,monthly_rf,,-0.011535320420588269,-0.00746612197157513,-0.0034636282659126,-3.82183876245998,-3.920822613273945,-4.123503091284415,-4.3699672441997635,-1.0534968091884334,-1.057653809644898,-0.48747946202992753,0.01496148628541195
2022-06-30,bond,bond_monthly_return_downside_sharpe_vol,return_downside_sharpe_vol,monthly,monthly_sjm,monthly_only,-0.01628728001678288,monthly_rf,,-0.012515647185828026,-0.008428521621793954,-0.004183364534360799,-3.9480806273357425,-3.955527037182877,-4.1228303883286355,-4.351853502084465,-0.8904031096786525,-1.3133771974291955,-0.6423462959509377,0.013777924958353378
2022-07-31,bond,bond_monthly_return_downside_sharpe_vol,return_downside_sharpe_vol,monthly,monthly_sjm,monthly_only,0.023634024817656443,monthly_rf,,-0.005057988865661867,-0.004930456705565015,-0.0026220944375778916,-4.2946542175942435,-4.071051567269806,-4.180592653371627,-4.380734634605521,0.2752740068376546,-0.5147177909284117,-0.503442428877433,0.020527521528740305
2022-08-31,bond,bond_monthly_return_downside_sharpe_vol,return_downside_sharpe_vol,monthly,monthly_sjm,monthly_only,-0.030152557801931476,monthly_rf,,-0.010234985237870035,-0.007682220266372551,-0.0041672606160936924,-3.7549546674650034,-3.8893583250633545,-4.043590678424373,-4.261379040955403,-0.33340431678960786,-0.6299017541192298,-0.6137345342705856,0.02179994029958471
2022-09-30,bond,bond_monthly_return_downside_sharpe_vol,return_downside_sharpe_vol,monthly,monthly_sjm,monthly_only,-0.045108936761375604,monthly_rf,,-0.01742946309402523,-0.011765523011775494,-0.006465140329711152,-3.3260825470351834,-3.5963977233076276,-3.804555583314298,-4.0526531649669675,-0.5829879038803089,-0.6795730287283522,-0.6904970896260715,0.02445563835956277
2022-10-31,bond,bond_monthly_return_downside_sharpe_vol,return_downside_sharpe_vol,monthly,monthly_sjm,monthly_only,-0.015253367875647603,monthly_rf,,-0.01698053579506541,-0.012146051357351573,-0.0069583856410365096,-3.5898185220824668,-3.673247305199227,-3.834385298728173,-4.0591329719278475,-2.475418598976492,-0.569398763783915,-0.7712215815938891,0.02254465095588712
2022-11-30,bond,bond_monthly_return_downside_sharpe_vol,return_downside_sharpe_vol,monthly,monthly_sjm,monthly_only,0.033875633372124084,monthly_rf,,-0.0064889348454105775,-0.007125026560024606,-0.004666548257954077,-3.9363921123474337,-3.788771835287729,-3.892147563772084,-4.08801410444948,-0.27112640243719144,-0.2921957458562131,-0.526264128335355,0.028116131601986793
2022-12-31,bond,bond_monthly_return_downside_sharpe_vol,return_downside_sharpe_vol,monthly,monthly_sjm,monthly_only,-0.007809210353691229,monthly_rf,,-0.006761306988324951,-0.00719967188894124,-0.004842932328086514,-4.2087237741045005,-3.88904631576688,-3.9410179249639,-4.110491234421594,0.16671613145497227,-0.24392676680647415,-0.5482261182098785,0.02788706841247904
2023-01-31,bond,bond_monthly_return_downside_sharpe_vol,return_downside_sharpe_vol,monthly,monthly_sjm,monthly_only,0.02726540100452485,monthly_rf,,0.0002583849730925904,-0.0034394882568774435,-0.0030408300511484115,-4.555297364356608,-4.004570845854221,-3.9987801900075017,-4.139372366943138,0.9718324981576283,-0.2168963272500631,-0.3356258836716179,0.02857205166951082
2023-02-28,bond,bond_monthly_return_downside_sharpe_vol,return_downside_sharpe_vol,monthly,monthly_sjm,monthly_only,-0.029255210819411445,monthly_rf,,-0.005830254315218877,-0.006256016680583268,-0.004512130189390969,-3.8175625427038367,-3.863914820813245,-3.920889337056153,-4.076893516474741,-0.14020450744257806,-0.21258229442718463,-0.38582444867170124,0.02844834869712876
2023-03-31,bond,bond_monthly_return_downside_sharpe_vol,return_downside_sharpe_vol,monthly,monthly_sjm,monthly_only,0.021799093896439685,monthly_rf,,-0.0001303343117515631,-0.0031951681539155383,-0.0030353946533877435,-4.164136132964965,-3.979439350900734,-3.9786516020998155,-4.105774648996345,0.2594162523898934,0.21569126387932555,-0.218099528044658,0.023662169306477437
2023-04-30,bond,bond_monthly_return_downside_sharpe_vol,return_downside_sharpe_vol,monthly,monthly_sjm,monthly_only,0.00256330680142797,monthly_rf,,0.00042536243308497845,-0.0025669111547308087,-0.0027211636861462093,-4.510709723218289,-4.094963880987508,-4.0364138671433,-4.134655781517897,-0.07746895046860623,0.36730854730912466,-0.0968379527354756,0.02197925706424509
2023-05-31,bond,bond_monthly_return_downside_sharpe_vol,return_downside_sharpe_vol,monthly,monthly_sjm,monthly_only,-0.014489642823484923,monthly_rf,,-0.0026515953062897788,-0.0038676964630606544,-0.0033816776664204948,-4.353656096276003,-4.120705872809519,-4.0545704622094325,-4.139753226897146,0.22200321643486504,0.0006207229761348107,-0.16631570052818237,0.019798876642299516
2023-06-30,bond,bond_monthly_return_downside_sharpe_vol,return_downside_sharpe_vol,monthly,monthly_sjm,monthly_only,-0.007568212892253397,monthly_rf,,-0.003665890928211398,-0.004271427549028317,-0.003616649833452668,-4.551528370123312,-4.20875089650799,-4.100806216922716,-4.161965543846945,-0.9279363624331551,0.0026515348260542455,-0.13821192369500324,0.019783206574938723
2023-07-31,bond,bond_monthly_return_downside_sharpe_vol,return_downside_sharpe_vol,monthly,monthly_sjm,monthly_only,-0.00519324918722502,monthly_rf,,-0.0039809841336797495,-0.004371999471401549,-0.003705137555808739,-4.789634929218232,-4.308659604777105,-4.152582127411822,-4.1875528409689355,-2.303388989089865,-0.3434801657820629,-0.2509491235632852,0.015597171843124433
2023-08-31,bond,bond_monthly_return_downside_sharpe_vol,return_downside_sharpe_vol,monthly,monthly_sjm,monthly_only,-0.010887101404205398,monthly_rf,,-0.005405712494081315,-0.005082805443716802,-0.004108230213095231,-4.636969284452421,-4.345569898540135,-4.181818736820427,-4.201376625243043,-3.375769017155682,-0.1914560247184523,-0.1903997459312176,0.011992140778724935
2023-09-30,bond,bond_monthly_return_downside_sharpe_vol,return_downside_sharpe_vol,monthly,monthly_sjm,monthly_only,-0.029714098613251277,monthly_rf,,-0.010420519764641489,-0.007770111102374119,-0.005545377176436094,-3.812205387017685,-4.030607081477288,-4.049107786748145,-4.125077914931117,-1.4568065265023826,-1.0956790515114332,-0.14569804322042015,0.00993128386491694
2023-10-31,bond,bond_monthly_return_downside_sharpe_vol,return_downside_sharpe_vol,monthly,monthly_sjm,monthly_only,-0.020480476477505245,monthly_rf,,-0.012495883543128007,-0.009156828257705573,-0.006383619889875758,-3.84879873499474,-3.997744526028557,-4.028828116208262,-4.108361495548659,-2.648852853092139,-1.7709309893485081,-0.1649901750166103,0.00831321509407467
2023-11-30,bond,bond_monthly_return_downside_sharpe_vol,return_downside_sharpe_vol,monthly,monthly_sjm,monthly_only,0.04088432593068543,monthly_rf,,-0.001483574405821723,-0.0036972741900151837,-0.0037306739425722896,-4.195372325255271,-4.11326905611521,-4.086590381251583,-4.137242628070207,-0.09905060545871677,-0.2458393934842425,-0.12872626128346712,0.022344406901296993
2023-12-31,bond,bond_monthly_return_downside_sharpe_vol,return_downside_sharpe_vol,monthly,monthly_sjm,monthly_only,0.033979970609281124,monthly_rf,,0.005832536277533194,0.00041336151452827903,-0.0016141380978831675,-4.541945915507749,-4.228793586201046,-4.144352646294705,-4.166123760591702,0.6605092512344632,0.05371454649284436,0.031601788702420065,0.026651287277775534
2024-01-31,bond,bond_monthly_return_downside_sharpe_vol,return_downside_sharpe_vol,monthly,monthly_sjm,monthly_only,-0.007447456059204456,monthly_rf,,0.0030928808435290315,-0.00044426375923091053,-0.001941537077808547,-4.689546086258011,-4.311465865714728,-4.188782056794319,-4.188198403986362,1.0528917563692477,0.03946006095998983,-0.09716941542132149,0.02675770484316165
2024-02-29,bond,bond_monthly_return_downside_sharpe_vol,return_downside_sharpe_vol,monthly,monthly_sjm,monthly_only,-0.01832762168028725,monthly_rf,,-0.0013261575602905294,-0.0023953610323732746,-0.002861217338578583,-4.233756984977255,-4.229206439460343,-4.164265079689334,-4.17548253189145,0.12136175450640689,-0.006712302683863733,-0.05848063890502369,0.02744602814417752
2024-03-31,bond,bond_monthly_return_downside_sharpe_vol,return_downside_sharpe_vol,monthly,monthly_sjm,monthly_only,0.004935039518253663,monthly_rf,,-3.447589627697165e-05,-0.0015956049357551132,-0.0024236470639788133,-4.580330575228657,-4.344730969545259,-4.22202734473217,-4.204363664412874,-0.7309569643143117,0.2323451382540589,-0.13118867741955112,0.02406174860661428
2024-04-30,bond,bond_monthly_return_downside_sharpe_vol,return_downside_sharpe_vol,monthly,monthly_sjm,monthly_only,-0.02996069465744929,monthly_rf,,-0.0062082390859915845,-0.004690272584456235,-0.003969182786879261,-3.7990847901517575,-4.025468172708218,-4.073446308008554,-4.125910863822377,-0.9961160167690557,0.15450099983047866,-0.24993086788272,0.025958368863583648
2024-05-31,bond,bond_monthly_return_downside_sharpe_vol,return_downside_sharpe_vol,monthly,monthly_sjm,monthly_only,0.012553286402938249,monthly_rf,,-0.0023377462458894554,-0.0028089781951088234,-0.0030418478474052114,-4.145658380413231,-4.140992702794684,-4.1312085730517225,-4.154791996343894,-0.2246202471503705,-0.034019926169199084,-0.1425035358799654,0.02090674665703959
2024-06-30,bond,bond_monthly_return_downside_sharpe_vol,return_downside_sharpe_vol,monthly,monthly_sjm,monthly_only,0.0053710062121150514,monthly_rf,,-0.0007474346684843479,-0.0019165314106886616,-0.0025696706310060317,-4.492231970667042,-4.256517232880309,-4.188970838094683,-4.183673128865357,-0.21592424112644576,-0.36947002432098724,-0.09266350173529746,0.014830449967642876
2024-07-31,bond,bond_monthly_return_downside_sharpe_vol,return_downside_sharpe_vol,monthly,monthly_sjm,monthly_only,0.01885754182136651,monthly_rf,,0.0032970616694659735,0.00034994660837502295,-0.0013670536048012475,-4.838805560910017,-4.372041762964992,-4.246733103137423,-4.2125542613867655,2.2252600721647617,-0.06336160975507274,-0.0008731331755420418,0.017285551950897638
2024-08-31,bond,bond_monthly_return_downside_sharpe_vol,return_downside_sharpe_vol,monthly,monthly_sjm,monthly_only,0.009566547248915397,monthly_rf,,0.0045904532468566605,0.001355489552646548,-0.0007533977420223784,-5.185379151137667,-4.487566293048617,-4.30449536817993,-4.241435393908118,1.9990037422429223,0.22629166769517273,0.07508705529710823,0.01570445696768115
2024-09-30,bond,bond_monthly_return_downside_sharpe_vol,return_downside_sharpe_vol,monthly,monthly_sjm,monthly_only,0.00939119430245983,monthly_rf,,0.005580843601514131,0.0022321952414969416,-0.00018402554096199058,-5.531952741343644,-4.603090823131053,-4.36225763322219,-4.270316526429412,2.8507171796896427,0.27095424619000436,0.24248781842660005,0.015856847721959933
2024-10-31,bond,bond_monthly_return_downside_sharpe_vol,return_downside_sharpe_vol,monthly,monthly_sjm,monthly_only,-0.02869884153983092,monthly_rf,,-0.0014910374125760217,-0.0011424205205942425,-0.0017844391876535508,-3.8880499672186293,-4.147797588481313,-4.1786537151698155,-4.187352489876448,-0.18041791791139522,0.2925921451014177,0.19951775827335202,0.015402973558316007
2024-11-30,bond,bond_monthly_return_downside_sharpe_vol,return_downside_sharpe_vol,monthly,monthly_sjm,monthly_only,0.006571390946202852,monthly_rf,,0.0001722373171309374,-0.0003008338015429298,-0.0013154624782758433,-4.234623557478382,-4.263322118566886,-4.2364159802125965,-4.216233622397849,-0.24498276041104583,0.23337746860168818,0.07632690389332245,0.015039183171084224
2024-12-31,bond,bond_monthly_return_downside_sharpe_vol,return_downside_sharpe_vol,monthly,monthly_sjm,monthly_only,-0.020065229504145098,monthly_rf,,-0.004002741443512541,-0.002457154707878396,-0.002367806039660874,-4.04560644038079,-4.166799030629462,-4.188307961637325,-4.192944207349303,-0.9369125521662821,-0.042103433537999696,-0.1904412752578054,0.01732794832844233
2025-01-31,bond,bond_monthly_return_downside_sharpe_vol,return_downside_sharpe_vol,monthly,monthly_sjm,monthly_only,0.001603718998825868,monthly_rf,,-0.002846131603167176,-0.0020141081810067687,-0.002144901467173942,-4.392180030637092,-4.282323560714886,-4.246070226680068,-4.221825339870693,-0.3427058859151569,-0.23826277664877746,-0.14425141410153952,0.015131206428458747
2025-02-28,bond,bond_monthly_return_downside_sharpe_vol,return_downside_sharpe_vol,monthly,monthly_sjm,monthly_only,0.018702690126508683,monthly_rf,,0.0015993789853273538,0.00024612107037121685,-0.0009748160600471566,-4.738753620883589,-4.397848090799343,-4.303832491722578,-4.250706472392027,0.005067794483395437,-0.12430767020702636,0.04463850749164796,0.0167528904269318
2025-03-31,bond,bond_monthly_return_downside_sharpe_vol,return_downside_sharpe_vol,monthly,monthly_sjm,monthly_only,-0.0030220643290976147,monthly_rf,,0.0006459776603671844,-0.00011044214606586002,-0.0010897192762588269,-5.028975949259926,-4.505593004942873,-4.358543249483565,-4.278252971797201,0.6166150802053346,-0.26018176644111096,0.004408012623388619,0.015955726926783466
2025-04-30,bond,bond_monthly_return_downside_sharpe_vol,return_downside_sharpe_vol,monthly,monthly_sjm,monthly_only,0.0004290460507310775,monthly_rf,,0.000601224783401833,-5.158329224715723e-05,-0.001004477528406306,-5.375549539476617,-4.621117535025112,-4.416305514525581,-4.307134104318419,0.5633299294454689,0.0607330910446535,0.1893449515438412,0.011579498139816931
2025-05-31,bond,bond_monthly_return_downside_sharpe_vol,return_downside_sharpe_vol,monthly,monthly_sjm,monthly_only,-0.010958826784726124,monthly_rf,,-0.0017836077746996467,-0.0012415775388320554,-0.0015631722222237288,-4.778116344719401,-4.596966696792199,-4.4260467245174375,-4.316719219559538,-0.9474590809902322,-0.18585604275272938,0.04653383364963942,0.011936357878246947
2025-06-30,bond,bond_monthly_return_downside_sharpe_vol,return_downside_sharpe_vol,monthly,monthly_sjm,monthly_only,0.011975148266728589,monthly_rf,,0.0010548163597600873,0.00020038418854226802,-0.000803324679645769,-5.1246899349501325,-4.712491226873377,-4.483808989559129,-4.345600352080672,0.051457642357553,0.3211989197181857,0.08434800522785034,0.009718646388701234
2025-07-31,bond,bond_monthly_return_downside_sharpe_vol,return_downside_sharpe_vol,monthly,monthly_sjm,monthly_only,-0.006039368308257062,monthly_rf,,-0.0004087102058235141,-0.0004803808073455574,-0.0010972012271302173,-5.117014878969251,-4.772468189782675,-4.524350927290933,-4.368070073392033,-0.16983995857820058,0.17910619867809846,-0.06640065518333697,0.010316621370112885
2025-08-31,bond,bond_monthly_return_downside_sharpe_vol,return_downside_sharpe_vol,monthly,monthly_sjm,monthly_only,0.008163629158318723,monthly_rf,,0.0013597588960848257,0.00046269176031609756,-0.0005774307566086385,-5.4635884691801175,-4.887992719861522,-4.582113192332111,-4.396951205913052,0.6063066889171717,0.011530053279938168,-0.07573221166706079,0.007915026356688821
2025-09-30,bond,bond_monthly_return_downside_sharpe_vol,return_downside_sharpe_vol,monthly,monthly_sjm,monthly_only,0.007608442185691536,monthly_rf,,0.0026488589720226347,0.0012423022915737738,-0.0001179930114217135,-5.81016205936236,-5.003517249938597,-4.639875457372963,-4.425832338434004,0.49391470638484747,0.22707656922574215,-0.0877574880658644,0.00820433287124097
2025-10-31,bond,bond_monthly_return_downside_sharpe_vol,return_downside_sharpe_vol,monthly,monthly_sjm,monthly_only,0.002545453645477017,monthly_rf,,0.0026275265075458316,0.0013844777747417701,3.149476283237334e-05,-6.156735649504121,-5.119041780013682,-4.697637722413468,-4.454713470954886,2.4155180210222484,0.27085508379944623,0.1451719844877996,0.008180560354217199
2025-11-30,bond,bond_monthly_return_downside_sharpe_vol,return_downside_sharpe_vol,monthly,monthly_sjm,monthly_only,0.0032152451022328136,monthly_rf,,0.00274877254449912,0.0015842168369578284,0.00021018493888111454,-6.503309239588632,-5.234566310086534,-4.7553999874536075,-4.483594603475696,1.9845340531934468,0.8020741653361654,0.11853118163511708,0.005707815900429973
2025-12-31,bond,bond_monthly_return_downside_sharpe_vol,return_downside_sharpe_vol,monthly,monthly_sjm,monthly_only,-0.0048793842700641105,monthly_rf,,0.0011750878059439208,0.0008790296707522128,-7.547063112502557e-05,-5.624246867145113,-5.251526644704048,-4.793852513083664,-4.506955612683753,0.08008645640981622,0.3204416591056898,0.3082723775153662,0.005520514790481465
2026-01-31,bond,bond_monthly_return_downside_sharpe_vol,return_downside_sharpe_vol,monthly,monthly_sjm,monthly_only,-0.0019313919577664792,monthly_rf,,0.0005342226646494274,0.0005724090685147083,-0.00017963549119148032,-5.844915464778038,-5.34969669394226,-4.848294633287526,-4.534926297950183,-0.35829847619979865,0.5216116355431671,0.2680619289073113,0.004704008646020542
2026-02-28,bond,bond_monthly_return_downside_sharpe_vol,return_downside_sharpe_vol,monthly,monthly_sjm,monthly_only,0.013373502994011969,monthly_rf,,0.0031829594433396132,0.001969024824992376,0.0005810437216107543,-6.191489054914911,-5.465221224009801,-4.9060568983266055,-4.563807430470783,0.273423603726669,0.5551020173332808,0.23703045881991233,0.005984445823731994
2026-03-31,bond,bond_monthly_return_downside_sharpe_vol,return_downside_sharpe_vol,monthly,monthly_sjm,monthly_only,-0.02062027901215979,monthly_rf,,-0.001727636129904962,-0.000495497179958278,-0.0006088950888793539,-4.2231516583974145,-4.595618353350891,-4.629784507198894,-4.488060566859385,-0.2200871986124922,-0.1342122549932385,0.025398412881114635,0.010303149412947021
2026-04-30,bond,bond_monthly_return_downside_sharpe_vol,return_downside_sharpe_vol,monthly,monthly_sjm,monthly_only,0.001120221488659423,raw_return_rf_missing_zero,,-0.0011401246011229552,-0.00031922020208750244,-0.0005118472325115123,-4.569725248649118,-4.711142883432085,-4.687546772239462,-4.5169416993801095,-0.14527982380119547,-0.15845392966191219,0.03148098098464677,0.010225985638095902
