month_end,ff_mktrf,ff_smb,ff_hml,ff_rmw,ff_cma,ff_mom,ff_rf,smlo_vwret,smme_vwret,smhi_vwret,bilo_vwret,bime_vwret,bihi_vwret,crsp_ind12_buseq,crsp_ind12_chems,crsp_ind12_durbl,crsp_ind12_enrgy,crsp_ind12_hlth,crsp_ind12_manuf,crsp_ind12_money,crsp_ind12_nodur,crsp_ind12_other,crsp_ind12_shops,crsp_ind12_telcm,crsp_ind12_utils,crsp_tsy_10_20y,crsp_tsy_1_3y,crsp_tsy_20y_plus,crsp_tsy_7_10y,crsp_tsy_3_7y
1926-01-31,,,,,,,,,,,,,,,,,,,,,,,,,,0.0066641472,0.0051199491,0.0100588434,,
1926-02-28,,,,,,,,,,,,,,-0.019797672,-0.006479438,-0.022817674,-0.039374712,-0.040137275,-0.033066449,-0.062379964,-0.053685845,-0.032308188,-0.064549405,0.0225214207,-0.040053957,0.0028078419,0.0034385591,0.0068132611,,
1926-03-31,,,,,,,,,,,,,,-0.077452943,-0.077872469,-0.110120983,-0.0316112,-0.050072404,-0.062514086,-0.092488643,-0.074310032,-0.036847487,-0.164470905,-0.01773372,-0.098046847,0.004174986,0.004384878,0.0015699554,,
1926-04-30,,,,,,,,,,,,,,0.0453835775,0.0447489057,0.0312519015,0.0470909233,0.0460104071,0.0394640028,0.0295668073,0.0355324195,0.0401398809,-0.000463888,0.0230051053,0.0386811304,0.0081188764,0.0050181283,0.0053390614,,
1926-05-31,,,,,,,,,,,,,,0.0051247317,0.0031041145,-0.031993595,0.0304071058,0.0205014329,0.0000547834,0.027886547,0.0175885526,0.0228618721,0.0011262148,0.0224355948,0.0144476208,0.0030351081,0.0021059345,0.0022120266,,
1926-06-30,,,,,,,,,,,,,,0.0737728768,0.0734377257,0.1291105608,0.0241128153,0.0576089606,0.0732911298,0.0322152391,0.0464991964,0.0416988864,0.1036810334,-0.00286562,0.0448637525,0.002324182,0.0057092098,0.0054063442,,
1926-07-31,,,,,,,,0.0109,0.0088,-0.0013,0.0557,0.0191,0.0201,0.0320927005,0.0800620419,0.1559447973,-0.010596703,0.0206029043,0.0372879274,-0.000172154,0.0147411705,0.0217978683,0.0008930574,0.0083007804,0.0704091207,0.0012521415,0.0021903972,0.0007816896,,
1926-08-31,,,,,,,,0.0078,0.0147,0.0544,0.0273,0.027,0.0568,0.0203349152,0.0515940123,0.0368318419,0.0331749538,0.042451675,0.0242404606,0.0447085956,0.0396707029,0.0431644942,-0.007140597,0.0217463583,-0.017017923,0.0010316702,0.0021050724,0.0012596083,-0.003266399,
1926-09-30,,,,,,,,-0.028,-0.0006,-0.0044,0.0148,0.001,-0.0079,-0.003740804,0.0529696794,0.0545472038,-0.033854986,0.0068779815,-0.000850813,-0.017772712,0.0113865282,0.0035907886,0.0021083092,0.0240887832,0.019161513,0.0005895296,0.0024603082,0.0004107318,0.0103120613,
1926-10-31,,,,,,,,-0.0403,-0.0436,-0.0201,-0.0363,-0.0235,-0.04,-0.053121331,-0.045664186,-0.082146155,-0.007775503,-0.005696219,-0.031697653,-0.056192377,-0.014709818,-0.027431531,-0.02292083,-0.001110937,-0.028476667,0.0075880859,0.0040191234,0.0064411477,-0.004542297,
1926-11-30,,,,,,,,0.033,0.0362,0.0209,0.0321,0.0293,0.032,0.0471576963,0.0512815588,-0.003344354,0.0001100118,0.0541998263,0.0397810146,0.0264358593,0.0522050057,0.021072806,0.0642250922,0.0162514162,0.0374229939,0.0072123243,0.003721142,0.0081201054,0.0028988619,
1926-12-31,,,,,,,,0.0256,0.0178,0.0327,0.029,0.0262,0.0231,-0.01630378,0.051225195,0.0995431741,0.0279144252,0.0011184675,0.0370699067,0.0254101062,0.008063696,0.0367956503,0.0061706184,0.0199177258,-0.001171035,0.0077479911,0.007548549,0.0080957813,0.0004303389,
1927-01-31,,,,,,,,-0.0081,-0.0029,0.0399,-0.0026,0.0003,0.0409,-0.007242859,0.0034532239,-0.008634068,0.012482476,0.0491344855,-0.003473773,-0.020515476,-0.006001314,0.0167568791,-0.025249397,0.0188124143,-0.018612054,0.0038004653,0.0009564428,0.0055477398,0.002285192,
1927-02-28,,,,,,,,0.0398,0.0638,0.0644,0.0502,0.0359,0.0799,0.0484131195,0.0951036444,0.0904071727,0.012121974,0.0164629594,0.0457085834,0.0366216764,0.0341565094,0.0514521067,0.0350980499,0.0391932302,0.0415027622,0.00357195,0.0041056703,0.0058336969,-0.000299879,
1927-03-31,,,,,,,,-0.0223,-0.0101,-0.0311,0.0129,0.0026,-0.0259,0.0037334417,0.0606882834,0.0174400513,-0.058766605,0.0087922249,0.0033600601,-0.014013885,0.0231742232,0.0120302712,-0.004546888,0.0550141151,0.0041412557,0.0040550757,0.0003170862,0.0086105601,0.002968517,
1927-04-30,,,,,,,,-0.0138,0.0087,0.0348,0.0308,-0.0077,-0.0049,0.0528741039,0.0285944,0.0318842969,-0.047332768,0.0324943901,0.0012962669,0.0187448028,0.0339411172,0.008570678,0.0430806321,-0.02221012,0.0183140895,0.001994283,0.000798588,0.0017256099,-0.002042631,0.0020695083
1927-05-31,,,,,,,,0.0546,0.0331,0.1346,0.0541,0.0514,0.0701,0.0724655329,0.0430423942,0.0589836116,0.0461039603,0.0400986288,0.0537274142,0.0849538418,0.0807095383,0.0619861725,0.0238233093,0.0350214317,0.0857167889,0.0058150342,0.0066182979,0.0067186426,0.0004328514,0.0043403777
1927-06-30,,,,,,,,-0.0172,0.0132,-0.0409,-0.0097,-0.03,-0.0203,0.0225657989,-0.018850974,-0.029619475,-0.026738399,0.0044525215,-0.025470109,-0.011444749,-0.017652196,-0.021494095,-0.006029822,-0.018381276,-0.038612484,0.0000503008,0.0009459162,-0.004212473,0.0041134445,0.0020563092
1927-07-31,,,,,,,,0.0426,0.0526,0.0402,0.0927,0.0681,0.0726,0.1376305169,0.1709572264,0.1313942435,0.028531548,0.0983648546,0.1002972146,0.0661542364,0.0486781166,0.0608146861,0.0987650555,0.0373460424,0.054506674,0.0043309232,0.0055370322,0.0039221788,0.0016170763,0.0035995667
1927-08-31,,,,,,,,0.0249,-0.023,0.0073,0.0401,0.0115,-0.0194,0.067339154,0.0210892614,0.0697849945,-0.000364371,0.0028421407,0.0316349365,0.0203545492,0.0276921522,-0.011863894,0.0732405994,0.0042537108,0.0343654778,0.0057762019,0.0043615522,0.0056358624,0.0004843397,0.0039285619
1927-09-30,,,,,,,,0.022,0.0224,0.0037,0.0525,0.0442,0.0593,0.008612626,0.0578555244,0.0569934186,0.0332144194,0.0564960232,0.042562965,0.0596077226,0.0525754852,0.0456068172,0.0752665948,0.0653020426,0.083197922,0.0018988496,,0.0016546057,0.0016217093,0.0008234237
1927-10-31,,,,,,,,-0.0021,-0.0217,-0.0609,-0.0357,-0.0436,-0.0663,-0.071698613,-0.069206619,-0.044298578,-0.020919829,0.0540485095,-0.067188216,0.0408862232,-0.00715583,-0.042584789,-0.0489925,-0.020906059,-0.043532429,0.0048803796,,0.0089620477,0.0029143505,0.0043841211
1927-11-30,,,,,,,,0.1028,0.0795,0.1046,0.0697,0.0675,0.0664,0.1113445715,0.0894679548,0.0634657194,0.0425157583,0.0399803094,0.1108131269,0.0560896838,0.0677516699,0.0428345531,0.116234603,0.0282586553,0.0633749665,0.0046082965,,0.0080138706,0.0016143787,0.0028701268
1927-12-31,,,,,,,,0.0567,0.0266,0.0245,0.025,0.0187,0.0347,0.0210832199,-0.000379487,0.0776137227,0.0090883307,-0.004980759,0.0379188915,0.052671387,0.0242013001,0.0136563089,-0.006841323,0.0133306238,0.0224376437,0.0024818874,,0.0060357952,0.0016737757,0.0023872066
1928-01-31,,,,,,,,0.0314,0.0268,0.036,-0.0044,-0.004,-0.0232,-0.002415772,-0.004360773,-0.033357006,-0.018644092,0.0255231163,-0.005447408,0.0166758685,0.0065417358,-0.011786016,-0.007872356,0.0029988709,0.0587354525,0.0015558157,,-0.001990593,0.0041504959,0.001663005
1928-02-29,,,,,,,,-0.0488,-0.0177,-0.0413,-0.0068,-0.0122,-0.027,-0.009772651,0.0096226159,0.0135029647,-0.002480321,-0.034423663,-0.02548999,-0.027068951,-0.039659935,-0.019542206,-0.010847173,-0.002940282,-0.007469317,0.0027777447,,0.0052525457,0.0015901134,0.0035273159
1928-03-31,,,,,,,,0.0697,0.0863,0.0944,0.1236,0.0614,0.0768,0.2131642137,0.1260108291,0.2737347107,0.0557711415,0.1101562967,0.0627799551,0.1028033903,0.0466914452,0.058239099,0.0829369143,0.0196126468,0.0661947602,0.0006964478,,0.0036817835,0.0004679844,0.0024641047
1928-04-30,,,,,,,,0.0503,0.1078,0.0998,0.0294,0.0594,0.045,0.0240923333,0.0012778477,0.0145202241,0.1534310636,0.0177793127,0.0250731535,0.1102624162,-0.002289545,0.0406313065,0.0010395277,0.0313312275,0.1081926457,-0.000776725,,-0.000950231,0.0016509369,-0.000267423
1928-05-31,,,,,,,,0.067,0.0197,0.0261,0.0257,-0.0004,0.0065,0.0249127463,0.0266409188,0.0576228361,-0.051665363,0.1049781884,0.0367010467,0.0667935295,0.0100164447,-0.001359377,0.0484702759,0.0663220561,0.0147864489,-0.005393537,,-0.006898316,0.0029034874,-0.000172475
1928-06-30,,,,,,,,-0.0917,-0.0852,-0.068,-0.0364,-0.0413,-0.0545,-0.055938402,-0.027473617,-0.04206567,-0.041302184,-0.03791902,-0.058261933,-0.119250251,-0.044318975,-0.039018971,-0.035703722,-0.052216136,-0.034612648,0.0029135965,,0.0042170169,0.0016156829,-0.00011145
1928-07-31,,,,,,,,-0.0041,-0.0038,-0.0097,0.0136,0.0012,0.0083,-0.000331296,0.020092292,0.0077948772,0.0104597472,0.0239343777,0.0212840852,-0.006338704,0.0163487505,-0.005530387,0.0539236342,-0.012762764,-0.012857538,-0.005981795,,-0.017794395,0.002903538,-0.009098598
1928-08-31,,,,,,,,0.0613,0.0501,0.0377,0.0876,0.054,0.0686,0.1117438856,0.0891497117,0.0939941547,0.024078229,0.145743512,0.0813427904,0.0244303243,0.0609483899,0.0461626767,0.1351142166,0.0455303323,0.0644797262,0.0039884796,,0.0046752822,-0.002037315,0.0048014878
1928-09-30,,,,,,,,0.0574,0.0447,0.0618,0.0301,0.0195,0.0424,0.0141696457,0.0460328397,0.0805790529,0.053369996,-0.011406687,0.0370541049,0.028868565,0.0111761364,0.0103828254,0.0014404276,0.0014647823,0.0392042859,0.0012553386,,-0.00365673,0.0015657056,0.0009900037
1928-10-31,,,,,,,,0.0684,0.0314,0.0167,0.0131,0.014,0.0221,0.0227609687,0.050528205,0.001514583,0.0204019743,0.0005273021,0.0394531378,0.0282320314,0.0088561691,-0.005527416,0.0596918449,0.0296554626,-0.01809202,0.0086319691,,0.013437916,0.0026972472,0.0052137062
1928-11-30,,,,,,,,0.0867,0.1115,0.1219,0.1117,0.1334,0.1295,0.2130173769,0.129503325,0.0450516768,0.1725815354,0.0505374764,0.1274616452,0.1084013356,0.0665990559,0.0951971717,0.1474239126,0.0667691825,0.2257319633,0.0038819889,,0.0019647925,0.0006685973,0.0021408211
1928-12-31,,,,,,,,0.0067,-0.0071,-0.0058,0.0097,0.0002,0.012,0.0751016046,0.0199866049,-0.011313035,-0.043536408,-0.004773641,0.0325690713,0.005833676,-0.002803728,0.0029197349,-0.012441245,-0.003795496,0.0151950789,0.0017769377,,-0.000045781,-0.000850292,-0.00139945
1929-01-31,,,,,,,,0.0025,0.019,0.0178,0.0653,0.0487,0.0257,0.1142288266,0.2132433405,0.0088734286,-0.074147648,0.0352059053,0.0685827558,0.0880434118,0.0340031222,0.0504793206,-0.03387975,0.1336409766,0.1284418683,-0.003893872,,-0.007478284,0.0018752916,-0.003312509
1929-02-28,,,,,,,,0.0074,0.0113,0.004,-0.0057,0.0075,0.0309,-0.014972695,-0.00844105,-0.002075999,-0.001369556,0.0041094265,0.0495348683,0.006084368,-0.031824322,0.0053352162,-0.020458202,-0.011492401,-0.020828988,-0.003814446,,-0.010972455,0.0010723988,0.0024509068
1929-03-31,,,,,,,,-0.0622,-0.0337,-0.0434,-0.0139,0.0232,-0.0012,0.0483383608,-0.037439431,-0.019697726,0.1090129012,-0.008975503,-0.010883283,-0.0053927,-0.047556937,-0.026245749,-0.051873473,0.0428955025,-0.032162342,-0.006100188,0.0020941758,-0.00587292,-0.007215656,0.0027447563
1929-04-30,,,,,,,,-0.0065,0.0279,0.0073,0.0233,0.0109,0.0281,0.0166403953,0.0348566894,-0.010188215,0.0090991398,0.013345466,0.0181435266,0.0092625047,0.0240361327,0.005779688,0.0319530939,0.0336593617,0.0486055004,0.0128716065,0.0053349598,0.0217154214,0.0128659419,0.004847692
1929-05-31,,,,,,,,-0.1023,-0.0944,-0.1289,-0.0585,-0.0416,-0.0622,-0.004444904,-0.077032039,-0.150405816,-0.056710457,-0.080203338,-0.111827838,-0.040399687,-0.043963551,-0.001064182,-0.08339383,-0.087525538,0.0464415538,-0.012332439,-0.002907848,-0.009799109,-0.004627725,-0.003973183
1929-06-30,,,,,,,,0.069,0.0954,0.0646,0.1247,0.0939,0.0744,0.1811843151,0.1943353019,0.0697559255,0.0116885113,0.0511099931,0.1074463263,0.0666321942,0.058825329,0.0584479101,0.0845924726,0.1368207917,0.2335684425,0.0063429972,0.0099169161,0.0082584153,0.0075767096,0.0102235342
1929-07-31,,,,,,,,-0.0006,-0.0051,0.0387,0.0365,0.0619,0.0506,0.094172087,0.0483326215,-0.029521679,0.0016383885,0.0259278053,0.0399562537,0.08493711,0.032352585,0.062568531,0.0103642517,0.1367918498,0.077686165,0.0067387115,0.0081991053,-0.002305799,0.0001739837,0.0061816543
1929-08-31,,,,,,,,-0.0112,-0.007,-0.0048,0.0722,0.1251,0.0722,0.1235866063,0.1091985288,0.0299997007,0.1140907249,0.0309259051,0.0903941228,0.0555303562,0.0479850182,0.0805593253,0.0809825286,0.1098291848,0.1099677291,0.0075347424,0.0028848135,0.0018030139,0.0020852464,0.0049593294
1929-09-30,,,,,,,,-0.0393,-0.0427,-0.0361,-0.0448,-0.0498,-0.0638,-0.084144026,-0.060574692,-0.083705322,-0.030508854,-0.069982024,-0.070008175,-0.058845067,-0.034981775,-0.065141357,-0.056083785,-0.013651234,0.0224161965,-0.00061866,0.002289366,0.000773722,-0.000741393,0.0026023847
1929-10-31,,,,,,,,-0.23,-0.1965,-0.2122,-0.2387,-0.1458,-0.1057,-0.29698985,-0.23895007,-0.289842964,-0.10240001,-0.1801644,-0.173728554,-0.303787181,-0.108116015,-0.102316027,-0.242672791,-0.153876224,-0.30915896,0.0099433684,0.0117562327,0.0303611793,0.0110280282,0.0112301098
1929-11-30,,,,,,,,-0.1461,-0.0958,-0.1097,-0.1425,-0.1046,-0.0779,-0.200780029,-0.167099414,-0.172409357,-0.064953239,-0.079047486,-0.137070618,-0.165392585,-0.084245006,-0.09445958,-0.128828485,-0.094689615,-0.154603514,0.0178835094,0.0131227303,0.0204555673,0.0223035776,0.0121769705
1929-12-31,,,,,,,,-0.0274,-0.0317,-0.0118,0.0324,0.0056,0.0141,0.1174135003,0.0445680413,0.0469918305,-0.012085207,0.0111171252,-0.000798827,-0.000167568,0.0075339786,-0.004134124,-0.060184172,0.0101194581,0.0773132519,0.0049890421,0.0060766535,-0.006118295,0.0065024024,0.0017959011
1930-01-31,,,,,,,,0.0603,0.0952,0.0847,0.0736,0.0335,0.0285,0.0971791129,0.1020811565,0.0612125267,-0.007801171,0.0207642119,0.0632414602,0.1032083479,0.0593568008,0.0444753092,0.0493468643,0.0119352632,0.0751934653,-0.000707899,-0.002775151,-0.005286496,-0.000125349,0.0064852895
1930-02-28,,,,,,,,0.0176,0.0107,0.0457,0.0347,0.0188,0.0121,0.0701904465,0.0157899715,0.0243798837,-0.045624902,0.0207049554,0.0270241499,0.0663742835,0.01951697,0.0331687615,-0.05306625,0.0706237999,0.0777464844,0.0077062703,0.0081574767,0.011172184,0.0062242688,-0.003305039
1930-03-31,,,,,,,,0.0868,0.1133,0.1069,0.0676,0.0842,0.0535,0.0819060889,0.0900237641,0.1148291253,0.1818752221,0.0696454602,0.0618452204,0.0774855188,0.0163284091,0.0457056862,-0.028290928,0.0880373895,0.092772401,0.010451283,0.0065034399,0.0072743528,0.0092676918,0.0004777114
1930-04-30,,,,,,,,-0.071,-0.0125,-0.0348,-0.0234,-0.0176,-0.0668,0.0203039404,-0.032329235,-0.079055799,0.0649574321,-0.010609453,-0.074236296,-0.027096181,0.0067480109,-0.061396742,0.0276986007,-0.044893244,0.025172258,0.0003737806,0.0031629327,-0.001537919,0.0016934875,-0.000791258
1930-05-31,,,,,,,,-0.0361,-0.0269,-0.0299,0.007,-0.0228,-0.014,-0.048187308,-0.019835398,0.0395694029,-0.036987967,-0.018237299,-0.021629769,-0.058299531,0.0161916995,-0.007074051,-0.00424137,0.0034597433,-0.017424111,0.0075872317,0.0067835225,0.010510532,0.0089530123,0.0027490385
1930-06-30,,,,,,,,-0.1798,-0.1645,-0.1904,-0.177,-0.1316,-0.1184,-0.217061912,-0.168823994,-0.225775299,-0.154035927,-0.132312487,-0.161195802,-0.229603132,-0.11182461,-0.114774529,-0.167075853,-0.083207905,-0.201193707,0.0089171941,0.0073258501,0.0042964395,0.0087524769,0.000476493
1930-07-31,,,,,,,,0.0652,0.0364,0.0257,0.0471,0.0355,0.0527,0.0414010522,0.0567955948,0.1205079211,0.051903905,0.0652253807,0.0414194164,0.0422392095,0.0313908848,0.0321218699,0.0255702287,0.0127470472,0.0405637118,0.00229178,0.003425336,0.0024316121,0.0052537742,0.0004233476
1930-08-31,,,,,,,,-0.0378,-0.0163,-0.0232,0.0102,-0.0067,-0.0162,0.0173789965,0.0389075407,-0.018963578,-0.029727354,0.0770806317,-0.013503665,0.0123077017,0.0196838393,-0.00632893,0.0495205588,0.0173516101,0.0117963348,0.002679358,0.0013594135,0.0010517181,0.0023086334,0.0027505951
1930-09-30,,,,,,,,-0.1379,-0.1474,-0.195,-0.1269,-0.1097,-0.1716,-0.191093691,-0.131105053,-0.167177039,-0.15650248,-0.086984716,-0.14354603,-0.161048521,-0.092881709,-0.093812558,-0.109285834,-0.052355413,-0.119240146,0.0067912979,0.0037149712,0.0089743564,0.0083370151,0.0041346409
1930-10-31,,,,,,,,-0.1048,-0.0771,-0.1041,-0.0923,-0.073,-0.1149,-0.180697541,-0.105670299,-0.116372237,-0.079575111,-0.043701723,-0.096563174,-0.131090804,-0.048115572,-0.074361994,-0.086478485,-0.040969462,-0.082808346,0.0039228911,0.0022026833,0.0031582317,0.0050428588,0.0028506572
1930-11-30,,,,,,,,0.0069,-0.0283,-0.025,-0.0216,-0.0326,-0.066,-0.034977879,-0.003819293,0.0535632666,-0.040334232,-0.032831697,-0.005245672,-0.100413801,0.0017707817,-0.047874371,0.0268620983,-0.033098134,-0.0895725,0.0073126286,0.0024925605,0.0036179348,0.0047548399,0.0015265568
1930-12-31,,,,,,,,-0.1086,-0.1097,-0.1784,-0.0608,-0.0911,-0.1048,-0.105833563,-0.048389644,-0.012561367,-0.122955185,-0.067866638,-0.099398029,-0.141102803,-0.045202497,-0.084203191,-0.135692468,-0.037954299,-0.050286667,0.0017669783,0.0032173327,-0.00376641,0.0025306893,0.0016900813
1931-01-31,,,,,,,,0.0985,0.1141,0.1616,0.0453,0.0779,0.1469,0.0522365872,0.0113567135,0.0805504748,0.0537364278,0.0818374789,0.0462656267,0.131767216,0.0533669073,0.1108707369,0.0711177938,0.0480109557,0.0619717673,-0.005952668,0.0022289064,-0.00941515,-0.002350263,0.0028472003
1931-02-28,,,,,,,,0.1321,0.1157,0.1701,0.1255,0.0689,0.12,0.2366146815,0.1171765364,0.1740530913,0.0564090984,0.0774099789,0.1356007401,0.1770288415,0.0667419492,0.0377685101,0.1474236135,0.0596005184,0.1542473021,0.0050366648,0.0010792163,0.0068098481,0.0071564413,-0.000898522
1931-03-31,,,,,,,,-0.0491,-0.0295,-0.0722,-0.0483,-0.0981,-0.0894,-0.07887019,-0.062856846,-0.038216732,-0.14611594,0.0178004448,-0.069457533,-0.092863253,-0.016551659,-0.095258025,-0.032861909,-0.036127883,-0.029523139,0.0064483659,0.0019970397,0.0079753442,0.006549442,0.0016945215
1931-04-30,,,,,,,,-0.1243,-0.1397,-0.1818,-0.0888,-0.1127,-0.1178,-0.142428594,-0.107956316,-0.078815474,-0.138354004,-0.032529055,-0.151205848,-0.174883656,-0.052279617,-0.092063456,-0.048147055,-0.041806783,-0.091046066,0.0061283833,0.0025089101,0.0074103297,0.0063875168,0.0028512571
1931-05-31,,,,,,,,-0.0967,-0.0876,-0.1372,-0.1141,-0.164,-0.2,-0.123626266,-0.117529211,-0.160938364,-0.130528952,-0.100020468,-0.186293878,-0.170312118,-0.110493283,-0.171948514,-0.033344318,-0.089939019,-0.112442256,0.0094624695,0.003625307,0.0093064844,0.009190662,0.0015283339
1931-06-30,,,,,,,,0.1027,0.0791,0.2137,0.1309,0.1611,0.2538,0.1913602346,0.1699463128,0.1466799743,0.1765703567,0.0957573755,0.1753099391,0.1806855931,0.1072619335,0.1505658599,0.0786032103,0.1021362928,0.1111509476,0.0027467583,0.0011575887,-0.001406301,0.0038187575,-0.001954157
1931-07-31,,,,,,,,-0.0856,-0.0897,-0.0575,-0.0518,-0.102,-0.1238,-0.106339519,-0.052408486,-0.021018612,-0.036291471,0.0260504745,-0.126490981,-0.088126765,-0.038286637,-0.100397507,-0.015307782,-0.048729096,-0.053921202,0.0024705449,0.0010731852,-0.000768337,0.0033949483,0.001640472
1931-08-31,,,,,,,,-0.016,-0.0115,-0.0376,0.013,-0.0162,0.0005,0.0354509485,0.0084372441,-0.027964171,0.0948717255,0.0038981806,-0.004604192,0.0040117959,-0.006412493,-0.049521818,0.0300675533,0.0081511255,-0.00016387,0.0014446692,0.0001495472,0.0021616904,0.0038287953,0.0016377853
1931-09-30,,,,,,,,-0.2774,-0.32,-0.3532,-0.2827,-0.2857,-0.3517,-0.346498957,-0.316551882,-0.348124211,-0.302984472,-0.294532867,-0.28881114,-0.400282865,-0.24802151,-0.236948263,-0.302709201,-0.215581019,-0.330533807,-0.015008357,-0.001020633,-0.02271093,-0.020628276,-0.000848042
1931-10-31,,,,,,,,0.0426,0.1169,0.082,0.0951,0.0365,0.1182,0.1157753451,0.0730789094,0.1298468379,0.1401690771,0.1125910476,0.0596518861,0.1201505842,0.0692527935,0.0009820355,0.138452977,0.0434453003,0.1047555434,-0.025739999,-0.000158086,-0.029626614,0.0010459129,-0.00557105
1931-11-30,,,,,,,,-0.0765,-0.0713,-0.0957,-0.0611,-0.1688,-0.1457,-0.145068707,-0.056732775,-0.034980001,-0.086882272,-0.027901635,-0.100443227,-0.113608617,-0.044097438,-0.206256015,-0.093524597,-0.068560352,-0.04767562,0.0072431078,0.0014406641,0.0015480424,,-0.00079997
1931-12-31,,,,,,,,-0.1387,-0.1673,-0.232,-0.1165,-0.1884,-0.2069,-0.137476866,-0.06769459,-0.087795825,-0.189083102,-0.040964325,-0.199577192,-0.206958648,-0.095230927,-0.160154513,-0.15343363,-0.079379785,-0.132996245,-0.035709798,,-0.026761235,,-0.009601944
1932-01-31,,,,,,,,0.025,0.0398,0.1194,-0.0341,0.0195,0.0664,-0.127365382,-0.042822024,-0.069473936,-0.048809536,-0.026592109,0.0185797306,0.0337090548,0.0202422282,0.077510713,0.0082293508,-0.040444362,-0.024928135,-0.015223553,,-0.014211242,,0.0015825813
1932-02-29,,,,,,,,-0.0229,0.0237,0.0152,0.071,0.0168,0.0035,0.0766603295,0.0733723997,0.0214562722,0.08752952,0.0205243263,0.0427422586,0.1346472606,0.0550961049,-0.032173348,0.0417220048,0.1166808505,0.0717011451,0.0397848073,,0.034993615,,0.0120797621
1932-03-31,,,,,,,,-0.1088,-0.1213,-0.1078,-0.1028,-0.1512,-0.1478,-0.158494111,-0.127337672,-0.222491367,-0.010707495,-0.064095064,-0.146804257,-0.149837051,-0.059973424,-0.164235027,-0.091968145,-0.099247635,-0.097642345,0.00984753,,0.0043553702,,0.0078517093
1932-04-30,,,,,,,,-0.1967,-0.1722,-0.1608,-0.1815,-0.2001,-0.1759,-0.224955382,-0.277205914,-0.295461329,-0.144424803,-0.197680311,-0.206789022,-0.193290816,-0.114398874,-0.23508582,-0.158956053,-0.123622971,-0.155379659,0.0328038516,,0.0336580578,,0.0226221207
1932-05-31,,,,,,,,-0.16,-0.2477,-0.1784,-0.1929,-0.2633,-0.256,-0.301150958,-0.129940882,-0.186549433,-0.056231301,-0.340834132,-0.213696003,-0.299779832,-0.212813785,-0.307428849,-0.29261785,-0.107853838,-0.269250306,-0.011995223,,-0.021473497,,-0.00045346
1932-06-30,,,,,,,,0.0085,0.0604,0.0191,-0.0179,0.0052,0.0886,0.0794368169,-0.079556472,-0.079520692,0.0622502088,0.1104294756,0.0132010279,0.0615177864,0.0111531083,-0.043075602,-0.005991697,-0.095766161,0.0142311711,0.0109557394,0.0028537028,0.016013835,,0.0083090418
1932-07-31,,,,,,,,0.3157,0.3616,0.6312,0.2825,0.4772,0.6775,0.4947349318,0.3016135747,0.449584036,0.3590482468,0.2917586406,0.4651395553,0.5221490408,0.2480840231,0.5728100041,0.2710673153,0.1669950427,0.2935262492,0.0184849144,0.0029335164,0.0198813737,,0.0045424576
1932-08-31,,,,,,,,0.4628,0.5598,0.8339,0.314,0.5118,0.627,0.4825342097,0.3317440942,0.4525481154,0.1952153149,0.3587433257,0.5219810852,0.5955545823,0.2278155476,0.5964512113,0.3294945675,0.2816898625,0.4343124703,0.0035296823,0.0024569962,0.0063096567,,0.0061558118
1932-09-30,,,,,,,,-0.0164,-0.0499,-0.1245,-0.0104,-0.0663,-0.0497,-0.061188592,0.0473655601,0.08503939,-0.102537215,-0.11917198,-0.055142199,-0.068950928,-0.008393211,-0.034946227,0.0306206486,0.0024307776,-0.046438175,0.0081781258,0.0093542825,0.008037562,,0.0073268295
1932-10-31,,,,,,,,-0.1581,-0.1957,-0.2414,-0.1076,-0.176,-0.2338,-0.206278326,-0.14717171,-0.247526947,-0.038255404,-0.185563081,-0.160040149,-0.172062305,-0.113654428,-0.18140834,-0.1267205,-0.081275044,-0.108040865,0.0008004759,0.0087898678,-0.000719208,,0.0030337479
1932-11-30,,,,,,,,-0.0067,-0.0829,-0.1358,-0.0273,-0.0909,-0.1619,-0.088437253,-0.024487745,-0.027064373,-0.046674412,0.0543765616,-0.139050188,-0.034251228,-0.070269659,-0.07833848,-0.056397592,-0.011194703,-0.036014118,0.0051142029,0.0025557795,0.0019736737,,0.0033789112
1932-12-31,,,,,,,,-0.0678,-0.0424,-0.1037,0.0681,0.0136,-0.0468,0.0685235282,0.1069714706,0.0454960932,0.0004380424,0.0679043653,-0.005700977,0.0879094326,0.0379005336,0.035678767,0.0499953823,0.0367127391,0.0908989612,0.0124816028,0.0052506966,0.017598573,,0.0062541477
1933-01-31,,,,,,,,0.0501,0.0176,0.0805,-0.0002,0.0278,0.0988,0.0058572018,0.0167267275,0.0079292299,-0.027879558,-0.011424556,0.04689331,0.0149143859,0.0466244325,0.1058464438,-0.024233765,0.0030526302,-0.043646642,0.0105344719,0.0029369776,0.0092799858,,0.0009820872
1933-02-28,,,,,,,,-0.1739,-0.1878,-0.2086,-0.1501,-0.1678,-0.1737,-0.212774779,-0.172708617,-0.244944292,-0.130381628,-0.108653075,-0.174355958,-0.201378568,-0.091099813,-0.153722947,-0.179730924,-0.077707103,-0.198334478,-0.024531536,-0.020222245,-0.02634706,,-0.017697973
1933-03-31,,,,,,,,0.0681,0.0623,0.1542,0.0095,0.1018,0.0652,0.0723857193,0.064394248,0.0902758785,0.0454992451,-0.031281443,0.1439619847,-0.068882374,0.1029387168,0.0660391081,0.0850473033,-0.058502755,-0.127476158,0.0088298053,0.0032482595,0.0129488371,0.0110060218,0.0068664229
1933-04-30,,,,,,,,0.4078,0.5508,0.5691,0.3369,0.5228,0.5775,0.5861540231,0.4855518902,0.7988001177,0.3918588091,0.3694294886,0.6086616633,0.4284208583,0.3404608999,0.2808879603,0.4275599144,0.1322410933,0.2496759568,-0.000054133,0.0113858078,-0.002340405,-0.001858423,0.0084342131
1933-05-31,,,,,,,,0.5957,0.6124,0.7236,0.1703,0.267,0.4157,0.1986962477,0.2586495335,0.2638452284,0.1816843387,0.2330457889,0.2680262736,0.2632385089,0.1264431694,0.3316714532,0.1717200968,0.1737083207,0.1930558463,0.020163613,0.0113587117,0.0208331164,0.0198623356,0.0121698765
1933-06-30,,,,,,,,0.3271,0.2354,0.1859,0.1141,0.1523,0.2227,0.1135723686,0.1065772138,0.2074925325,0.1234187521,0.1024849318,0.1310672591,0.1850148324,0.1044719007,0.1367586207,0.1625743761,0.1049703968,0.1536260832,0.0054957392,0.0064757702,0.0078507702,0.0078214695,0.0038789553
1933-07-31,,,,,,,,-0.1418,-0.1291,-0.0723,-0.0887,-0.1305,-0.0922,-0.114832174,-0.094666753,-0.070558025,-0.120490623,-0.191066528,-0.119410318,-0.124664996,-0.066014721,-0.051390052,-0.134937403,-0.043641647,-0.134739004,0.0021805385,-0.000552756,-0.002332615,-0.00051119,0.0014039079
1933-08-31,,,,,,,,0.1057,0.1078,0.0841,0.106,0.1577,0.1886,0.1330037676,0.192298559,0.2085043191,0.1906874067,-0.003791017,0.1438951738,0.0926226889,0.0985608583,0.1560133444,0.0714997466,0.0452759134,-0.012354508,0.0051327188,0.0091150137,0.0072951412,0.0032545916,0.0053328143
1933-09-30,,,,,,,,-0.0765,-0.1415,-0.2089,-0.092,-0.1237,-0.1939,-0.184058656,-0.082291048,-0.153209373,-0.026932756,-0.013067659,-0.112949649,-0.170613922,-0.074444948,-0.16123533,-0.087438669,-0.035641146,-0.197354206,-0.00056433,0.0024821647,-0.001195584,-0.001203934,0.0031161498
1933-10-31,,,,,,,,-0.0851,-0.123,-0.1406,-0.0631,-0.1061,-0.1774,-0.101078723,-0.046432218,-0.100636277,-0.048525076,-0.060753638,-0.101792528,-0.124939076,-0.090630712,-0.104831171,-0.078241877,-0.071832806,-0.074872227,0.000371247,-0.002401876,-0.00131913,0.0001557288,0.0023587464
1933-11-30,,,,,,,,0.0446,0.0507,0.0612,0.0981,0.1228,0.1269,0.1333006353,0.1442133693,0.2542729218,0.1473987216,0.0494205867,0.1164554383,0.0641802044,0.0492051074,0.0505077033,0.1444906421,0.0563498991,-0.023937914,-0.01973988,-0.013020767,-0.019854679,-0.013007817,-0.014379998
1933-12-31,,,,,,,,0.05,0.0367,-0.0023,0.021,0.0191,0.0335,0.0106646433,0.050402757,0.1045027035,-0.012369878,-0.080613439,0.0432986256,0.0323889978,-0.032650531,0.0498737715,0.045725025,-0.037499873,0.0104325609,0.0036030575,-0.001747654,0.0002385141,0.0009232626,0.0049528017
1934-01-31,,,,,,,,0.2153,0.2932,0.3966,0.0988,0.1685,0.2415,0.1695082782,0.0512068093,0.1317274447,0.0875628206,0.2019750687,0.1473296991,0.2243392327,0.1018244135,0.1734782478,0.1727334133,0.0596671655,0.2052724796,0.0124452418,0.0070556156,0.0135701407,0.0133052363,0.0121383297
1934-02-28,,,,,,,,-0.0028,0.0127,0.0485,-0.024,-0.0311,-0.0381,-0.073956492,-0.025289084,-0.020292235,-0.034003453,-0.035643637,-0.033701952,-0.015538966,-0.050198175,-0.0204583,0.0303940241,0.0212133534,-0.016959999,0.0094042329,0.0128615661,0.0127013077,0.0057121883,0.0068328748
1934-03-31,,,,,,,,0.0455,0.0208,-0.0001,-0.0001,-0.0013,-0.0062,0.0420896787,-0.018172666,-0.002967031,-0.013285154,0.00887533,-0.010416103,0.015634267,0.0133249579,0.0096037977,0.0239623903,0.01272855,-0.018045573,0.0155730453,0.0150547999,0.013576424,0.0176628335,0.0105660889
1934-04-30,,,,,,,,0.0312,-0.0186,-0.017,-0.0178,-0.0222,-0.0462,-0.037169952,-0.027616116,-0.069154151,-0.019644387,0.0819239555,-0.022969268,-0.006690317,0.0306290703,-0.014112473,-0.011538708,-0.012520498,-0.037471661,0.0109551614,0.0064437966,0.0086525839,0.0166506759,0.0109975939
1934-05-31,,,,,,,,-0.0739,-0.1003,-0.1209,-0.0641,-0.0865,-0.1351,-0.081324942,-0.067658839,-0.128284476,-0.046476573,-0.015008562,-0.113000554,-0.08305782,-0.032706573,-0.071660125,-0.078747574,-0.043037919,-0.077336039,0.0101688675,0.0066624174,0.013969569,0.0114620245,0.0050918892
1934-06-30,,,,,,,,0.0374,-0.001,-0.0219,0.0263,0.0251,0.0286,0.028943522,0.0492162348,-0.02783355,0.0120132704,0.024431346,0.0383930488,0.0504596401,0.0375676604,0.0260237689,0.0246437253,0.0131729529,0.0425096601,0.0062436559,0.0054257439,0.0059991849,0.0087714714,0.0035500177
1934-07-31,,,,,,,,-0.1805,-0.2186,-0.2469,-0.0832,-0.1174,-0.2319,-0.139022666,-0.051772388,-0.138257557,-0.097304231,-0.01894852,-0.146897662,-0.14795835,-0.052288465,-0.181871471,-0.083535564,-0.043449995,-0.172361101,0.0015818754,0.0020113926,0.0029390428,-0.001832155,0.002186661
1934-08-31,,,,,,,,0.1092,0.1046,0.1157,0.0607,0.0445,0.0577,0.0736315812,0.0633430971,0.1087307011,0.0613374577,-0.030467915,0.0797426221,0.0528055078,0.0437778867,0.0418570057,0.0476393241,0.0255864963,0.0204128388,-0.007544461,-0.002194364,-0.008261887,-0.009675918,-0.001198281
1934-09-30,,,,,,,,-0.0091,-0.0063,-0.0348,-0.0026,-0.0018,-0.0011,-0.00575614,0.0032222507,0.0067702677,-0.023195159,0.0079668669,-0.019330405,-0.023532748,0.0024697477,-0.000519201,0.0254952901,0.0203097144,0.016097553,-0.010172972,-0.010395832,-0.013476138,-0.012932044,-0.006541188
1934-10-31,,,,,,,,-0.0095,-0.0182,-0.0398,-0.0041,-0.0266,-0.0737,-0.022644659,0.0113098889,-0.020844525,-0.04858058,-0.00709778,-0.010477631,0.0190730128,0.0054065299,-0.03057629,0.016954693,-0.015633579,-0.076102322,0.0170267033,0.0085329961,0.0179444223,0.0194330689,0.013473843
1934-11-30,,,,,,,,0.1742,0.1553,0.1275,0.1026,0.0499,0.1066,0.1505249336,0.0908368685,0.1761269538,0.0684086785,0.0406853167,0.1454824061,0.0869298869,0.08391517,0.0462680522,0.0961290243,-0.017345602,-0.002534438,0.0028180148,0.0023837419,0.0047481985,0.0037065609,0.0015652838
1934-12-31,,,,,,,,0.0494,0.0234,0.016,0.0075,0.0053,-0.0224,0.0412240535,-0.00177984,0.0355526222,0.0081259654,0.0061915471,0.0361689659,0.012449334,-0.009384312,-0.00542478,-0.01043734,-0.005880335,-0.086629847,0.0098600153,0.0082819927,0.0087693901,0.0118459195,0.0076077426
1935-01-31,,,,,,,,-0.0556,-0.035,-0.0305,-0.0301,-0.029,-0.0906,0.011804013,-0.008628679,-0.088325861,-0.044728888,-0.008561346,-0.031691536,-0.047718005,-0.014872538,-0.069179815,-0.053248672,-0.004601061,-0.031719003,0.0125928119,0.0054012383,0.0156454262,0.0130372015,0.0068953363
1935-02-28,,,,,,,,-0.0373,-0.0481,-0.0632,-0.0087,-0.0171,-0.1323,-0.012173074,0.0089705883,-0.032708319,-0.029291435,0.0425479214,-0.029531679,-0.015461913,0.0152729589,-0.053696378,-0.006170585,0.0103713296,-0.121594483,0.0074014229,0.0045904354,0.0070276013,0.0113712006,0.0047641784
1935-03-31,,,,,,,,-0.0594,-0.0717,-0.1134,-0.0308,-0.0333,-0.0775,-0.050427617,-0.03583789,-0.058437421,-0.03769641,-0.03143479,-0.053743669,-0.019856783,-0.049137952,-0.064597326,-0.044567469,-0.007240879,0.123196478,0.0019677879,0.00208544,0.0017053759,0.010715361,0.0045897084
1935-04-30,,,,,,,,0.0672,0.0918,0.1055,0.0816,0.0997,0.1306,0.0912463751,0.0828103238,0.0572080158,0.1467262011,0.0317910931,0.0982270799,0.062463415,0.0564634804,0.1013916426,0.0646881849,0.0912942839,0.111504429,0.0109177065,0.0016912082,0.0061487207,0.0097214692,0.0042186695
1935-05-31,,,,,,,,-0.0226,0.0225,0.0182,0.0313,0.0433,0.0396,0.0299973911,0.0245230434,0.0291191673,0.0334546203,-0.04023505,0.0143082992,0.0566585331,0.0114291833,0.0332136938,0.0255186344,0.0838053405,0.1376319289,-0.004594288,0.0006916239,-0.001785921,-0.001183737,-0.000977193
1935-06-30,,,,,,,,0.0559,0.0603,0.0084,0.0637,0.0561,0.0808,0.0884065466,0.0584733994,0.0974683261,0.0137713495,0.0408831115,0.0693900666,0.0730028271,0.0544827448,0.0601453111,0.0629940938,0.0535120233,0.0912089149,0.0099511679,0.0038880765,0.0071107887,0.0109174807,0.0047729964
1935-07-31,,,,,,,,0.0951,0.1325,0.1334,0.0719,0.0632,0.1652,0.1156465739,0.0510324316,0.1909224281,0.001321666,0.0319197355,0.1378233908,0.0805272197,0.0316731657,0.0722566477,0.0751092427,0.0573860351,0.0922464164,0.0028732504,0.0010656758,0.0033471616,0.003091962,0.0022125844
1935-08-31,,,,,,,,0.0363,0.083,0.1455,0.023,0.022,0.0395,0.0382071218,0.0441046528,0.0900723804,-0.018992096,0.0028587461,0.0235945651,0.0565965322,-0.015583041,0.0275807704,0.0306669588,0.0406985187,0.0720961315,-0.011553225,-0.003711784,-0.014115008,-0.012456951,-0.006058382
1935-09-30,,,,,,,,0.0507,0.0551,0.0047,0.0468,0.0067,0.0105,0.0797259151,0.060945022,0.1120507201,-0.033473321,0.011067084,0.0320755797,-0.018127847,0.0162627587,0.0162549595,-0.005579834,0.042817671,-0.020342003,-0.004415664,-0.000855417,-0.000882325,-0.002816799,-0.00226359
1935-10-31,,,,,,,,0.1108,0.1065,0.0694,0.0661,0.0798,0.0608,0.0928345492,0.0338606801,0.135474343,0.1354989997,0.0597112972,0.0747651346,0.0800121754,0.0479007544,0.0066908037,0.0124849252,0.0310687947,0.1412650176,0.0090888811,0.0041126739,0.0076458081,0.0109962353,0.0077207072
1935-11-30,,,,,,,,0.0685,0.1041,0.1979,0.0303,0.056,0.1448,0.0749642446,0.016364447,0.0352390763,0.0281081404,0.0173766996,0.0585850801,0.1269932733,0.0126833058,0.1303709437,0.0289700055,0.0972276942,0.0082078029,0.0016265265,0.0023302784,0.0000526947,0.0022267264,0.0015416493
1935-12-31,,,,,,,,0.0582,0.1012,0.0179,0.0298,0.0582,0.0866,0.0438484001,0.0142325703,0.0599908433,0.1410595969,0.0235006832,0.0470477969,0.054562292,0.0241349844,0.0414228605,-0.010248742,-0.001584476,0.0562289742,0.0080436552,0.0030098468,0.0051409569,0.0092619058,0.0058484356
1936-01-31,,,,,,,,0.1068,0.0774,0.2356,0.033,0.0954,0.1233,0.073294912,0.0475585667,0.038534823,0.1406276105,0.0345341832,0.0589683991,0.0665118465,0.0329508224,0.1423487027,-0.027741166,0.0416560158,0.125366037,0.0040829767,0.0003529591,0.0051750246,0.0046336247,0.0016830923
1936-02-29,,,,,,,,0.0232,0.0654,0.0564,0.0192,0.028,0.0726,0.0013985121,0.0233619084,0.0358978846,0.0126966572,0.0344244707,0.0713326467,-0.00898084,0.0061933581,0.0357922361,0.0099587291,0.0657030394,-0.065925302,0.0108615411,0.0041816391,0.0090164732,0.009003483,0.0050169347
1936-03-31,,,,,,,,0.0023,0.024,0.0088,0.0261,0.0005,-0.0123,-0.00917616,0.0267010679,0.10181277,0.0179282233,0.0351974148,0.0238985095,-0.021639072,-0.021538373,-0.030473427,0.0120355856,-0.036060341,0.0064614301,0.0079051562,-0.000640576,0.0106307974,0.007878538,0.0030626575
1936-04-30,,,,,,,,-0.1413,-0.141,-0.1553,-0.0714,-0.0835,-0.103,-0.089059692,-0.06746437,-0.103778655,-0.103067248,-0.091949131,-0.101446743,-0.073907115,-0.04722239,-0.074299815,-0.053590135,-0.056550584,-0.083402941,0.0047876488,0.0016270285,0.0034594061,0.0027367383,0.0017514514
1936-05-31,,,,,,,,0.0506,0.0554,0.0874,0.0506,0.0511,0.0648,0.0558016651,0.0542837929,0.0409587463,-0.005756555,0.0469331991,0.06385742,0.1317629856,0.0475654696,0.0581521867,0.067404673,0.0645938804,0.0951582202,0.004640542,0.0002859573,0.0040100683,0.0052109258,0.002054792
1936-06-30,,,,,,,,-0.0215,-0.0033,-0.0115,0.0364,0.0214,0.0026,0.0060082754,0.0399745745,0.0663997263,0.0168706765,-0.007421626,0.0001738128,0.0358908523,0.0216866348,0.0103941088,0.0543547183,0.0242920578,0.0361668809,0.0021332465,-0.000953505,0.0020527733,0.0020263293,0.0002517038
1936-07-31,,,,,,,,0.1062,0.0758,0.0937,0.0592,0.0622,0.1223,0.1298151442,0.0815426582,0.0491280719,0.0472817255,0.0465480461,0.073709043,0.0651886975,0.029676354,0.1044980444,0.0629098781,0.024438912,0.1158784641,0.0044731818,0.0013220406,0.0059650459,0.0036989584,0.0014765222
1936-08-31,,,,,,,,0.0065,0.0239,0.042,0.0029,0.0077,0.0434,0.0303968952,-0.011188419,-0.002762519,-0.006652569,-0.014774272,0.0300345465,0.0020951315,0.0083542528,0.0240749767,0.0252923825,0.0175933773,-0.010274445,0.0092614156,0.0021735906,0.0109455243,0.0073714434,0.0043570655
1936-09-30,,,,,,,,0.0221,0.0504,0.0447,0.0083,0.0106,0.0045,-0.009120246,0.0190519507,0.0327594604,0.010492126,0.0077497334,0.0189007009,0.0241666111,-0.006572996,0.0045179526,0.029389975,0.0033183755,-0.02049052,0.0012622427,-0.000377799,-0.003019007,0.0023435977,-0.000331678
1936-10-31,,,,,,,,0.0372,0.0652,0.0652,0.0638,0.0881,0.0861,0.0637151585,0.0625659536,0.0509098454,0.1246489454,0.0377914356,0.0819620197,0.0539667976,0.0334882533,0.0898126664,0.1133868259,0.0508536327,0.0572377845,0.002672441,0.0002567452,0.0008986242,0.0019566409,0.00092903
1936-11-30,,,,,,,,0.1086,0.0906,0.1221,0.0337,0.0316,-0.0048,0.0551437055,0.0453026432,-0.013337112,0.0148990038,0.0339545194,0.0589960045,0.0592828074,0.0457449433,-0.012318477,0.1096893299,0.0386860193,-0.028578072,0.0198072579,0.0043937253,0.0190749255,0.0214258204,0.0078736211
1936-12-31,,,,,,,,0.0212,0.0346,0.0752,-0.0184,0.0231,0.0103,0.0325211515,-0.015099131,-0.072670392,0.0921710992,-0.020388575,0.0361372495,-0.027488914,-0.014283032,-0.006571469,-0.081394525,-0.004009868,-0.016257985,0.0022972631,-0.00373191,0.0048618693,-0.002458156,-0.004832346
1937-01-31,,,,,,,,0.0724,0.0748,0.101,0.0363,0.014,0.0632,0.102069394,0.027678353,0.0728213364,0.0243328499,0.0348022821,0.051034017,0.0032381712,0.0246281849,0.0125957987,0.0018079864,-0.008465021,0.0260571328,-0.004084718,-0.001277193,-0.000195395,-0.009062133,-0.002730066
1937-02-28,,,,,,,,0.0325,0.0161,0.0461,-0.0021,0.0079,0.0699,-0.01575628,-0.008915797,-0.005131343,0.0132150027,-0.036958602,0.0402708005,-0.006120861,0.0090090823,0.0646787401,0.0332073232,-0.030636506,-0.042071006,0.0027976022,0.0006842001,0.0080640038,0.0007003537,-0.000626107
1937-03-31,,,,,,,,-0.0297,0.0001,0.0331,-0.0174,-0.0022,0.0606,-0.04669764,-0.02011434,-0.041383599,0.0333123452,-0.050391295,0.028505289,-0.03588035,-0.009709903,0.046409389,-0.026097243,-0.020873462,-0.062919708,-0.034101671,-0.006023485,-0.03990659,-0.026618635,-0.011244575
1937-04-30,,,,,,,,-0.1014,-0.1165,-0.1311,-0.0682,-0.0612,-0.1077,-0.076742517,-0.04068881,-0.079325956,-0.052869995,-0.033381808,-0.111231153,-0.066344793,-0.063793637,-0.068768017,-0.07287936,-0.052471658,-0.074305966,1.3206206E-6,0.0040020679,0.0036427202,0.0026384003,0.0044203151
1937-05-31,,,,,,,,-0.0043,-0.0096,-0.0412,0.0025,-0.0072,-0.0299,-0.006093629,0.0168294693,-0.019976349,-0.002553494,0.0128493928,0.0087258733,-0.030738897,-0.004494008,-0.033581726,-0.045133612,0.0153008368,-0.052439072,0.0123224712,0.0023080373,0.0051274618,0.0138023612,0.0039537415
1937-06-30,,,,,,,,-0.0766,-0.0778,-0.1061,-0.0416,-0.0272,-0.0745,-0.018522114,-0.031614825,-0.107435781,-0.026620413,-0.040880835,-0.037448229,-0.047827529,-0.032851527,-0.101850742,-0.015632825,0.013904255,-0.052528005,-0.000756843,-0.000339462,-0.001533815,-0.000474615,-0.000537116
1937-07-31,,,,,,,,0.1095,0.0904,0.108,0.092,0.0797,0.1097,0.1026538365,0.0584034753,0.1322588387,0.0841810759,0.0414300825,0.1074955328,0.1623391143,0.0507405217,0.0630151487,0.1027923758,0.0327259964,0.1931938254,0.0130131355,0.0046666708,0.0131635416,0.0100211109,0.0072714526
1937-08-31,,,,,,,,-0.0465,-0.0502,-0.056,-0.0424,-0.046,-0.0779,-0.058063241,-0.030216724,-0.022639589,-0.065590413,0.0109114341,-0.047355069,-0.128573927,-0.024739081,-0.059608327,-0.042935189,-0.02539324,-0.101837006,-0.010018533,-0.00373945,-0.010355431,-0.008243013,-0.004358882
1937-09-30,,,,,,,,-0.209,-0.2111,-0.2307,-0.1237,-0.1242,-0.193,-0.154394089,-0.096001988,-0.126835177,-0.13208419,-0.107605577,-0.203833558,-0.145696891,-0.091577179,-0.16366277,-0.14154053,-0.020966522,-0.117509854,0.0052505543,0.0072249597,0.0046042797,0.0075478209,0.0073516388
1937-10-31,,,,,,,,-0.1079,-0.1012,-0.0974,-0.1018,-0.0756,-0.1427,-0.077010794,-0.11356292,-0.128657501,-0.069734467,-0.035494101,-0.14618087,-0.082459537,-0.070755853,-0.106403365,-0.07078367,-0.055408889,-0.048849726,0.0039942606,0.0030583455,0.0045995027,0.0041326095,0.0034329087
1937-11-30,,,,,,,,-0.115,-0.1207,-0.1174,-0.0879,-0.0771,-0.0812,-0.039229056,-0.093891687,-0.152512718,-0.114698115,-0.051180512,-0.093672271,-0.071975051,-0.058867802,-0.066390282,-0.143582787,-0.035802542,0.0290353595,0.0085926395,0.0028457598,0.0090316393,0.0069207794,0.0040038665
1937-12-31,,,,,,,,-0.1435,-0.1071,-0.1261,-0.0416,-0.0292,-0.0683,-0.035499216,0.0037867831,-0.162927896,-0.012390816,-0.024093414,-0.035117271,-0.073642707,-0.023206829,-0.055168074,-0.065982813,-0.016289089,-0.106891228,0.0075613337,0.0041086112,0.0084046474,0.0051779177,0.0063257205
1938-01-31,,,,,,,,0.0497,0.0605,0.0385,0.0131,-0.0032,-0.0064,-0.026961172,-0.01005863,0.1094331916,0.0061201392,0.0351277347,-0.012728856,-0.001466485,0.0284218117,0.0062932339,0.0589704706,-0.023920933,-0.057132993,0.0069586441,0.0016689288,0.0055144676,0.0079552063,0.0040850603
1938-02-28,,,,,,,,0.0842,0.0573,0.0487,0.064,0.0538,0.0602,0.0538845612,0.0741476743,0.0344529678,0.0935231269,0.0861539905,0.0863649157,0.070701727,0.0353047539,0.0444816373,0.0950646904,-0.021909569,0.0364808864,0.0048802319,0.0030941637,0.0052858811,0.0057166274,0.0044803265
1938-03-31,,,,,,,,-0.3011,-0.2914,-0.3044,-0.2365,-0.2255,-0.3058,-0.287532636,-0.222261343,-0.27287818,-0.253957707,-0.144398095,-0.275647802,-0.252955345,-0.159246602,-0.30288104,-0.223215734,-0.17559758,-0.18387451,-0.005064358,-0.000850949,-0.004769717,-0.003127601,-0.000189413
1938-04-30,,,,,,,,0.219,0.2067,0.208,0.1386,0.1444,0.1587,0.1596867575,0.0821475319,0.1475564172,0.1593295228,0.1182485702,0.1776076427,0.1624739945,0.1228187025,0.1420308884,0.1617984553,0.1358292478,0.1350298967,0.0207720624,0.0062159508,0.0219227092,0.0202103321,0.0095504912
1938-05-31,,,,,,,,-0.0747,-0.0774,-0.0551,-0.0358,-0.0369,-0.0602,-0.031264761,-0.032485599,-0.069715424,-0.05865821,0.0171539914,-0.085546558,-0.04682995,-0.002622,-0.032348664,-0.038708558,0.0076679607,0.031426089,0.0046701916,0.0037920269,0.0046850354,0.0039506392,0.0048475455
1938-06-30,,,,,,,,0.3123,0.3069,0.2763,0.2578,0.21,0.3012,0.2893267951,0.2748053285,0.359725644,0.2195306782,0.1006753261,0.3509179504,0.2618337351,0.1324675868,0.2353531903,0.239993302,0.124224535,0.1536750486,0.0045617947,0.0028790411,0.0002819653,0.0047200648,0.0027365561
1938-07-31,,,,,,,,0.1341,0.1449,0.1551,0.0677,0.0735,0.0922,0.0610477554,0.0629124947,0.1988927454,0.0743341114,0.0579788339,0.0694121722,0.0888773844,0.0661143179,0.101585393,0.0906588753,0.0127847097,0.0068224013,0.0038276706,-0.001442896,0.0048330774,0.0024305112,0.0000341122
1938-08-31,,,,,,,,-0.046,-0.0511,-0.094,-0.0043,-0.0605,-0.0518,-0.008295282,0.0021834484,0.0597387688,-0.088837416,0.003561706,-0.031148627,-0.040913326,-0.040230803,-0.035403852,-0.024018292,0.0028307184,-0.055297059,0.0017701042,-0.000620978,-0.001031205,0.0018349425,-0.001121941
1938-09-30,,,,,,,,-0.0172,-0.0249,-0.0278,0.0137,0.0064,-0.0097,0.0144584491,0.0248798035,0.0069014891,0.0082995298,-0.000125092,0.0127119499,0.0003285865,0.0050693228,-0.016164547,0.0006332394,0.0084513275,0.0122911488,-0.000383857,0.0013742656,0.0024342088,-0.000720323,0.00003345
1938-10-31,,,,,,,,0.1407,0.1476,0.169,0.0693,0.072,0.1418,0.1111707106,0.0716847445,0.0649242588,-0.015551194,0.0562557683,0.1213660325,0.0948289463,0.0515418107,0.114780147,0.0813993337,0.0355550769,0.2109892298,0.010249595,0.0028197245,0.0094382634,0.0089119203,0.0046485752
1938-11-30,,,,,,,,-0.052,-0.0267,-0.0589,-0.0116,-0.0207,-0.0287,-0.049549306,-0.006347165,-0.011965295,-0.001106863,0.0144064257,-0.018290285,-0.014679116,-0.024838737,-0.030975079,-0.003591418,0.0065466986,-0.070104407,-0.002013142,0.0011908694,-0.002898539,0.0001376921,0.0007977124
1938-12-31,,,,,,,,0.0603,0.0374,0.0151,0.0329,0.0454,0.0888,0.0301750571,0.0519531177,0.0211792715,0.0486314658,0.0085337397,0.0568800263,0.0083285778,0.0275286363,0.0902557489,0.0106592557,0.0256761502,0.0394749714,0.0085890486,0.0014075323,0.0085262637,0.0059846101,0.0036990127
1939-01-31,,,,,,,,-0.0805,-0.0893,-0.1014,-0.0527,-0.0622,-0.1102,-0.077897098,-0.058275571,-0.083571963,-0.062819642,-0.009683495,-0.111550842,-0.057846573,-0.019088429,-0.093906385,-0.031033125,0.0180759719,0.0121309231,0.0048580003,0.0018091053,0.0063269817,0.0044338836,0.0028329421
1939-02-28,,,,,,,,0.0391,0.0507,0.0629,0.0344,0.031,0.069,0.0345060283,0.0110401139,0.0705010555,-0.011618219,0.0371642788,0.0381458786,0.0433852396,0.0247455484,0.048460742,0.0617580133,0.0352612853,0.0879506927,0.008218341,0.0022204644,0.0086708703,0.0061375493,0.0034487897
1939-03-31,,,,,,,,-0.1785,-0.1853,-0.2286,-0.0985,-0.1374,-0.2138,-0.169676155,-0.075912932,-0.176458107,-0.083302438,-0.043115508,-0.192952504,-0.114767589,-0.057649492,-0.170281565,-0.096436976,-0.022092585,-0.136464886,0.0112842512,0.0014674235,0.011398792,0.0084400666,0.0055037595
1939-04-30,,,,,,,,-0.0048,0.0013,0.0198,-0.0013,-0.0006,-0.032,-0.011358191,-0.013492814,0.0070969524,-0.010464999,0.0101272135,-0.018692907,-0.036075608,0.0063070175,-0.001449313,-0.000806493,0.027505397,0.0302318013,0.0065888384,0.0004814421,0.0102958201,0.0049107414,0.0018430735
1939-05-31,,,,,,,,0.1131,0.0904,0.0987,0.069,0.0564,0.0928,0.0715152255,0.0618636971,0.0789446861,0.0255380013,0.0548742014,0.0891670154,0.0902737097,0.0548296957,0.0769772883,0.1142392934,0.0556497559,0.0660539115,0.0149797396,0.0007750683,0.0180819978,0.0103973521,0.0048122987
1939-06-30,,,,,,,,-0.0687,-0.0792,-0.1068,-0.0441,-0.0662,-0.1116,-0.088002979,-0.023339024,-0.067937217,-0.060738677,0.0111538183,-0.087151053,-0.050028189,-0.020543593,-0.082698757,-0.026905902,-0.037931267,-0.035331293,-0.004439599,-0.001818075,-0.002534173,-0.00154479,-0.001923406
1939-07-31,,,,,,,,0.1576,0.1669,0.136,0.1132,0.0845,0.1373,0.1537738696,0.1007602049,0.1757566253,0.0302901795,0.0307940195,0.144089142,0.1112394779,0.0622409592,0.1232195788,0.0874301493,0.0650802338,0.1270523087,0.0100087019,0.0007628158,0.0113284057,0.0056860931,0.0032141665
1939-08-31,,,,,,,,-0.1228,-0.1201,-0.1264,-0.0633,-0.0593,-0.109,-0.09087929,-0.02674094,-0.069384042,-0.039069808,-0.054344984,-0.091142772,-0.093246476,-0.073634067,-0.101241788,-0.073313655,-0.041876968,-0.060118739,-0.019809178,-0.004462882,-0.019681685,-0.016086724,-0.010033803
1939-09-30,,,,,,,,0.3868,0.3933,0.5498,0.1358,0.1691,0.408,0.1599486205,0.1567362223,0.2371756804,0.2555566111,0.0707164556,0.3237470553,0.1229086041,0.0478894133,0.2993424535,0.0159258572,0.0236821162,0.0359575752,-0.041489732,-2.939914E-6,-0.05161971,-0.031842831,-0.01289874
1939-10-31,,,,,,,,0.0023,-0.0057,-0.0501,0.0003,-0.0082,-0.0431,-0.018112724,-0.024235084,-0.013946761,-0.039283889,0.0021498051,-0.023081703,-0.001099173,0.0325643048,-0.019781201,0.0577464099,0.0305469987,0.0211437683,0.0349883499,0.0046850738,0.038456966,0.0322520128,0.0181659931
1939-11-30,,,,,,,,-0.0814,-0.0942,-0.1375,-0.0264,-0.0369,-0.0963,-0.03347142,-0.023790022,-0.029396802,-0.061404799,0.0122430738,-0.0769639,-0.004643477,-0.004658295,-0.06335454,-0.023140602,0.0096851043,-0.014850437,0.0157844294,0.0021856329,0.0175078179,0.0095556375,0.0048064869
1939-12-31,,,,,,,,0.0612,0.0301,0.0029,0.0356,0.021,0.0101,0.0391630933,0.0457793024,0.0389975127,-0.000812683,0.0376810723,0.0348568786,0.0276164291,0.0317322916,0.0219273796,0.0303145219,0.0287016297,0.0295242304,0.0090857505,0.0048464908,0.0135282235,0.0098090802,0.0072182006
1940-01-31,,,,,,,,-0.0423,-0.0213,-0.0278,-0.0216,-0.0252,-0.0515,-0.042735957,-0.019964677,-0.038357968,-0.021913829,-0.017612796,-0.062625116,0.0028013198,0.016945869,-0.035320501,-0.009650145,-0.00120102,-0.00017011,-0.000154996,-0.000674311,-0.002725052,0.0005073609,0.000105498
1940-02-29,,,,,,,,0.041,0.0439,0.0315,0.0124,0.0134,0.0149,0.004144717,0.0253817467,0.0209481532,0.0096743404,0.0146356526,0.0233456653,0.0029275902,0.0094318498,0.0112819417,0.0249607271,0.010438997,-0.012269225,0.002325103,0.000945124,0.0024516265,0.0028849487,0.0025565923
1940-03-31,,,,,,,,0.0469,0.0286,0.0228,0.0238,0.0146,0.0226,0.034059638,0.0211498145,0.0379632565,0.0174990421,0.0189659451,0.0117461712,0.0237279921,0.0164543031,0.0263683744,0.0308176134,0.0116196871,0.0173441222,0.0155371334,-0.000505765,0.0186295492,0.0106850449,0.0032279348
1940-04-30,,,,,,,,0.0492,0.0322,0.0409,-0.0013,0.0012,0.0027,-0.023851833,0.0083684052,-0.005501103,0.0017885596,-0.003149702,0.0101001135,-0.00797781,0.0178409902,-0.007553634,-0.001149062,0.003278889,-0.012836962,-0.000838452,0.0000145782,-0.001572095,-0.000010239,0.0002808806
1940-05-31,,,,,,,,-0.2768,-0.2752,-0.3244,-0.2212,-0.2087,-0.2479,-0.211943988,-0.196197611,-0.260544788,-0.244556322,-0.212124098,-0.237590293,-0.269216509,-0.209463486,-0.23178217,-0.244891412,-0.141345504,-0.19910542,-0.027960663,-0.004005166,-0.030320223,-0.023619531,-0.016465166
1940-06-30,,,,,,,,0.0388,0.0501,0.0798,0.0497,0.0823,0.1063,0.0446773312,0.0463259067,0.0868075726,0.0563157243,0.0492788164,0.0326224353,0.0537533566,0.0538519886,0.0918424093,0.0902766694,0.0872319567,0.1731570156,0.0243592306,0.0040221066,0.0273489136,0.0221987,0.0125283666
1940-07-31,,,,,,,,0.0473,0.0466,0.0332,0.0339,0.0305,0.033,0.0567867989,0.0314628326,0.0591635833,0.0319350134,-0.005209724,0.0497760359,0.0470333772,-0.00028633,0.0302190181,0.0438970505,0.0196769408,0.0008255221,0.0024998458,-0.000044028,0.0030504115,0.0017579744,0.0014994471
1940-08-31,,,,,,,,0.0205,0.0307,0.0187,0.0222,0.018,0.035,0.0271709028,0.0178358205,0.0738921902,0.0141519481,-0.022877497,0.0319088565,0.0241841905,0.0134098743,0.0301172254,0.0289608396,-0.003597143,-0.010445853,0.0034156233,0.0033602715,0.0037880068,0.0035137977,0.0034160343
1940-09-30,,,,,,,,0.0538,0.0444,0.052,0.0316,0.0121,0.0106,0.044187866,0.0334467504,0.0316677474,-0.022613778,0.0460941336,0.046323705,-0.004435596,0.0252607763,0.0324070432,0.0330684072,0.0160356395,-0.021850113,0.0093761333,0.0011332617,0.011335193,0.0075727093,0.0036206884
1940-10-31,,,,,,,,0.0421,0.0582,0.063,0.009,0.0636,0.081,0.0227441929,-0.016983288,0.0394163739,0.0630362301,-0.02998673,0.0792986419,0.0630468826,-0.014149339,0.0502278086,0.000742518,0.016142946,0.0381838271,0.004825398,0.0018567753,0.0052870346,0.004796893,0.0033659043
1940-11-30,,,,,,,,0.0112,0.0052,0.0022,-0.0195,-0.0138,-0.0074,-0.040903427,-0.046454535,-0.006338264,0.0087531272,-0.018236589,0.0073665653,0.0025647769,-0.00989199,-0.002303254,-0.021385345,0.0062722271,-0.130567841,0.0159898167,0.0011962018,0.0224645402,0.0129146597,0.0027581235
1940-12-31,,,,,,,,-0.0093,-0.0134,-0.0232,0.0059,0.01,0.0019,0.0034625,0.0205042248,-0.032938338,0.0231408122,-0.002337594,0.0049375499,-0.031747575,0.0054922618,0.0112860391,0.0040400324,0.0200822223,0.0172128104,0.0044924033,0.000406901,0.0090167107,0.0001743454,0.0013377703
1941-01-31,,,,,,,,-0.0446,-0.0269,-0.0032,-0.0504,-0.0385,-0.0153,-0.022900776,-0.063055459,-0.092159902,-0.021460186,-0.021931436,-0.074477734,-0.011978134,-0.005158584,-0.017439078,-0.036525123,-0.020977773,-0.021044625,-0.016009112,-0.000866855,-0.023954375,-0.009589841,-0.005336468
1941-02-28,,,,,,,,-0.0347,-0.0178,-0.0289,-0.0158,-0.0148,-0.0038,-0.002590876,-0.026753243,0.0127213985,-0.006763742,-0.046857613,-0.01608068,-0.006006352,-0.025020434,-0.002598147,-0.025363012,-0.022468912,-0.011137311,-0.001667031,-0.003285805,0.0051758882,-0.00644899,-0.001238042
1941-03-31,,,,,,,,0.0051,0.0111,0.0378,0.0054,0.0121,0.0337,-0.002060651,0.0202769211,-0.016903172,0.0371539449,0.0177779329,0.0018605833,0.0007402931,0.0057080185,0.022735705,0.0125063386,0.0181461879,-0.032592705,0.0069260676,0.0001948021,0.0122995389,0.0027438621,0.0009883548
1941-04-30,,,,,,,,-0.0756,-0.0536,-0.0521,-0.065,-0.0457,-0.0203,-0.08809855,-0.037993906,-0.105774355,0.0136408823,-0.052293242,-0.069945921,-0.074403839,-0.041367627,-0.036947148,-0.052046174,-0.064000989,-0.094632186,0.0113764033,0.0006107153,0.013558837,0.011195147,0.003125816
1941-05-31,,,,,,,,0.0175,0.007,0.0154,0.0094,0.0262,0.0236,-0.00301417,0.030823546,0.0040645268,0.0546412827,-0.014564617,0.0373433058,-0.02238011,-0.014055486,-0.006740228,0.0225814765,0.0042815042,-0.044919729,0.0021594003,0.0033487851,0.0026396882,0.0004531374,0.0023284849
1941-06-30,,,,,,,,0.0411,0.0618,0.0847,0.0618,0.0562,0.0304,0.1055628085,0.0741609219,0.0389871472,0.052643311,0.0672268942,0.0615625452,0.0411160623,0.0626477584,0.0460373497,0.05059935,0.0508019665,0.0399825036,0.0065667718,0.0007845272,0.0063514534,0.0064317656,0.002478459
1941-07-31,,,,,,,,0.1044,0.103,0.1851,0.0373,0.0818,0.1013,0.0135063717,0.0567255559,0.0396914493,0.1105619581,0.0803377147,0.0785455117,0.076624633,0.0572755225,0.0751093547,0.0436132423,-0.003844955,0.0532954421,0.0041777927,0.0010534164,0.0017019611,0.0051022907,0.0012213546
1941-08-31,,,,,,,,-0.0116,-0.0217,-0.0039,0.007,-0.0085,-0.0227,0.0085118893,-0.003615303,0.0234194543,-0.034601707,0.0008053267,-0.007915586,0.0030502783,0.0083533055,0.0015701783,0.0232199053,0.0105946877,-0.020577023,-0.00089012,0.0008017508,0.0020189966,-0.002360019,0.0006796405
1941-09-30,,,,,,,,-0.0307,-0.0179,-0.0196,-0.0001,-0.0221,-0.0167,-0.015143456,-0.020183506,0.0411269879,-0.00657854,-0.002083076,-0.031499966,0.0053905155,0.0166262819,-0.032711748,0.0063658521,0.0024940801,-0.028458359,-0.000958191,0.0000645266,-0.000240827,-0.001102769,-0.000530246
1941-10-31,,,,,,,,-0.0589,-0.0634,-0.0606,-0.061,-0.0331,-0.0266,-0.107578282,-0.059046999,-0.079766416,0.0219469767,-0.036857683,-0.067421082,-0.060180644,-0.070010072,-0.036882798,-0.052130813,-0.027226836,-0.096770845,0.00868022,-0.00418855,0.0149591402,0.0020337866,-0.003615286
1941-11-30,,,,,,,,-0.0102,-0.041,-0.0276,-0.0229,-0.0059,-0.0175,-0.022007676,0.001098524,-0.036099938,0.0312829717,-0.029262402,-0.022951827,-0.02587829,-0.031593633,-0.012988972,-0.045260822,-0.040294307,-0.066790646,-0.001548253,-0.002219632,-0.003740061,-0.001414629,-0.002351129
1941-12-31,,,,,,,,-0.0549,-0.0803,-0.1271,-0.0469,-0.0363,-0.0934,-0.006703264,0.0020073486,-0.117889527,-0.111022265,-0.015904383,0.0159787347,-0.075375011,-0.04030718,-0.048818672,-0.098909552,-0.085842357,-0.074843698,-0.01548163,-0.000521139,-0.021206913,-0.010641892,-0.004905506
1942-01-31,,,,,,,,0.0671,0.1054,0.1446,-0.0179,0.0052,0.1065,0.0192315816,-0.076819749,0.0618980623,-0.016333898,-0.030307103,0.0127911923,0.0561334826,0.0238877441,0.1039224652,0.0095864873,-0.014102799,0.0406996909,-0.000119405,0.0040219442,0.0025327507,-0.001059473,0.0036073932
1942-02-28,,,,,,,,0.0053,-0.011,-0.0169,-0.023,-0.028,-0.0237,-0.024780231,-0.048910884,0.0513388748,-0.058370093,-0.05248793,-0.008574934,0.0025815933,-0.054733313,-0.02331758,-0.018252282,-0.007307525,-0.024511718,-0.003392512,0.000166668,-0.001454481,-0.000305938,-0.000090582
1942-03-31,,,,,,,,-0.0478,-0.0346,-0.0572,-0.0584,-0.0757,-0.0613,-0.05703275,-0.074941965,0.0140350525,-0.08253586,-0.054312352,-0.046827241,-0.06704209,-0.08189973,-0.096308133,-0.07075681,-0.068409433,-0.121238736,0.0134399086,0.0001744569,0.0132937099,0.0088276332,0.0041771509
1942-04-30,,,,,,,,-0.0618,-0.0336,-0.0373,-0.0459,-0.045,-0.0286,-0.033897322,-0.014192033,-0.043629871,-0.035463542,-0.042230253,-0.063669672,-0.021724006,-0.039603342,-0.020863372,-0.062426738,-0.074102197,-0.034207654,-0.001429906,-0.00062693,-0.002506666,-0.002003446,-0.00111225
1942-05-31,,,,,,,,0.0014,0.0169,0.0164,0.0748,0.0495,0.0064,0.0768625752,0.0426485739,0.099342095,0.067847892,0.1394387426,0.0065632849,0.0886909075,0.0883738566,0.0242555945,0.1170443213,0.0785905615,0.0842323208,0.0062219822,-0.000549345,0.0081036461,0.0017647609,0.0001539578
1942-06-30,,,,,,,,0.01,0.014,0.0214,0.0304,0.0259,0.0276,0.0363680188,0.0473436628,0.0180239312,0.0442094051,0.0315123125,0.0302262661,0.0207549197,0.0356438197,0.0212151296,0.0239427674,-0.022195965,0.0169098208,-0.000077364,0.0002877533,0.0005787487,0.0010478459,0.0003093619
1942-07-31,,,,,,,,0.0517,0.0375,0.0515,0.0269,0.0431,0.0754,0.0190569536,0.0143094246,0.020950927,0.0605269344,0.0159909737,0.035047675,0.0545164763,0.0241678562,0.068454911,0.0495637381,0.0447920239,-0.00444251,0.0012878653,-0.000023118,0.0015683957,-0.001272331,0.0006131726
1942-08-31,,,,,,,,0.0225,0.0274,0.0249,0.0172,0.0174,0.0413,0.0181566441,0.00970039,0.0232608511,0.0354177617,0.02425494,0.012161239,0.0185810838,0.0079705551,0.0254624288,0.0170595836,0.0248547068,0.0079727148,0.0010928891,0.0004750649,0.002393345,0.0019570359,0.0013748133
1942-09-30,,,,,,,,0.022,0.0277,0.0599,0.0263,0.0284,0.0361,0.045808904,0.0435146226,0.0258804615,0.0236346772,0.0025624544,0.0285514207,0.0222492279,-0.000192124,0.0363778443,0.0066720102,0.0204449505,0.0583071509,-0.000320203,0.0003341538,0.0000479611,0.0009549905,0.0007133394
1942-10-31,,,,,,,,0.0829,0.0754,0.145,0.0532,0.0789,0.1205,0.0705965975,0.0658656809,0.0581826279,0.0962145508,0.0413461938,0.0655162881,0.0926334921,0.0451989109,0.0884337306,0.0061782367,0.0618935587,0.151520392,0.0030384848,0.0011232722,0.0021099683,0.0023958199,0.0011076001
1942-11-30,,,,,,,,-0.0112,-0.0226,-0.0404,0.0108,0.0021,-0.0446,0.0148329558,0.0043665264,-0.001435716,0.0091862726,0.0158269039,-0.036870019,0.0274564375,0.026891395,-0.031286983,0.066562223,0.0263138389,-0.01305151,-0.000942927,0.0009075422,-0.002833739,0.0016063346,0.0008420737
1942-12-31,,,,,,,,0.026,0.0399,0.0261,0.0491,0.0595,0.06,0.065828712,0.0534247075,0.0818734671,0.074891255,0.0869440251,0.0518103718,0.0529525405,0.047130547,0.0427293063,0.0273392515,0.0034747907,0.0435548433,0.0027329282,0.0007708289,0.0034734945,0.0026763074,0.001242841
1943-01-31,,,,,,,,0.1173,0.1385,0.2383,0.0535,0.0804,0.0971,0.1090598437,0.0470987567,0.0523494538,0.063855025,0.0245472414,0.0829928532,0.0660270693,0.0913197031,0.0715485022,0.069088205,0.0377205483,0.147006467,0.0044618698,0.0025262718,0.0039758217,0.0040447858,0.0032075263
1943-02-28,,,,,,,,0.1087,0.0923,0.1749,0.0482,0.0702,0.1123,0.0457979271,0.0290408731,0.0757199903,0.0789859003,0.0364574714,0.0619584153,0.0921440568,0.0365875452,0.0938989879,0.0308067959,0.0879533762,0.0792318288,0.0026069699,0.0006665669,0.0005395684,0.000813129,0.0010629332
1943-03-31,,,,,,,,0.1097,0.1183,0.15,0.0415,0.0716,0.111,0.0739907436,0.0243289295,0.0505732735,0.0699942902,0.0458230443,0.0830672621,0.0974804242,0.044138221,0.1022946289,0.0865846005,0.0061747896,0.0467182044,0.0012186009,0.0004713611,0.0008073758,0.0005838465,0.0008160388
1943-04-30,,,,,,,,-0.0095,0.027,0.0817,-0.001,0.0125,0.0251,0.0128154876,-0.006249418,0.0053191561,0.0100506271,0.0139865842,-0.017762259,0.0152186701,0.0104924848,0.0233099725,0.0184622115,0.041521268,0.0402325336,0.0072831424,0.0005134022,0.0059176996,0.0032834841,0.0018240074
1943-05-31,,,,,,,,0.0885,0.0911,0.133,0.0503,0.0572,0.0714,0.0668889914,0.0648189953,0.0658356041,0.0568566713,0.0537468812,0.0465534133,0.0850598644,0.065501714,0.0490601001,0.0747435851,0.045646611,0.0455260854,0.0076407655,0.001483323,0.0088475734,0.0062219374,0.0041423106
1943-06-30,,,,,,,,-0.0028,0.0104,0.0042,0.0217,0.0196,-0.0002,0.0312557303,0.0017876635,0.0485332739,0.0118476542,0.0050098749,0.0114880372,0.0016196956,0.0210976937,-0.009322978,0.055981195,0.0230367155,0.0418553589,0.0062766274,0.0022889792,0.0017737287,0.0038621006,0.0031466723
1943-07-31,,,,,,,,-0.0513,-0.0679,-0.0891,-0.0477,-0.0368,-0.0545,-0.081308976,-0.060636494,-0.097008286,-0.028571264,-0.032636027,-0.07017694,-0.042614157,-0.018661909,-0.054244573,-0.031451658,-0.001813409,-0.004884121,-0.000489185,0.0003902707,0.0001435025,-0.00031102,0.0014760682
1943-08-31,,,,,,,,0.0035,0.0004,0.0071,0.0151,0.013,0.0021,0.0105668817,0.006257235,0.0348237605,0.010984288,0.0026185956,0.0051627518,0.0104446484,0.0093653174,0.0148447267,0.0373981256,0.0091273481,0.0183964039,0.0005758389,0.0001238422,0.0004841129,0.0008422787,0.0007486911
1943-09-30,,,,,,,,0.0296,0.0307,0.054,0.022,0.0274,0.0259,0.0535867002,0.026957196,0.0168733768,0.0147163548,0.0401856332,0.0271715443,0.0163922377,0.0217950289,0.0229108699,0.0215856266,0.0144923767,0.0424388489,0.0032704382,0.0005407439,0.0018127247,0.0026231801,0.0006274541
1943-10-31,,,,,,,,-0.007,-0.0033,0.0082,-0.0144,-0.0096,0.0039,-0.036544024,-0.020550565,-0.011216679,-0.022684328,0.0057291869,-0.001824265,-0.009195185,-0.002712559,-0.011097887,-0.024041361,0.007269595,0.0035987386,0.0003510131,0.0008262375,0.0021613722,0.0009364483,0.001504849
1943-11-30,,,,,,,,-0.0707,-0.0798,-0.1043,-0.0477,-0.0661,-0.0939,-0.066392846,-0.046661585,-0.053213842,-0.066596287,-0.039290177,-0.074305957,-0.072189992,-0.04561533,-0.081244221,-0.04501114,-0.017366091,-0.079455935,-0.00176625,0.0013641227,0.0002648502,0.000671829,0.0018857334
1943-12-31,,,,,,,,0.0726,0.1066,0.1141,0.0572,0.0695,0.0737,0.0803249593,0.0337972621,0.0793866163,0.0699713716,0.0393667069,0.0764074338,0.0831614723,0.0613755842,0.0690051211,0.0691681469,0.0313437942,0.0699341187,0.0009454463,0.000969518,0.0018519824,0.0024758272,0.0013538603
1944-01-31,,,,,,,,0.0496,0.0467,0.0546,0.0078,0.0162,0.0487,0.0106571642,0.006511818,0.0102106715,0.0046978731,0.0028732528,0.0257042061,0.0106247439,0.0395421499,0.0534178699,0.0077713623,0.0084995553,0.0022656521,0.0021946,0.0004006516,0.0016635804,0.0023742752,0.0010695752
1944-02-29,,,,,,,,0.0136,0.0096,0.0071,0.0005,0.0079,0.0241,-0.027095738,-0.010209917,0.0368197009,0.0017976235,-0.026286396,0.0009475784,0.0019302691,-0.005296787,0.0253862433,0.0101197668,0.0089041616,0.0099073477,0.0065808773,0.0009873568,0.0029803488,0.0040981675,0.0017729433
1944-03-31,,,,,,,,0.0201,0.037,0.0746,0.0221,0.0257,0.0345,0.0389291042,0.0232529874,0.0478095578,0.0177038614,0.0235043914,0.0230203438,0.0359822368,0.0285611938,0.0240392813,0.0233137722,0.0075556734,0.0193270874,0.0009364214,0.0012217848,0.0025525714,0.0008244631,0.0012541082
1944-04-30,,,,,,,,-0.0199,-0.0287,-0.0392,-0.014,-0.0188,-0.0158,-0.01339006,-0.017744106,-0.011743202,-0.013895566,-0.024185498,-0.024043862,-0.030143004,-0.019554568,-0.023233923,-0.010335811,-0.00575457,-0.008159386,0.0006834743,0.0016188886,0.0012842729,0.0022953695,0.0025016928
1944-05-31,,,,,,,,0.0582,0.0725,0.0706,0.0462,0.0503,0.0545,0.0354650947,0.0434920654,0.0790793078,0.0532835029,0.0600332632,0.0621964044,0.0377695389,0.0533602591,0.0439990512,0.0508813081,0.028223166,0.0334792,0.0031461404,0.0012839594,0.0019425859,0.0019526738,0.0011315872
1944-06-30,,,,,,,,0.0942,0.0975,0.1072,0.0495,0.052,0.0742,0.0817780575,0.0545497993,0.0930619356,0.0036157329,0.0397719349,0.0790933786,0.0837901069,0.0565984877,0.0542109103,0.0582985964,0.0326028654,0.0451075608,0.0024597818,0.0006787022,0.0021773386,0.0015749368,0.0009213055
1944-07-31,,,,,,,,0.0021,-0.0103,-0.0144,-0.0166,-0.0148,-0.0085,-0.017148733,-0.021703223,-0.049296007,-0.012069345,-0.012382517,-0.018585061,-0.014277156,-0.003464356,-0.006082445,-0.000803451,-0.003714023,0.0020446656,0.0024123635,0.0016490641,0.0027680216,0.0028601176,0.0020589717
1944-08-31,,,,,,,,0.0457,0.0437,0.0192,0.0136,0.0125,0.0114,0.0217429068,0.0069914029,0.0398458783,-0.019416616,0.0075656671,0.0289624102,0.0191110297,0.0255885941,-0.000049736,0.0312308324,0.0066716722,0.0365536024,0.0017479102,0.0013083179,0.0040733868,0.0030942784,0.0020319737
1944-09-30,,,,,,,,0.0159,-0.0006,-0.0023,0.0034,-0.0025,-0.0024,-0.006551069,0.0027076317,0.0060952692,-0.013837543,0.0042921765,0.0063954244,-0.000453906,-0.002255837,0.0014430852,0.0179204482,0.0026452397,-0.015278673,0.0000156183,0.0009316036,0.0006743175,0.0004192501,0.0002635232
1944-10-31,,,,,,,,0.0019,0.0055,-0.0052,-0.0007,0.0084,-0.0009,0.0052573823,0.0040174113,-0.027299074,0.0187292368,0.0108777911,-0.0057026,-0.002060013,-0.000263009,0.0088406868,0.0045609773,0.0076479712,0.0142432976,0.0018345108,0.0003723909,0.0013101774,0.000948656,0.0008834545
1944-11-30,,,,,,,,0.0096,0.0296,0.0372,0.0117,0.0226,0.0317,0.0177539361,-0.006639101,0.0223281323,0.0262713445,0.0038891873,0.0170802012,0.0062056384,0.0127170971,0.0514056061,0.027358382,0.0069427174,-0.00444006,0.0029077799,0.0005427443,0.0022238654,0.001931901,0.0008626094
1944-12-31,,,,,,,,0.0602,0.069,0.1054,0.0252,0.0452,0.0974,0.0451988562,0.0218717446,0.0397098521,0.051447146,0.0168426069,0.0546850947,0.02675695,0.0203234393,0.0975777236,0.0212786279,0.0071246947,0.0312601545,0.0050190088,0.0008865035,0.0048902195,0.0030453876,0.001398942
1945-01-31,,,,,,,,0.0541,0.0501,0.0412,0.0074,0.0304,0.034,0.0109784499,0.0233821461,0.0140077554,0.0494988139,0.0076709685,0.0281054992,0.0366540501,0.0262788247,-0.0006915,0.0004726015,-0.021195041,0.0551678484,0.0087010926,0.0029014298,0.0122164408,0.0087737239,0.0055464905
1945-02-28,,,,,,,,0.0666,0.0878,0.1071,0.0515,0.0616,0.0998,0.0720622682,0.0535050402,0.0765829336,0.0730232876,0.0468318233,0.0753242913,0.0740260964,0.0396698759,0.0798805045,0.0463692516,0.0283892882,0.0615482102,0.007109121,0.0021031433,0.0051923078,0.0055796085,0.0028104007
1945-03-31,,,,,,,,-0.0469,-0.0634,-0.0628,-0.032,-0.0438,-0.0476,-0.042084066,-0.036161238,-0.060652441,-0.052741592,-0.020326596,-0.051999066,-0.039124449,-0.030162936,-0.03467247,-0.013005787,-0.001109654,-0.031896484,0.0013774427,0.0008375149,-0.001292065,0.00405927,0.0013540069
1945-04-30,,,,,,,,0.0793,0.0909,0.1007,0.0676,0.0803,0.1084,0.0863234086,0.0753981617,0.1115735955,0.0686829511,0.0633116573,0.0860655974,0.0613185678,0.0706180001,0.0944152666,0.0706177126,0.0251048871,0.0986227284,0.0073766397,0.0007372898,0.0034590744,0.0068325547,0.0030933572
1945-05-31,,,,,,,,0.0282,0.0221,0.0407,0.0202,0.0105,0.0144,0.0223542056,0.0050988929,0.0080133566,-0.009185807,0.0402027303,0.0085769935,0.0091224083,0.0244411566,0.0373113177,0.0615358247,0.0375060244,0.0197007742,0.0014127438,-0.000425255,0.0039327405,0.0002273944,-0.000708655
1945-06-30,,,,,,,,0.0304,0.0252,0.0686,-0.0121,0.0071,0.035,-0.020509084,-0.024201873,-0.015142373,-0.004904603,-0.040279652,0.0101442017,0.0361879756,0.0094484813,0.047545059,-0.03121427,0.0262969743,0.0516060304,0.0055029496,0.0012089758,0.0090024786,0.0049135485,0.0030751522
1945-07-31,,,,,,,,-0.0306,-0.0356,-0.0546,-0.0143,-0.0182,-0.045,-0.013547946,-0.024390531,-0.009846035,-0.032283636,-0.016173151,-0.033421433,-0.032988742,-0.014292197,-0.059108194,-0.001076873,0.0218132681,-0.003333353,0.0000567482,0.0001947223,0.0006207312,-0.001768545,-0.000052919
1945-08-31,,,,,,,,0.0778,0.0784,0.049,0.0862,0.0441,0.027,0.1012358336,0.0915513478,0.0941100339,0.022176183,0.091900663,0.085696088,0.0895866418,0.0773421119,0.0126840957,0.0822199338,0.0173903494,0.0102960961,-0.000512554,0.0012097914,-0.001357453,0.0013666011,0.0004044488
1945-09-30,,,,,,,,0.0669,0.0678,0.0645,0.0456,0.044,0.0573,0.0261203597,0.0615446592,0.0273735783,0.0196566893,0.0650763654,0.0630982231,0.0183290001,0.0627823622,0.0699383558,0.0563899773,0.019013698,0.0658864587,0.0025028941,0.0010189536,0.0027686387,0.0021541463,0.0012361615
1945-10-31,,,,,,,,0.0605,0.0666,0.0722,0.0236,0.05,0.0548,-0.006946516,0.0033541168,0.0020287011,0.0632648274,0.0661216114,0.0371991268,0.0731872705,0.0677392489,0.0544028225,0.0595939255,0.0235520202,0.0618169029,0.0051944275,0.0017572827,0.0044767247,0.004937997,0.0027960045
1945-11-30,,,,,,,,0.0935,0.0976,0.1154,0.0289,0.0583,0.0939,0.0309428807,0.0309895559,0.0261504671,0.0839835586,0.0858424527,0.0549676103,0.0488038612,0.0372943427,0.1002759433,0.0692257637,0.0338666047,0.0480502987,0.0037874242,0.0008759811,0.0040102148,0.0054261572,0.0032076676
1945-12-31,,,,,,,,0.0416,0.0312,0.0163,0.0177,0.0113,-0.0049,0.0232787524,0.0237473581,0.0254631703,-0.002563386,0.015319839,0.0130368578,0.045621968,0.0128600454,-0.00620925,0.0346027167,0.0047634217,-0.010228927,0.0090710788,0.0015096802,0.0079700838,0.0048354184,0.0023552766
1946-01-31,,,,,,,,0.0958,0.0887,0.1237,0.0609,0.0492,0.0786,0.0579788591,0.0538553759,0.0677673604,-0.00018099,0.0773369159,0.0955103145,0.0777078823,0.0474279553,0.0710442328,0.110752667,0.0190442822,0.1074774723,0.0122860018,0.0029859208,0.022781569,0.0041870165,0.0047811737
1946-02-28,,,,,,,,-0.0624,-0.0674,-0.073,-0.0589,-0.0496,-0.0738,-0.066470762,-0.048608536,-0.089787815,-0.046807511,-0.042791668,-0.071675565,-0.075829363,-0.048501824,-0.059701025,-0.04171633,-0.028051737,-0.058052569,0.0050959541,0.0021207433,0.0141075794,0.0027748908,0.0034183863
1946-03-31,,,,,,,,0.0653,0.0594,0.0581,0.0517,0.0704,0.0516,0.00893116,0.0718635812,0.0093909453,0.1092602676,0.1448289717,0.0514948445,0.0560465747,0.0649306004,0.0470658358,0.1092548839,0.0116224182,0.0641098086,0.0024702872,-0.001382156,0.0055837682,-0.000371487,-0.002373547
1946-04-30,,,,,,,,0.0437,0.0792,0.0639,0.0376,0.0516,0.0265,0.0120585105,0.0581883714,0.0139514554,0.0876155581,0.1453359736,0.0349805763,0.0093234355,0.0343593393,0.0189178831,0.0757878039,0.0160599186,0.0430093629,-0.012601334,-0.000802231,-0.01773733,-0.006551974,-0.00310636
1946-05-31,,,,,,,,0.0674,0.0512,0.0576,0.0319,0.0361,0.0637,0.0615525983,0.0374069933,0.0523085025,0.0368367402,0.0563193793,0.0533715793,0.0393469539,0.0332728646,0.0293750627,0.0210155103,0.0283173116,0.0310020487,0.0027449497,0.0012704284,0.0065532267,0.0002738716,0.0007826979
1946-06-30,,,,,,,,-0.047,-0.0515,-0.06,-0.0442,-0.0262,-0.0417,-0.046942191,-0.031709501,-0.059448868,-0.031298384,-0.054689288,-0.040798661,-0.025478674,-0.033197505,-0.034980361,-0.077329251,0.0029335792,-0.031730197,0.0047573299,0.0014798192,0.0032758715,0.0046214755,0.0034749103
1946-07-31,,,,,,,,-0.0483,-0.0337,-0.0505,-0.0273,-0.0239,-0.024,-0.033501415,-0.022292582,-0.047535715,-0.000587338,-0.032247633,-0.037523112,-0.044887445,-0.007268296,-0.050587498,-0.029446162,-0.000790763,-0.036279351,-0.00419063,0.0009018119,-0.00814423,0.0001614983,0.0000380762
1946-08-31,,,,,,,,-0.0851,-0.0833,-0.0738,-0.0635,-0.0622,-0.0627,-0.078946566,-0.061516063,-0.103420345,-0.056076734,-0.031657227,-0.06649825,-0.064499843,-0.052712374,-0.068610534,-0.04751472,-0.069980016,-0.053500769,-0.001035168,0.0000797214,-0.001569002,-0.001938236,-0.000664691
1946-09-30,,,,,,,,-0.1398,-0.1354,-0.1586,-0.0978,-0.0848,-0.1184,-0.10241353,-0.087794466,-0.148798718,-0.080949423,-0.069943757,-0.110180432,-0.134680488,-0.107285675,-0.145687485,-0.069898095,-0.04741534,-0.098307326,-0.004607725,-0.000516783,-0.002365642,-0.00288308,-0.001937803
1946-10-31,,,,,,,,-0.0318,-0.0083,0.0075,-0.025,-0.0174,0.0047,-0.029666444,-0.034298881,-0.033068832,-0.00697053,-0.00201637,-0.010469318,-0.013625935,0.0039260048,-0.003386889,-0.022991854,-0.051317032,0.0221664363,0.0068930153,0.002209149,0.0082160486,0.0018689583,0.002316779
1946-11-30,,,,,,,,-0.0158,-0.0061,0.0141,-0.0023,0.0074,-0.0017,-0.03584076,0.0322540916,-0.011338014,0.0054208705,0.0173705307,0.0133361734,0.0006790394,-0.013122013,-0.000038518,-0.049520901,0.0179490005,0.0105373868,-0.003870696,0.0001835463,-0.00423697,-0.002403436,-0.001119675
1946-12-31,,,,,,,,0.0571,0.0453,0.0423,0.0529,0.0524,0.0396,0.0503358093,0.0727973471,0.0615504036,0.0442104775,0.0723634097,0.0617316081,0.0835510608,0.0375051295,0.0155264868,0.0390842605,0.0377125079,0.0640813734,0.0090321352,0.0016255491,0.0104695104,0.005718947,0.0037728778
1947-01-31,,,,,,,,0.0453,0.0247,0.0325,0.0217,-0.0049,0.0198,0.0642828669,-0.006845455,0.108972996,-0.006248867,-0.053033731,0.0168471171,0.0233263508,0.0029768612,0.0006267936,0.0069950603,0.0101933266,-0.003370515,0.0033273565,0.0015772067,0.0021794686,0.0031926314,0.0023375079
1947-02-28,,,,,,,,-0.0128,-0.0058,0.0085,0.0005,-0.0134,-0.018,-0.031809109,-0.00225111,0.0151418566,-0.026644531,-0.042956937,-0.006938319,-0.02877238,-0.002381752,-0.011730511,-0.004550415,-0.020661497,-0.006920398,0.0031154476,0.0007726783,0.0040901726,0.0016609079,0.000793784
1947-03-31,,,,,,,,-0.0336,-0.0341,-0.0239,-0.0179,-0.0101,-0.0155,-0.032857892,-0.005796101,-0.027231531,0.0231214853,-0.01266377,-0.019092748,-0.023918386,-0.02101519,-0.036370825,-0.0225294,-0.021420383,-0.030449561,0.0025213671,0.0011429694,0.0041155928,0.0028587451,0.0022025459
1947-04-30,,,,,,,,-0.0935,-0.0796,-0.0811,-0.0514,-0.0368,-0.0468,-0.059395513,-0.036666915,-0.041173931,-0.004554789,-0.085137669,-0.066583098,-0.064237475,-0.065421472,-0.064147307,-0.081381905,-0.002378209,-0.033600579,-0.000351633,-0.000058713,0.0005003678,-0.000654349,-0.000912709
1947-05-31,,,,,,,,-0.0522,-0.0399,-0.036,-0.0111,0.0019,-0.0207,-0.000287528,-0.004357695,-0.02172413,0.0245896776,-0.026227305,-0.029743388,-0.010180921,-0.004848244,-0.021411402,-0.003790959,-0.011023974,-0.017498336,0.0025449907,0.0009947151,0.0021659411,0.0022638956,0.0011763015
1947-06-30,,,,,,,,0.0433,0.0529,0.0497,0.0646,0.0458,0.0453,0.0487593426,0.0731541866,0.0585500376,0.0779900855,0.0417321437,0.0466853595,0.0728816304,0.0644330605,0.0230710453,0.0982092153,-0.03172981,0.039404035,-0.001968352,0.0008587056,-0.003598324,0.000042546,0.0005319913
1947-07-31,,,,,,,,0.0523,0.0642,0.0704,0.0353,0.0348,0.0726,0.064023903,0.022209562,0.052021944,0.0386525719,0.0259944515,0.0485112956,0.0242280612,0.0465146489,0.0681053544,0.0461062837,0.0080734295,0.0253961771,0.0038699914,0.0009763072,0.0008717081,0.0013400308,0.0007767709
1947-08-31,,,,,,,,-0.0186,-0.0152,-0.012,-0.0185,-0.0145,-0.0224,-0.035761125,-0.004788996,-0.007616649,-0.022997209,-0.038324858,-0.01638999,-0.01283145,-0.013800744,-0.036098266,-0.035355624,0.0036209453,0.0023676412,0.0045353202,0.0009069687,0.0053530787,0.00422896,0.002914848
1947-09-30,,,,,,,,0.0041,0.0033,0.0263,-0.0068,-0.0065,-0.0017,0.0086637138,-0.006375073,0.0013227879,-0.027019134,-0.026202061,0.0146965699,0.007627211,0.003962042,-0.013430046,-0.027985009,0.0084091506,-0.013321044,-0.001372061,0.000798722,0.0005265704,0.0000385608,0.0001068527
1947-10-31,,,,,,,,0.0354,0.0332,0.0295,0.0223,0.0297,0.0305,0.0232862754,0.0155884795,0.0305494262,0.052482668,0.0122084823,0.0385893136,0.0307379661,0.0141764794,0.0050833417,0.0303357773,0.0021133628,0.0014302909,-0.007223271,0.0006061113,-0.009500839,-0.005101223,-0.003208639
1947-11-30,,,,,,,,-0.0448,-0.0336,-0.0263,-0.021,-0.015,-0.018,-0.012359636,-0.01175471,-0.026510765,-0.003521109,-0.03038335,-0.011113837,-0.016289138,-0.017581576,-0.020277603,-0.024077996,-0.025755033,-0.076305623,-0.008159955,0.0005972126,-0.005210011,-0.002931152,-0.000613361
1947-12-31,,,,,,,,0.0017,0.0143,0.0307,0.0201,0.0348,0.066,0.0302941762,0.0183436943,0.0219168451,0.0925248295,0.0310097945,0.0287451298,0.011660936,0.005692377,0.0433964508,0.0036069829,0.0043897413,0.0133047608,-0.013825826,0.0008877685,-0.007694081,-0.00634031,-0.001416052
1948-01-31,,,,,,,,-0.0175,-0.0246,-0.0017,-0.0456,-0.0402,-0.0337,-0.048347088,-0.04381751,-0.053730236,-0.07407902,-0.082216931,-0.042881048,-0.013938533,-0.026904106,-0.007804154,-0.032908036,0.0010490232,-0.001023982,0.0019567096,0.0009790598,0.0020352462,0.0013973322,0.0013323777
1948-02-29,,,,,,,,-0.0599,-0.0635,-0.0584,-0.0467,-0.0369,-0.0472,-0.039793592,-0.054873495,-0.054622061,-0.029571667,-0.03545341,-0.051899579,-0.051251335,-0.059422617,-0.03843674,-0.038029898,-0.010623491,-0.032121775,0.0051706471,0.0011244273,0.0020763026,0.0040381095,0.0019930652
1948-03-31,,,,,,,,0.0645,0.0835,0.1228,0.0788,0.0773,0.111,0.1081010815,0.075694674,0.0722459917,0.0992648826,0.0633359791,0.1089108343,0.078631142,0.0531316087,0.1025707744,0.0667324056,0.0195133026,0.0628796517,0.0049614366,0.0063363378,0.0030910631,0.0041032736,0.0018929616
1948-04-30,,,,,,,,0.0129,0.0285,0.0469,0.0227,0.0437,0.0711,-0.004772456,0.0288925079,0.0113959754,0.1109707862,0.0214382989,0.022319745,0.0438897657,0.0152200316,0.0310829987,0.0507466217,0.026525905,0.0152744396,0.0027826619,0.0005834456,0.0020635401,0.0031279239,0.0020685759
1948-05-31,,,,,,,,0.0935,0.0865,0.0748,0.0853,0.0649,0.0785,0.144614878,0.0726457131,0.1440390966,0.0604482229,0.0679272645,0.0794522601,0.0973598456,0.0504891204,0.061630186,0.085625383,0.0248077156,0.0549823595,0.0104685942,0.0027991944,0.0080451888,0.0074812767,0.0045550003
1948-06-30,,,,,,,,-0.0287,-0.0157,0.0048,-0.0063,0.0031,0.017,-0.008882858,0.0021048504,0.0028098988,0.0347140287,-0.021925738,-0.017364941,-0.001177875,-0.020446242,-0.0083422,-0.013081604,0.0044480293,0.0229646146,-0.00590005,-0.000481886,-0.004103205,-0.004650603,-0.000910375
1948-07-31,,,,,,,,-0.0505,-0.0527,-0.0549,-0.0501,-0.0531,-0.0436,-0.069869875,-0.052489292,-0.043686568,-0.071759048,-0.042536136,-0.048235555,-0.057285281,-0.016714902,-0.048005738,-0.077156195,-0.016510931,-0.041793279,-0.001895387,0.0015541622,0.0013875512,-0.002248465,-0.000649176
1948-08-31,,,,,,,,-0.0122,-0.0059,-0.0035,0.0088,-0.0021,0.0057,0.0258297239,-0.003783273,0.0112359921,-0.020057473,-0.019011192,0.0106547218,-0.008581709,0.0001921996,0.0210803221,0.0249141736,0.0005685333,0.0009571999,0.000768935,0.0011057268,0.0020297541,-0.000534842,0.0004334821
1948-09-30,,,,,,,,-0.0299,-0.0424,-0.0553,-0.0274,-0.0245,-0.0375,-0.031661163,-0.020305487,-0.038810071,-0.044639241,-0.030818115,-0.029888415,-0.009166749,-0.039423858,-0.040348944,-0.00931913,-0.002499138,-0.009078087,0.0015210336,0.0000499066,0.0019851863,0.0022802738,0.0005189627
1948-10-31,,,,,,,,0.0407,0.0465,0.0539,0.0643,0.0585,0.0627,0.0732162557,0.0670125904,0.0795167673,0.0919839689,0.0518984741,0.0657765087,0.060912093,0.0363225508,0.046857356,0.0415314391,0.0109615419,0.0443918697,0.0006661933,0.000589019,0.0018840113,-0.002001471,0.0009787496
1948-11-30,,,,,,,,-0.0971,-0.0977,-0.1296,-0.084,-0.0876,-0.1345,-0.107932973,-0.081474186,-0.118677899,-0.121699102,-0.057373086,-0.10729058,-0.086775195,-0.061896851,-0.110662069,-0.057291941,-0.019805159,-0.090397117,0.0064487748,0.0019896928,0.0027904811,0.0078219479,0.0027187376
1948-12-31,,,,,,,,0.0135,-0.0002,0.001,0.0494,0.0275,0.0229,0.0616714735,0.0683080636,0.0343689362,0.0471904615,0.0453759701,0.0271540763,0.0611746631,0.0067395623,0.0203333633,0.0147496762,0.0115615817,0.0264916604,0.0050679816,0.0013229512,0.004398191,0.006850343,0.0031691643
1949-01-31,,,,,,,,0.0124,0.0174,0.0298,0.0056,-0.0107,0.0132,-0.015873487,-0.002137595,0.0243622998,-0.038348633,0.045591153,0.0056422835,-0.008747016,0.0368321492,0.0062283488,0.0117032885,-0.0134756,0.0474248441,0.0054605516,0.0013147868,0.0049987246,0.0063551246,0.0026695284
1949-02-28,,,,,,,,-0.0541,-0.0386,-0.0562,-0.0249,-0.0274,-0.0405,-0.052110118,-0.028420467,-0.03691991,-0.042840125,-0.009323621,-0.035370552,-0.007455531,-0.019179217,-0.038355402,-0.022394044,-0.003965229,0.0066717027,0.0035135186,0.0013278512,0.0046540442,0.0014764995,0.0010119622
1949-03-31,,,,,,,,0.0641,0.0554,0.0821,0.0424,0.0342,0.0505,0.0548093192,0.0349646123,0.0342670133,0.060534497,0.0549643744,0.0383333789,0.0744799049,0.03173218,0.0425112977,0.0436407958,0.0132726852,0.0379962954,0.0046840539,0.0008856004,0.002777035,0.0049857793,0.00217125
1949-04-30,,,,,,,,-0.0168,-0.0306,-0.0338,-0.0208,-0.0066,-0.0262,-0.032164672,-0.021589147,-0.042233671,0.0125361963,0.0025123012,-0.044751263,-0.003304626,-0.016467821,-0.01905722,-0.016267031,-0.016850561,0.0125708498,0.002161785,0.0015250268,0.0006985657,0.0040193264,0.0015886886
1949-05-31,,,,,,,,-0.0386,-0.0374,-0.0514,-0.0189,-0.0311,-0.0538,-0.04389219,-0.008767838,-0.028385463,-0.056405328,-0.018861657,-0.050608079,-0.019211602,-0.003697698,-0.029551614,0.0008358856,-0.022023978,-0.006457354,0.003057097,0.0010943286,0.0018035557,0.0019983205,0.0020797637
1949-06-30,,,,,,,,-0.0138,-0.0118,-0.0112,0.0111,0.0024,-0.0245,-0.004912477,0.0058611452,0.0128819406,-0.011500573,0.0214887146,0.0011521882,-0.006973633,0.0102571174,-0.015910373,0.0286439605,0.0110673737,-0.010359004,0.0107331234,0.0016537565,0.0118167966,0.0087349165,0.00399052
1949-07-31,,,,,,,,0.065,0.0721,0.0574,0.0525,0.0576,0.0679,0.0764041606,0.0500656905,0.0943131978,0.0623912418,0.0599951673,0.0634858743,0.0632172141,0.0494150637,0.0360706287,0.0515727529,0.0241197504,0.0473565206,0.0041726402,0.0014625068,0.0075208238,0.0041957329,0.0021308217
1949-08-31,,,,,,,,0.0327,0.0354,0.0195,0.0271,0.0277,0.0285,0.0055738051,0.0326927147,0.0231194261,0.0548668794,0.0018893311,0.0150153955,0.0262489061,0.0397389882,0.0121551395,0.0150424467,0.0097604201,0.0362425362,0.0074031368,0.0011817115,0.0078480076,0.0061847553,0.0019148965
1949-09-30,,,,,,,,0.0543,0.0418,0.0417,0.0265,0.0361,0.0436,0.0377997597,0.0459504604,0.0264613193,0.0302786218,0.0185574224,0.034718493,0.0629204035,0.0282969145,0.0258894647,0.0232397046,0.0122754153,0.0401720494,0.0021817511,0.0005757599,0.0029034628,-0.001208656,0.0006856434
1949-10-31,,,,,,,,0.0509,0.0348,0.041,0.0327,0.0305,0.0327,0.0413505809,0.0472690255,0.0734236101,0.0371371621,0.0337645828,0.039623406,0.0421064103,0.0153020352,0.0188824632,0.0066196156,0.0186864265,0.0137360763,0.0023915045,0.0010159023,0.0026629602,0.0018199919,0.0006857548
1949-11-30,,,,,,,,0.0046,0.01,0.002,0.0294,0.0014,0.014,0.0312084868,0.0482354684,0.0474642881,-0.027615848,0.0480647541,0.0251963698,0.0293645815,0.0184452224,0.0075044926,0.0209674119,0.0167203631,0.030068209,0.0030034578,0.0009285539,0.0039269984,0.0023562757,0.0007359552
1949-12-31,,,,,,,,0.0695,0.0655,0.0881,0.0534,0.038,0.0695,0.1025162945,0.0589208362,0.0827273231,0.0110556285,0.0869654123,0.0671631932,0.0613066085,0.0512843781,0.0744272817,0.0474476277,0.0155765406,0.0363702768,0.0056386811,0.0015796252,0.0063842708,0.0031579038,0.0014612919
1950-01-31,,,,,,,,0.0724,0.0461,0.047,0.0086,0.0195,0.037,0.0533026573,0.0087389558,0.0187417354,-0.006024281,0.0103990275,0.0260432374,0.0175628649,0.0145424897,0.0385603008,0.0044840712,0.0186659795,0.0338973458,-0.00496488,0.000645204,-0.00534894,-0.00317802,-0.000441903
1950-02-28,,,,,,,,0.0164,0.0198,0.0057,0.0157,0.0148,0.0107,0.0350920987,0.0124306157,0.034930972,-0.004822352,0.0196656309,0.0242116833,0.035506334,0.0051424975,0.0045953268,0.0232175076,0.0067142797,0.0221207863,-0.000599307,0.000979678,-0.001251452,0.001460944,0.0007053033
1950-03-31,,,,,,,,0.0243,-0.0112,-0.0197,0.0192,0.0093,0.0076,0.0355364774,0.0296814165,0.0186615748,0.0477464388,-0.029390897,-0.007999201,-0.001512058,-0.005924572,-0.008431339,-0.001819357,0.0452951609,0.0061753761,-0.001008906,0.000642318,-0.00269823,0.0002762703,0.0002219362
1950-04-30,,,,,,,,0.0582,0.0536,0.0751,0.0435,0.0302,0.0533,0.0495872522,0.0933687656,0.1055718309,0.0320337208,0.055839188,0.0603759427,-0.005123443,0.0018312101,0.0218415361,-0.003412271,0.0235680485,0.0038292503,-0.001620632,0.0007328891,-0.001630051,-0.001521163,0.0004347104
1950-05-31,,,,,,,,0.0161,0.028,0.0303,0.0464,0.0505,0.0415,0.0055398366,0.0735761037,0.064400083,0.0875363661,0.0390937031,0.0465718426,0.0477733594,0.0209230456,0.0026293323,0.0316982609,0.0195512765,0.0201485374,0.000798207,0.0010246904,0.0011077557,0.0031091077,0.001703096
1950-06-30,,,,,,,,-0.0709,-0.0789,-0.091,-0.0545,-0.0637,-0.0502,-0.081491663,-0.067870907,-0.040517041,-0.045196752,-0.04221988,-0.064149776,-0.07690812,-0.057288156,-0.066466058,-0.044227547,-0.042224961,-0.075619142,-0.00177056,0.0010382656,-0.002654473,-0.002206021,0.0003910153
1950-07-31,,,,,,,,0.0076,0.0341,0.1157,-0.0347,0.0447,0.131,-0.029551783,-0.035173069,-0.027148489,0.0881389573,-0.069433757,0.0574264354,-0.059452958,0.0044380431,0.1215104471,-0.009644061,-0.013251251,-0.05195436,0.0026797736,0.0007413961,0.0017997479,0.0066143925,0.0019785464
1950-08-31,,,,,,,,0.0436,0.0555,0.0513,0.0609,0.0415,0.0258,0.0500023186,0.081231425,0.0923067287,0.0431723907,0.0367653399,0.0525875661,0.0437097359,0.0394182723,0.017569895,0.0437807278,0.0256389349,0.0339008321,0.0021298962,0.0004430369,0.0033092272,-0.000501553,-0.000318221
1950-09-30,,,,,,,,0.0601,0.0491,0.0503,0.0579,0.0383,0.0456,0.0476580525,0.0385661024,0.0878031957,0.0353455104,0.0615634328,0.0499664238,0.0850325057,0.0486128182,0.0591863427,0.0846224592,-0.004529585,0.0446266644,-0.002144949,0.0004260093,-0.002436634,-0.003441975,-0.001222496
1950-10-31,,,,,,,,-0.0046,-0.0024,0.0007,-0.0018,-0.005,0.0202,-0.011884898,-0.007055253,0.0059552138,0.0028938574,-0.017611972,0.0101001837,-0.010466556,-0.003836957,-0.016332953,0.0085905306,0.002074839,-0.008262219,-0.001197601,0.0003015765,0.0010546994,-0.002970223,-0.000498458
1950-11-30,,,,,,,,0.0039,0.0209,0.0487,0.0234,0.0342,0.0424,0.0108159988,0.0714012176,-0.026198964,0.0527565679,0.0467534485,0.0551341468,0.0272352043,-0.0001817,0.0430765474,0.0111996341,-0.002391453,-0.010751056,0.0007877084,0.0014911283,0.0014735051,0.0011895517,0.0016793812
1950-12-31,,,,,,,,0.0525,0.0739,0.1256,0.0336,0.0667,0.1059,0.0444186908,0.0583103391,0.0150832519,0.0869328625,0.0606252859,0.0693988336,0.0440418606,0.0285617014,0.1301943946,0.027591045,0.0188575928,0.0369711949,0.0017486408,0.0008163289,0.0014777026,0.0005006446,0.0010370816
1951-01-31,,,,,,,,0.066,0.0702,0.1065,0.0516,0.0541,0.0869,0.0944512874,0.0466453093,0.0922487215,0.0623965441,0.0303494335,0.0674983926,0.0222497432,0.0466096937,0.0760482404,0.0361689809,0.0185008755,0.0513697854,0.0049543428,0.0011753792,0.0025230356,0.0038934212,0.0012073441
1951-02-28,,,,,,,,0.0163,0.0131,-0.0005,0.0224,0.0187,-0.0166,0.0104594436,0.0246731059,0.0279422476,0.0099788021,0.0149096622,0.0042032877,0.0233966246,0.0096284155,-0.011316576,0.0309809396,0.0407951871,0.0286662371,-0.001913937,0.0011679915,0.0007610039,-0.000827625,0.0008688501
1951-03-31,,,,,,,,-0.0142,-0.0327,-0.0569,-0.0072,-0.027,-0.0498,-0.006283871,-0.018887827,0.0120321496,-0.024138759,0.0174901389,-0.03719435,0.0036700269,-0.028245437,-0.037984163,-0.020917362,-0.010697544,-0.013406543,-0.015586617,-0.003076287,-0.013845564,-0.01276803,-0.00650457
1951-04-30,,,,,,,,0.0224,0.038,0.0639,0.0442,0.0567,0.0679,0.0315578897,0.076902039,0.0342833461,0.1077248723,0.1054221669,0.0613809542,0.036255466,0.0096753079,0.0372859849,0.003686114,0.0079553635,0.0026634695,-0.012901743,0.0024602546,-0.012140627,0.0052140085,0.0029056996
1951-05-31,,,,,,,,-0.0185,-0.026,-0.035,-0.0235,-0.0183,-0.0353,-0.026987622,-0.005079229,-0.053306015,-0.029103038,0.0145600438,-0.032661658,-0.015322524,-0.013763128,-0.037632096,-0.013163448,-0.003588995,-0.000155572,-0.003333351,0.0019707675,-0.002834482,-0.003412267,0.001245784
1951-06-30,,,,,,,,-0.0393,-0.0479,-0.0727,-0.022,-0.0108,-0.0682,-0.015188803,-0.013448125,-0.068376332,0.009331248,0.0087821506,-0.05328312,-0.001951242,-0.035987612,-0.065901489,-0.026922476,-0.000552199,-0.005243923,0.0020838292,0.0016145934,-0.00094398,0.0025150755,0.0019570244
1951-07-31,,,,,,,,0.0534,0.0508,0.0662,0.0671,0.0705,0.0944,0.0554436711,0.0818939153,0.0310226482,0.1136964785,0.1458361849,0.0838984895,0.0591026131,0.0312927981,0.0787461306,0.0283421766,0.0279729864,0.0530174654,0.0088880666,0.0027380485,0.0062706949,0.0063520609,0.0036737087
1951-08-31,,,,,,,,0.0598,0.054,0.0496,0.0424,0.0433,0.0492,0.0627598504,0.0227738536,0.0699809294,0.0573719899,-0.014295369,0.0660347831,0.0411762391,0.0350737247,0.0323570158,0.0263783657,0.0264368847,0.0212513282,0.0156165259,0.0021457633,0.0165150171,0.0046291081,0.0033594314
1951-09-30,,,,,,,,0.0236,0.0287,0.0278,0.0058,0.0043,0.014,0.0239108801,-0.012365769,0.0266709658,-0.007609903,-0.018238574,0.0156060062,0.0124923298,-0.004101008,0.0431878615,0.0339543097,-0.000397417,0.0132499955,-0.008861458,-0.000284743,-0.007941135,-0.003941136,-0.00239169
1951-10-31,,,,,,,,-0.0203,-0.0162,-0.0342,-0.038,-0.0051,-0.0206,-0.058709018,-0.072150344,-0.020229534,0.011700248,-0.0597011,-0.023795473,-0.019830016,-0.031193842,-0.041224311,-0.031129958,-0.010784003,0.0070901077,-0.0006824,0.0023529895,-0.000439865,0.0033798297,0.0025759206
1951-11-30,,,,,,,,0.0046,0.0044,0.0034,0.0079,0.0069,0.0075,0.0152534419,-0.000951532,0.0200324593,-0.007894637,-0.004851213,0.0109472311,0.0323715849,-0.000672739,0.0175005241,0.015103017,0.0049247596,0.0167179333,-0.003949125,0.0017417475,-0.008468116,0.0006619656,0.0011309609
1951-12-31,,,,,,,,0.0115,0.0095,0.0069,0.0426,0.0361,0.0162,0.0524808994,0.0793265945,0.0246472275,0.0472667254,0.0514490101,0.0241454454,0.0617378559,0.0191131593,0.008367527,-0.00266007,0.0087282449,0.0326111423,-0.000411161,-0.002614336,-0.004361047,-0.004389729,-0.003702916
1952-01-31,,,,,,,,0.0169,0.018,0.013,0.0042,0.0253,0.0377,-0.017366921,-0.030124907,-0.011628808,0.0659080916,0.0060786744,0.0148091244,0.028441416,0.0046091286,0.0351804658,-0.004568326,0.0020240405,0.030626071,0.0044048414,0.0053418873,0.0066580518,0.0048488567,0.005488357
1952-02-29,,,,,,,,-0.0201,-0.0198,-0.0195,-0.0218,-0.0282,-0.0349,-0.03706602,-0.03210972,0.0044908706,-0.034040759,-0.040903321,-0.041222402,-0.001642998,-0.020776234,-0.020354637,-0.037643076,-0.006170124,0.0066242553,-0.000674143,0.0016603489,0.0009475011,0.0000242863,0.0015537467
1952-03-31,,,,,,,,0.0121,0.0229,0.0342,0.0437,0.0484,0.0662,0.061632977,0.0327335856,0.0831686972,0.0871081197,0.0035503603,0.0261070214,0.0381974917,0.0177773494,0.0657800402,0.025372343,0.0125672809,0.0223506348,0.0088635242,0.0034482172,0.0066327024,0.0068225277,0.0055660175
1952-04-30,,,,,,,,-0.0481,-0.0484,-0.04,-0.0466,-0.0493,-0.0553,-0.034773162,-0.071637815,-0.030061711,-0.077148196,-0.055070157,-0.061203918,-0.017404181,-0.033888753,-0.039593124,-0.018233169,-0.007527212,-0.018542582,0.015858254,0.0021452522,0.0184201552,0.0045235609,0.0036401105
1952-05-31,,,,,,,,0.0231,0.0208,0.0269,0.0379,0.0284,0.0346,0.0324256004,0.0615060214,0.0400230648,0.0353172174,0.0240496833,0.0303197716,0.0271539021,0.0216933191,0.0313889344,0.0258630797,0.0103584869,0.029134469,0.0025321487,0.0008855366,0.0000145405,-0.002053152,-0.000189013
1952-06-30,,,,,,,,0.0166,0.0287,0.0337,0.0391,0.0419,0.0468,0.0662301942,0.0371118236,0.0522990847,0.0546300733,-0.008615863,0.0453172984,0.0258764129,0.0288298974,0.0450148059,0.0301582984,0.0205919774,0.0113649627,-0.001173155,-0.000058353,-0.000822128,-0.000602481,-0.001641759
1952-07-31,,,,,,,,0.0097,0.0156,-0.0017,0.0116,0.0078,0.0166,0.0106347625,0.0142250596,0.025283503,-0.010212823,-0.043776524,0.0282494807,0.025317637,0.0058272582,0.0067099669,0.019369372,0.0024578183,0.0202813702,-0.000938474,0.0003738313,-0.000759592,-0.005397595,-0.002280359
1952-08-31,,,,,,,,0.0003,0.0096,0.003,-0.0089,-0.0028,-0.0097,-0.001405228,-0.015452857,0.0203724146,-0.026616709,-0.005691311,-0.016958385,-0.011884069,0.0096496826,0.0021704065,-0.003029091,0.0088547654,0.0182868729,-0.005721529,0.0002712044,-0.005722049,-0.003392954,-0.000522082
1952-09-30,,,,,,,,0.0017,-0.0083,-0.0212,-0.0183,-0.0186,-0.0238,0.0124483797,-0.016843104,-0.007791099,-0.043029401,-0.040983421,-0.022808244,0.0026683783,-0.028321484,-0.01914397,-0.007654979,-0.003414893,0.0030645804,-0.01068602,0.0015792345,-0.011836471,-0.006697751,0.0006443849
1952-10-31,,,,,,,,-0.0074,-0.0162,-0.0198,-0.0058,-0.0025,-0.0043,-0.003825854,-0.018530054,0.0120282354,0.0038987261,-0.014900239,-0.015347515,-0.032888014,-0.008823439,-0.009637654,-0.010941991,0.0091719946,0.0036116412,0.0136462616,0.0026992374,0.0125513392,0.009735399,0.0040008055
1952-11-30,,,,,,,,0.0551,0.056,0.0607,0.0621,0.0546,0.0769,0.0960021352,0.0975089572,0.0652314516,0.0207933171,0.0722340331,0.0791734424,0.0777826221,0.0601669575,0.0712968202,0.0453648257,0.0407152841,0.0508848254,0.0003344936,0.0000166742,-0.000600922,0.0024697253,0.0015011185
1952-12-31,,,,,,,,0.0191,0.0173,0.0172,0.0315,0.0303,0.0371,0.0328068547,0.015920219,0.0701350285,0.0455431813,-0.019460525,0.0331827976,0.0407760057,0.0143245782,0.0359033797,0.0129940468,0.0088020019,0.0201387436,-0.006077619,0.001657277,,0.0003441222,0.0012484568
1953-01-31,,,,,,,,0.0379,0.0355,0.0383,-0.0097,-0.0004,0.0155,-0.025321389,0.0015459561,-0.003576659,-0.029979831,-0.050901403,0.0091612562,-0.000191219,0.0214847165,0.0143472316,0.0084097575,0.0097698417,0.009304408,0.0005787248,0.0031878566,,-0.003331681,0.0004379363
1953-02-28,,,,,,,,0.0132,0.0231,0.0183,-0.002,-0.0017,-0.0081,0.0027809678,-0.025028563,-0.011580445,0.0033650492,0.0205405221,0.0011980838,-0.001839854,0.0174840541,-0.002637049,-0.001526813,-0.003935495,0.0048896031,-0.008515366,0.0004322338,,-0.002648202,0.0001211363
1953-03-31,,,,,,,,-0.0174,-0.0176,-0.0201,-0.0118,-0.0114,-0.0258,-0.009798789,0.000773492,-0.043520469,-0.005619895,-0.001752198,-0.025861493,0.00659612,-0.017486276,-0.020934061,-0.004977519,-0.004095431,0.0019289617,-0.005260545,0.0014710109,,-0.002096534,-0.001040814
1953-04-30,,,,,,,,-0.0309,-0.0231,-0.0114,-0.0301,-0.0247,-0.0186,-0.0062939,-0.032439249,-0.019712586,-0.051645751,-0.05349075,-0.021177496,-0.044981552,-0.001285474,-0.0282001,-0.007938261,-0.010786795,-0.029755969,-0.010499965,-0.001994998,,-0.010959778,-0.007219835
1953-05-31,,,,,,,,0.007,0.0091,0.0072,0.0085,0.0031,0.0134,0.0156642083,-0.000320275,-0.000149969,0.0184323831,-0.00176456,0.0025233292,0.0063102528,0.0025052524,0.0172090991,0.0150582973,0.0038183256,-0.001539844,-0.016560665,-0.001031138,-0.004699934,-0.020231935,-0.009084062
1953-06-30,,,,,,,,-0.0324,-0.0333,-0.04,-0.0161,-0.0143,-0.0185,-0.023017603,-0.015340448,-0.03348353,-0.000766006,-0.031019162,-0.027505998,-0.029687448,-0.008367381,-0.01793925,-0.021902963,0.004875423,-0.028214764,0.021546034,0.0061373521,0.008198117,0.0216548865,0.0123040517
1953-07-31,,,,,,,,0.0088,0.0152,0.0147,0.0298,0.0212,0.0189,0.0238867036,0.0298381993,0.007230503,0.0393374096,0.0365748168,0.0231655272,0.0130269191,0.0272149761,0.0147060216,0.0198065474,0.0093947691,0.0341505926,0.0066938074,0.0037144241,0.0069526688,0.0066736505,0.004815092
1953-08-31,,,,,,,,-0.033,-0.0531,-0.0631,-0.0401,-0.0395,-0.0805,-0.049287453,-0.028201187,-0.063571719,-0.063646451,0.0005113818,-0.059991714,-0.02957522,-0.034969666,-0.080647443,-0.023450029,-0.008418212,-0.003452931,0.0007124098,0.0032707435,0.0050483748,0.000312935,0.0005507442
1953-09-30,,,,,,,,0.0004,-0.0085,-0.0228,0.009,0.0019,-0.0165,0.035031888,0.015503456,-0.008229423,-0.019245515,0.0042350908,0.0095367288,0.0051086446,0.0025791626,-0.015214098,0.0010266512,0.0177199146,0.0165140727,0.0297317634,0.0047698912,0.0220191895,0.0259143693,0.0151207339
1953-10-31,,,,,,,,0.0314,0.0367,0.0318,0.0508,0.0433,0.0466,0.0708444127,0.0467598435,0.0774251325,0.0563936516,0.0265559208,0.0701709816,0.0452985653,0.0069130372,0.0340732147,0.0086286268,0.0139607515,0.0444724756,0.0055822034,0.005702279,0.0182317752,0.0065104018,0.0060276926
1953-11-30,,,,,,,,0.0153,0.0219,0.0129,0.0337,0.0223,0.0332,0.056814824,0.046794969,0.0049064738,0.0199178683,0.0798309829,0.0363461408,0.0408763914,0.0035302599,0.0228022789,0.0334120781,0.0226515648,0.0300512851,-0.005092357,0.0019431171,0.0026083675,-0.000548849,0.0009635935
1953-12-31,,,,,,,,0.0026,-0.0128,-0.0275,0.0053,0.0036,-0.0212,0.0059271829,0.007857196,-0.012094109,0.0044069603,-0.013443137,0.0055190209,0.0026744977,-0.006215256,-0.032545803,0.0125219048,0.0054175018,0.0069116665,0.021403273,0.0023867856,0.0197187098,0.016547434,0.0085898854
1954-01-31,,,,,,,,0.0474,0.0662,0.0825,0.0447,0.0579,0.0785,0.0682708326,0.0125046158,0.0530747129,0.0871016589,0.0574254338,0.0687584844,0.0419775458,0.0416377429,0.0759281565,0.033066357,0.0192112246,0.0329393066,0.0134652,0.0069049594,0.0089296997,0.0050894563,0.0086724168
1954-02-28,,,,,,,,0.0109,0.015,0.0145,0.0166,0.0216,0.0076,0.0516965171,-0.000544222,0.0171231431,0.0288860617,-0.00324858,0.0176254524,0.01530845,-0.002897465,0.0151605958,0.0045118987,0.0257811763,0.0156434721,0.0137241386,0.003316756,0.0239635954,0.0083956106,0.0077180221
1954-03-31,,,,,,,,0.0264,0.0313,0.0224,0.0425,0.0352,0.0176,0.0931113297,0.0466133926,0.0350135326,0.0424264348,0.0030341509,0.0503449433,0.0489125383,0.0137204115,0.0063829341,0.0037903166,0.0174759871,0.0300235071,0.0070012759,0.0007735309,0.0058303095,0.0066324669,0.0027488454
1954-04-30,,,,,,,,-0.0025,0.023,0.0031,0.0531,0.0344,0.04,0.098076258,0.0648310497,0.0412792468,0.0614794147,0.0117374394,0.0513834658,0.0534926684,0.0103148813,0.0188042866,0.0154375123,0.0197261949,0.0116254289,0.0083724043,0.0041855498,0.0103769761,0.0122799893,0.0041753882
1954-05-31,,,,,,,,0.0399,0.0425,0.051,0.0287,0.0263,0.0666,-0.012394529,0.0384551427,0.044384861,0.02971475,0.0144827752,0.0490411243,0.01438139,0.0247726962,0.0558380888,0.028355138,0.0123155203,0.0266991165,-0.013884243,0.0004005582,-0.008705769,-0.013616551,-0.003827625
1954-06-30,,,,,,,,0.0057,0.0181,0.0139,0.0185,-0.0028,0.0107,0.1095472246,0.0396502675,0.0113796866,-0.058531748,-0.026727722,0.0323789326,0.0262983696,0.0053556867,0.0096006659,0.0249060449,0.0050546837,0.0140520197,0.0122932692,0.0040194279,0.0162627409,0.013627202,0.0066438642
1954-07-31,,,,,,,,0.0555,0.0691,0.0912,0.0428,0.0515,0.09,-0.004716287,0.0215658822,0.0984238052,0.0418235104,0.0821070968,0.0690136473,0.0747198795,0.06387503,0.0656284994,0.0421100969,0.0435805158,0.0540962729,0.0066849412,0.0017962872,0.0134430167,-0.000546336,0.000812204
1954-08-31,,,,,,,,-0.0012,0.0012,-0.009,-0.0298,-0.0093,-0.0504,-0.049533936,-0.02953283,-0.033589617,0.0052209864,-0.025636766,-0.041946693,-0.003140563,-0.026957091,-0.030488484,-0.002157854,-0.014256575,-0.017175841,-0.004314573,0.0000836754,-0.003602532,-0.000943044,0.0004117084
1954-09-30,,,,,,,,0.029,0.0466,0.0467,0.0689,0.0657,0.0647,0.0676707326,0.070781879,0.1446147803,0.1000785993,0.0282392994,0.0615292129,0.0314602187,0.0388071776,0.04785447,0.0484443668,0.024651147,0.0200996708,0.0013359505,-0.001524901,-0.000973537,-0.000464671,-0.001099331
1954-10-31,,,,,,,,0.006,-0.0101,-0.0072,-0.0226,-0.0102,0.0034,-0.015614899,-0.041818296,-0.007651451,-0.019843543,-0.016212922,0.0065053222,-0.014172487,-0.022192529,0.0138833552,-0.025268197,-0.008524118,-0.038021643,-0.00041533,-0.000513455,0.0006282061,-0.001371512,-0.000940776
1954-11-30,,,,,,,,0.0709,0.0894,0.0968,0.096,0.0816,0.1591,0.1209799936,0.1416337703,0.0446673272,0.0804415347,0.1255806956,0.1375990679,0.1077738075,0.0608683051,0.1135414849,0.0840126605,0.0341891832,0.0563727726,-0.004042965,0.0015805625,-0.002495935,-0.002109751,-0.000124847
1954-12-31,,,,,,,,0.0754,0.095,0.1142,0.0428,0.0589,0.1176,0.0293656429,0.0369054124,0.0725440814,0.0647116272,0.0611948555,0.0807558118,0.0594707716,0.0434522545,0.106508239,0.0225563519,0.0158392896,0.0356682886,-0.000046788,0.000787946,0.0064144399,-0.000540805,-0.000332831
1955-01-31,,,,,,,,0.0158,0.0123,0.023,0.0008,0.0077,0.0355,0.0386424607,-0.027670312,0.0052572574,0.0050044682,-0.028844598,0.0155416751,0.0033239048,0.002888049,0.0109047707,0.0174154766,0.0077983736,0.0145581665,-0.013176258,-0.002491624,-0.024115886,-0.003561742,-0.002253962
1955-02-28,,,,,,,,0.0381,0.0542,0.0466,0.0306,0.0275,0.0342,0.0451958381,0.0439063062,-0.010384047,0.0230893646,0.0286148144,0.040601104,0.0201277186,0.0138727332,0.0449347746,0.0130866644,0.0400640843,0.0364546126,-0.004624073,-0.004563966,-0.007836471,-0.005454174,-0.0063266
1955-03-31,,,,,,,,-0.0067,-0.0027,0.0067,-0.0028,-0.0026,0.0223,-0.013238595,-0.012519887,0.0002328787,-0.002725029,0.0612424165,0.0136760135,0.0109239311,-0.006917822,0.0081755646,-0.014088887,-0.002141509,-0.007608246,0.0046127545,0.002398984,0.0060477885,0.0015822058,0.0026050887
1955-04-30,,,,,,,,0.0149,0.0111,0.0264,0.0409,0.0197,0.0443,0.0471205481,0.0754512515,0.0575595696,0.0053100041,-0.000100826,0.0265748787,-0.01460681,0.0406105116,0.0523693209,0.0183759867,0.0196895832,0.0263248587,-0.003321343,0.0000681785,0.0015058152,-0.000739109,-0.000602025
1955-05-31,,,,,,,,0.0057,0.0047,0.0041,0.0195,0.0006,0.002,-0.002656259,0.0485159612,-0.01158439,-0.00652283,0.0312179654,0.0181931953,0.022282192,-0.002577383,0.0141902283,0.0301457008,0.0129454146,-0.001368193,0.0066704516,0.0032334239,0.0077802466,0.0030922101,0.0029551268
1955-06-30,,,,,,,,0.0211,0.0337,0.0354,0.0659,0.0742,0.0885,0.0311646788,0.1164171019,0.0979424639,0.1112881812,0.0018299382,0.0786793507,0.0384079375,0.0230227107,0.0178896744,0.0441271363,0.0070720403,0.0165123693,-0.008034575,0.0002458106,-0.006313661,-0.005661628,-0.003684652
1955-07-31,,,,,,,,-0.0173,0.0105,0.0129,0.0263,0.0119,0.0039,-0.027379811,-0.017740406,0.1960472374,0.0276440542,0.0013405405,-0.008545253,-0.008253316,0.0205696188,-0.01653431,0.0203646809,0.0261145386,0.0367947837,-0.012881035,-0.001388151,-0.008904892,-0.009647138,-0.006833867
1955-08-31,,,,,,,,-0.0013,0.006,0.0027,0.0035,0.0033,0.0145,0.003020286,0.0234230072,-0.04265967,-0.010997221,0.0015211491,0.0342542064,0.0078865428,-0.006746979,0.0049377984,0.0161636878,-0.024427859,0.0004571184,0.0066567537,-0.000513984,0.001066844,0.002955633,0.000814705
1955-09-30,,,,,,,,-0.007,-0.0046,-0.0036,0.0005,-0.0015,-0.0231,-0.049108531,-0.02607249,0.0924985582,-0.003760629,-0.031728463,0.0040566928,-0.039051056,-0.015840116,-0.022586379,0.0341761905,0.0103261543,-0.026470777,0.0102850947,0.0056474028,0.0102068976,0.0091037419,0.0078437443
1955-10-31,,,,,,,,-0.0154,-0.0078,-0.0129,-0.0281,-0.0192,-0.0328,-0.057007529,-0.023614757,-0.050093419,-0.00990504,0.0081506376,-0.034143663,-0.011425868,-0.009364427,-0.031383027,-0.025030396,-0.011596979,-0.009691686,0.0096217471,0.0024401454,0.0100511176,0.0075016494,0.0055843835
1955-11-30,,,,,,,,0.0603,0.0486,0.0526,0.0831,0.047,0.0974,0.1108109788,0.0723811565,0.0924417612,0.0857798773,0.0628509131,0.0833101184,0.0383643174,0.03557903,0.0994104913,0.0601777986,0.016467711,0.0337377746,-0.006774285,-0.002490061,-0.002671496,-0.005326911,-0.004373049
1955-12-31,,,,,,,,0.031,0.0225,0.0257,0.0198,0.0169,-0.0171,0.0595184673,0.0226489211,-0.040657349,0.0369610424,0.0622721502,0.0304322104,0.0208506501,0.0111479731,-0.016142903,-0.007495088,0.008297317,-0.001095752,-0.000502396,0.0011712467,0.0044421523,-0.000355641,-0.000038321
1956-01-31,,,,,,,,-0.0208,-0.0202,-0.0171,-0.0363,-0.0134,-0.0235,-0.053453775,-0.046459357,-0.067352669,0.0056475958,-0.064620166,-0.045378158,-0.036161045,-0.016218887,-0.024842782,-0.044410827,0.0183365814,-0.003316264,0.0123696062,0.0071578024,0.0070215108,0.0099080538,0.0098273997
1956-02-29,,,,,,,,0.02,0.038,0.0239,0.0477,0.0284,0.0347,0.0606318754,0.0416874202,0.0560970324,0.0427075571,0.0814049233,0.053379795,0.0358869461,0.0113829935,0.0322934874,0.027903943,0.0016936363,0.0193347498,-0.000293321,0.0003365134,0.0008070569,0.000867793,0.0004892064
1956-03-31,,,,,,,,0.0346,0.038,0.0515,0.0787,0.0571,0.052,0.1092486533,0.0566944942,0.0383361623,0.1142014666,0.0721850703,0.088772511,0.0528186511,0.0175346131,0.056942694,0.0044735561,0.0145419172,0.0376029573,-0.017027644,-0.003257487,-0.014569475,-0.01257838,-0.010790251
1956-04-30,,,,,,,,0.011,0.0088,0.0007,0.0011,0.0123,0.0081,-0.00924057,-0.007805778,-0.051474116,0.0362596677,0.0261695211,0.0221051697,0.0011239497,0.0069411278,0.0114554121,-0.018151166,-0.008563397,-0.021281176,-0.001686627,-0.002411424,-0.010434792,-0.001518139,-0.001367245
1956-05-31,,,,,,,,-0.0338,-0.041,-0.045,-0.0513,-0.0469,-0.0665,-0.052576564,-0.059541642,-0.047385416,-0.063402955,-0.012630684,-0.062992887,-0.051641987,-0.032106897,-0.054028487,-0.045218985,-0.010864678,-0.007729918,0.0199687853,0.0080011741,0.0235969009,0.0125727869,0.011026986
1956-06-30,,,,,,,,0.0095,0.0248,0.013,0.043,0.0326,0.0175,0.0719815373,0.0392734675,0.0702242353,0.0277131616,0.0371030752,0.0502300903,0.0151523132,0.0052261303,0.0162407131,0.0220424223,0.0126016732,0.0233487956,-0.001827899,0.0041888437,0.0028942492,0.001740624,0.0012322792
1956-07-31,,,,,,,,0.0335,0.0344,0.0342,0.051,0.0529,0.0488,0.0521963571,0.0279489476,0.0435453985,0.0603320681,0.0309442584,0.0778331146,0.0256220274,0.0198344706,0.0236824676,0.0456889888,0.0264807153,0.0523157286,-0.016318396,-0.002989893,-0.022841998,-0.012784858,-0.009273157
1956-08-31,,,,,,,,-0.0027,-0.0094,-0.0213,-0.0354,-0.0234,-0.0314,-0.037102751,-0.033828745,0.0081462586,-0.052691446,-0.030726691,-0.028020882,-0.026595724,-0.013696888,-0.038845933,-0.026101348,-0.013931183,-0.024835356,-0.018166036,-0.002184265,-0.018059268,-0.006918083,-0.007602406
1956-09-30,,,,,,,,-0.034,-0.0296,-0.0215,-0.0593,-0.0369,-0.0368,-0.068160897,-0.066580763,-0.012078819,-0.058108987,-0.036844547,-0.058188324,-0.046038514,-0.032298539,-0.043152421,-0.044008569,-0.028614339,-0.038587365,0.006887707,0.0024700556,0.0037536321,0.0057877835,0.0065689832
1956-10-31,,,,,,,,0.0119,0.0084,0.0042,0.007,0.0077,0.0133,0.0323911951,0.0060189514,-0.010091975,0.0054094602,0.0057693194,0.0137576638,0.0049640257,0.0039973251,0.0131421057,0.0132555109,-0.013790424,0.0113953763,-0.006121057,0.0040864571,-0.006421174,0.0042806063,-0.00150921
1956-11-30,,,,,,,,-0.0031,0.0018,0.0222,-0.0042,0.0255,0.0057,0.003900568,-0.033251203,-0.034360781,0.0531690293,-0.013036416,0.0062498145,0.0161856829,-0.003513628,-0.002953002,-0.021291746,0.0152189474,0.0041421128,-0.005047446,-0.003290999,-0.006723528,-0.007581988,-0.002932229
1956-12-31,,,,,,,,0.0433,0.0212,0.0217,0.0382,0.0318,0.0168,0.0493659734,0.0540307529,0.010425071,0.0410933695,0.0606284916,0.0441219061,0.0134095474,0.0127952835,0.0224216547,-0.004216292,0.0253770713,0.0181990048,-0.01824132,0.0039437879,-0.01996399,-0.001394809,0.0000552147
1957-01-31,,,,,,,,-0.008,0.0015,0.0205,-0.0445,-0.0267,-0.0164,-0.065590832,-0.05706655,-0.061777902,-0.04145887,-0.023012611,-0.056381412,0.0149392188,0.0170115346,-0.01285804,-0.012142669,0.0292661531,0.0265351038,0.04484584,0.0085473774,0.037571303,0.0123579897,0.0188539193
1957-02-28,,,,,,,,-0.0295,-0.0323,-0.0272,-0.0152,-0.0205,-0.0307,-0.000174424,-0.01949879,-0.019038492,-0.022670758,-0.003435446,-0.031770299,-0.005653121,-0.014012437,-0.033611383,-0.009426273,0.0033439944,-0.003115104,-0.010069295,0.0006259805,0.0016144638,0.0020922634,-0.001074657
1957-03-31,,,,,,,,0.0237,0.0262,0.0229,0.0269,0.0187,0.0172,0.0512918158,0.0282273855,0.0056163692,0.0316350543,0.0824069653,0.0161410109,0.0358724724,0.0174325762,0.0177586495,0.0196566099,0.0151445032,0.0170064642,0.0074805856,0.0037760344,-0.001787476,0.0021624626,0.0014639096
1957-04-30,,,,,,,,0.0222,0.024,0.0227,0.0561,0.0339,0.026,0.0808525032,0.0514282423,0.0794412849,0.0695839911,0.0544877804,0.0319511522,0.0534535317,0.0137092844,0.0222365434,0.0021880501,0.0042672609,0.0332520198,-0.014084512,0.0010957618,-0.023958801,-0.002543359,-0.004608529
1957-05-31,,,,,,,,0.0287,0.0126,0.0176,0.0475,0.0255,0.0183,0.0545851966,0.0325109008,0.0106674055,0.0757021053,0.0489171782,0.0329769078,0.0292009072,0.013840076,0.0075558626,0.0259213308,0.0102556941,0.0237239119,-0.013164487,0.0020229648,-0.00251043,0.0010782585,-0.001995022
1957-06-30,,,,,,,,0.0017,-0.0119,0.0073,-0.0012,-0.0121,-0.0074,0.0494761854,0.0003229494,0.000532001,-0.016874642,0.0637901223,0.008047049,-0.041115628,-0.006361734,0.0020343671,-0.018625497,-0.020724659,-0.04805796,-0.020083683,-0.001310085,-0.024893726,-0.011522269,-0.007052016
1957-07-31,,,,,,,,-0.0075,0.0079,0.0043,0.0128,0.0054,0.0107,0.0131907952,0.0188235205,0.0364323446,0.0100407924,0.0260102912,-0.003048832,-0.005868395,0.0091220437,0.0181968128,0.0288607208,-0.002410413,0.0002029632,0.0066726213,0.0026001143,0.0013678055,0.0056949223,0.0008123682
1957-08-31,,,,,,,,-0.0493,-0.0442,-0.0521,-0.0546,-0.032,-0.0608,-0.069220016,-0.063151444,-0.030919436,-0.057393164,-0.029781917,-0.062655735,-0.031795021,-0.019910982,-0.063532923,-0.027024401,-0.001175501,-0.025800553,0.0096339978,0.0017396894,0.0000405462,0.0073854307,0.0069068551
1957-09-30,,,,,,,,-0.0715,-0.0493,-0.0502,-0.0634,-0.0438,-0.0656,-0.06142565,-0.061942637,-0.070705133,-0.079731232,-0.030414814,-0.072615536,-0.039570934,-0.011370733,-0.077739546,0.0041913431,-0.022059611,-0.017328392,-0.00735278,0.0017978083,0.0090993601,-0.001576694,-0.000654706
1957-10-31,,,,,,,,-0.0804,-0.0555,-0.0827,-0.0378,-0.034,-0.073,-0.027064176,-0.033648006,-0.039514941,-0.057637039,-0.007338843,-0.050751436,-0.055213035,-0.021238387,-0.074240533,-0.039268502,-0.021013422,-0.00699427,0.0041840414,0.0048538387,-0.00449782,0.0005471059,0.0029466809
1957-11-30,,,,,,,,0.0332,0.0142,0.011,0.0311,0.0203,-0.0049,0.0697314707,0.0493701975,-0.05265439,0.0240583704,0.0853598948,0.0246209685,0.0437952106,0.0335612814,-0.013335814,0.0174094305,0.0148237783,0.0437949657,0.0652781879,0.0162013688,0.0543228507,0.0455758562,0.0334481492
1957-12-31,,,,,,,,-0.0437,-0.0466,-0.059,-0.0392,-0.0235,-0.0592,-0.037899714,-0.026229625,-0.078543452,-0.069513135,-0.010583584,-0.054057089,-0.006560967,0.0044525276,-0.061916058,-0.017149629,0.0126370396,0.0249103027,0.0215467621,0.011564307,0.0333525546,0.0153772835,0.0208059539
1958-01-31,,,,,,,,0.1192,0.1048,0.1193,0.0341,0.0599,0.1207,0.0410148442,0.0317097393,0.0496480605,0.016151301,-0.002821837,0.0666676688,0.0876257093,0.0745544369,0.1222985931,0.0745793355,0.0422750692,0.0615100418,0.0026774873,0.0083588643,-0.012895588,0.003882253,0.0037439116
1958-02-28,,,,,,,,-0.0143,-0.0053,-0.0049,-0.0183,-0.0058,-0.023,-0.018079893,-0.031965751,-0.014485475,-0.046031133,0.0514028697,-0.012492051,0.0116580289,0.0205191156,-0.032356095,0.0146235812,0.0069266611,0.0131957429,0.0156051152,0.0083233448,0.0143527492,0.0128754639,0.0126922655
1958-03-31,,,,,,,,0.0517,0.0381,0.0311,0.0341,0.0319,0.0341,0.0248984607,0.0006102797,0.0295256084,0.0788158763,0.0755555578,0.0250489868,0.0321828887,0.0428636651,0.0221933174,0.0413947134,0.0115456827,0.0203791417,0.0123805822,0.0040782291,0.0125738196,0.0089280975,0.0049154366
1958-04-30,,,,,,,,0.0288,0.0176,0.0431,0.0333,0.025,0.0519,-0.004439007,0.0097092711,0.0493666693,0.0516611851,0.0625871265,0.01682263,0.0201840201,0.035359412,0.0575707797,0.0296645215,0.0274202426,0.0498236413,0.0020196793,0.0062189059,0.0170228857,0.0098566885,0.007451939
1958-05-31,,,,,,,,0.0637,0.0422,0.0429,0.0206,0.0259,0.0374,0.0220435469,0.0139126346,0.0475650977,0.0032382408,0.0171100069,0.0418940872,0.0218782307,0.02694744,0.0473503429,0.0358317634,0.0214341298,0.0145520603,0.0038170644,0.00371235,0.0080176792,0.0022052614,0.0059581906
1958-06-30,,,,,,,,0.0226,0.0326,0.0295,0.0314,0.0268,0.0307,0.0338861679,0.0310472974,0.0260452975,0.0493258353,0.034885776,0.020953595,0.0283212374,0.0273248179,0.0283202927,0.0213167313,0.0170514076,0.0218058292,-0.01651472,-0.001629622,-0.01943231,-0.007331434,-0.0069483
1958-07-31,,,,,,,,0.0423,0.0601,0.0714,0.0438,0.0396,0.0761,0.0346274932,0.0802080949,0.0997697561,0.0069075687,0.0597283663,0.0853699745,0.0201888866,0.0163430407,0.0702637605,0.0187398566,0.0089912932,0.0112659989,-0.009975044,-0.00184828,-0.027648967,-0.009582968,-0.00837466
1958-08-31,,,,,,,,0.0434,0.0302,0.0318,0.0172,0.0183,0.0353,0.0202995244,0.0212936866,0.0002349675,0.0191933063,0.0198241497,0.0255628448,0.0459777423,0.0293030515,0.0236874732,0.0570171434,0.0240731442,-0.009987921,-0.050516048,-0.0206482,-0.041235807,-0.038441636,-0.030456033
1958-09-30,,,,,,,,0.0554,0.0429,0.077,0.0475,0.0434,0.0819,0.061181245,0.030235111,0.1003662069,0.0328279289,0.11724774,0.0539916882,-0.006212774,0.0425348316,0.0692873918,0.0402361288,0.0503869438,0.0346397607,0.0001626324,0.0006203747,-0.012170111,-0.002383714,-0.001840453
1958-10-31,,,,,,,,0.0683,0.0275,0.0303,0.0261,0.0272,0.0414,0.0476031641,0.0149159031,0.0223661665,0.0133011185,0.0105028811,0.0379290025,0.0356221473,0.0250097985,0.0378904622,0.0121947126,0.0146131439,0.042631801,-0.000990144,0.0049415629,0.0048693915,0.0035076547,0.002820776
1958-11-30,,,,,,,,0.0768,0.0433,0.0411,0.0332,0.0211,0.0454,0.0378784906,0.0342290246,0.0164779464,0.0192326292,0.0802985118,0.0298424955,0.0200603204,0.0409910821,0.0573535917,0.0589485185,0.0214387098,0.0295441672,0.016309111,0.0046788101,0.0147904448,0.0120033933,0.0085937884
1958-12-31,,,,,,,,0.0271,0.0327,0.0385,0.0498,0.0695,0.0395,0.1435872335,0.0538213095,0.0276968249,0.012514221,0.0460547163,0.0513117643,0.0434566977,0.0265238097,0.0252175049,0.0572122737,0.133542093,0.0594440086,-0.025626802,0.0011650806,-0.020443901,-0.021508986,-0.005130766
1959-01-31,,,,,,,,0.0447,0.0516,0.0561,-0.0063,0.0274,0.0408,-0.023285896,-0.001334205,-0.009751149,0.0040532796,-0.006254059,0.0114074127,-0.023322048,0.0394252065,0.0446271984,0.0346886072,0.0390827064,0.012997352,-0.000768914,-0.002024546,-0.008130103,-0.001145762,-0.002417297
1959-02-28,,,,,,,,0.024,0.0362,0.0287,0.0045,0.0173,0.0227,0.0476176767,0.0512760313,-0.02048915,-0.07486846,0.038452471,0.0325695662,0.0251272663,0.0319241571,0.0147253201,0.0185826789,0.0483154636,0.012553795,0.0155927458,0.0048143399,0.0085874959,0.0149570311,0.0086506286
1959-03-31,,,,,,,,0.0161,0.0155,0.0173,0.0073,-0.0011,-0.0009,0.0247596114,0.0179676322,-0.011114819,0.0208999495,0.0371098883,-0.011994647,-0.031346821,0.0039003212,0.0033347021,-0.017743726,-0.004333294,0.0158343228,-0.010715246,-0.000191367,-0.00666188,-0.007941629,-0.003049882
1959-04-30,,,,,,,,0.0378,0.0328,0.0211,0.0471,0.0261,0.0389,0.0732755933,0.0635421145,0.0935748286,0.0179494064,0.1148651797,0.0383575519,0.0153086541,0.0302567696,0.0207960652,0.008088284,0.0462573391,-0.011781201,-0.018961123,0.0008298779,-0.012373712,-0.017629905,-0.004098778
1959-05-31,,,,,,,,-0.0141,0.0069,0.0134,0.0276,0.0057,0.036,0.0617895647,0.0558159499,0.0525031031,-0.009237459,-0.017304044,0.027552054,0.009073544,0.0127065107,0.0053427406,0.0274209396,-0.010397546,-0.010768963,0.0003816105,0.0009838312,-0.001492169,0.0006232689,-0.000414036
1959-06-30,,,,,,,,0.0174,0.0052,0.0184,-0.0039,0.0033,0.0215,-0.015990249,-0.015377386,0.0017462527,-0.026694167,0.0615220391,0.0279793253,0.0199004019,0.0168406406,0.0075891312,0.0160247419,-0.010493427,-0.02194867,-0.002059083,-0.001049564,0.0016284362,-0.001376131,-0.004756139
1959-07-31,,,,,,,,0.0225,0.028,0.0357,0.0399,0.0246,0.0322,-0.007191386,0.0614256647,0.0842818462,0.0495743537,0.0473437808,0.0281514733,0.0127166393,0.0372540863,-0.001142136,0.0211605883,0.0059679888,0.038217639,0.0034304522,0.003139009,0.0118216013,-0.002013129,0.0043921611
1959-08-31,,,,,,,,-0.0188,-0.0124,-0.0197,-0.0136,-0.01,-0.0038,-0.023829209,-0.028290155,0.0241629338,-0.031274239,-0.035696865,-0.015081352,-0.013945855,-0.003920573,-0.02554859,0.0077994188,0.0060872426,0.0134036473,-0.017077975,-0.00319353,-0.015202777,-0.016370053,-0.006051138
1959-09-30,,,,,,,,-0.0546,-0.0449,-0.0411,-0.0503,-0.0324,-0.0533,-0.041330151,-0.051852306,-0.044467331,-0.06901276,-0.049551885,-0.048215548,-0.046809192,-0.032445022,-0.038711265,-0.021280479,-0.009601084,-0.043478286,0.0049536796,0.0017378049,0.0034127831,0.0060235503,0.0013195712
1959-10-31,,,,,,,,0.0415,0.025,0.0126,0.0144,0.0178,0.0013,0.0406882916,0.0166573597,-0.012646037,0.0116553255,0.0233637799,0.0193183229,0.0062993476,0.0378747041,0.0015119436,0.0087289773,0.0129619076,0.0089143555,0.0146195239,0.0102876727,0.0142400278,0.0159340535,0.0125875513
1959-11-30,,,,,,,,0.0388,0.0199,0.0063,0.0301,-0.0011,-0.0017,0.086758243,0.0242414393,-0.00102798,-0.004083894,0.0561977142,0.0283238776,0.0136355654,0.0124500387,-0.01243682,0.0233344636,-0.012331755,0.0040578543,-0.005924279,-0.002548178,-0.009102626,-0.001476227,-0.004098722
1959-12-31,,,,,,,,0.0333,0.0237,0.0212,0.0298,0.0258,0.0417,0.0367356486,0.0318106631,0.0515672508,0.0423105285,-0.016725725,0.0158972792,0.0039473625,0.0125543181,0.0279042591,0.0267756516,0.0431263077,0.0213353399,-0.022762489,0.0027316241,-0.033065026,-0.019771517,-0.001291687
1960-01-31,,,,,,,,-0.0567,-0.032,-0.0299,-0.0821,-0.044,-0.056,-0.096725564,-0.09577329,-0.111785302,-0.075105722,-0.063355203,-0.079528459,-0.046161355,-0.033113153,-0.046014768,-0.056562983,0.00694519,-0.020435313,0.0248242795,0.009238229,0.0157041173,0.0169791776,0.0114784787
1960-02-29,,,,,,,,0.0218,0.0141,0.0065,0.013,0.0225,-0.011,0.0455815831,0.0052621008,-0.021687446,-0.034370566,0.0031859253,0.0127348138,-0.004028126,0.0286258739,0.0018897474,0.0392570382,0.0820896638,0.0275820347,0.0134451768,0.0048163237,0.0110756206,0.0101132049,0.006716275
1960-03-31,,,,,,,,-0.0249,-0.0247,-0.0375,-0.0088,-0.0108,-0.0511,0.0095569034,-0.02155304,-0.044367667,-0.007781029,0.0157508416,-0.035531022,0.0060647777,-0.013747152,-0.032853894,0.0017750606,0.0019343609,0.0175706037,0.0319073084,0.0172938791,0.043728078,0.0385966746,0.0281977759
1960-04-30,,,,,,,,-0.0014,-0.0214,-0.0297,-0.0157,-0.0135,-0.0302,0.0025374925,-0.047423288,-0.015917844,-0.042631251,0.0166275103,-0.024911246,-0.001891572,0.0168166074,-0.011782417,-0.001900485,-0.009358528,0.0136860341,-0.015099666,-0.002378856,-0.016409525,-0.007496617,-0.008939173
1960-05-31,,,,,,,,0.0543,0.017,0.0255,0.043,0.0178,-0.0027,0.09488247,0.0416451599,-0.006730243,-0.034872329,0.1371967334,0.045828073,0.0035932499,0.0661084171,0.0063324204,0.0354086393,0.0373570427,0.0150276639,0.016245395,0.0035310871,0.0206956365,0.0067885125,0.0060894042
1960-06-30,,,,,,,,0.0235,0.0237,0.0156,0.0257,0.0176,0.028,0.0127928827,0.01500761,0.0078496972,0.0354424998,-0.000988507,0.0192475287,0.0398990012,0.041472783,0.0216822689,0.0390583754,-0.005981331,0.0575775954,0.0180473316,0.0153654176,0.0299234377,0.0183733232,0.0190939514
1960-07-31,,,,,,,,-0.0337,-0.019,-0.0136,-0.0348,-0.0031,-0.0129,-0.044861134,-0.059259698,-0.005995124,0.0069695888,-0.03863219,-0.031863834,0.0024160003,-0.009425128,-0.022785909,-0.030090909,0.0009560531,-0.010638039,0.0347793902,0.0125241915,0.0333063701,0.0378249241,0.0229201567
1960-08-31,,,,,,,,0.0418,0.0297,0.0418,0.0274,0.0411,0.024,0.0066551223,0.0175388317,0.0347543638,0.0409579235,0.0246379604,0.0186366946,0.0382834259,0.0450772726,0.0274987303,0.0313190391,0.071092958,0.0445329375,-0.002685982,0.0008775164,-0.018861249,-0.001156196,0.0009306419
1960-09-30,,,,,,,,-0.0778,-0.0589,-0.06,-0.0674,-0.044,-0.0516,-0.084126627,-0.068987459,-0.056143694,-0.010019049,-0.087109299,-0.074087276,-0.056411848,-0.034277486,-0.057932873,-0.083815106,-0.059092861,-0.044805178,0.0046347963,0.0035724704,0.003716151,0.0024687477,0.0022704177
1960-10-31,,,,,,,,-0.0676,-0.0235,-0.0278,-0.0061,-0.0007,0.0106,-0.023266593,-0.003181856,-0.01415498,0.0242507781,-0.034896965,-0.01968135,-0.00086055,0.0164352416,-0.010972285,0.0019073068,0.0014044773,-0.003364583,-0.006793408,0.0026896238,-0.002553465,-0.005689847,0.0015596672
1960-11-30,,,,,,,,0.0641,0.0497,0.0312,0.0542,0.0401,0.0393,0.0677455294,0.051119455,-0.004630666,0.0340367365,0.0404350428,0.0503375419,0.0780640015,0.0869449671,0.0586510719,0.0692400192,0.0419257281,0.037265077,-0.017717383,-0.001443061,-0.014178608,-0.012046984,-0.004882007
1960-12-31,,,,,,,,0.0406,0.0347,0.024,0.0358,0.0741,0.0369,0.0382101392,0.0286246918,-0.002179704,0.0530489791,0.0621830042,0.039839055,0.0558505557,0.0445216321,0.0357343632,0.0229223827,0.1245230991,0.0633119799,0.0335046045,0.0111114744,0.0351247128,0.0313912274,0.0183131441
1961-01-31,,,,,,,,0.0738,0.0774,0.0947,0.0491,0.0777,0.1011,0.0310569766,0.0629768618,0.0828203432,0.0972074837,0.0606008594,0.063170239,0.0724005798,0.0543051432,0.0798332587,0.0311595244,0.0785519574,0.0493098962,-0.009271705,-0.001599034,-0.013767913,-0.009264014,-0.005970358
1961-02-28,,,,,,,,0.0772,0.0631,0.0745,0.0405,0.0259,0.0315,0.0327149095,0.0280731165,0.0402854033,0.0075224413,0.0520144541,0.0573970554,0.0707804003,0.066287499,0.0474332781,0.0498224461,0.0072482552,0.0360432122,0.016363353,0.0022930246,0.0261320927,0.0146999684,0.0065427481
1961-03-31,,,,,,,,0.073,0.0496,0.0574,0.0217,0.0408,0.021,0.0316343191,0.0188293494,0.0350634046,0.0142893057,0.038038053,0.0148290471,0.0457728844,0.0488002335,0.0277401314,0.0612062964,0.0741966438,0.0201456931,-0.006247744,0.004911652,-0.003952929,-0.003427983,0.0039394556
1961-04-30,,,,,,,,0.0108,0.0011,0.0241,-0.0032,0.011,0.0262,0.0030038579,-0.007145066,-0.016684295,0.0473217641,-0.003046545,-0.01240046,0.0153860031,-0.013275889,-0.000758336,0.0058466197,0.0083574484,0.0189334414,0.0122993642,0.0028750159,0.0128600795,0.0084317773,0.0066266224
1961-05-31,,,,,,,,0.0355,0.0498,0.0482,0.032,0.0154,0.0269,0.0359451954,0.0479769798,0.0169926778,0.0016442316,0.0227970841,0.0387052907,0.041027446,0.0357898948,0.0425285831,0.0412235654,-0.010288887,0.0238841956,-0.001327489,-0.000123011,0.000479084,-0.000047889,-0.001403259
1961-06-30,,,,,,,,-0.0592,-0.0447,-0.055,-0.0228,-0.0324,-0.0289,-0.033888367,-0.003440608,-0.013924174,-0.040292054,-0.034749977,-0.043869519,-0.027350195,-0.014612336,-0.043682253,0.0036155136,-0.039588799,-0.018874284,-0.011445345,0.0015206502,-0.022586677,-0.00843238,-0.003765233
1961-07-31,,,,,,,,-0.0055,0.012,0.0131,0.0316,0.0348,0.0114,0.0244232007,0.0302164318,0.0615463911,0.0228114245,0.0344942799,0.0183185431,0.0361950412,0.0280183135,-0.00115483,0.0253536243,0.0643309755,0.0289405209,-0.00036366,0.0034868579,0.0064439774,-0.003153496,0.0010211337
1961-08-31,,,,,,,,0.008,0.0045,0.011,0.0321,0.0195,0.023,0.0488389208,0.0387956161,0.0137183502,0.0019079911,0.0383899539,0.0171882116,0.0865549311,0.0511258267,0.0306668402,0.0325872204,0.0021110311,0.038134177,-0.001364278,0.0008810449,-0.014475919,0.0006445189,0.0006781408
1961-09-30,,,,,,,,-0.047,-0.0316,-0.0331,-0.0118,-0.0299,-0.0378,0.0081687987,-0.040212384,0.0466966348,-0.064143753,-0.013136052,-0.046731633,-0.0022491,0.0005015727,-0.028874696,0.0035579557,-0.027247075,0.0149059448,0.0106885095,0.0045549347,0.0040455982,0.0154216712,0.0080125809
1961-10-31,,,,,,,,0.0087,0.0327,0.0038,0.0227,0.0397,0.0312,0.0289884029,-0.002071212,0.0053957355,0.066262434,0.0351614322,0.0032779936,0.0218083952,0.0334724647,0.0237418358,0.090260881,0.0021442866,0.0535623525,0.0023397519,0.0041538294,0.0064176103,0.0011714233,0.004834025
1961-11-30,,,,,,,,0.065,0.0572,0.0472,0.0487,0.0408,0.0421,0.0309894141,0.0287503068,0.0968417522,0.0547547883,0.0327397475,0.029970718,0.072610801,0.0546972305,0.0157054306,0.0512468401,0.0852191687,0.0327623981,-0.007995953,0.0016489701,-0.002220595,-0.004131415,0.000272025
1961-12-31,,,,,,,,-0.0128,0.0031,0.0027,-0.0021,0.0035,0.0175,-0.008934458,-0.005750964,0.0287614217,0.0380641056,-0.020157688,0.0069073053,-0.043516128,-0.03172545,-0.001121344,-0.003874916,0.0334083044,-0.041607767,-0.003254734,0.0016336652,-0.006680962,-0.003406144,0.0000409231
1962-01-31,,,,,,,,-0.026,-0.0086,0.0221,-0.0499,-0.0191,0.0041,-0.045990698,-0.052962528,-0.001839734,0.0013933623,-0.045881249,-0.030691701,-0.053444856,-0.061650234,0.0070585978,-0.085615789,-0.060751402,-0.026375077,0.0008424807,0.0017840219,0.0043100302,-0.002102766,-0.000103793
1962-02-28,,,,,,,,0.007,0.0073,0.0179,0.0185,0.0241,0.024,-0.004126119,0.0278245133,-0.014476904,0.0533489305,0.0382184691,0.0088695687,0.0419441478,0.0023618386,0.0049884417,0.0168939896,0.0409663516,0.026460086,0.013202451,0.0081135302,0.0043593403,0.0141173228,0.0124589956
1962-03-31,,,,,,,,0.0081,-0.0109,-0.0056,-0.0038,-0.0028,-0.0216,-0.000086581,-0.013862988,0.0042783209,-0.016944467,0.0054394064,0.0025924435,-0.022362492,-0.009128842,-0.018001295,0.0080164532,-0.02934847,0.0197902165,0.0203080382,0.0058203608,0.023391204,0.016742109,0.0101824921
1962-04-30,,,,,,,,-0.0661,-0.0727,-0.0695,-0.0666,-0.0558,-0.0605,-0.12433686,-0.061884083,-0.05162926,-0.036469065,-0.110380555,-0.083416017,-0.070476828,-0.067445069,-0.069372085,-0.044354799,-0.047063192,-0.027682144,0.0147699222,0.001971069,0.0172107904,0.0103917994,0.0035624044
1962-05-31,,,,,,,,-0.1214,-0.0988,-0.0951,-0.0908,-0.068,-0.0625,-0.108021587,-0.083956296,-0.044362847,-0.049584845,-0.109304936,-0.087544489,-0.10407363,-0.112640011,-0.06704806,-0.092856529,-0.070238036,-0.104745757,-0.003887718,0.004856255,-0.003390506,-0.003017634,0.0028739134
1962-06-30,,,,,,,,-0.0952,-0.0738,-0.071,-0.0905,-0.0695,-0.0663,-0.11762686,-0.092272594,-0.060759837,-0.048888257,-0.126125964,-0.09684514,-0.113021575,-0.088555163,-0.082233999,-0.101689283,-0.084296691,-0.052471607,-0.009812567,-0.001217264,-0.01185471,-0.007655615,-0.00266355
1962-07-31,,,,,,,,0.0893,0.0582,0.0658,0.0785,0.0544,0.0347,0.1131603988,0.0715793985,0.0925459691,0.0492383064,0.0768839164,0.0452643892,0.0872881161,0.0536585988,0.0351331238,0.0433639291,0.0755516767,0.0744594221,0.0006295314,0.0019035842,-0.007196395,0.0016328964,0.0007572469
1962-08-31,,,,,,,,0.0451,0.0351,0.0252,0.0275,0.0163,0.0249,0.0309309559,0.038486836,0.0360872681,0.0181566287,-0.05557403,0.0203906775,0.032400981,0.0094469793,0.0407985181,0.0427339604,0.0137731004,0.0313553531,0.0102560933,0.0076809997,0.0283321865,0.0117737536,0.0100087936
1962-09-30,,,,,,,,-0.0809,-0.0706,-0.061,-0.0502,-0.0467,-0.0436,-0.103579612,-0.034005086,-0.036258025,-0.019437213,-0.043883854,-0.071574022,-0.056459122,-0.056202288,-0.061603099,-0.068228103,-0.058394654,-0.028176848,0.0063270914,0.0039122907,0.0103040325,0.004698029,0.004075305
1962-10-31,,,,,,,,-0.049,-0.0329,-0.0204,0.0057,0.0073,0.0031,-0.019966784,0.0405066649,0.0266490924,-0.001632559,0.0224530464,-0.005074176,-0.012086093,-0.031058528,0.0062023837,-0.018073528,0.0235406187,-0.010301475,0.0089851646,0.0028935263,0.0124975531,0.009797663,0.0056304007
1962-11-30,,,,,,,,0.1494,0.136,0.1414,0.1138,0.0992,0.139,0.1604069549,0.1198535806,0.08227992,0.1040862026,0.1643816411,0.1381271505,0.132501445,0.1200267358,0.149067255,0.1120065163,0.0669949826,0.0757495364,0.0037104014,0.0012796052,0.0022059226,0.0028929703,0.0045722837
1962-12-31,,,,,,,,-0.0351,-0.0147,-0.0212,0.0155,0.0185,0.008,-0.023961696,0.0058940451,0.0292814792,0.0423146314,0.0122531642,-0.01785245,0.0171711751,0.0132827334,0.0052069352,-0.004111514,0.0125417409,0.0364456488,0.0080171912,0.0023668871,-0.001559414,0.0057541204,0.0041230237
1963-01-31,,,,,,,,0.0758,0.0814,0.0978,0.0495,0.0429,0.0723,0.0749215327,0.0431726791,0.0598198258,0.0288010247,0.0626283368,0.0646842152,0.0428175847,0.0571166235,0.0675626556,0.044367637,0.0437529688,0.052274235,-0.001452465,0.0042572901,-0.001418747,0.0038516529,0.0014144126
1963-02-28,,,,,,,,-0.0261,-0.0148,-0.0013,-0.0279,-0.0184,-0.0097,-0.049010176,-0.035623502,-0.037673457,-0.012208336,-0.034112541,-0.018616814,-0.008320033,-0.026389383,-0.00705866,-0.00620217,-0.014911435,-0.014569648,-0.005179743,0.0027420747,0.0012287765,-0.000823525,0.0021593878
1963-03-31,,,,,,,,-0.0007,0.0173,0.0246,0.034,0.0338,0.0508,0.0253522991,0.0352190738,0.0575456686,0.0646135624,0.0203705953,0.0222549924,0.0233909021,0.0235499444,0.031340488,0.0201332317,0.0213526457,0.0179356675,0.0023339676,0.0030412036,0.0004364953,0.0022833129,0.0020672709
1963-04-30,,,,,,,,0.0372,0.0283,0.0491,0.0498,0.0447,0.0579,0.0773676023,0.0446134851,0.0549822619,0.0632651376,0.0710950993,0.0445912142,0.0315890596,0.022525488,0.0683661294,0.0523048191,0.0386720867,0.0244232178,0.0021226953,0.0006351745,-0.001554835,0.0023287065,0.0020355926
1963-05-31,,,,,,,,0.0173,0.0324,0.0541,0.0226,0.0119,0.0369,0.038207349,0.0114217201,0.0732953462,-0.000708205,0.0028955997,0.0289342747,0.0040740068,0.0175742974,0.0514582001,0.0260727512,-0.00844684,0.0096528234,0.0038721151,0.002179438,0.0037653182,0.0008409884,0.0006994283
1963-06-30,,,,,,,,-0.0117,-0.0197,-0.0191,-0.0232,-0.0147,-0.003,-0.052098071,-0.028516943,-0.031682455,0.00918906,-0.016595183,-0.026590174,-0.011173584,-0.013357149,-0.009736771,-0.0135649,-0.019180532,-0.01068677,0.001983563,0.0026344896,0.0016768639,0.0001022632,0.0012962959
1963-07-31,-0.0039,-0.0048,-0.0081,0.0064,-0.0115,0.0101,0.0027,-0.0108,-0.0069,-0.0112,-0.0004,0.0049,-0.0162,-0.006755534,-0.011432203,-0.000711648,0.0230084865,0.0056696531,-0.014883855,-0.006344509,-0.004701868,-0.02242001,-0.01012428,-0.002468256,0.0080688596,0.003794685,-0.000558782,0.0046996758,0.0026775874,-0.000240096
1963-08-31,0.0508,-0.008,0.017,0.004,-0.0038,0.01,0.0025,0.0445,0.0449,0.0579,0.0541,0.0469,0.0748,0.051099668,0.0498120397,0.0653864505,0.0393702143,0.095567267,0.0676066418,0.0423375145,0.0487467272,0.0622058875,0.0642411118,0.0428236745,0.0411477481,0.0018703816,0.0020424557,0.0030021951,0.0001360939,0.0014893474
1963-09-30,-0.0157,-0.0043,0,-0.0078,0.0015,0.0012,0.0027,-0.0285,-0.0053,-0.0203,-0.0107,-0.0171,-0.0189,0.0034917022,-0.009132357,-0.002456532,-0.036482681,-0.040657786,-0.008273673,-0.031378951,-0.016833435,-0.031107785,0.0092960547,0.0234504704,-0.02502395,-0.000944621,0.0035222826,-0.003731284,0.0026645719,0.0038762512
1963-10-31,0.0254,-0.0134,-0.0004,0.0279,-0.0225,0.0313,0.0029,0.0099,0.0174,0.0272,0.0385,0.0126,0.0204,0.0834629396,0.0276405912,0.1070489224,-0.003356659,0.0338421942,0.0246076602,0.0065788571,0.0264078549,0.0185098517,0.0053072237,0.0341967301,-0.006694088,-0.003926915,0.0015280963,-0.004220505,-0.001198547,0.0001999606
1963-11-30,-0.0086,-0.0085,0.0173,-0.0043,0.0227,-0.0078,0.0027,-0.0288,-0.0127,-0.0036,-0.0026,-0.0146,0.0069,-0.003165202,0.0181730974,-0.051522953,-0.011519227,-0.015479005,-0.004123299,-0.022649835,-0.011723021,0.0166591169,-0.01225285,0.0413175483,-0.010576523,0.0034064297,0.0022838268,-0.002130185,0.005720888,0.0037482277
1963-12-31,0.0183,-0.0189,-0.0021,0.0012,-0.0025,0.0184,0.0029,0.0049,0.0053,0.0019,0.0206,0.0309,0.0193,0.0292960213,0.0410903307,0.0059975912,0.0465525003,0.0152549911,0.0091415086,0.0162337306,0.0268837417,0.033151317,0.0036309239,-0.000799672,0.0242070191,-0.001799763,0.0019955629,-0.005519265,0.0007736569,0.0004363568
1964-01-31,0.0227,0.001,0.0163,0.0021,0.0148,0.0102,0.003,0.0065,0.0264,0.0398,0.0266,0.0272,0.026,0.029706704,0.0306447922,0.0125298587,0.0483626402,0.0374848827,0.0249670321,-0.011196051,0.0075062013,0.027470676,0.0244777156,0.0332442231,0.0139556571,0.0047972809,0.0038918306,0.0055345353,0.0017501988,0.0043936236
1964-02-29,0.0155,0.0033,0.0281,0.0011,0.0081,0.0033,0.0026,0.0157,0.0215,0.0417,0.0143,0.0166,0.0445,0.0184260883,0.0186630725,0.0168316105,0.0108086203,0.0157639435,0.0313425185,0.0373950201,0.0191263732,0.0635331874,0.0161884324,-0.002781159,0.0086636707,0.0012972128,0.0012589997,-0.00060607,0.0000328132,0.0002800997
1964-03-31,0.0141,0.0141,0.0329,-0.0203,0.0298,0.0069,0.0031,0.0061,0.0404,0.0515,0.0091,0.0307,0.0296,0.0329119188,0.0268970398,0.0116857564,0.0139447322,-0.027794359,0.0442217433,0.0068824336,0.0300847529,0.0341006038,0.0244229818,-0.009102263,-0.007459633,-0.002635508,0.0022361133,-0.002864249,0.0001827318,0.0000880842
1964-04-30,0.0011,-0.0148,-0.0054,-0.0132,-0.0113,-0.0064,0.0029,-0.0177,-0.0026,-0.0145,0.0041,0.0115,-0.0099,-0.038042808,-0.014013518,0.0176236043,0.0404798079,-0.013716453,-0.018161621,-0.009496407,-0.0053341,0.0106695937,0.0283169846,0.0083825233,0.010280461,0.0042877204,0.0050806596,0.0069515747,0.005757413,0.0057310809
1964-05-31,0.0141,-0.0062,0.0181,-0.0015,0.0013,0.0253,0.0026,0.0099,0.0118,0.0206,0.0151,0.0116,0.0406,0.0279259455,0.0203042327,0.014808286,0.0217949906,0.0126836539,0.0146982667,0.0002998498,0.0161279286,0.0372497436,0.0389874744,-0.004042935,0.0087308135,0.0087301198,0.0038736964,0.0117154192,0.0061242582,0.0057567775
1964-06-30,0.0127,0.0013,0.0068,-0.0033,0.001,0.0047,0.003,0.013,0.0131,0.0202,0.0168,0.0133,0.0232,0.0053975752,-0.001538222,0.0079730715,0.0065397016,0.0024434719,0.0147026949,-0.011342898,0.0163262231,0.0271644952,0.0392813467,0.0474129235,0.0220728918,0.0079613211,0.0051951484,0.0103424752,0.0079164852,0.0053728523
1964-07-31,0.0174,0.005,0.0079,0.0015,0.0185,-0.0038,0.003,0.0151,0.0302,0.0263,0.0191,0.0232,0.0236,-0.019724422,0.0213721488,0.0564446112,0.0333410032,0.0475552822,0.0097144323,0.0194827181,0.0182991412,0.0094066722,0.0117322654,-0.020101614,0.0492289927,0.0014300596,0.00474942,-0.00022974,0.003362916,0.0037309031
1964-08-31,-0.0144,0.0029,0.0007,0.0015,0.0031,-0.0025,0.0028,-0.0149,-0.004,-0.0129,-0.0137,-0.0043,-0.0142,-0.028788133,-0.020910747,0.0139557741,-0.018621711,-0.042160091,-0.008492394,-0.021451757,-0.003031364,-0.036467576,0.0031052344,-0.015307579,-0.000169697,0.0009242163,0.0017103027,0.0008586706,0.001280568,0.0019477591
1964-09-30,0.0269,-0.0034,0.0172,-0.005,0.0056,-0.0039,0.0028,0.0338,0.029,0.0358,0.0232,0.0386,0.0556,0.0109718366,0.0450738181,0.0463351301,0.0304551888,0.0274414392,0.048507109,0.0252769227,0.0172103259,0.0477553128,0.0347040223,-0.010160645,0.0187893098,0.0030376075,0.0026509684,0.0021095675,0.0048498167,0.0048920728
1964-10-31,0.006,0.009,0.0108,-0.002,0.0052,0.0019,0.0029,0.011,0.0158,0.0232,0.0049,0.0165,0.0142,-0.010207262,0.0099103219,0.0007442275,0.0304492632,0.0286207844,0.0015519428,-0.006361577,-0.002219523,0.0314559386,0.0231190591,-0.008899647,0.0095688158,0.0060646959,0.002621885,0.0066553301,0.0035625867,0.0018526325
1964-11-30,-0.0001,-0.0024,-0.0204,0.0071,-0.0016,0.011,0.0029,-0.0016,-0.0034,-0.0001,0.0053,0.0079,-0.0369,-0.002402129,0.0146607076,-0.010848838,0.0253370644,0.021670667,-0.015512603,-0.008604419,0.0076088298,-0.021066268,0.0326115646,-0.019326837,0.01370226,-0.000925369,0.0004587717,0.0002738987,0.0004821089,0.0003984139
1964-12-31,0.0004,-0.0065,-0.0243,0.0095,-0.0155,-0.0069,0.0031,0.0036,-0.0083,-0.0145,0.0109,-0.0035,-0.0195,-0.000076144,0.0047682815,0.0189471708,-0.002462213,0.0437616903,-0.013408177,-0.01200802,0.0018679501,-0.020969712,0.0015615262,0.0308437987,0.0048911385,0.0041191005,0.0058813591,0.0014902604,0.0047745249,0.0062839063
1965-01-31,0.0354,0.025,0.0036,0.0094,-0.0002,-0.0138,0.0028,0.0701,0.0585,0.0659,0.0343,0.0373,0.0457,0.0753980048,0.0508440452,0.0381018186,0.0035323236,0.0761271134,0.0548105276,0.0268487646,0.0614568315,0.0589785296,0.0309688821,0.0039098657,0.0395065708,0.0063627851,0.0032345276,0.0057969322,0.0045316351,0.0035551255
1965-02-28,0.0044,0.0324,0.0022,0.0026,-0.0062,0.0024,0.003,0.0373,0.034,0.0419,0.002,0.01,0.0019,0.0220950751,0.0118740684,-0.005067182,-0.033794038,0.0237520198,0.033240626,0.0127618483,0.0158787114,0.031900586,0.0135050663,0.0090572579,0.0045204966,0.0019513335,0.0012570143,0.0006475985,0.0007883548,0.0007387573
1965-03-31,-0.0134,0.0208,0.0115,-0.0029,0.0065,0.0017,0.0036,0.0089,0.0074,0.0151,-0.0131,-0.0127,0.0036,-0.005719745,-0.027252894,0.0127196303,-0.030050084,-0.008512689,-0.001738468,-0.00403131,-0.00806473,-0.004212599,-0.007537792,-0.017202962,-0.005207279,0.0044219939,0.0042704566,0.0060375103,0.0052597289,0.0041706156
1965-04-30,0.0311,0.0114,0.0073,0.0029,-0.0227,0.0253,0.0031,0.0312,0.044,0.0528,0.0361,0.0285,0.0291,0.0520680659,0.0206544436,0.0676902684,0.0093486777,0.0301491817,0.0505102702,0.0264194732,0.0423318855,0.0215082388,0.0675611752,0.0225873995,0.0065842638,0.002581627,0.0033968871,0.0037967934,0.0029849378,0.0033892775
1965-05-31,-0.0078,0.0005,-0.0155,-0.0042,0.0059,0.0055,0.0031,-0.0021,-0.0086,-0.0132,-0.0029,0.0011,-0.0228,0.003702298,-0.001683239,-0.032747142,0.0081565821,-0.012664882,-0.00822357,-0.027677193,-0.007839915,-0.011047314,0.0014096732,0.0259903611,-0.009810006,0.0019802802,0.0030764057,0.001648276,0.0020987087,0.0029907284
1965-06-30,-0.0551,-0.042,0.0023,0.0024,0.0043,-0.0318,0.0035,-0.097,-0.0885,-0.0862,-0.0427,-0.058,-0.049,-0.057760314,-0.059281765,-0.068128542,-0.020906824,-0.05343179,-0.064875865,-0.045147291,-0.051604037,-0.081636472,-0.062400567,-0.042843036,-0.036625298,0.0052824496,0.005035289,0.0052371598,0.0055064016,0.0050175787
1965-07-31,0.0144,0.011,0.0219,-0.0141,-0.0008,0.0409,0.0031,0.0253,0.0308,0.0412,0.0134,0.0167,0.0413,0.0370474645,0.0027876294,0.0228798038,0.017969575,0.0395071011,0.0285103471,0.011180554,0.0157462646,0.0465941309,-0.014088286,-0.003690615,0.0105919562,0.0000992639,0.0024825499,0.0006875966,0.0021746425,0.0016951432
1965-08-31,0.0273,0.0277,-0.0098,0.0203,-0.0081,0.0258,0.0033,0.0664,0.0506,0.0506,0.029,0.028,0.0252,0.05948398,0.015782474,0.0342158424,0.0154555985,0.0629202115,0.043437134,0.0454495722,0.0404414759,0.0541696294,0.0229908901,0.0133070565,0.0092505909,-0.005230451,0.0016903902,-0.006298387,-0.000773214,0.0001817835
1965-09-30,0.0286,0.007,-0.0014,-0.0085,0.0073,0.0329,0.0031,0.0389,0.0381,0.038,0.0378,0.0222,0.036,0.0526260942,0.0332412927,0.0711249628,0.0436968556,0.022433989,0.040490377,-0.000982119,0.0046762642,0.0292215513,-0.006764507,0.0109281408,0.0139191916,-0.004419166,0.0004438874,-0.009006133,-0.002949787,-0.000826087
1965-10-31,0.026,0.0345,0.0155,0.0119,-0.0076,0.0345,0.0031,0.0596,0.0544,0.0637,0.0281,0.0193,0.0549,0.0509353832,0.0279504206,0.0614129858,0.018414903,0.0322697176,0.0509921282,0.0087240865,0.0257102,0.0583761175,0.0030466364,-0.022679476,0.0105550508,-0.000540855,0.0032229113,0.0014897672,0.0003676532,0.0011343093
1965-11-30,-0.0002,0.0522,0.0016,-0.0108,-0.0087,0.044,0.0035,0.0409,0.048,0.0471,-0.0001,-0.0013,-0.0031,0.0282768258,-0.014816226,-0.037797336,0.0070883503,0.0380451882,0.0256055592,0.0101539375,0.0107975429,0.0569874803,0.0132905098,-0.043032459,-0.010048119,-0.001629157,0.0023398043,0.000087407,-0.001471258,0.0012597005
1965-12-31,0.0101,0.0262,0.0215,-0.013,-0.0055,-0.001,0.0033,0.038,0.0335,0.0486,0.0084,0.0089,0.0407,-0.016431339,0.0221063434,0.0147059787,0.0018529676,0.0383617622,0.0365942047,0.0194452371,0.0127988547,0.0392197242,0.0127451528,-0.008433924,-0.003077007,-0.009919032,-0.004782862,-0.0123134,-0.011879845,-0.012236502
1966-01-31,0.0072,0.0485,0.0327,-0.0265,-0.0026,0.0528,0.0038,0.0471,0.0565,0.0692,-0.0017,0.0122,0.0416,0.0124300819,-0.000147802,0.0060912439,0.0105841385,0.0274288667,0.0409201146,0.005751005,0.0190143831,0.0763668087,-0.042471303,-0.01287278,-0.030079915,-0.001628768,0.0044566085,-0.004369182,-0.001372871,0.0008467065
1966-02-28,-0.0121,0.0479,0.0038,-0.0016,-0.0145,0.0458,0.0035,0.0375,0.0316,0.0342,-0.0163,-0.0082,-0.0055,0.0518695676,-0.020011314,-0.014466808,-0.034135976,-0.016155158,-0.002755813,-0.020442724,-0.004788351,0.0407501,-0.018393017,0.0046322457,-0.041698264,-0.022271816,0.0019957983,-0.029597612,-0.019228421,-0.004906505
1966-03-31,-0.0251,0.0021,-0.0213,0.0129,-0.0005,0.0147,0.0038,-0.0046,-0.0294,-0.0225,-0.0155,-0.0268,-0.0401,-0.008529424,-0.034319574,-0.029652956,-0.022435522,-0.015603125,-0.012115039,-0.039751942,-0.026603081,-0.019204632,-0.021431552,-0.048536578,-0.00132372,0.0290369066,0.0072027723,0.0331935169,0.0280270496,0.0163085516
1966-04-30,0.0213,0.0333,-0.0036,0.0042,-0.0092,0.0588,0.0034,0.0562,0.0469,0.0582,0.0246,0.0182,0.0154,0.0763523678,0.0009462409,0.0016443761,0.0316152184,0.0012255547,0.0389601964,0.0128549941,0.0046179309,0.0395358912,0.0305396631,0.0129133464,0.0115651211,-0.006249609,0.0025034949,-0.004181954,-0.001090899,0.0007859494
1966-05-31,-0.0567,-0.0511,-0.016,0.0164,-0.0148,-0.0471,0.0041,-0.0998,-0.099,-0.1035,-0.0422,-0.0514,-0.0706,-0.061314948,-0.039852788,-0.083560859,-0.037848427,-0.052996988,-0.063376714,-0.039256309,-0.050050309,-0.095178279,-0.030468063,-0.029928979,-0.027456958,0.0004076622,0.0013271307,-0.005564149,0.0021290488,-0.000956046
1966-06-30,-0.0144,0.0132,0.0049,0.0008,0.0079,0.0323,0.0038,0.008,0.0008,-0.0005,-0.02,-0.0006,-0.0016,0.0011761162,-0.031786705,-0.019913198,-0.022773797,0.0095128259,-0.00176146,-0.021196797,-0.019155425,0.0195528729,-0.023873555,0.0045632325,-0.017263282,-0.011992214,0.0031411409,-0.004611295,-0.00565724,-0.001231922
1966-07-31,-0.0163,-0.0038,0.0091,-0.0038,0.0174,-0.013,0.0035,-0.0207,-0.0169,-0.0072,-0.0165,-0.0062,-0.0117,-0.017426133,-0.005439719,-0.025765905,0.0040951142,-0.017117984,-0.019704628,-0.020063697,-0.011794771,-0.017948707,-0.019709657,-0.011589479,-0.001776553,0.0010675074,0.0021096791,0.0009889175,-0.006215056,-0.002200001
1966-08-31,-0.0794,-0.0315,0.005,-0.0064,0.0077,-0.0221,0.0041,-0.112,-0.0981,-0.1048,-0.0769,-0.0662,-0.0742,-0.058922543,-0.074008022,-0.075734846,-0.064043003,-0.080938646,-0.0802291,-0.087394954,-0.071994671,-0.131369927,-0.064070541,-0.045967803,-0.085910817,-0.012587764,-0.005325949,-0.012111408,-0.014528378,-0.011519411
1966-09-30,-0.0106,-0.0102,0.0048,-0.0119,0.0235,-0.0186,0.004,-0.0194,-0.0094,-0.0145,-0.0099,0.0019,-0.0051,-0.019696597,-0.055708345,-0.009666506,0.0391975756,-0.011476003,-0.028491391,-0.000321373,-0.014779719,-0.027415111,-0.020174253,-0.005571663,0.04361226,0.0209298701,0.0104724205,0.0241964862,0.0298002112,0.0185848512
1966-10-31,0.0386,-0.0648,0.0274,-0.0391,0.0423,-0.052,0.0045,-0.0376,-0.002,-0.0016,0.0332,0.0716,0.052,0.0007152474,0.0215752945,0.0036603077,0.0845381698,0.0486825916,0.0249681194,0.1015749206,0.0451838142,-0.004672699,-0.014054739,0.091750015,0.0994068374,0.0191257166,0.0069856468,0.0232690752,0.0050075069,0.0083202176
1966-11-30,0.0138,0.0334,-0.0463,0.0466,-0.0651,0.0573,0.004,0.0739,0.0458,0.0241,0.037,-0.0096,-0.0058,0.1122776069,0.0003486799,-0.033978743,-0.011489759,0.0690329785,0.038013894,0.0305744414,0.0237083113,0.1029042472,0.0070997368,-0.028216681,-0.013566778,-0.010567575,0.002742156,-0.015499151,-0.004769794,0.0010321284
1966-12-31,0.0013,0.0188,-0.0095,0.0017,-0.0016,0.0099,0.004,0.0307,0.0264,0.0098,-0.0035,0.0141,-0.0016,0.0048136954,0.0086073245,-0.026282058,-0.006411243,-0.001772653,0.015830838,0.034432914,0.0019267542,0.0157701187,-0.040364345,0.0297958971,0.0209746396,0.0390241299,0.0156851167,0.0418170075,0.0375275461,0.0260420542
1967-01-31,0.0815,0.0898,0.0236,0.0129,-0.0306,-0.07,0.0043,0.175,0.1621,0.1752,0.0793,0.0637,0.1263,0.1035809549,0.1046189974,0.1187704304,0.0360201163,0.0650880475,0.1152145682,0.0881972185,0.094488772,0.1369017506,0.1184218792,0.0623252115,0.0285133731,0.0199650597,0.0098037134,0.0228593289,0.012768143,0.0115805743
1967-02-28,0.0077,0.0301,-0.0226,0.0166,-0.0093,0.0351,0.0036,0.0474,0.0286,0.0312,0.0199,-0.0033,-0.009,0.0630703588,0.002828838,-0.010658019,-0.000708254,0.0148848768,0.0157931216,0.0042506455,0.0202879356,-0.006604006,0.0337398274,0.0216386971,-0.017195665,-0.022498033,-0.000086067,-0.026155458,-0.007491918,-0.002845254
1967-03-31,0.04,0.0177,0.0047,0.0082,-0.015,0.0139,0.0039,0.0577,0.0648,0.0558,0.0432,0.0365,0.0546,0.0533578858,0.0525921625,0.038427225,0.0362847868,0.0779233731,0.060036894,0.0144947625,0.0444712927,0.061239848,0.0243651019,0.0298495554,0.0152287984,0.0210789605,0.0141237775,0.0185422297,0.0212944039,0.0195079127
1967-04-30,0.0389,0.0043,-0.0229,0.0309,-0.0372,0.0052,0.0032,0.0517,0.0375,0.0345,0.0601,0.0183,0.0314,0.0775637368,0.0533201186,0.1101642832,0.0169167431,0.0454646772,0.0332729745,0.0046269399,0.0454158669,0.0286084975,0.0915832017,0.0024727751,0.0181802923,-0.024972745,-0.000067418,-0.027879446,-0.011081657,-0.00864912
1967-05-31,-0.0432,0.0245,0.008,-0.0119,0.0162,0.0066,0.0033,-0.0123,-0.0114,-0.0229,-0.0496,-0.0373,-0.023,-0.043685751,-0.046164411,-0.073106446,-0.024145297,-0.05268771,-0.033038574,-0.023619887,-0.026347017,-0.020334302,-0.044841381,-0.056537501,-0.040738001,-0.002999328,0.0028308659,-0.003530847,0.0023331489,0.004668446
1967-06-30,0.0242,0.0642,0.008,-0.0084,-0.0249,0.0601,0.0027,0.0955,0.0814,0.0801,0.0148,0.0203,0.0463,0.0641623267,0.0075834477,0.0159230535,0.0233442411,0.0537214404,0.0269805187,0.0379842668,0.0262901824,0.0357387109,0.0392504817,0.0268710916,-0.013203554,-0.021735477,-0.007121304,-0.026281875,-0.029594904,-0.020770663
1967-07-31,0.0458,0.0358,0.0275,0.0045,0.0266,-0.011,0.0032,0.0701,0.0766,0.1034,0.0492,0.035,0.0709,0.0405548752,0.0527748119,0.1106860632,0.0692834926,0.0379412943,0.0491080977,0.0681811933,0.0604867438,0.0837428208,0.060041727,-0.065791224,0.0235797989,0.0084254826,0.0054644822,0.0153022202,0.011686396,0.011644166
1967-08-31,-0.009,0.0077,0.0143,0.003,0.0135,-0.0132,0.0031,-0.0036,0.0082,0.0046,-0.0076,-0.0089,0.0129,-0.009878396,-0.00070459,0.0016222877,-0.01449952,0.006510514,-0.005243003,0.0216682993,-0.008420407,-0.012604345,0.0033834586,-0.012403604,-0.006541032,-0.002224057,-0.001360237,-0.00625068,-0.005216174,-0.004523705
1967-09-30,0.0311,0.0243,-0.0247,0.0022,-0.0093,0.0239,0.0032,0.0685,0.0528,0.0465,0.0381,0.0277,0.0107,0.084058243,0.0444415179,0.0507654699,0.04247918,0.0290170451,0.0271585406,0.0320327148,0.0309767179,0.0052508379,0.0228521032,0.0123121785,-0.000940098,-0.002261041,0.0040193567,-0.004210695,0.0026199305,0.0022704965
1967-10-31,-0.0308,0.0057,-0.0329,0.0097,-0.0274,0.0368,0.0039,-0.0085,-0.0217,-0.0341,-0.0152,-0.0381,-0.0553,0.0514526432,-0.046112369,-0.04861817,-0.009332686,-0.050261664,-0.045871584,-0.038840157,-0.026050036,-0.053442757,0.0066053356,-0.035069631,-0.053625027,-0.029811573,0.0000476799,-0.039312666,-0.014530942,-0.007916484
1967-11-30,0.0037,-0.0006,-0.0171,0.0131,-0.0228,0.0122,0.0036,0.013,0.0135,-0.0088,0.0109,0.0031,-0.0015,0.0143540462,-0.016812411,-0.009487525,0.0074673106,0.0131975667,0.0141512853,-0.010318643,0.0045005389,-0.00049547,0.0080533937,0.0007502652,0.0317561587,-0.006623637,0.0032152233,-0.004936691,,0.0011880164
1967-12-31,0.0305,0.0559,-0.0054,-0.0074,-0.0003,0.032,0.0033,0.1108,0.0713,0.081,0.0215,0.0325,0.0404,0.0210586152,0.0679842192,0.0091759659,0.0310673796,0.0180595045,0.0479003773,0.0712962064,0.0319144625,0.0513908583,0.0349792773,0.0018570903,0.032692554,0.0082718352,0.0022021725,0.0127322943,,0.0054929151
1968-01-31,-0.0403,0.0468,0.0485,-0.0489,0.0646,-0.0446,0.004,-0.0144,0.0101,0.0353,-0.0615,-0.0128,-0.0142,-0.088945571,-0.069211791,-0.050455631,-0.009555414,-0.064286708,-0.063171511,0.0295309814,-0.005885253,-0.044070146,0.0109976884,0.0259513943,0.0020417018,0.0263769446,0.0111525923,0.0375398189,,0.0144149173
1968-02-29,-0.0374,-0.0292,0.0123,-0.0008,0.0246,-0.0334,0.0039,-0.0745,-0.0505,-0.0503,-0.0331,-0.0212,-0.0327,-0.046822946,-0.033725623,-0.025821829,-0.026876257,-0.042580289,-0.048436485,-0.031038575,-0.027295242,-0.039737721,-0.010934111,-0.024623196,-0.014908386,0.0023157937,0.0029476706,-0.004776529,,0.002797116
1968-03-31,0.0021,-0.0155,-0.0063,0.0107,-0.0115,0.0319,0.0038,-0.0066,-0.012,-0.0052,0.0183,-0.0075,0.0044,0.0442058043,0.005938022,0.0051709699,0.0079840918,0.0011031714,0.0071212901,0.0065880677,0.0069150637,-0.00867734,0.0265972609,-0.011006806,-0.040222009,-0.022994864,0.0017485349,-0.027493546,,-0.002397363
1968-04-30,0.0901,0.0617,-0.011,0.0279,-0.0373,0.0511,0.0043,0.172,0.1416,0.1323,0.1023,0.0539,0.12,0.1270920118,0.084942377,0.1179179366,0.0583810502,0.118180085,0.1153398225,0.1139505346,0.1129771,0.1240766199,0.1240406629,0.0242928556,0.0249629101,0.0150000629,0.0019493243,0.0167690086,,-3.003666E-7
1968-05-31,0.0228,0.0697,0.0082,0.0049,-0.0192,0.0375,0.0045,0.0961,0.0817,0.0871,0.0247,0.0013,0.0501,0.0377745854,-0.001797034,-0.001063325,0.012808049,0.0373153458,0.0436493544,0.0650814479,0.0506066558,0.0602723829,0.0346235486,-0.006589367,0.0045577151,-0.00625352,0.003816505,0.004492452,,0.0058148395
1968-06-30,0.007,-0.0033,0.0066,-0.0156,0.028,-0.0209,0.0043,-0.0022,0.0131,0.015,-0.0002,0.0359,-0.0042,-0.020891419,0.0048390443,-0.010938519,0.0187787622,0.0201575754,-0.004997049,0.0725446669,0.009742809,0.0079455438,0.0042342419,0.0416611822,0.0844557718,0.0356432765,0.0074682139,0.0248812861,,0.0124896325
1968-07-31,-0.0269,-0.0139,0.0531,-0.0318,0.0379,-0.0089,0.0048,-0.0558,-0.0234,0.0024,-0.045,0.0034,0.0031,-0.054967726,-0.023078422,-0.029487191,0.0527795684,-0.041165742,-0.045474051,2.7322262E-6,-0.039191559,-0.044513817,-0.052036258,-0.002041449,0.0021646324,0.0253249158,0.0125589359,0.0230975804,,0.0189849013
1968-08-31,0.0135,0.0233,0.0099,-0.0066,0.0047,0.019,0.0042,0.0394,0.035,0.0475,0.0112,0.0152,0.0229,0.0046443786,0.0174091521,0.0123827292,0.0128845437,0.0068188727,0.0382280937,0.0442426967,0.0274535176,0.0148602434,0.0226240591,0.0128161593,-0.008695224,-0.000410388,0.0047214302,-0.000189137,,0.0036661206
1968-09-30,0.0405,0.0281,0.003,-0.0194,0.0087,-0.0064,0.0043,0.0743,0.0694,0.0645,0.0333,0.0437,0.0491,0.0292695432,0.0506454968,0.0663823906,0.0351067596,0.0084062281,0.0439489047,0.0927994569,0.0497832589,0.0928490178,0.078317366,0.0296934456,0.0025493846,-0.006179426,0.0038810902,-0.01242795,,0.0035933852
1968-10-31,0.0044,-0.0043,0.0282,-0.0136,0.0284,-0.0146,0.0044,-0.0047,0.0196,0.0134,-0.0063,0.0176,0.0321,-0.049547606,0.0234678941,0.0465585719,0.0256206609,-0.00043107,0.0048373351,0.0272758444,0.0089886515,0.0019982026,0.0057324194,0.0316692616,0.004808468,-0.009841477,0.0018982938,-0.01410483,,0.0007276824
1968-11-30,0.0542,0.0239,-0.0096,0.0044,-0.0251,0.0174,0.0042,0.0866,0.0813,0.0677,0.055,0.0556,0.0548,0.0863138124,0.0517637963,-0.000917144,0.0565993036,0.0809081556,0.0593295008,0.0485555021,0.0467030395,0.0835113235,0.0529055733,0.0539514833,0.0877909056,-0.015853897,0.0023390878,-0.023029735,,-0.00090944
1968-12-31,-0.0393,0.0355,0.0004,-0.0191,0.0193,0.0032,0.0043,0.003,-0.0064,-0.0104,-0.0487,-0.0314,-0.0346,-0.053899127,-0.042251871,-0.044338471,-0.025237349,-0.009706128,-0.030534303,-0.049645324,-0.01090453,-0.025815309,-0.040316613,-0.066644217,-0.029419022,-0.024262583,-0.007710914,-0.030503164,,-0.017995734
1969-01-31,-0.0125,-0.0042,0.0166,-0.0152,0.0129,-0.0015,0.0053,-0.0181,-0.0067,-0.0072,-0.0182,0.0009,0.0041,-0.047027089,-0.012720605,-0.017730349,-0.011792128,-0.002798665,-0.002849472,0.014361649,-0.012944291,0.0130873711,-0.00984725,0.0115636386,0.0242256781,-0.00370283,0.0070238604,-0.018159617,,0.0074466539
1969-02-28,-0.0586,-0.0416,0.0089,0.0199,0.0075,-0.0255,0.0046,-0.1043,-0.0812,-0.0763,-0.0398,-0.0532,-0.0501,-0.038165075,-0.047555447,-0.036013518,-0.050261242,-0.05157146,-0.061329766,-0.089311332,-0.066509714,-0.082439353,-0.043719572,-0.033500349,-0.052097139,-0.007016963,0.0001662783,-0.000296157,,-0.004533953
1969-03-31,0.0267,-0.0051,-0.0042,-0.0134,-0.0044,0.0406,0.0046,0.0301,0.0214,0.0325,0.0389,0.0261,0.028,0.0528420991,0.0103496187,0.0504452554,0.0706613717,0.0322630288,0.0306671669,0.0204383708,0.0082488852,-0.00218435,0.0510632172,-0.003809999,-0.012653855,-0.009062015,0.0090410397,-0.01274775,,0.0074910354
1969-04-30,0.0147,-0.0078,0.0002,0.0028,-0.0016,0.0124,0.0053,0.0085,0.0196,0.0126,0.0324,0.004,0.0287,0.0379051974,0.0064515174,0.0118869112,-0.002961462,0.0493103314,0.0138167414,0.0237996845,0.012217392,0.0128943126,0.0384863981,0.0767148411,0.0123783333,0.0382931772,0.0058947749,0.0447033714,,0.0079464708
1969-05-31,-0.001,-0.0018,0.0062,-0.0087,0.0105,0.0181,0.0048,-0.0034,0.0099,-0.0011,-0.0011,0.007,0.009,-0.017376978,0.0092164189,0.0009939935,0.0404949502,0.0175864243,-0.013696145,-0.007983333,0.0128425054,-0.010001038,0.0067879191,0.0104765396,-0.0001326,-0.035677821,-0.00393285,-0.043155875,,-0.009920987
1969-06-30,-0.0718,-0.0547,-0.011,0.0427,-0.0163,-0.0231,0.0051,-0.1213,-0.1128,-0.1097,-0.0348,-0.0804,-0.0684,-0.005381925,-0.06330229,-0.06247793,-0.099539461,-0.053104378,-0.072094127,-0.094809137,-0.07461941,-0.110987261,-0.05861671,-0.040148413,-0.057375785,0.0087987925,-0.006118395,0.0263457972,,-0.007923814
1969-07-31,-0.07,-0.0339,0.0118,0.0151,0.0184,0.0182,0.0053,-0.111,-0.0948,-0.0743,-0.0474,-0.0751,-0.0605,-0.0537996,-0.030889904,-0.069891315,-0.096385476,-0.026745922,-0.061548499,-0.086907689,-0.06846009,-0.095192068,-0.08445969,-0.044953373,-0.029725393,0.0055234373,0.0034682585,0.0116413691,,0.0058444627
1969-08-31,0.0469,0.0058,-0.0375,0.0106,-0.0398,0.0214,0.005,0.0723,0.0511,0.0383,0.0673,0.044,0.0262,0.0700759738,0.0438058093,0.0275046209,0.0659172073,0.0930012095,0.0415326316,0.1032871103,0.0476204965,0.0776488973,0.0813419684,0.0166148143,-0.012927672,-0.001870336,0.0049874761,-0.006576342,,-0.003570744
1969-09-30,-0.0297,0.0129,-0.0322,0.0336,-0.0062,0.0243,0.0062,-0.0051,-0.0196,-0.0277,-0.0058,-0.0359,-0.0476,0.002357436,-0.040503205,-0.000467205,-0.095873767,0.0214704868,-0.014427812,-0.006392975,0.0030786502,-0.007251197,-0.006507703,-0.040040319,-0.041357164,-0.05076626,-0.004284182,-0.058050657,,-0.02916087
1969-10-31,0.0505,0.0391,-0.0312,0.0008,-0.0208,-0.0436,0.006,0.1092,0.0821,0.0727,0.0632,0.046,0.0373,0.0603299273,0.0649706279,0.0387377635,-0.010786623,0.0903906815,0.0674924014,0.0852756541,0.0838586456,0.0705129125,0.067353383,0.0351029192,0.0828289136,0.0353633406,0.0170607937,0.0473644699,,0.0345350279
1969-11-30,-0.038,-0.0242,-0.0125,0.014,0.0021,0.0367,0.0052,-0.0541,-0.0527,-0.0646,-0.0208,-0.0386,-0.0354,-0.017875198,-0.035309521,-0.044451084,-0.044913603,0.0037551753,-0.033317013,-0.065084521,-0.024649475,-0.045539059,-0.040718915,0.0120015438,-0.052710131,-0.030413045,0.0000576977,-0.031699481,,-0.004207265
1969-12-31,-0.0263,-0.0372,-0.0288,0.0255,-0.0192,0.0527,0.0064,-0.0503,-0.0579,-0.0636,0.001,-0.0189,-0.0434,-0.007667984,-0.01477612,-0.03447125,-0.030060932,0.0419363781,-0.013907129,-0.023001168,-0.020225011,-0.050045465,-0.033263232,-0.054899169,-0.00634402,-0.033330044,-0.003177112,-0.016938139,,-0.019212153
1970-01-31,-0.0811,0.0308,0.0317,-0.0175,0.0396,0.0056,0.006,-0.0612,-0.0524,-0.0226,-0.0812,-0.0859,-0.0564,-0.094347639,-0.05478899,-0.082102803,-0.113652315,-0.071121644,-0.077772649,-0.092971028,-0.043263689,-0.086782898,-0.059229858,-0.026171408,-0.04235958,0.0239245166,0.0085653956,0.0026984788,,0.0035498679
1970-02-28,0.0514,-0.0257,0.0369,-0.0241,0.0287,0.0027,0.0062,0.0313,0.0333,0.0625,0.0385,0.0793,0.081,0.0287850284,0.0335778645,0.0548940965,0.052212458,0.0538899068,0.0558667747,0.1147057627,0.0449720135,0.078372507,0.0505905553,0.0794977569,0.0834784822,0.0714420601,0.0237262593,0.0695024805,0.0678864846,0.0430850235
1970-03-31,-0.0106,-0.0242,0.0408,-0.0106,0.0442,-0.0036,0.0057,-0.0512,-0.0116,0.0019,-0.0175,0.0148,0.0109,-0.02793886,-0.004009888,0.0483851457,-0.00579831,-0.050328388,-0.003513933,-0.009996785,-0.008671495,-0.028427504,-0.018063637,0.0227145406,0.0291415564,-0.011888035,0.0092525025,-0.009679869,-0.000269268,0.0085539059
1970-04-30,-0.1099,-0.0634,0.0614,-0.0063,0.059,-0.0083,0.005,-0.2059,-0.1411,-0.1129,-0.1052,-0.0953,-0.0752,-0.14476413,-0.062216153,-0.090030125,-0.092993807,-0.102190381,-0.09851927,-0.130700829,-0.103644092,-0.149412863,-0.114811496,-0.088126051,-0.080699198,-0.046357623,-0.006114552,-0.041374658,-0.050870578,-0.021193364
1970-05-31,-0.0691,-0.0446,0.0332,-0.0129,0.0379,-0.0266,0.0053,-0.112,-0.1066,-0.0816,-0.0781,-0.0418,-0.042,-0.095968246,-0.029869586,-0.064787372,0.0239913971,-0.077588028,-0.090172456,-0.090188519,-0.074355315,-0.083658629,-0.096725405,-0.037377611,-0.053820065,-0.029334002,0.0051640618,-0.040621296,-0.006522276,0.0105751601
1970-06-30,-0.058,-0.021,0.0044,0.0014,0.0271,0.0564,0.0058,-0.0846,-0.073,-0.061,-0.0546,-0.0321,-0.0694,-0.120222623,-0.023979195,-0.042244311,-0.025004461,-0.005710424,-0.057358286,-0.046653707,-0.015739913,-0.091357246,-0.038749089,-0.084431275,-0.047095787,0.0546757828,0.0106903536,0.0557095413,0.0213953017,0.0083598816
1970-07-31,0.0692,-0.0066,0.0093,-0.003,0.0172,-0.0312,0.0052,0.076,0.0682,0.0677,0.0521,0.0974,0.0789,0.0234904656,0.0676614734,0.1060907991,0.1275638872,0.0222107459,0.0451621921,0.0884105486,0.0668367319,0.0719356841,0.1038836638,0.1025897744,0.0867392862,0.035070408,0.0111846633,0.0291127765,0.0297833569,0.0141945141
1970-08-31,0.045,0.0144,0.0141,0.0057,-0.0014,-0.0668,0.0053,0.0597,0.0702,0.0691,0.0413,0.0533,0.06,0.0808866956,0.0394273677,0.0822300828,0.0653844886,0.0180495258,0.0486186212,0.0502952699,0.0145896216,0.052398967,0.0533589371,0.0243661224,0.0467891831,-0.019626244,0.008958183,-0.012573542,0.006686927,0.0108317768
1970-09-30,0.0418,0.085,-0.0541,0.0025,-0.0598,-0.0864,0.0054,0.1689,0.1089,0.0945,0.0721,0.0034,0.0383,0.1021546153,0.0153477776,0.0268063928,0.0318981246,0.0818279008,0.0485941199,0.0534564942,0.054907036,0.1006752664,0.0795886971,-0.009544689,-0.005176083,0.0266983172,0.012203232,0.0274767026,0.0187572447,0.0180126824
1970-10-31,-0.0228,-0.0436,0.0021,0.0181,0.0225,0.0945,0.0046,-0.0674,-0.0684,-0.0412,-0.0069,-0.0162,-0.0289,-0.035198285,-0.01633673,-0.020177678,0.0294803177,0.0052811769,-0.036793888,-0.070371122,0.0076061088,-0.045626254,-0.016927019,-0.037467379,-0.008138436,-0.003263031,0.0082913638,-0.003684699,0.0017584388,0.0105913237
1970-11-30,0.0462,-0.0388,0.0158,0.0153,0.0139,0.0259,0.0046,0.0061,0.0194,0.0263,0.0511,0.0572,0.0625,0.0408260308,0.0487991216,0.0691914325,0.0491599539,0.0273260084,0.0355594964,0.061252638,0.0467015432,0.0181671774,0.0685310555,0.0611878223,0.0938329016,0.0653642101,0.0285263654,0.0671751294,0.0708126758,0.0442564776
1970-12-31,0.0574,0.0289,0.0104,0.0028,0.003,-0.023,0.0042,0.0773,0.0955,0.0924,0.0539,0.0672,0.0595,0.0434367418,0.0806950351,0.0617465447,0.0225143129,0.0491684972,0.0800112038,0.0930593592,0.0743829311,0.0705946408,0.0541341455,0.0684715631,0.0715260193,-0.010724802,0.0032949859,-0.01535578,0.0069911431,0.0053940105
1971-01-31,0.0483,0.0744,0.0155,-0.0202,-0.0006,-0.0686,0.0038,0.1052,0.1249,0.1277,0.0465,0.038,0.0549,0.0547627262,0.0524306265,0.0393356974,0.0043479063,0.0571419392,0.0612530535,0.0528281685,0.0491491106,0.1039742961,0.0835787349,0.0975772013,0.0298774458,0.0539611561,0.016996693,0.0550929089,0.0358317632,0.0156920337
1971-02-28,0.0141,0.0201,-0.0124,0.0064,-0.008,0.0082,0.0033,0.0444,0.0359,0.023,0.0238,0.0033,0.0205,0.0282850233,0.0162272486,0.0227087516,0.0472501059,0.0154170438,0.0115608312,0.0184029989,0.0381811201,0.0270630884,0.0365168496,-0.052787143,-0.025185696,-0.014859652,0.0137958578,-0.015976754,0.0050840744,0.0199795086
1971-03-31,0.0412,0.0222,-0.0395,0.0178,-0.0265,-0.014,0.003,0.0882,0.0524,0.0469,0.0583,0.0306,0.0206,0.0809132649,0.0373162903,0.0349719814,0.0284330294,0.0434596383,0.0423164122,0.0712469145,0.0456734492,0.0462626323,0.0694650777,0.0071644227,0.0238112699,0.0531625219,0.0074177134,0.0482531557,0.05785665,0.0190107963
1971-04-30,0.0315,-0.0036,0.0086,-0.0146,0.0085,0.0136,0.0028,0.0305,0.0374,0.0347,0.0392,0.0259,0.0521,0.0245455091,0.0429877048,0.0845565941,0.0424605117,0.0350608614,0.0425571923,0.0228777488,0.0214449766,0.0630272283,0.0488749334,0.0074890245,-0.03485632,-0.017983515,-0.014925566,-0.017891056,-0.042117463,-0.031539621
1971-05-31,-0.04,-0.0112,-0.0133,0.0149,0.002,0.0093,0.0029,-0.0425,-0.055,-0.0501,-0.0276,-0.0423,-0.0466,-0.060639027,-0.009718298,-0.042060076,-0.047035267,-0.020871751,-0.027645526,-0.051252524,-0.028048654,-0.042382495,-0.01698153,-0.052395113,-0.037293612,-0.005831485,-0.001116643,-0.001460947,-0.021838358,0.0003158133
1971-06-30,-0.0009,-0.0151,-0.0197,0.0158,-0.0167,0.0269,0.0037,0.0038,-0.0168,-0.0236,0.0114,-0.0014,-0.0007,-0.022916517,0.0223140986,-0.005299396,0.0102541641,0.0207989566,-0.003374913,-0.00046058,-0.00007532,-0.027043577,0.0042246574,0.0099352661,0.0424376995,-0.004816981,-0.011063198,-0.007115341,-0.013333952,-0.021334525
1971-07-31,-0.0449,-0.0143,-0.0002,0.0058,0.0139,-0.0232,0.004,-0.0667,-0.0444,-0.0595,-0.0412,-0.0352,-0.0488,-0.087207023,-0.043917117,-0.055256134,-0.021310323,-0.022296105,-0.050232781,-0.018304683,-0.021200989,-0.058211453,-0.035428594,-0.036115585,-0.021348825,0.0028250762,0.0055548868,0.0063750711,-0.016030007,0.0022537524
1971-08-31,0.0379,-0.0023,0.0264,-0.0043,0.0259,0.0344,0.0047,0.0428,0.0384,0.0652,0.0551,0.0125,0.0855,0.0563068534,0.0620725977,0.1055883863,-0.011950446,0.0327298649,0.0642117025,0.0669581821,0.0310129629,0.0738923106,0.06194992,-0.003228859,-0.023179968,0.0466111577,0.025666053,0.0479320441,0.052234128,0.0425311544
1971-09-30,-0.0086,0.0026,-0.029,0.0254,-0.0158,0.021,0.0037,0.0087,-0.0074,-0.0204,0.0036,-0.0124,-0.0254,-0.015682096,0.0061174822,-0.000931191,-0.016377359,0.0071292517,-0.006637864,-0.00390206,-0.000656685,-0.005732807,0.0069686308,0.0023376916,-0.014966279,0.0208994553,0.0059267775,0.019964114,0.0285179766,0.0060235056
1971-10-31,-0.0442,-0.0159,-0.0051,0.0156,-0.0139,0.005,0.0037,-0.0588,-0.0444,-0.0657,-0.0391,-0.0348,-0.0425,-0.043645373,-0.046999915,-0.052296373,-0.042852304,-0.024843948,-0.06517593,-0.025201564,-0.043393473,-0.062844662,-0.034330883,-0.01743377,0.0207302449,0.015318667,0.0143176465,0.0184734225,0.0166649886,0.0169011538
1971-11-30,-0.0046,-0.0286,-0.0167,0.0241,-0.0044,0.0151,0.0037,-0.0288,-0.0232,-0.0398,0.0086,-0.0037,-0.0137,0.0183355191,-0.009104929,0.003251606,0.0006344104,0.0042853116,-0.010266064,0.0115725706,-0.00416224,-0.0186424,0.0032810441,0.0038005821,-0.011984418,-0.00357911,0.0033377662,-0.004274809,-0.002487019,0.0024827334
1971-12-31,0.0871,0.0324,-0.0038,-0.0043,-0.0168,-0.0062,0.0037,0.1336,0.112,0.1213,0.0896,0.0844,0.0943,0.1120957182,0.072848763,0.0613148746,0.0883643178,0.0808904303,0.1087960638,0.060242499,0.1048568072,0.109302226,0.101926577,0.0734504083,0.0808540371,0.0028239145,0.0098603885,-0.000108236,0.0071006122,0.0151777398
1972-01-31,0.0247,0.0609,0.0212,-0.0169,0.0054,0.0007,0.0029,0.0863,0.0676,0.1035,0.0266,0.0039,0.0518,0.084473064,0.0371549373,0.0333405756,0.0015203994,0.0271546026,0.0312602652,0.0135458054,0.0258839477,0.0622052017,0.0051146175,0.0100134306,-0.002438614,-0.010724827,0.003161287,-0.008544437,-0.008656523,-0.003975401
1972-02-29,0.0287,0.0087,-0.0283,0.0169,-0.005,0.0253,0.0025,0.0473,0.0315,0.0264,0.0455,0.0103,0.0098,0.017172266,0.048161678,0.008486519,0.0267460986,0.0715933653,0.05074187,-0.00142202,0.0475312478,0.0441458269,0.0577789003,0.0023625787,-0.02481638,0.0142127729,0.0058026418,0.0129005341,0.0176467902,0.007899496
1972-03-31,0.0062,-0.0047,-0.0161,0.0158,-0.002,0.0294,0.0027,0.0151,-0.0013,-0.0046,0.0219,-0.0135,0.0094,0.0095729455,0.0210095299,0.0421096996,-0.054241818,0.0043105441,0.0263820253,0.0582716176,0.0013258467,-0.004535653,0.0182237211,-0.003243825,-0.001542715,-0.000670528,-0.008318395,-0.006929373,-0.004599325,-0.010149906
1972-04-30,0.0029,0.0027,0.0003,-0.0041,-0.0106,0.0279,0.0029,0.0072,0.0127,0.0048,0.0079,0.0011,0.011,0.007225206,0.0199526412,-0.004585588,-0.006654035,0.0101082345,0.019309641,0.0211107026,0.0188776151,0.0098576851,-0.004105875,-0.010317225,-0.02802589,0.0058496886,0.0119634964,0.0072103539,0.0073571337,0.0136096179
1972-05-31,0.0129,-0.0312,-0.0272,0.024,-0.0197,0.0333,0.003,-0.018,-0.0137,-0.0267,0.0298,0.0089,-0.0158,0.0370783138,0.0265021471,-0.00971038,0.0369222379,0.0366021233,0.0160640854,-0.01693464,0.0048598277,0.0072904185,0.0166001964,0.0119805422,-0.00149683,0.0214117023,0.0076697519,0.0235788817,0.0110760214,0.0088523527
1972-06-30,-0.0246,-0.0043,-0.0246,0.0178,-0.0035,0.019,0.0029,-0.0345,-0.0279,-0.0312,-0.011,-0.0278,-0.0634,-0.026154282,-0.033078915,-0.029302955,-0.009385641,0.0245402612,-0.017755002,-0.034830438,-0.01191591,-0.050739655,-0.040692997,-0.026396946,-0.015417339,-0.006428185,-0.003750419,-0.007884047,-0.002343012,-0.004255727
1972-07-31,-0.008,-0.0279,0.006,0.012,-0.0071,0.0268,0.0031,-0.0506,-0.0326,-0.0211,0.006,-0.012,-0.0114,0.009845432,0.0108602421,-0.021213579,-0.010632272,0.0323578706,0.0025614527,-0.009992412,-0.01600696,-0.050807735,-0.024480393,0.0075426551,0.0004461408,0.0186633554,0.0086542973,0.0223364042,0.0044579301,0.0062144977
1972-08-31,0.0327,-0.0346,0.0456,-0.0204,0.029,-0.0536,0.0029,-0.0071,0.0201,0.026,0.0148,0.071,0.0728,0.02892752,0.0498329266,0.0378468589,0.1237815602,0.0104523724,0.0125571576,0.0599453344,-0.001204225,0.0066664747,-0.004136186,0.0516034279,0.0596065463,0.0043135704,-0.001941722,0.0063897322,-0.00755868,-0.003746359
1972-09-30,-0.0114,-0.0224,0.0049,0.0165,-0.0197,0.0183,0.0034,-0.0346,-0.027,-0.0318,-0.0048,-0.0108,0.0022,-0.011399206,-0.02182564,-0.008878654,-0.00243544,-0.004376028,-0.00880164,-0.001360291,-0.026234403,-0.03630955,-0.005148308,0.0430522012,0.0019783306,-0.006015335,0.0023678502,-0.004781701,-0.002995036,0.00627002
1972-10-31,0.0052,-0.0255,0.0122,-0.0011,0.0003,0.007,0.004,-0.0248,-0.0017,-0.0115,0.0052,0.0225,0.0164,-0.033202395,0.0222327201,-0.024317756,0.030985525,0.0150560077,0.0061908387,0.0165308289,4.2028329E-6,0.0042579884,0.0080529091,0.0230342686,0.0675253137,0.0159380812,0.0057464101,0.0135727046,0.0130965755,0.0048911628
1972-11-30,0.0459,-0.0059,0.0488,-0.0198,0.0334,-0.0508,0.0037,0.0337,0.0586,0.0642,0.0297,0.0654,0.0968,0.0251618821,0.0393265411,0.0792241424,0.0621664733,-0.005624995,0.0424790384,0.0475835676,0.0678970694,0.0575396014,0.0612515415,0.0711788956,0.0638675942,0.0163015097,0.0074900716,0.0155867881,0.0128921573,0.0092918245
1972-12-31,0.0062,-0.0189,-0.0218,0.0258,-0.0214,0.0495,0.0037,-0.012,-0.0106,-0.0231,0.0266,-0.0078,-0.0059,0.0201419974,0.0254562538,0.0165157446,0.0107802309,0.0372291893,0.0030932591,-0.008118159,0.0049259951,-0.006708622,0.0164600081,0.0143410641,-0.015385845,-0.015235014,0.0005633165,-0.024715517,0.0006829623,-0.000195164
1973-01-31,-0.0328,-0.0282,0.027,0.004,0.009,0.038,0.0044,-0.0793,-0.0514,-0.0366,-0.0262,-0.0218,-0.0148,0.0184026074,-0.026322729,-0.067140297,0.0523207219,-0.011821904,-0.042613063,-0.076185593,-0.047249141,-0.073162084,-0.042136765,-0.022897514,-0.044195402,-0.027774087,-0.000189924,-0.041963658,-0.002978037,-0.002298492
1973-02-28,-0.0485,-0.0394,0.0164,-0.0029,0.0005,0.0222,0.0042,-0.1103,-0.0771,-0.0585,-0.0304,-0.0495,-0.0495,-0.033784506,-0.012291968,-0.061004625,-0.07378761,-0.009158606,-0.030549778,-0.055214426,-0.043709664,-0.060120896,-0.067791623,-0.043583227,-0.02001919,-0.003873622,-0.001175113,0.0021346337,-0.004189999,-0.006278623
1973-03-31,-0.013,-0.0229,0.0257,-0.0096,0.005,0.0355,0.0046,-0.0389,-0.0267,-0.0125,-0.0123,0.0052,0.0126,-0.014202052,-0.000321815,-0.028087209,0.0303640825,0.0059976617,-0.004149526,-0.011578163,-0.012877396,-0.011873579,-0.057318988,0.0056776046,-0.022395117,0.0023106053,0.0000896133,-0.000256292,-0.002855113,0.0021738508
1973-04-30,-0.0568,-0.0292,0.0539,-0.0155,0.0252,0.0635,0.0052,-0.1111,-0.0546,-0.05,-0.0607,-0.0256,-0.014,-0.067291901,-0.035560245,-0.054473623,-0.012718145,-0.057314115,-0.050196184,-0.082408784,-0.063630988,-0.080127237,-0.088544637,0.0039964782,-0.006062359,0.0121628675,0.0085954344,0.0199349104,0.0039513614,0.0084559334
1973-05-31,-0.0297,-0.0612,0.0038,0.0197,-0.017,0.0719,0.0051,-0.1063,-0.0714,-0.0741,-0.0089,-0.0212,-0.0336,-0.028408731,-0.019150397,-0.043577174,-0.03542356,0.0105180822,-0.011103096,-0.034736179,-0.026906153,-0.056619047,-0.026670325,-0.009275004,0.0002318803,-0.005712308,0.0035814073,-0.006392271,-0.006996979,0.0045571032
1973-06-30,-0.0157,-0.0248,0.0114,-0.002,0.0009,0.0433,0.0051,-0.0498,-0.0297,-0.0271,-0.0091,-0.0034,-0.0089,-0.003148874,-0.007525124,-0.025758416,0.0145533257,-0.000668235,-0.003029875,0.0171727573,-0.03546635,-0.030140009,-0.058302902,-0.004578139,-0.023467529,-0.001679331,-0.000077273,-0.003879968,0.0032771544,-0.000313878
1973-07-31,0.0504,0.0719,-0.0526,-0.0009,-0.0323,-0.1167,0.0064,0.1818,0.1028,0.0904,0.0644,0.0225,0.0505,0.0489077958,0.0649195277,0.072708235,0.0029676157,0.068635017,0.0671496843,0.0904635898,0.0743127095,0.1014640042,0.1113368961,-0.003160921,-0.023887921,-0.04115219,-0.010672002,-0.049808162,-0.029811098,-0.028374839
1973-08-31,-0.0382,-0.0178,0.0103,-0.0132,0.0124,0.0359,0.007,-0.0384,-0.0525,-0.0404,-0.0323,-0.0294,-0.0097,-0.037595515,-0.040348217,-0.039483337,-0.037975878,-0.068922889,-0.003977084,-0.023339614,-0.033307441,-0.023306996,-0.041635672,-0.039068771,-0.021004322,0.0441091331,0.0143037577,0.0499063102,0.0209129865,0.0297674348
1973-09-30,0.0474,0.0358,0.0222,-0.0222,0.0173,-0.0698,0.0068,0.1094,0.0979,0.0853,0.0227,0.0908,0.0912,-0.031501622,0.0517797843,0.0780077553,0.0920418113,0.0077961295,0.0442822411,0.0740445616,0.0590298846,0.0713908124,0.0720298423,0.0763728456,0.0793125824,0.0455363227,0.0201853477,0.0549407649,0.0374852788,0.0264069659
1973-10-31,-0.0083,-0.0027,0.0166,-0.0199,0.0273,0.0678,0.0065,-0.024,0.0034,0.009,-0.0016,-0.0024,-0.0014,0.0415669078,0.0045731566,-0.043489455,0.0517727285,0.0184745865,0.0029547821,-0.016518047,-0.022612103,-0.0014734,-0.036731631,-0.055315752,-0.034815495,0.0020001122,0.0075395351,0.0046269783,0.0138448036,0.0037776062
1973-11-30,-0.1279,-0.0727,0.0409,-0.0277,0.0166,0.0893,0.0056,-0.2266,-0.1787,-0.1615,-0.1252,-0.1017,-0.1084,-0.114359814,-0.15001974,-0.160999519,-0.062068468,-0.077690077,-0.139413385,-0.123653519,-0.143594578,-0.145344626,-0.189421574,-0.04461869,-0.114979433,0.0046152107,0.0050737113,0.0032043702,0.007320692,0.005968383
1973-12-31,0.0059,-0.0472,0.0401,-0.0289,0.0244,0.1016,0.0064,-0.0237,-0.0216,-0.0145,-0.012,0.0551,0.0591,-0.043737318,0.0028346247,-0.037568941,0.0866789231,-0.044672206,0.0169381862,0.0205363567,-0.015332278,0.0282416317,-0.002547207,0.0453126573,0.0336223257,-0.020051211,0.0043708575,-0.026691663,-0.007620052,0.0046849834
1974-01-31,-0.0016,0.1039,0.0595,-0.0292,0.0449,-0.0892,0.0063,0.0742,0.1015,0.138,-0.0103,-0.0115,0.045,0.01090552,0.0058257371,0.0610352284,-0.07416823,-0.025561799,0.0041885878,0.0034640765,0.0250766189,0.0207433315,0.0672781574,0.0200553966,0.0458141294,0.0008354606,0.0068864727,0.0043097914,-0.004760098,0.0022087434
1974-02-28,-0.0046,0.0012,0.0247,-0.0185,0.0267,0.0037,0.0058,0.0017,0.0034,0.0193,-0.0104,0.0136,0.0213,-0.006767217,-0.003088607,-0.010628768,-0.015576418,-0.012294605,0.0021012869,0.0060494426,0.0016256279,0.0144160932,0.0080227829,0.0473129993,0.0025322288,-0.006353118,0.0038973424,-0.011425535,0.0063675199,0.0021359076
1974-03-31,-0.0282,0.0262,-0.0014,0.029,0.0044,-0.01,0.0056,-0.0038,-0.0065,0.0045,-0.0173,-0.0349,-0.0285,-0.027321603,0.0170769603,-0.000972161,-0.032304039,0.012269666,-0.01750682,-0.041939474,-0.019294286,-0.031688857,-0.031243024,-0.045738772,-0.036378047,-0.027655526,-0.011371225,-0.03381203,-0.020368855,-0.022876578
1974-04-30,-0.0528,-0.0066,0.0092,0.0271,0.0214,0.0206,0.0075,-0.0632,-0.0574,-0.0358,-0.0339,-0.0591,-0.0428,-0.036202333,0.0007617763,-0.040744225,-0.062950201,-0.015465748,-0.029270406,-0.068757164,-0.036689182,-0.060228614,-0.019687809,-0.053030144,-0.121968286,-0.008572932,-0.003126537,-0.005067555,-0.020574765,-0.012379534
1974-05-31,-0.047,-0.0306,-0.0208,0.0501,-0.0033,-0.0029,0.0075,-0.0708,-0.0803,-0.0689,-0.0185,-0.0514,-0.062,-0.038768931,0.0127159241,0.0042746932,-0.075104564,-0.001290317,-0.042479775,-0.099345886,-0.029699549,-0.069387439,0.0118676094,-0.015424367,-0.048927175,0.02382469,0.0112038788,0.0265099008,0.0127776673,0.012294575
1974-06-30,-0.0284,-0.0005,0.0083,0.005,0.0298,0.0232,0.006,-0.0319,-0.0278,-0.0114,-0.0213,-0.0176,-0.0251,-0.030050392,0.0091897079,-0.026443703,-0.003304988,-0.015336758,-0.009980582,-0.069474124,-0.005231159,-0.044195353,-0.02713259,0.0030077683,-0.062201111,0.0043241025,0.0030054228,0.0068118981,-0.000766543,-0.003724303
1974-07-31,-0.0806,0.0184,0.0516,-0.032,0.045,0.03,0.007,-0.0683,-0.0431,-0.0306,-0.0935,-0.0439,-0.028,-0.082170211,-0.067508931,-0.118631007,-0.005359982,-0.143263452,-0.073739145,-0.071469626,-0.101278734,-0.060349566,-0.128648777,-0.076346466,0.00768849,-0.005283842,0.0041097723,-0.007759621,-0.01017101,0.0009245812
1974-08-31,-0.0939,0.0028,0.0261,-0.0029,0.0259,0.0303,0.006,-0.0966,-0.0802,-0.0737,-0.101,-0.0573,-0.0716,-0.04712505,-0.116037526,-0.066146199,-0.084841418,-0.080252468,-0.095306964,-0.117244404,-0.102341385,-0.096228726,-0.130724822,-0.000151295,-0.086229569,-0.009356266,0.0006451727,-0.016049254,-0.00926139,0.001552594
1974-09-30,-0.1178,0.0147,0.0543,-0.0433,0.0582,0.0424,0.0081,-0.1168,-0.0709,-0.0746,-0.1382,-0.0604,-0.0718,-0.16967112,-0.115908236,-0.129511518,-0.080407878,-0.155592793,-0.134147768,-0.07125167,-0.121853851,-0.119324186,-0.12276771,-0.038082176,-0.013103221,0.0084466193,0.021655128,0.0145271384,0.0276999072,0.0288218621
1974-10-31,0.161,-0.0678,-0.0991,-0.0029,-0.0291,-0.0053,0.0051,0.1444,0.0766,0.0801,0.2126,0.1126,0.0787,0.1469886831,0.2027824425,0.0448503076,0.2077175325,0.2967859882,0.1424878978,0.2098792681,0.1566821133,0.1932416362,0.1002326851,0.108582404,0.1300159278,0.024257846,0.0111150067,0.0264894122,0.0271193132,0.0108796981
1974-11-30,-0.0453,-0.0141,-0.0025,-0.0342,0.029,0.022,0.0054,-0.0504,-0.0427,-0.0559,-0.04,-0.0347,-0.0393,-0.050277054,-0.066556711,-0.04695026,-0.042037367,-0.01241009,-0.054771634,-0.020905817,-0.039177,-0.035518415,-0.057453364,-0.030951446,-0.00125477,0.0253348094,0.0134817138,0.0226691373,0.0222000986,0.0215378965
1974-12-31,-0.0345,-0.0427,0.0012,-0.0076,0.0338,0.0298,0.007,-0.0721,-0.054,-0.0761,-0.0327,-0.0011,-0.0262,-0.052616056,-0.03270273,-0.041135967,0.0076018841,-0.033913603,-0.050176366,-0.027100254,-0.005957453,-0.059787276,-0.034090948,0.0156872887,-0.009642177,0.0203066592,0.0084847737,0.0120057713,0.0163789553,0.017036056
1975-01-31,0.1367,0.1288,0.0826,-0.0054,-0.0105,-0.138,0.0058,0.2469,0.2685,0.3056,0.1062,0.17,0.2129,0.1526449295,0.1066286829,0.2149498723,0.067428842,-0.00527811,0.1616539576,0.1733268797,0.1891146969,0.1861128288,0.260758252,0.1109711744,0.1910246106,0.0222932792,0.0158547696,0.0232997179,0.0113542266,0.0086374642
1975-02-28,0.0556,-0.0069,-0.0447,0.0117,-0.0211,-0.0058,0.0043,0.0659,0.0321,0.0372,0.0819,0.0283,0.0212,0.1327335335,0.0827375457,0.049106088,0.0231591993,0.1596961295,0.0796224416,0.0032086694,0.0407767756,0.0557920768,0.0519188473,0.0514982882,0.0088486372,0.0123126244,0.0123663186,0.0110539807,0.0133117134,0.0149818545
1975-03-31,0.0266,0.0397,0.0242,0.0125,-0.0134,-0.0207,0.0041,0.0773,0.0684,0.0835,0.0294,0.0155,0.0716,0.0098436534,0.0464885833,0.0657575791,-0.023409747,0.0133592467,0.0518028774,0.0238245224,0.071903424,0.0566503229,0.1077801394,-0.008624186,-0.014071022,-0.002194423,-0.001822767,-0.014391968,-0.001372901,-0.007975456
1975-04-30,0.0422,-0.0069,-0.0113,0.0139,-0.0137,0.0151,0.0044,0.0649,0.0318,0.0314,0.0576,0.0213,0.0684,0.0565126462,0.1156605811,0.0406362066,0.073402948,0.007135357,0.085812566,0.014804571,0.0300573228,0.0493751055,0.0263677908,-0.009576838,-0.015568142,-0.008700493,-0.005717668,-0.014973788,-0.01653494,-0.015662676
1975-05-31,0.052,0.0298,-0.0405,-0.0113,-0.0056,-0.0058,0.0044,0.1035,0.0685,0.0697,0.0565,0.0581,0.0093,0.0602434825,0.0210735943,0.0266472975,0.1197456804,0.06491393,0.0311580618,0.0643564007,0.0512211126,0.0514111945,0.0396926485,0.0357099368,0.0849401369,0.0334404781,0.0180259824,0.0325067135,0.0262342294,0.0251898721
1975-06-30,0.0487,0.0133,0.0135,-0.027,0.0107,-0.0004,0.0041,0.0695,0.0749,0.0632,0.0431,0.0641,0.0763,0.0209429475,0.0340448735,0.1018178896,0.0620837757,0.0090086765,0.0377515016,0.0629463482,0.0538222028,0.0562088008,0.0739429144,0.0407876074,0.1077200983,0.0192024431,9.8141661E-6,0.0246494896,0.0160204045,0.0009349255
1975-07-31,-0.066,0.034,0.0176,0.0045,0.0124,0.0034,0.0048,-0.0308,-0.0238,-0.0254,-0.0749,-0.0396,-0.0452,-0.094697917,-0.055818892,-0.020341494,-0.042449955,-0.120249456,-0.060757174,-0.072405356,-0.05479766,-0.049889603,-0.074656518,-0.042068085,-0.047779948,0.0055203279,-0.000797832,-0.003247337,0.0049052957,-0.003406923
1975-08-31,-0.0284,-0.0277,-0.0091,0.0109,-0.0099,-0.0016,0.0048,-0.0459,-0.042,-0.0658,-0.0218,-0.0166,-0.0202,-0.028611747,-0.007247027,-0.034993851,-0.008861134,-0.033207686,-0.009025743,-0.060837307,-0.031312208,-0.042183335,-0.003391055,-0.035652615,-0.01244435,0.0049985678,0.0050501027,-0.000372867,0.0035137018,0.0010435293
1975-09-30,-0.0426,-0.0002,0.0033,0.0058,0.0057,0.004,0.0053,-0.0402,-0.0347,-0.0355,-0.0399,-0.0276,-0.038,-0.008079272,-0.070831461,-0.024960478,-0.011554248,-0.065257149,-0.051796833,-0.075176893,-0.024497768,-0.05152779,-0.034844999,-0.012579314,-0.009752836,-0.042318495,0.0016696467,-0.025114285,-0.035681311,-0.002689281
1975-10-31,0.0532,-0.0425,0.0035,-0.0052,0.0228,-0.0022,0.0056,0.0123,0.0348,0.0198,0.0654,0.0591,0.0649,0.0847672166,0.0750660468,0.0889923256,-0.013303351,0.1067527338,0.0483709671,0.0494844726,0.105920339,0.0290840322,0.0989966565,0.0681958178,0.066165197,0.0280891346,0.025132703,0.0430416559,0.0262505415,0.0352160579
1975-11-30,0.0265,-0.011,0.0203,-0.0066,0.0174,-0.005,0.0041,0.0122,0.0238,0.0378,0.0301,0.0351,0.0452,0.0501246894,0.0297202431,0.0336199885,-0.016528447,0.0513276021,0.0305932887,0.0477974245,0.0405358057,0.0236471683,0.0466069361,0.0426156671,0.0315917174,-9.291766E-7,0.0016981623,-0.009553814,-0.001221233,-0.001547024
1975-12-31,-0.016,-0.0016,0.017,-0.0011,0.0077,-0.001,0.0048,-0.0151,-0.007,-0.0087,-0.0179,0.0036,0.0096,-0.012038835,-0.019013241,-0.004303395,0.0008074378,-0.06374698,-0.010421932,-0.005311557,-0.01507186,-0.000875007,-0.03042583,-0.001112543,0.0134425996,0.0199409585,0.0150748125,0.0317230621,0.0165618967,0.021081925
1976-01-31,0.1216,0.0639,0.0863,-0.0175,0.0233,0.0437,0.0047,0.1494,0.1849,0.2485,0.1089,0.1454,0.1823,0.1817435877,0.1599285534,0.1562470326,0.0848337866,0.0782378591,0.1726324458,0.1225777687,0.1093098359,0.1358602286,0.0893127016,0.0948042768,0.0829474008,0.0214730649,0.0115928324,0.0155110732,0.0192521794,0.0078782424
1976-02-29,0.0032,0.0791,0.0571,-0.0255,0.037,0.0038,0.0034,0.0673,0.0724,0.1213,-0.0133,0.0184,0.0469,0.0113528212,0.0036417763,0.038539055,-0.030895747,-0.064058614,0.0243644286,0.0198552798,-0.010648004,0.0419164022,0.0462735812,0.0358609429,-0.035137138,0.0069491202,-0.000465477,0.0044569442,0.0068204091,0.0059173323
1976-03-31,0.0232,-0.0138,-0.0011,-0.0038,0.0099,0.0022,0.004,0.013,0.0149,0.0181,0.0298,0.029,0.0225,0.029919862,-0.01445727,0.0355134296,0.0717225602,0.0644813485,0.0229683219,0.0330503946,0.0071301624,0.0095398502,0.0348062539,0.0059473938,0.0143511179,0.022537859,0.0082868426,0.0226370047,0.0180324626,0.0103184111
1976-04-30,-0.0148,0.001,-0.0016,0.0045,-0.0105,0.0053,0.0042,-0.0098,-0.0095,-0.013,-0.0163,0.0027,-0.0162,-0.034703912,-0.004820427,0.0189342369,0.0212583578,-0.04286477,-0.018327202,-0.025663839,-0.01681101,-0.005617993,-0.046728137,0.0173374652,0.0070890342,-0.003182012,0.0067965204,-0.002403414,-0.001397957,0.0084686366
1976-05-31,-0.0135,-0.0109,-0.0129,0.0243,-0.0139,-0.0107,0.0037,-0.0081,-0.0207,-0.0348,-0.0063,-0.016,-0.0054,0.0046080044,-0.021888246,-0.031063222,0.0561366784,-0.02799647,-0.007501766,-0.020348346,-0.021453943,-0.013675908,-0.057778193,-0.029618911,-0.01540042,-0.01457154,-0.005455912,-0.013615605,-0.013698791,-0.010058026
1976-06-30,0.0405,-0.0107,0.0073,-0.0067,0.0102,-0.0044,0.0043,0.0392,0.0369,0.0385,0.0436,0.0516,0.0589,0.0817444336,0.0208313444,0.0425047123,0.0509000612,0.0370393559,0.044312307,0.0630796147,0.0364653877,0.042211703,0.0152207059,0.03580172,0.0426111345,0.0233703373,0.0126187604,0.0198690699,0.0164391405,0.0140304519
1976-07-31,-0.0106,0.0061,0.0174,-0.0103,0.003,-0.0015,0.0047,-0.0114,0.007,0.0072,-0.0123,0.0027,0.0039,-0.022157526,-0.014472358,-0.01060893,-0.006151321,-0.002646359,-0.020558062,0.011825819,0.0145181076,-0.013220398,-0.021655119,0.012481539,0.0282525294,0.0165549795,0.0096447888,0.0092602813,0.012137475,0.0106581116
1976-08-31,-0.0057,-0.0202,0.0079,-0.004,-0.0057,-0.0078,0.0042,-0.0353,-0.0136,-0.0141,-0.0038,0.0115,-0.0092,-0.008496454,-0.023570005,-0.014524888,-0.008712841,0.020733833,-0.013343185,-0.001753758,-0.003059379,-0.021735549,0.0286739737,0.0474129346,0.0297432731,0.0191912743,0.0099331397,0.0213994948,0.0175298184,0.0157420743
1976-09-30,0.0204,0.002,-0.0031,0.0098,-0.0114,0.002,0.0044,0.0364,0.0258,0.0233,0.022,0.032,0.0289,0.0289680271,0.0044558101,0.0449301519,0.0590176754,0.0370806395,0.0135771555,0.0065719536,0.0154179209,0.0131426007,0.0035285684,0.0159662841,0.0406880464,0.0150638198,0.009153046,0.015941445,0.0153889425,0.0118872838
1976-10-31,-0.0242,0.0005,-0.0017,-0.0019,-0.0037,-0.0043,0.0041,-0.0278,-0.0156,-0.0214,-0.0236,-0.0118,-0.0335,-0.044528809,-0.024143088,-0.011624053,-0.024142386,-0.036205649,-0.037202937,0.0052752486,-0.016655935,-0.014953026,-0.009345943,0.0129184166,-0.007953302,-0.001127164,0.0092708931,0.006794165,0.0129967808,0.0142177734
1976-11-30,0.0037,0.027,0.0153,-0.0131,0.0007,0.0282,0.004,0.0362,0.0331,0.039,-0.0072,0.0247,0.0205,0.0158908736,-0.036027339,-0.007227838,0.0081674008,-0.099889042,0.0112971542,0.0181992326,0.0182599525,0.0204235005,0.0481357758,0.0313409076,0.0314316115,0.0176144001,0.0161978192,0.0287103813,0.0307839551,0.0295734604
1976-12-31,0.0565,0.036,0.0223,-0.0072,0.0241,0.0073,0.004,0.0955,0.0934,0.1016,0.0474,0.0664,0.0858,0.0376386851,0.0774645542,0.0967038079,0.0632730782,0.0641837949,0.0501079647,0.0895857878,0.052857007,0.0794801625,0.0241366832,0.0343292829,0.0640931526,0.0060497385,0.0054091542,0.0286183567,0.0187455851,0.0052004251
1977-01-31,-0.0404,0.0591,0.0432,-0.0054,0.0193,0.0405,0.0036,0.008,0.0234,0.0308,-0.0638,-0.0163,-0.0003,-0.039555074,-0.065239947,-0.042105311,0.003004772,-0.089507549,-0.057215631,-0.044409467,-0.040855509,-0.03668188,-0.070815616,0.0009913182,0.0080328092,-0.089831859,-0.007876004,-0.050088222,-0.03353715,-0.022339188
1977-02-28,-0.0194,0.0105,0.0045,-0.0021,-0.0019,0.0034,0.0035,-0.0103,-0.0109,-0.0001,-0.0181,-0.015,-0.0192,-0.006925984,-0.00912991,-0.03522956,-0.030300602,-0.00032894,-0.005262359,-0.017258173,-0.01459961,-0.017853261,-0.019243732,0.0101352286,-0.034542699,-0.003374423,0.0066747496,-0.00608802,0.0029454646,0.0051417025
1977-03-31,-0.0135,0.0129,0.0109,-0.0032,-0.0011,0.0068,0.0038,0.0026,0.0069,0.0023,-0.0171,-0.0057,0.0049,-0.000827784,-0.008927617,-0.032906785,-0.020986739,-0.019406497,-0.000595341,-0.003581759,-0.013270946,0.0036979588,-0.027973775,-0.010463169,0.0009126984,0.0038814358,0.0070635705,0.0083206298,0.0073018889,0.0084995361
1977-04-30,0.0015,0.006,0.0338,-0.0198,0.0104,0.0419,0.0038,0.011,0.0127,0.0241,-0.0112,0.0199,0.0432,-0.035873401,-0.00559455,0.0341049028,0.0253896689,-0.05527929,0.011173244,0.0217283584,0.0051520636,0.0213465922,-0.03382646,0.0069271425,0.0214758774,0.0044415102,0.004355007,0.0083296416,0.004051845,0.0058254843
1977-05-31,-0.0147,0.0137,0.0081,0.0043,0.0022,0.0201,0.0037,-0.0072,0.0017,0.0062,-0.0194,-0.0009,-0.0166,-0.013713756,-0.032986483,-0.004477357,-0.004157936,-0.019215494,-0.028889235,-0.005726369,-0.008925901,-0.011136029,-0.027197813,0.0145956037,0.016367557,0.0163939165,0.0042511672,0.0130777828,0.0099463564,0.0081724621
1977-06-30,0.0472,0.021,-0.0062,0.0091,-0.0127,0.016,0.004,0.0744,0.0631,0.0686,0.0566,0.0374,0.0499,0.0779739583,0.0257459,0.043081675,0.0612442887,0.0891020957,0.0379491462,0.0605841559,0.0452873648,0.0444955772,0.0615625924,0.0189896256,0.0552664819,0.0338521346,0.0076728292,0.0202352162,0.0168354493,0.0131246459
1977-07-31,-0.0169,0.0181,-0.006,0.0075,0.0012,0.0038,0.0042,0.0006,0.0001,0.0045,-0.0156,-0.0106,-0.0315,-0.000588683,-0.023854771,-0.024449568,-0.018174711,-0.022252527,-0.04130999,0.0043420223,0.0122270623,-0.014326534,-0.001932086,-0.008613598,0.0087479528,-0.003432898,-0.002063015,-0.006294036,-0.006068669,-0.006785858
1977-08-31,-0.0176,0.0093,-0.0277,0.0104,-0.0067,-0.0163,0.0044,0.0081,-0.0082,-0.0153,0.0024,-0.0346,-0.0295,0.0063444007,-0.008604117,-0.008652005,-0.057825547,0.0382769974,-0.014570081,-0.012002529,0.0008543526,-0.013607683,0.0466044716,-0.022593566,-0.032472323,0.0254731548,0.0049173493,0.0211358716,0.0129981274,0.0088859053
1977-09-30,-0.0027,0.0162,-0.0026,0.0092,-0.0065,0.021,0.0043,0.0144,0.018,0.0091,-0.0071,0.0105,-0.0069,-0.018312612,-0.003172616,0.0155013913,0.0074030885,-0.008817286,-0.011449663,-0.000146191,0.0023825806,-0.001333682,-0.007043626,0.034983647,0.0201550761,0.002836887,0.0012517574,-0.001983624,-0.001512108,8.6094796E-6
1977-10-31,-0.0439,0.0141,0.0162,-0.0009,-0.0046,-0.0012,0.0049,-0.0386,-0.0212,-0.0187,-0.0443,-0.0379,-0.0319,-0.032273861,-0.036287249,-0.044841934,-0.035755567,-0.017511384,-0.049668703,-0.047906226,-0.033238566,-0.038911709,-0.032066045,-0.050791288,-0.031580195,-0.010121647,0.0001871013,-0.009102279,-0.006772868,-0.005576701
1977-11-30,0.0402,0.036,0.0023,-0.0006,0.0068,0.0214,0.005,0.0829,0.075,0.0801,0.0407,0.0387,0.0481,0.05309071,0.0352412241,0.0196080925,0.0347875555,0.0602892173,0.0467760143,0.0587036173,0.0456088235,0.0725988252,0.0556566141,0.02159608,0.0428301969,0.0082889098,0.0072984927,0.0096020412,0.0101484576,0.0094540393
1977-12-31,0.0027,0.0161,-0.0029,0.0093,-0.0066,0.0159,0.0049,0.0318,0.0154,0.0158,0.0017,0.0086,0.0118,0.0240637731,0.0081865538,-0.007598886,0.0187157218,0.0064416677,0.0075101012,-0.000829525,0.0004718027,0.0133238071,-0.011971633,0.0216864836,-0.003310264,-0.012784746,0.0035808398,-0.017368303,-0.00867769,-0.002841018
1978-01-31,-0.0599,0.0276,0.0338,-0.018,0.0156,-0.0058,0.0049,-0.0468,-0.0279,-0.011,-0.0645,-0.057,-0.0326,-0.047666083,-0.065436365,-0.06835989,-0.069480658,-0.018978188,-0.058860819,-0.060231763,-0.053497573,-0.044093987,-0.0681165,-0.041799834,-0.045169038,-0.008828703,0.0025068916,-0.007923959,-0.00281213,0.000275091
1978-02-28,-0.0139,0.037,0.0081,0.003,0.0105,0.0196,0.0046,0.0166,0.0251,0.0248,-0.0264,0.0035,-0.0183,-0.03483251,-0.039536661,0.0039029168,-0.010681338,-0.030010668,-0.020132495,0.000892613,0.0010127698,-0.003007412,-0.004406233,0.0417699767,-0.004139784,0.0044737702,0.004241001,0.0006807372,0.0007582092,0.0016026143
1978-03-31,0.0285,0.0365,0.0115,-0.0057,0.02,0.0145,0.0053,0.0643,0.0659,0.0706,0.0224,0.0361,0.0392,-0.005130339,0.0270729496,0.0610401124,0.0200954934,0.042184051,0.0435824439,0.0516177674,0.0415544188,0.058076636,0.0287451493,0.0260466306,0.024798136,0.0005256749,0.0044550619,-0.001345024,0.0012435038,0.0035921834
1978-04-30,0.0787,-0.0032,-0.0354,0.0287,-0.0127,0.0049,0.0054,0.0991,0.0744,0.0716,0.1109,0.0558,0.0675,0.1327732711,0.1113621243,0.0963177605,0.067290197,0.0921933034,0.115603072,0.0982177949,0.0698091728,0.0862098284,0.1093400336,0.0290356938,0.0016326573,-0.004132213,0.0035362143,0.0006537012,0.0005083696,0.0025628115
1978-05-31,0.0176,0.0454,-0.0055,0.002,0.0029,0.0277,0.0051,0.0706,0.0583,0.0579,0.0191,0.011,0.0207,0.0168325659,0.0135104093,0.0021242573,0.0089438847,0.0514695703,0.0526643005,0.0130068191,0.0417367668,0.042966079,0.0123281722,-0.004370838,0.0068429728,-0.004055731,0.0021921197,-0.005828791,-0.005306467,-0.000853073
1978-06-30,-0.0169,0.0164,0.006,-0.0141,-0.0012,0.0278,0.0054,-0.0102,0.0134,0.0039,-0.0137,-0.0156,-0.0158,-0.00249158,-0.016140804,-0.027367869,-0.037136142,0.0121630168,-0.014015884,-0.00525039,-0.002178894,-0.002678201,-0.020329285,-0.015261646,0.0084828816,-0.005837058,0.0008726908,-0.004768023,-0.005967734,-0.002811453
1978-07-31,0.0512,0.0017,-0.01,0.0147,-0.0073,0.0419,0.0056,0.0693,0.0499,0.0601,0.0699,0.0413,0.0592,0.0868920457,0.0514885948,0.0469903445,0.0334308698,0.0886317304,0.0898392489,0.0517782385,0.0351884043,0.0798826454,0.051250497,0.0142401435,0.0282003641,0.0119345922,0.0078801457,0.014197264,0.0123217131,0.0096098643
1978-08-31,0.0379,0.0493,-0.0066,0.0157,0.005,0.03,0.0056,0.0826,0.0857,0.0848,0.0359,0.0448,0.0204,0.0608848098,0.0377605339,0.0298375813,0.0509799361,0.0097161885,0.0400154483,0.0565227318,0.0412642465,0.0719732674,0.0569657462,0.0354707043,0.0045459695,0.0282538351,0.0071044955,0.0230001194,0.014841219,0.0088619807
1978-09-30,-0.0145,-0.0038,0.0188,-0.0069,0.0157,-0.032,0.0062,-0.0185,-0.0075,-0.0064,-0.0262,0.0093,-0.0007,-0.04268473,-0.01451479,-0.004918261,0.0476683244,-0.027457781,-0.023473596,-0.008193606,-0.003733214,-0.016177641,-0.026501548,0.0122204248,-0.002471816,0.0004965525,0.0029038316,-0.008437982,-0.002420272,0.0030984071
1978-10-31,-0.1191,-0.1004,0.0126,0.0017,0.0114,-0.0842,0.0068,-0.2303,-0.1844,-0.1881,-0.0989,-0.0914,-0.1159,-0.109080316,-0.089864712,-0.112066339,-0.10664847,-0.128679743,-0.123285693,-0.115031538,-0.116190051,-0.170255411,-0.141784831,-0.045029227,-0.070958914,-0.024747417,-0.005410404,-0.021084232,-0.016644228,-0.015074797
1978-11-30,0.0272,0.029,-0.0208,0.0109,-0.0119,0.0545,0.007,0.0874,0.0509,0.0447,0.0289,0.0324,0.0299,0.0522575782,0.0178050619,0.0072546732,0.0620157907,0.0519766317,0.0334179784,0.0179262374,0.0216212344,0.0325354712,0.0264677146,0.0299264238,0.0302697802,0.0098647361,0.0053591914,0.0181673769,0.0125421514,0.0125692624
1978-12-31,0.0088,0.0101,-0.0214,0.0201,-0.0147,0.0301,0.0078,0.0306,0.017,0.0198,0.0281,0.0072,-0.0038,0.0647185955,0.0084975434,-0.00606665,0.0283858803,0.0340140661,0.0164425456,0.014574033,0.0170800219,0.0093513114,-0.006433083,0.000883043,-0.012238719,-0.010780622,-0.001741524,-0.012226926,-0.012575216,-0.007992598
1979-01-31,0.0422,0.0374,0.0219,-0.024,0.0158,-0.0143,0.0077,0.0846,0.0783,0.0952,0.0339,0.0505,0.0671,0.0431231237,0.0465095999,0.0507993683,0.0306274846,0.0142068959,0.0727997407,0.0529033634,0.0414637077,0.0718364164,0.0577835799,0.0367853729,0.0635993111,0.0240861527,0.0155377415,0.018887629,0.0222900294,0.0207433671
1979-02-28,-0.0356,0.0053,0.0117,-0.0111,0.0096,-0.0099,0.0073,-0.0344,-0.0224,-0.0194,-0.0369,-0.024,-0.0286,-0.033434798,-0.038241009,-0.035902586,0.0062282109,-0.045345841,-0.047661373,-0.032672042,-0.035281699,-0.027730954,-0.043916867,-0.006147083,-0.016320905,-0.00322398,0.0045177884,-0.014422526,-0.007164723,-0.002953663
1979-03-31,0.0567,0.0317,-0.0068,0.0054,0.0029,0.0291,0.0081,0.1162,0.0843,0.0853,0.0577,0.0572,0.075,0.0761453624,0.0697037789,0.0661357723,0.0939595619,0.0507216358,0.0758628251,0.0738979895,0.0411005243,0.0925624303,0.0614038091,0.001785572,0.0229020059,0.0117111961,0.0095828481,0.0128611559,0.0122280703,0.0106375719
1979-04-30,-0.0007,0.024,0.0112,0.0114,0.0024,0.0087,0.008,0.0161,0.0295,0.0331,0.0012,0.006,0.0065,0.0037498803,-0.008458796,0.0293409389,0.0437992149,0.004064996,-0.003052838,0.0157290062,0.0020965924,0.0151268459,0.0089275835,-0.021582267,-0.027505963,0.0096627895,0.005588974,-0.011274865,-0.003619979,0.003322717
1979-05-31,-0.0221,0.0018,0.0132,-0.0156,-0.0031,-0.0055,0.0082,-0.0259,-0.0076,-0.0043,-0.0182,-0.0128,-0.0133,-0.019002671,-0.029264533,-0.007222371,-0.023746568,-0.026537936,-0.020805568,0.0009804873,-0.017839677,-0.009849127,-0.024674715,0.0009896564,0.0146269026,0.0354751476,0.0133701476,0.0246274707,0.0244769125,0.0197821849
1979-06-30,0.0384,0.0094,0.0142,-0.0158,-0.0056,0.0077,0.0081,0.0572,0.059,0.0605,0.0312,0.0553,0.0563,0.0048940983,0.0249709004,0.0307212469,0.093579052,0.0480381272,0.038441439,0.087935461,0.0330400028,0.0453272005,0.0270329492,0.0191289522,0.04924481,0.0222320535,0.0157673179,0.0329867789,0.0223262226,0.0188755941
1979-07-31,0.0083,0.0127,0.0179,-0.0044,0.0052,-0.0107,0.0077,0.0204,0.0398,0.0318,0.0059,0.0174,0.0302,-0.017171589,0.0281789785,0.0207429466,0.0158224899,0.0014732967,0.0181475478,0.0328215342,0.0202303827,0.0338362118,0.0119039201,-0.001140429,0.0207132012,-0.012372895,0.0015563088,-0.006697975,-0.004678708,-0.002959801
1979-08-31,0.0554,0.0185,-0.0158,0.015,-0.0146,-0.0029,0.0077,0.0902,0.0731,0.0732,0.0682,0.0553,0.0535,0.0600359293,0.0778296025,0.0469312915,0.0793387374,0.0856512737,0.0764993283,0.0501871884,0.0753844266,0.0665844371,0.0887071252,0.0152797331,0.0205418231,-0.007647213,-0.001339859,-0.003004292,-0.006650343,-0.005644379
1979-09-30,-0.0083,-0.0028,-0.0094,0.0084,0.005,0.0528,0.0083,0.009,-0.0115,-0.0107,-0.0079,0.0095,-0.007,-0.017332308,0.0087855754,0.0039313003,0.058917596,-0.005479763,-0.013450403,-0.008870088,-0.018554578,-0.003415013,-0.007573783,-0.023908134,-0.021729676,-0.016162599,0.0011767302,-0.01061343,-0.005402666,-0.002174807
1979-10-31,-0.081,-0.0349,-0.0183,0.0096,0.0014,0.0204,0.0087,-0.0931,-0.1057,-0.1142,-0.0674,-0.0613,-0.0828,-0.077523009,-0.081248514,-0.094209393,-0.025043979,-0.043478854,-0.091416935,-0.0983362,-0.077396881,-0.102746184,-0.088910879,-0.050838087,-0.05784995,-0.069460465,-0.020945465,-0.081275984,-0.065450632,-0.049308729
1979-11-30,0.0523,0.0251,-0.0321,-0.0003,-0.0183,0.0803,0.0099,0.1088,0.069,0.0686,0.0648,0.0567,0.0408,0.0816870716,0.0535829666,-0.021947303,0.0895095796,0.0882378211,0.0449388226,0.0636599543,0.0509630856,0.07725581,0.0381436726,0.0403173893,0.0773251589,0.0427065676,0.0263025581,0.0302526947,0.0356021796,0.0377165978
1979-12-31,0.0178,0.0427,-0.0213,-0.0067,-0.0101,0.0472,0.0095,0.0817,0.0519,0.0507,0.0305,0.0111,0.0189,0.0171144864,0.0404738021,0.0324339751,0.0251238777,0.0217306884,0.0463382861,0.020084125,0.034564467,0.0693033538,0.0305203125,-0.015536361,-0.01037669,0.0016124093,0.0069967718,0.0037124042,0.0132678366,0.0074440191
1980-01-31,0.055,0.0188,0.0185,-0.0184,0.0189,0.0745,0.008,0.0779,0.0771,0.0852,0.0487,0.0645,0.0784,0.0755132383,0.0218345528,0.091333132,0.1433353425,-0.012313382,0.0883102814,0.0230365173,0.0320612825,0.0934040327,0.0127444801,-0.020632726,0.0151312069,-0.041730045,0.0009735532,-0.077049585,-0.036116805,-0.01512506
1980-02-29,-0.0123,-0.0162,0.0059,-0.0095,0.0292,0.0789,0.0089,-0.0037,-0.0299,-0.0271,-0.0306,0.0212,0.0046,-0.035577054,-0.01733206,-0.062984889,0.1292149102,-0.045670405,-0.027101984,-0.047782387,-0.04736401,-0.014265404,-0.048532126,-0.014792369,-0.034474679,-0.082099622,-0.037189204,-0.069806403,-0.0817914,-0.062386412
1980-03-31,-0.1289,-0.0697,-0.0096,0.0182,-0.0105,-0.0958,0.0121,-0.1941,-0.1618,-0.1749,-0.092,-0.1073,-0.1305,-0.127890929,-0.10198006,-0.088229653,-0.180099369,-0.029692216,-0.124090461,-0.096698519,-0.082894486,-0.156383245,-0.091491738,-0.02644415,-0.065831764,0.0135675978,0.0087416282,-0.005194333,0.0276527877,0.0189516074
1980-04-30,0.0396,0.0105,0.0103,-0.0218,0.0034,-0.0048,0.0126,0.0625,0.0646,0.0608,0.0391,0.0559,0.0615,0.0067626956,0.0556951153,-0.017861651,0.0691912157,0.0431165997,0.0235934515,0.0710585847,0.0659603602,0.0481460806,0.0344773928,0.0734034701,0.1214318517,0.1336153808,0.0775219611,0.147393149,0.1129745094,0.1012138636
1980-05-31,0.0526,0.02,0.0038,0.0043,-0.0063,-0.0118,0.0081,0.0804,0.078,0.0806,0.0577,0.0546,0.0651,0.0483019061,0.0775298426,0.0429982904,0.0411999596,0.0692320052,0.0562565375,0.0791875469,0.0787100776,0.0823842179,0.1067449917,0.049907888,0.0456098214,0.053702521,0.0319159611,0.0395043841,0.0451745358,0.0411380574
1980-06-30,0.0297,0.0146,-0.008,-0.002,-0.0081,0.0158,0.0061,0.0524,0.0441,0.043,0.0308,0.0348,0.0243,0.0302956545,0.0103613914,0.0278718913,0.0591435813,0.002459796,0.0267007205,0.0594831105,0.0302073241,0.0536369548,0.0243240113,-0.005654832,0.0444417175,0.0273726782,0.0092269794,0.034970071,0.0228991169,0.0136412944
1980-07-31,0.0651,0.0374,-0.0629,0.0406,-0.0244,0.0029,0.0053,0.1317,0.0947,0.0718,0.0939,0.0534,0.0281,0.1539209227,0.0933453157,0.1174004349,0.0201910438,0.0885868352,0.115716473,0.031317802,0.0775606597,0.1115369614,0.1082956584,0.0099821087,-0.000984594,-0.031252314,-0.001956028,-0.048227177,-0.024588765,-0.014585642
1980-08-31,0.0175,0.0423,-0.0246,0.0205,-0.0073,0.0306,0.0064,0.0836,0.048,0.0378,0.021,0.0138,0.0176,0.0364034082,0.0196704475,0.0153133003,0.0365412531,0.0026591774,0.0145827322,0.0239887865,0.0148652771,0.0367855405,0.0193731155,0.0625131228,-0.011757086,-0.033888198,-0.020921109,-0.035262181,-0.039196153,-0.041454703
1980-09-30,0.0219,0.0063,-0.0461,0.019,-0.0286,0.0543,0.0075,0.0526,0.029,0.0107,0.0408,0.0323,-0.0095,0.019176506,0.0083833271,0.0099869932,0.0638499048,0.0362612568,0.0372751791,0.0255492913,0.0026155747,0.0497272542,0.0122842737,-0.016177754,0.0013157685,-0.026811635,0.0009164098,-0.030521281,-0.010145428,-0.00063497
1980-10-31,0.0104,0.0221,-0.0293,0.0177,-0.0143,0.0713,0.0095,0.0592,0.0221,0.028,0.0178,0.0294,-0.0096,0.0181004,-0.014776975,-0.016806376,0.0769596915,-0.011611288,0.0127193511,0.0055570417,0.0030938603,0.0317468674,-0.012940932,-0.033391323,0.0190978241,-0.019331426,-0.00450492,-0.028419507,-0.019652809,-0.016558431
1980-11-30,0.096,-0.0327,-0.0811,0.0426,-0.0552,0.1515,0.0096,0.1243,0.0444,0.0298,0.1149,0.1345,0.0472,0.102376759,0.0724681149,0.0493026283,0.2396395915,0.089083347,0.0909826269,0.0557712968,0.0091274789,0.0944418091,0.0265639673,-0.004108004,0.0719529914,0.0034655027,-0.003597142,0.0161259791,0.005696004,-0.00180082
1980-12-31,-0.0446,-0.0028,0.028,-0.0127,0.0127,-0.0671,0.0131,-0.0525,-0.0185,-0.0117,-0.0214,-0.0468,-0.0061,-0.008476773,-0.009715452,-0.01088498,-0.105635236,0.0445746228,-0.026232457,0.0290988824,0.0098385798,-0.048232647,-0.014559241,0.0081574147,-0.018377827,0.0289183303,0.0276358947,0.037487143,0.0230327281,0.0304012531
1981-01-31,-0.0506,0.033,0.0674,-0.0338,0.0427,-0.0782,0.0104,-0.0377,0.0068,0.0215,-0.0592,-0.0539,0.0164,-0.084761214,0.0033185802,-0.023764149,-0.10080004,-0.015620575,-0.028752043,-0.023023316,0.0197634466,-0.025919763,0.0020768641,0.0540686282,-0.024301915,-0.003671751,0.0039928413,-0.011096165,-0.005187071,0.0026892504
1981-02-28,0.0061,-0.0065,0.0097,0.0026,0.0206,-0.0135,0.0107,-0.0081,0.0237,0.026,0.0289,0.0126,0.0141,0.0008418214,0.0464491167,0.0636374262,-0.004696926,0.0170487387,0.0407237887,0.0170105449,0.0246063356,0.0134718594,0.0284604804,0.0214874208,-0.012299502,-0.030025828,0.0008925661,-0.042988082,-0.023924656,-0.018833572
1981-03-31,0.0366,0.0285,0.0061,-0.0227,-0.0056,0.0082,0.0121,0.0783,0.0789,0.0767,0.0402,0.0394,0.0541,0.0534864581,0.0242388801,0.0706863339,-0.016737455,0.0593360539,0.0727202878,0.0705382036,0.0686455899,0.1081037255,0.1275270089,0.0119468863,0.0297839967,0.0272026048,0.0235497096,0.035665095,0.0237815748,0.0243427937
1981-04-30,-0.0216,0.0472,0.0228,0.0081,0.0154,-0.0108,0.0108,0.0242,0.036,0.0364,-0.0239,-0.0243,0.0096,0.0055323589,-0.012477264,0.0199681846,-0.075716635,0.0312839575,-0.008197752,0.0039795135,0.0120711267,0.0139711031,0.0312106389,0.0618502454,-0.026414147,-0.040361178,-0.013144086,-0.058991723,-0.035490502,-0.02422344
1981-05-31,0.0013,0.0236,-0.0043,0.0047,-0.0178,0.0356,0.0115,0.049,0.0267,0.017,0.0078,-0.0047,0.0312,0.0497338527,-0.01267124,0.0288484212,-0.037775658,0.0339048552,-0.001715653,0.0269415713,0.0267384184,0.0226300461,0.0288528243,0.0718885878,0.0182831106,0.0439685265,0.0123780395,0.0600939071,0.0405808236,0.0283807903
1981-06-30,-0.0234,-0.0093,0.0514,-0.0129,0.0269,-0.0567,0.0135,-0.0566,0.0079,0.0139,-0.0317,0.0211,0.0006,-0.074362343,0.0180975988,-0.04327106,0.0408151661,-0.055724477,-0.027557939,0.0172009791,-0.002033063,-0.041307316,-0.014783452,-0.020218845,0.0349343692,-0.005033646,0.0133936207,-0.009548774,-0.006646842,0.0044618804
1981-07-31,-0.0155,-0.0195,-0.0061,0.0108,-0.0266,-0.0244,0.0124,-0.0267,-0.0243,-0.0151,0.013,-0.0062,-0.0108,-0.036638542,-0.037588279,-0.029192685,0.0793009787,-0.03915291,-0.026538936,-0.029188176,-0.007268905,-0.023369488,-0.033812273,0.0034074601,0.0280056831,-0.027485831,-0.006732233,-0.032713833,-0.027211275,-0.021295408
1981-08-31,-0.0702,-0.0182,0.0471,-0.0031,0.0138,-0.011,0.0128,-0.0994,-0.0596,-0.0481,-0.0684,-0.0548,-0.0254,-0.073164886,-0.056652746,-0.079012177,-0.062762247,-0.077665712,-0.073175082,-0.05287759,-0.050855575,-0.060921018,-0.056030826,-0.008076837,-0.008226899,-0.049916593,0.0011237375,-0.048738008,-0.031306371,-0.014138445
1981-09-30,-0.072,-0.0246,0.0511,0.0008,0.0253,0.0213,0.0124,-0.1019,-0.066,-0.0496,-0.0634,-0.0601,-0.0135,-0.03660649,-0.065957391,-0.029785167,-0.123264591,-0.013075591,-0.074225596,-0.021831277,-0.020479345,-0.093865106,-0.037079868,0.0285499077,-0.055351741,-0.017331957,0.012646484,-0.010576177,-0.001799392,0.0039497662
1981-10-31,0.0492,0.0228,-0.0409,0.0312,-0.0279,0.0383,0.0121,0.1034,0.066,0.058,0.0806,0.0388,0.0443,0.0529576225,0.0581015302,-0.041329022,0.0990441826,0.0804199798,0.0294667107,0.0725554866,0.0747249183,0.0673576843,0.0675865429,0.0606123029,0.0487223262,0.0774619788,0.0413862668,0.0641712118,0.0576608019,0.0589694711
1981-11-30,0.034,-0.0158,0.0191,0.0014,0.01,-0.0021,0.0107,0.0072,0.05,0.0455,0.0419,0.0519,0.0417,0.0144389932,0.0349242438,0.0484851247,0.0677702124,0.0391092628,0.0489064524,0.0537145368,0.0265996107,0.0430029194,0.0105104254,0.0270472648,0.0592149646,0.1192702564,0.0487601151,0.129869723,0.104770356,0.077522148
1981-12-31,-0.0363,0.0118,0.0079,0.0021,0.0245,0.0128,0.0087,-0.0237,-0.0091,-0.0145,-0.0309,-0.0273,-0.0244,-0.000941522,-0.02687937,0.0047976389,-0.065396775,-0.007487724,-0.013086329,-0.039135805,-0.017806854,-0.036439699,-0.019711342,-0.014263286,-0.023294426,-0.048031293,-0.014418304,-0.055935278,-0.038984193,-0.03029249
1982-01-31,-0.0323,-0.011,0.0319,-0.0143,0.0195,0.0177,0.008,-0.0487,-0.0326,-0.0084,-0.0194,-0.037,0.0041,0.0271057691,-0.018724516,0.01148441,-0.085078378,0.0141972743,-0.039231993,-0.023370973,-0.009046119,-0.04639741,0.0014854137,0.0061812689,-0.003859877,-0.000768698,0.0050856722,-0.00336259,0.0012036048,0.0050162317
1982-02-28,-0.0586,0.004,0.0609,-0.0355,0.0457,0.0487,0.0092,-0.0743,-0.0314,-0.0075,-0.0737,-0.0345,-0.0188,-0.052825257,-0.057951881,-0.020099703,-0.112029546,-0.017493204,-0.054837417,-0.030097577,-0.019400181,-0.055299369,-0.014540483,-0.057143355,-0.000464956,0.0181336717,0.011695545,0.0152389277,0.023735108,0.015812584
1982-03-31,-0.0182,0.0002,0.0376,-0.0128,0.0237,0.029,0.0098,-0.0217,-0.0046,0.0156,-0.0189,-0.0051,0.0189,-0.037203553,-0.013415132,0.0351246016,-0.037419488,-0.025360744,-0.020061895,-0.013417876,0.0247077811,-0.017732601,0.0428613471,0.020651867,0.0178201599,0.0191300052,0.0097399358,0.0243413722,0.002215194,0.0060464482
1982-04-30,0.0324,0.0121,-0.0308,0.015,-0.0005,-0.0046,0.0113,0.0657,0.057,0.0402,0.0575,0.0348,0.0215,0.0769203089,0.04992948,0.044476182,0.043039007,0.0735442034,0.0262506125,0.0338905674,0.0666238834,0.0407680196,0.0551934541,-0.014517373,0.0380697752,0.0319019129,0.0190796485,0.030588666,0.0272254777,0.0266746746
1982-05-31,-0.0393,0.0041,0.0178,0.0096,-0.0012,0.0251,0.0106,-0.0358,-0.0229,-0.0149,-0.0352,-0.0231,-0.0205,-0.054418626,-0.038945068,-0.019301691,0.0228272329,-0.029983179,-0.050611402,-0.054040294,-0.032775028,-0.057436945,-0.027521422,-0.009840336,-0.004612671,0.009386572,0.0170425348,0.006797423,0.0135903612,0.0149550041
1982-06-30,-0.0308,-0.0051,0.0156,0.0009,0.0253,0.0489,0.0096,-0.0367,-0.0173,-0.013,-0.0249,-0.0118,-0.0175,-0.025305051,-0.0351373,0.0266200736,-0.063593009,-0.007076513,-0.021970869,-0.028904545,0.0181848156,-0.023346633,0.0272612449,-0.024412232,-0.021302416,-0.022153143,-0.005576408,-0.021315489,-0.022030169,-0.016950804
1982-07-31,-0.032,0.0101,0.0007,0.01,0.0144,0.044,0.0105,-0.0236,-0.0057,-0.0102,-0.0069,-0.041,-0.0189,0.0163814503,-0.027203993,-0.003437038,-0.084151754,0.0078107218,-0.022236419,-0.029312796,-0.004835508,-0.030277407,0.0022848286,0.0120141956,-0.025742847,0.0472492598,0.0330304611,0.0446821745,0.0494903187,0.045141006
1982-08-31,0.1115,-0.0446,0.0109,-0.0185,0.0017,-0.036,0.0076,0.0806,0.0897,0.0806,0.1138,0.1301,0.1357,0.128616461,0.1436523674,0.1373168335,0.0969516307,0.1236798812,0.1369712755,0.1129292486,0.0915025776,0.1106978734,0.1253625705,0.1082783933,0.1199979447,0.0742114406,0.0302915161,0.0765030577,0.0588995303,0.0452437651
1982-09-30,0.0132,0.0255,0.0023,0.0216,-0.0002,0.0414,0.0051,0.0273,0.0472,0.0508,0.0192,0.0197,0.0004,0.0107631672,-0.002090329,-0.007224382,0.0177969594,0.0136626451,-0.014452604,0.0576299322,0.0512986399,0.0103924667,0.0478792776,0.0098750571,0.0106113136,0.0594395523,0.0217692593,0.0732463249,0.0437835168,0.0348854984
1982-10-31,0.1124,0.0196,-0.0362,0.002,-0.003,0.0001,0.0059,0.1593,0.1312,0.1179,0.128,0.1122,0.0969,0.1671565006,0.1214429059,0.1654816126,0.0559974688,0.0821465069,0.1346151406,0.1549073969,0.1045052369,0.1687639377,0.1680266394,0.0811641182,0.0471863015,0.0751176742,0.0275050596,0.0893715678,0.0532109216,0.046412877
1982-11-30,0.0468,0.0439,-0.018,-0.0102,0.0029,0.0592,0.0063,0.0971,0.0846,0.0922,0.0714,0.0234,0.0402,0.1100965003,0.0474344525,0.0827539695,-0.045195513,0.0520891913,0.0613471156,0.0647433884,0.0509890718,0.0951657502,0.1117851887,0.0595061102,0.0018112385,-0.003724677,0.0111662511,-0.008958025,0.0008277158,0.0080374651
1982-12-31,0.0056,-0.0014,-0.0006,0,0.01,-0.0002,0.0067,0.0122,0.011,0.0065,0.0116,0.0112,0.0161,0.0277715092,-0.018459819,0.0299907151,0.0552265681,0.0067356666,0.017826503,-0.021858337,0.0092359603,0.0019730328,-0.020137015,-0.011887757,0.0429877209,0.0276036419,0.0150332235,0.029258039,0.0278722236,0.0221314746
1983-01-31,0.0359,0.0341,-0.0072,-0.0152,-0.0056,-0.0163,0.0069,0.0971,0.0558,0.0506,0.0271,0.0327,0.0592,0.0875542416,0.0696178089,0.0513968175,0.0366623655,0.0148981403,0.044497708,0.0068524766,-0.010132441,0.0677298295,0.0131657407,0.1248610896,0.0366510976,-0.022014754,0.0065824901,-0.038326578,-0.009569308,0.001919258
1983-02-28,0.0259,0.0288,0.0066,-0.0036,0.0101,0.0369,0.0062,0.0426,0.0662,0.0698,0.0364,0.0242,0.0225,0.0386643781,0.0323377687,0.0361986971,-0.006262427,0.0291735124,0.0444738056,0.0494067305,0.0367836232,0.0310676766,0.0791678142,-0.004491638,0.0161418047,0.0439423662,0.0128962214,0.0564483508,0.0383418465,0.0244617482
1983-03-31,0.0281,0.0137,0.0206,-0.0019,0.028,0.0088,0.0063,0.0255,0.0639,0.0619,0.0251,0.0439,0.0298,0.007462253,0.0259520236,-0.011545605,0.0595709543,0.0464875053,0.0174065173,0.0648735162,0.0748577629,0.020054945,0.0842663286,0.0045579743,0.0029289375,-0.006226799,0.0005622506,-0.005413057,-0.004863795,-0.003758524
1983-04-30,0.0665,0.0043,0.0043,-0.0007,0.0151,0.0163,0.0071,0.0804,0.0779,0.0742,0.0568,0.0903,0.0717,0.0750270614,0.0763777725,0.1091476407,0.0935026406,0.0499093872,0.057427996,0.0935851025,0.0627490641,0.0711787849,0.0855507506,0.050512987,0.0472407638,0.0338683866,0.0154930407,0.0363935414,0.0270430371,0.0219529007
1983-05-31,0.0051,0.0626,-0.014,-0.0181,-0.0143,-0.0155,0.0069,0.079,0.0542,0.0511,-0.0011,0.0008,-0.0012,0.032669539,0.0128651697,-0.019729935,0.013682021,-0.024821088,0.0242244163,0.0066569697,-0.009088799,0.0546583627,0.0062352647,-0.013592474,0.0252172153,-0.031595931,-0.000860552,-0.040898876,-0.017968641,-0.010789919
1983-06-30,0.0307,0.0116,-0.0389,0.0255,-0.0078,0.0183,0.0067,0.0573,0.0426,0.0247,0.0527,0.0366,0.0076,0.0632836652,0.0163704921,0.1044004033,0.0639668231,0.0672772418,0.0157746083,0.0026518221,0.031001025,0.0391532768,0.0606653558,0.0008768099,-0.006946552,0.0015015889,0.0045455177,0.0068864512,0.0005965556,0.0015635963
1983-07-31,-0.0406,0.0105,0.0554,-0.0007,0.0288,-0.0308,0.0074,-0.0576,0,0.0123,-0.0521,-0.0272,-0.0112,-0.052166993,-0.016861991,-0.040106808,-0.023081947,-0.056121864,-0.028512573,-0.026496096,-0.02864616,-0.051189158,-0.032745197,-0.051739335,0.0101443385,-0.041197689,-0.003086948,-0.054991969,-0.030359974,-0.018293438
1983-08-31,-0.005,-0.0432,0.0559,0.0052,0.0185,-0.0538,0.0076,-0.0485,-0.0274,-0.0033,-0.0133,0.0094,0.0533,-0.01066562,0.0456353492,-0.02379524,0.0692106266,-0.010306092,-0.011144145,0.0049895707,0.0079094958,-0.033225193,-0.047201111,0.0221316094,0.0152132974,0.0014916421,0.0081558677,0.0043827211,0.0054165859,0.0049449067
1983-09-30,0.0091,0.003,0.0099,0.0121,0.005,-0.0001,0.0076,0.0024,0.0253,0.0392,0.0252,0.0154,0.0082,0.0212052081,0.0062619569,0.0434254946,-0.046424543,0.0131252971,0.0296654353,0.0193706186,0.0472392972,0.0089288034,0.0216769776,0.0225174682,0.0465538392,0.0453982065,0.0195439052,0.051961546,0.0361554503,0.0290920031
1983-10-31,-0.0343,-0.0375,0.0496,-0.0082,0.03,-0.0446,0.0076,-0.0894,-0.0431,-0.0222,-0.0358,-0.0086,-0.0038,-0.071435669,-0.020373214,0.0000879861,-0.020903426,-0.023115582,-0.023737966,-0.031733724,-0.002583049,-0.058748927,-0.018007262,-0.052241184,0.0308332913,-0.010653571,0.0087988204,-0.016154025,-0.002489315,0.0043551848
1983-11-30,0.0216,0.0187,-0.0073,-0.0068,0.0064,-0.0014,0.007,0.0476,0.0428,0.0432,0.029,0.0249,0.019,0.0232649374,0.0318776837,0.0426733814,-0.00432691,-0.029990727,0.0780685727,0.0393336021,0.0234298967,0.0591943939,0.0448325377,0.0313828224,-0.016417652,0.0181892596,0.0082251658,0.0217653197,0.0145410532,0.0102622454
1983-12-31,-0.0177,-0.0042,0.0175,0.0155,0.0133,0.0081,0.0073,-0.0317,-0.0041,0.0028,-0.0079,-0.0103,-0.0074,0.0029945659,-0.032607296,0.0084972298,0.0207514438,-0.037024055,-0.003183509,-0.010244711,-0.003323712,-0.011741297,-0.047925827,-0.015357202,-0.037382831,-0.005451242,0.0058258531,-0.007781477,-0.001963255,0.0027530239
1984-01-31,-0.0192,0,0.0748,-0.0088,0.0288,-0.0257,0.0076,-0.0418,-0.0023,0.0205,-0.053,0.0054,0.0344,-0.062647006,-0.040727853,-0.053078549,0.0975455321,-0.006757754,-0.033509011,-0.003491349,-0.008349884,-0.034581921,-0.058577793,0.0421398512,0.0140862851,0.0223160007,0.0136091447,0.0178732319,0.0191566983,0.0180653714
1984-02-29,-0.0476,-0.0158,0.0341,0.0104,0.0151,0.0045,0.0071,-0.0687,-0.05,-0.0349,-0.048,-0.0417,-0.0135,-0.060140365,-0.062544452,-0.062537889,0.0376518429,-0.02125501,-0.067561923,-0.04782311,-0.056076222,-0.057791198,-0.046799235,-0.036499756,-0.033458652,-0.016890753,0.0025679105,-0.021761477,-0.009437748,-0.00504726
1984-03-31,0.0065,-0.0025,0.0053,-0.0097,0.0115,0.0109,0.0073,0.0013,0.015,0.0234,0.0161,0.016,0.0045,0.0150026846,0.0538932452,0.0029085435,0.00302005,-0.007968505,0.0261462713,0.0198294926,0.016823997,0.0299085448,0.0133290868,-0.027598241,-0.003643045,-0.017898145,-0.000069528,-0.019915339,-0.016573001,-0.007125933
1984-04-30,-0.0051,-0.0094,0.0119,0.033,0.0077,0.0214,0.0081,-0.011,0.0004,-0.0005,0.0041,0.0022,0.0174,-0.004514006,0.0110399637,0.0128757389,0.0389908654,0.0238919789,-0.006646732,-0.011528375,0.0065176611,-0.038758517,0.0032981438,0.0202299809,-0.005780261,-0.008051029,0.0069223003,-0.011408987,-0.003422493,0.0014501451
1984-05-31,-0.0598,0.0014,0.0026,0.0241,-0.0051,0.0154,0.0078,-0.0603,-0.048,-0.0439,-0.0484,-0.0462,-0.0596,-0.057084608,-0.051856597,-0.06003808,-0.050642089,-0.065390874,-0.062720652,-0.068026977,-0.025971311,-0.060467035,-0.050641923,-0.038152851,-0.007109921,-0.053519346,-0.008118384,-0.056468423,-0.041868903,-0.027948595
1984-06-30,0.0181,0.0016,-0.0275,0.0308,-0.0157,-0.0053,0.0075,0.047,0.0206,0.0104,0.044,0.0155,0.0256,0.0170877595,0.0171655994,0.0219169123,-0.022479922,0.0372915062,0.0370502577,0.021332154,0.064614978,0.0206803413,0.0730764903,0.0746338818,0.0044192139,0.0143634784,0.0082059624,0.01461502,0.0123117637,0.0101440464
1984-07-31,-0.0272,-0.0221,0.0039,0.0352,-0.0216,0.0277,0.0082,-0.0549,-0.0302,-0.0327,-0.01,-0.0173,-0.0244,-0.023221784,-0.01960759,0.0252424209,-0.074887114,-0.037673461,-0.012965206,-0.007983025,-0.015405336,-0.044749746,0.0011715687,0.0279914992,-0.000094329,0.0681583879,0.0202618162,0.0773975265,0.0571155286,0.0409497931
1984-08-31,0.1027,-0.0028,-0.0174,-0.0073,-0.0091,-0.0562,0.0083,0.1344,0.1022,0.0949,0.1113,0.1122,0.116,0.1390987222,0.1153463477,0.1000722185,0.1397673408,0.1042936638,0.1205221445,0.1097337204,0.0873131739,0.1184821532,0.0983876059,0.0671895246,0.0775774073,0.0228405453,0.0111711949,0.0226443943,0.0147841402,0.0117774804
1984-09-30,-0.008,-0.0004,0.0525,0.0137,0.0239,0.0366,0.0086,-0.027,0.013,0.0227,-0.0234,-0.0043,0.0319,-0.039625093,-0.023913544,-0.001919918,0.0224618103,-0.044261165,-0.026306253,0.0318038431,0.0124982967,-0.000655267,0.0003187512,0.0293913117,0.0483149887,0.0333964097,0.0166411177,0.0350537813,0.0271861643,0.0207787318
1984-10-31,-0.0084,-0.0134,0.0059,0.0114,-0.0104,0.0328,0.01,-0.0218,-0.0028,0.0022,0.007,0.0089,-0.0051,-0.004694712,-0.001241567,0.0212668389,-0.044759239,0.0164677797,0.007647199,0.0125873946,0.0125183254,-0.005022233,-0.007386729,-0.008155378,0.0334056418,0.0573392506,0.0254065967,0.0622357724,0.0475600752,0.0391040145
1984-11-30,-0.0177,-0.0106,0.0387,0.008,0.0195,0.0156,0.0073,-0.0447,-0.0036,0.0012,-0.0223,-0.0124,0.0092,-0.038840782,-0.008265722,-0.030159546,-0.010218194,-0.001222779,-0.014994455,0.0017413802,0.0043432519,-0.016753374,-0.029148526,-0.001751379,0.0309081759,0.0124250066,0.0193257248,0.0126161119,0.0163395217,0.0192611933
1984-12-31,0.0184,-0.0074,-0.0029,0.0128,-0.0128,0.0138,0.0064,0.0207,0.016,0.0195,0.0269,0.0268,0.0223,0.0256689302,0.0130858769,0.04682129,-0.005706431,0.0271055164,0.0250055425,0.0435802964,0.0270425754,0.016974445,0.0073900656,0.0508199651,0.0260295335,0.0102884937,0.0148213077,0.0122039404,0.011818712,0.0153806035
1985-01-31,0.0797,0.0345,-0.0521,-0.0099,-0.0346,-0.0682,0.0065,0.1486,0.0994,0.089,0.1012,0.081,0.0567,0.1269221575,0.0576301943,0.1024912465,0.0652240043,0.0841957198,0.0961516022,0.0872747148,0.0530983138,0.1219701538,0.1321214728,0.0583651798,0.0238347216,0.0354329202,0.0121288751,0.0360195084,0.0302130899,0.0207172452
1985-02-28,0.0122,0.0097,-0.0024,0.0142,0.011,0.0191,0.0058,0.0293,0.0283,0.0154,0.0131,0.0164,0.0223,-0.013194974,0.0188540073,-0.013458445,0.039150199,0.0361034264,0.010931093,0.0211475767,0.0513314812,0.0207523779,0.0213182277,0.0274495568,0.0130376551,-0.043194049,-0.003041037,-0.05106924,-0.029566932,-0.016689842
1985-03-31,-0.0084,-0.0138,0.0401,0.0123,0.0286,0.0178,0.0062,-0.0322,-0.0114,0.0133,-0.0131,-0.0068,0.0216,-0.060136102,-0.013495838,-0.053085098,0.0134458309,0.029864849,-0.034299809,0.0008395725,0.0438866527,-0.008218443,-0.005771879,0.053445948,0.0615083897,0.0261096495,0.011923331,0.0287575447,0.0223898706,0.0169173117
1985-04-30,-0.0096,-0.0014,0.036,0.0162,0.0071,0.0295,0.0072,-0.0203,0.0013,0.0149,-0.0179,-0.0079,0.0189,-0.038596173,-0.001519673,-0.032848166,0.0362742517,-0.016391852,-0.020439462,0.0255205581,-0.020075984,-0.010673864,0.0011273027,0.0086795236,0.0166523934,0.0212984451,0.0160727889,0.0183115911,0.0217248935,0.0219474798
1985-05-31,0.0507,-0.0236,-0.0098,0.0127,-0.0143,0.0405,0.0066,0.0419,0.0397,0.0322,0.0614,0.0699,0.0515,0.0273995422,0.0694223674,0.0618822301,0.0062960444,0.0940037969,0.0571331106,0.0612116464,0.0780440376,0.0663398755,0.0955755142,0.0668129829,0.0538186332,0.0870360771,0.0253046886,0.0940391168,0.0718079393,0.0483879898
1985-06-30,0.0127,0.0021,0.0038,0.0169,-0.0102,0.0337,0.0055,0.0145,0.0251,0.0228,0.0149,0.0189,0.0141,-0.00738467,0.01783989,0.0163894729,-0.004586338,0.0238974457,0.0130084222,0.0293245468,0.0264431426,0.0240894939,0.0155511376,0.0402978214,0.0369714165,0.0112599671,0.0111466512,0.0142603584,0.0075731495,0.0092710008
1985-07-31,-0.0072,0.0285,-0.0162,-0.0036,-0.0037,-0.0369,0.0062,0.0273,0.0247,0.0118,0.0024,-0.0089,-0.0146,0.0452051551,0.0339442573,0.0254334044,-0.005912757,-0.00455949,0.0337273314,-0.014272811,-0.025227509,0.026816747,-0.038230338,-0.045506609,-0.047051855,-0.014938636,0.003131706,-0.015594625,-0.007914131,-0.001738668
1985-08-31,-0.0101,-0.003,0.0234,-0.0016,0.0193,0.0177,0.0055,-0.0201,0.0005,0.0027,-0.0156,-0.0007,0.0084,-0.026252244,-0.008834291,-0.030356457,0.0154331439,-0.008240405,-0.01254927,-0.001495464,0.0076989705,-0.007507572,-0.008978088,0.0052769854,0.0191698466,0.0261430006,0.0107349226,0.0275036436,0.0239355354,0.0169032596
1985-09-30,-0.045,-0.0184,0.0121,0.0111,0.0158,0.016,0.006,-0.0724,-0.0431,-0.0425,-0.0383,-0.027,-0.0439,-0.04677798,-0.030930071,-0.03393366,-0.01300477,-0.039451373,-0.043805641,-0.042553997,-0.009553132,-0.063101329,-0.046609876,-0.04230585,-0.053469849,0.0023291323,0.008224126,-0.001595125,0.0068996437,0.0095823438
1985-10-31,0.04,-0.0147,0.0077,0.0088,-0.0106,0.0487,0.0065,0.033,0.0369,0.0338,0.0407,0.053,0.0552,0.0298536932,0.0682389492,0.01020722,0.0604547781,0.029470913,0.0174975081,0.0769140071,0.0362467757,0.0309579475,0.0687165404,0.0402794508,0.0631813396,0.0332385725,0.0106276188,0.0365516583,0.0246010727,0.0179682203
1985-11-30,0.0646,-0.0005,-0.0291,0.0032,-0.0235,-0.0055,0.0061,0.0772,0.0695,0.0627,0.0906,0.0662,0.047,0.0850900998,0.0656220901,0.0991774305,0.0016532713,0.0973766455,0.0863440274,0.0739736672,0.0873341756,0.0704450254,0.0823993428,0.0748956688,0.0407587235,0.0417726606,0.0113367177,0.0425984188,0.028223652,0.0199856541
1985-12-31,0.0388,-0.0041,-0.0146,0.0096,-0.0177,-0.0023,0.0065,0.0481,0.0422,0.0315,0.0572,0.0357,0.0447,0.0831157543,0.0567248802,0.0696366602,-0.028192296,0.0349219246,0.0408685308,0.0507899232,0.0534359607,0.0273524095,0.0427358283,0.0655126144,0.0484267487,0.0540520402,0.0142710495,0.0600352388,0.0442578476,0.0283389329
1986-01-31,0.0065,0.0095,0.0046,-0.0199,-0.0199,0.0295,0.0056,0.0231,0.015,0.025,0.0079,0.0051,0.0154,-0.002363542,0.0029005656,0.021053693,-0.065996853,0.0104528689,0.0217357575,0.0340157627,0.0217298438,0.0384259196,0.0192247886,-0.040266634,0.0380881928,0.002180335,0.0066217957,0.0002530209,0.0017301619,0.0062080118
1986-02-28,0.0714,-0.0072,-0.0063,0.0116,-0.0123,0.0256,0.0053,0.0724,0.0716,0.0706,0.0796,0.0833,0.0688,0.0491391966,0.1117551375,0.1061905751,0.0095713895,0.0612993506,0.0981278499,0.0862672736,0.1048440486,0.075268765,0.0765264179,0.0729471933,0.0658861813,0.0994158968,0.0110965412,0.1108730288,0.0585482021,0.0296758997
1986-03-31,0.0491,-0.0063,-0.0039,0.01,0.0081,0.0238,0.006,0.0422,0.0528,0.0532,0.0632,0.0568,0.0444,-0.002624492,0.0598962313,0.0809873876,0.0086127339,0.119298512,0.057887198,0.0574511778,0.0819346332,0.0554026246,0.0859748202,0.0373360288,0.0398607711,0.0772128517,0.0181975683,0.086366772,0.0478903125,0.0313316845
1986-04-30,-0.0128,0.0281,-0.0281,0.029,-0.001,-0.0035,0.0052,0.0226,0.0117,0.0048,0.0062,-0.0175,-0.0323,0.037943951,0.0052309673,-0.03043926,0.0089480397,0.0126691007,-0.029408481,-0.029554677,0.0024968366,-0.006427965,-0.001908656,0.0239147102,-0.040265522,-0.00355445,0.007117042,-0.005799804,0.0035756633,0.0065160932
1986-05-31,0.0463,-0.0129,-0.0014,0.0207,0.011,0.0206,0.0049,0.0325,0.0533,0.0331,0.054,0.0552,0.0506,0.0085392776,0.064406388,0.0300071197,0.0701877036,0.0699402473,0.0366433482,0.0515574171,0.0839652419,0.0366542235,0.0985681052,0.0490324549,0.0362996849,-0.053712906,-0.001553778,-0.053995003,-0.032528449,-0.019295202
1986-06-30,0.0106,-0.0087,0.012,0.0185,0.0083,0.0494,0.0052,0.0005,0.0092,0.0184,0.0191,0.0115,0.0252,-0.041062378,0.0180231358,-0.010313721,-0.020631028,0.0540919975,-0.008981033,0.0229504752,0.0600875067,0.0018839499,0.0315222287,0.0540296119,0.0503444616,0.0586305569,0.0145483871,0.0615438329,0.0420499696,0.0279713631
1986-07-31,-0.0643,-0.0353,0.0466,-0.0055,0.0081,0.0189,0.0052,-0.1063,-0.0874,-0.0592,-0.0722,-0.0516,-0.0262,-0.082209147,-0.065032421,-0.089308566,-0.051045254,-0.053268221,-0.080142223,-0.052575304,-0.058625012,-0.096572062,-0.095657989,-0.029921515,0.0514574232,-0.003479309,0.0103424792,-0.010295337,0.0085575022,0.0131272879
1986-08-31,0.0607,-0.0434,0.0354,-0.0171,0.0332,-0.0517,0.0046,0.0222,0.0353,0.0445,0.0459,0.0866,0.0944,0.0705230092,0.045096738,0.0702845963,0.1670037486,0.0399539832,0.0720771027,0.0684019613,0.0289391515,0.0602490198,0.0206099809,0.0681962976,0.0789519817,0.0432388437,0.0165317037,0.0467871139,0.0352593065,0.0281524726
1986-09-30,-0.0859,0.021,0.0323,-0.0017,0.0371,-0.0568,0.0045,-0.081,-0.0468,-0.0463,-0.1015,-0.0733,-0.0715,-0.070935408,-0.069274044,-0.081484717,-0.008961207,-0.125947258,-0.064454513,-0.102186345,-0.108627198,-0.037820438,-0.087855448,-0.094281243,-0.090750404,-0.038098939,-0.001374057,-0.04207038,-0.023981289,-0.013505681
1986-10-31,0.0464,-0.0237,-0.0142,-0.0001,0.0101,0.0448,0.0046,0.0431,0.0284,0.0168,0.0566,0.053,0.0545,0.0049876129,0.0838524446,0.0600924669,0.0193598039,0.0799876195,0.056570415,0.0334539873,0.0878373331,0.0656255437,0.0754288635,0.0459899845,0.0527403797,0.0238607728,0.0089334725,0.0208553952,0.0181433322,0.0156280107
1986-11-30,0.0116,-0.0186,-0.0002,0.0098,0.007,-0.0027,0.0039,0.0004,-0.006,0.0054,0.0207,0.0201,0.0153,0.0354068375,0.034096188,0.0473719032,0.0318965084,0.0134937798,0.0219806887,-0.009379463,0.0059049205,0.0011695718,0.0143270891,0.0394338108,0.0055735125,0.019454393,0.006058071,0.0191968591,0.0134929261,0.011549418
1986-12-31,-0.0326,0.0019,0.0036,0.0087,0.0009,0.0045,0.0049,-0.0306,-0.0291,-0.0191,-0.0246,-0.0309,-0.029,-0.037334346,-0.025259489,-0.02518416,-0.004507985,-0.013082242,-0.016761489,-0.020509098,-0.035928659,-0.031616638,-0.063091546,-0.032142742,-0.032981523,0.0014931659,0.0020937594,-0.001800138,0.0023877451,0.0021034352
1987-01-31,0.1244,-0.0161,-0.0318,0.0017,-0.0103,0.0203,0.0042,0.1258,0.1089,0.092,0.1402,0.1326,0.1104,0.1674911321,0.1487550804,0.1845563179,0.1407945341,0.1320045701,0.14293734,0.1041201934,0.1402713931,0.1348490368,0.1128615504,0.0666377545,0.0927906206,0.0148268662,0.007370731,0.0162839085,0.0114687864,0.0098784699
1987-02-28,0.0437,0.0336,-0.0586,-0.0079,-0.0255,-0.0222,0.0043,0.0938,0.0683,0.0509,0.0745,0.0349,0.0002,0.0954435771,0.0484666048,0.0372943004,-0.015768759,0.112176786,0.04933962,0.0455006226,0.0566348818,0.0696428402,0.094363282,-0.008403293,-0.021471037,0.0127578969,0.0042874456,0.0134760626,0.0060834675,0.0053270463
1987-03-31,0.0163,0.0032,0.0166,0.013,0.0417,0.0166,0.0047,0.0139,0.0279,0.0374,0.0162,0.0221,0.0258,0.0273998444,0.0486880752,0.0427805347,0.1234107115,0.0027924758,0.0281653485,-0.016065488,0.011256718,0.0333425376,0.0148226763,0.009655327,-0.016668262,-0.014965775,0.001783675,-0.021251739,-0.011372093,-0.004177135
1987-04-30,-0.0209,-0.0158,-0.0036,-0.0052,0.0116,0.002,0.0044,-0.0267,-0.0303,-0.0361,-0.0172,-0.0094,-0.015,0.0445761707,-0.001341448,0.0406042289,0.0033381723,-0.025713314,-0.021447327,-0.047954832,-0.042431297,-0.018955816,-0.028440533,-0.022955006,-0.043245913,-0.045669227,-0.007055253,-0.051237471,-0.034825745,-0.023460083
1987-05-31,0.0011,-0.0058,0.0022,0.0049,0.0113,-0.0077,0.0038,-0.0033,-0.0011,0.0074,0.0134,-0.0015,0.0071,0.0029629359,0.0055489757,-0.012346183,0.0297229961,0.0111826476,0.0007165589,-0.010864561,0.0250776523,0.0175942522,-0.001173607,0.0275485325,-0.018616445,-0.010386965,0.0010266599,-0.012391715,-0.009843881,-0.003914954
1987-06-30,0.0391,-0.0211,0.0113,0.0156,0.0107,-0.0022,0.0048,0.0153,0.0321,0.038,0.0465,0.0536,0.0463,-0.002614319,0.0513914505,0.0272684549,0.0595667131,0.046556264,0.0507092932,0.0478722047,0.0662154083,0.0359276419,0.0603245255,0.0695521282,0.0336050624,0.0114888807,0.0111975678,0.0126293839,0.0124865673,0.0123131874
1987-07-31,0.0384,-0.0107,0.0094,-0.0065,0.0158,0.0257,0.0046,0.0211,0.0321,0.0574,0.0548,0.0354,0.0373,0.0086610808,0.0441726617,0.0695725703,0.0317140548,0.058110308,0.0828399476,0.0180772219,0.0576940777,0.0736579015,0.056107562,0.0596060314,-0.016692991,-0.014489946,0.0051583701,-0.020418966,-0.006560853,0.0007033713
1987-08-31,0.0352,-0.0101,-0.0098,0.0211,-0.0155,-0.0095,0.0047,0.0275,0.0374,0.0283,0.0474,0.0443,0.0271,0.0759149521,0.030667285,0.0568515712,0.0192756423,0.0221215406,0.0277816817,0.0562319996,0.0404853031,0.0096445189,0.0339544813,0.0512184056,0.0370157706,-0.013807035,0.0011505212,-0.017755004,-0.012676153,-0.00455201
1987-09-30,-0.0258,0.0045,0.0026,-0.0088,0.0182,0.008,0.0045,-0.0245,-0.0127,-0.0137,-0.0198,-0.023,-0.0255,-0.028157813,-0.006709266,-0.038427036,-0.038659431,-0.025913962,0.0078954963,-0.025810749,-0.024656457,-0.006030034,-0.061557263,0.0329041968,-0.023063781,-0.039568947,-0.003890247,-0.047073358,-0.028943966,-0.017530504
1987-10-31,-0.2319,-0.0791,0.0418,0.0229,0.0224,-0.0775,0.006,-0.3239,-0.2751,-0.2788,-0.2317,-0.2046,-0.1932,-0.259301346,-0.246412773,-0.266102544,-0.18471871,-0.205144057,-0.287406638,-0.212487372,-0.209928833,-0.294614812,-0.284192701,-0.123119048,-0.069578004,0.0671911299,0.0212271139,0.0756278661,0.0482057323,0.0348262729
1987-11-30,-0.0776,0.0278,0.0314,-0.0193,0.006,-0.0121,0.0035,-0.068,-0.0393,-0.035,-0.0872,-0.0782,-0.0574,-0.099769165,-0.066998155,-0.082924767,-0.10592952,-0.092850116,-0.044431992,-0.069976617,-0.082899651,-0.052977479,-0.087611717,-0.088994593,-0.025144903,-0.001302346,0.0061901072,0.0005363679,0.0030356434,0.00619858
1987-12-31,0.0682,-0.0001,-0.0442,0.0313,-0.0246,0.0588,0.0039,0.0917,0.0695,0.0453,0.0914,0.0646,0.0494,0.1194287552,0.1249960139,0.0872964963,0.0669587126,0.0542626245,0.1030626158,0.0357002764,0.0745606035,0.098737001,0.0860616638,0.0398054944,0.005523884,0.0220743063,0.0066510153,0.0252146872,0.01731963,0.0121412445
1988-01-31,0.0421,-0.0056,0.0493,-0.0119,0.021,-0.0735,0.0029,0.0222,0.0481,0.0619,0.0202,0.0552,0.0792,-0.024545,-0.006436875,0.0428620811,0.0837723275,0.0632584768,0.0056243079,0.0903978106,0.030826256,0.0034935154,0.051599524,0.0992179323,0.0971469032,0.0532554622,0.015369418,0.0606666921,0.0430557834,0.0295604707
1988-02-29,0.0477,0.033,-0.0153,0.0151,0.0006,-0.0145,0.0046,0.0846,0.0795,0.0729,0.0545,0.047,0.0357,0.0741198916,0.0605634495,0.0641689284,0.0364056902,0.041268588,0.085738907,0.0306595039,0.0606417934,0.0743153231,0.1039989307,0.0122844643,-0.014295263,0.0110002472,0.0086085815,0.0104900929,0.0133188196,0.011868549
1988-03-31,-0.0226,0.0611,0.0086,-0.0023,0.0178,0.0061,0.0044,0.0349,0.0396,0.032,-0.0309,-0.032,-0.0108,-0.047553655,-0.028114718,-0.035838202,0.0268606118,-0.024781335,-0.005816926,-0.02537063,-0.015408959,0.0172143313,-0.012940603,-0.038058079,-0.031831894,-0.025496088,0.0016708494,-0.033473156,-0.017527139,-0.007805532
1988-04-30,0.0056,0.0109,0.0151,-0.0009,0.019,0.022,0.0046,0.0139,0.019,0.023,-0.0067,0.0207,0.0145,0.028061771,0.0125469207,0.0254521716,0.046701335,-0.018066465,0.0176554532,-0.002657204,-0.002513879,-0.000952221,0.0149456187,0.0070604083,-0.002948699,-0.013478456,0.0012294882,-0.019421397,-0.008359482,-0.003416308
1988-05-31,-0.0027,-0.0252,0.0244,-0.0077,0.003,0.0066,0.0051,-0.0305,-0.0171,-0.0021,0.0001,0.0058,0.0207,-0.014480487,-0.011637606,0.0094525697,-0.005268166,-0.000865234,-0.001172051,0.0212663542,-0.005067978,-0.014190017,-0.017445978,0.0223695483,0.0353143179,-0.012772773,-0.00120584,-0.017054886,-0.012374465,-0.007290775
1988-06-30,0.0478,0.0207,-0.0135,0.0152,-0.0352,-0.0302,0.0049,0.0773,0.0682,0.0604,0.0494,0.0565,0.0394,0.0955437371,0.0708709342,0.0791166707,-0.020743437,0.0276592318,0.0802317541,0.0555427626,0.0350224516,0.068211974,0.0690096442,0.0294003003,0.0323202407,0.0373272314,0.0104731889,0.0433078293,0.029732511,0.0191807267
1988-07-31,-0.0125,-0.0018,0.0218,-0.0049,0.0153,0.0066,0.0051,-0.023,-0.0027,0.0022,-0.0161,-0.0027,0.0023,-0.050093039,-0.022976977,-0.017541197,0.0371215875,0.0011498144,-0.02239873,0.0046426376,0.0125832653,-0.019301198,-0.011973747,-0.001075954,-0.002380388,-0.014513542,0.0001980316,-0.021560574,-0.010402837,-0.004576678
1988-08-31,-0.0331,-0.0002,0.0214,-0.0085,0.0165,0.0036,0.0059,-0.0412,-0.0177,-0.0137,-0.0295,-0.0308,-0.0143,-0.081452641,-0.03396561,-0.062183614,-0.015408225,-0.009256116,-0.047470249,-0.002184779,0.0001540028,-0.026151741,-0.030961207,-0.037855768,-0.001251798,0.0034032947,0.0026630047,0.0039224342,0.0009578805,-0.000105
1988-09-30,0.0331,-0.0138,-0.0075,0.0176,-0.0055,0.0029,0.0062,0.0263,0.0303,0.026,0.0511,0.0352,0.0364,0.0299481762,0.0314342238,0.0488869532,-0.025084445,0.0390164761,0.0324469189,0.0398612261,0.0652137561,0.0467390823,0.0754147331,0.0706049531,0.0270026191,0.0339203571,0.0114888545,0.0387388396,0.0292144119,0.0194132404
1988-10-31,0.0116,-0.0297,0.0203,0.0139,0.0099,0.013,0.0061,-0.0203,-0.0014,0.0061,0.0156,0.0266,0.0298,-0.001456092,0.0136783908,0.0201272474,0.0180621819,0.0125962059,0.0065256857,0.0015042288,0.0753123327,-0.001236166,0.0127306797,0.0347048294,0.0254216668,0.0265341727,0.0101851741,0.0324779989,0.0207970515,0.0163960269
1988-11-30,-0.0227,-0.0158,0.0147,-0.0036,0.0164,0.0018,0.0057,-0.0379,-0.0261,-0.0243,-0.0196,-0.0156,-0.0038,-0.032914744,-0.020420584,0.0047677839,-0.000043489,-0.027382739,-0.030009511,-0.024803186,-0.010273163,-0.0153783,-0.024604745,0.0000543772,-0.006056389,-0.020724283,-0.003519163,-0.023868553,-0.017790632,-0.013012149
1988-12-31,0.0148,0.0194,-0.0183,0.0069,-0.0038,0.0031,0.0063,0.0409,0.0389,0.0269,0.0286,0.0155,0.006,0.051452764,0.0441842078,0.0055130754,0.0156890612,0.0179461709,0.0292358494,0.0036653068,0.0328527414,0.0293337448,0.0153072552,0.0093514383,0.0101296367,0.0079816752,0.0022028134,0.0147248321,-0.000889065,-0.001479958
1989-01-31,0.0606,-0.0226,0.0061,-0.0097,0.0011,-0.0025,0.0055,0.0427,0.0436,0.0539,0.0696,0.0657,0.0707,0.0738971842,0.0833542987,0.0748133719,0.0633078605,0.0714363699,0.0652854961,0.0727507788,0.0572066251,0.0703947237,0.0651341925,0.0916794475,0.0209918834,0.0212921162,0.008565455,0.0242210547,0.0174363066,0.011581541
1989-02-28,-0.0223,0.027,0.0099,-0.0084,0.0188,0.0099,0.0061,0.0053,0.0083,0.0135,-0.0249,-0.0191,-0.0132,-0.040294091,-0.021152541,-0.041100039,-0.011174545,-0.011932557,-0.015307938,0.000635721,-0.014553117,-0.011557402,-0.015877578,-0.014920955,-0.018873254,-0.019566704,-0.000466648,-0.023915317,-0.013401465,-0.007501744
1989-03-31,0.0157,0.0068,0.0047,-0.0001,0.0065,0.0351,0.0067,0.0257,0.0285,0.034,0.0248,0.0173,0.026,-0.053825754,0.0287668362,-0.020163957,0.0373158591,0.0484164971,0.0076533654,0.0432352292,0.0546367848,0.0196922499,0.026544364,0.0548124621,0.0078515173,0.0116973095,0.0043890201,0.0107579857,0.0086801007,0.0045650134
1989-04-30,0.0435,-0.0075,-0.0148,0.0073,-0.0048,0.0171,0.0067,0.0466,0.045,0.037,0.0608,0.0472,0.0408,0.0504901342,0.0475843072,0.0358532632,0.0225602154,0.0518108732,0.0502449257,0.0432116782,0.0557570002,0.0544196344,0.0608819966,0.0979856804,0.0402409925,0.0238853311,0.0159560745,0.0256733263,0.0237139872,0.0228232267
1989-05-31,0.0328,-0.0006,-0.009,0.0045,-0.0026,0.0142,0.0079,0.0467,0.0353,0.0378,0.0484,0.0345,0.0394,0.0267978706,0.024102742,0.0568148769,0.0235354853,0.0337837606,0.0312377328,0.0394435466,0.062323568,0.0488128129,0.0468234589,0.0538535864,0.0520926992,0.0350899241,0.0143820401,0.0382166561,0.0307551581,0.022251788
1989-06-30,-0.0133,-0.0104,0.0221,0.0013,0.0152,0.004,0.0071,-0.0305,-0.0073,-0.001,-0.0101,-0.0043,0.0047,-0.036395638,-0.013954527,-0.015463347,-0.006259197,-0.027925239,-0.03030048,0.0041247718,0.0151042979,0.0105073691,-0.023056467,0.0067354691,0.0331324083,0.04801488,0.0189788617,0.0623424168,0.0377902714,0.0302360763
1989-07-31,0.0718,-0.0411,-0.028,0.0205,-0.0056,0.0532,0.007,0.0431,0.0413,0.0334,0.1082,0.0709,0.062,0.0301982086,0.066413033,0.0799724566,0.0416918426,0.1464642925,0.0705844895,0.0792647906,0.1142206176,0.0846452152,0.0915526093,0.0875935487,0.0577795231,0.0236095751,0.0150379928,0.0234205206,0.0278998769,0.0249215587
1989-08-31,0.0143,0.0048,0.0062,0.0036,-0.0061,-0.0049,0.0074,0.0273,0.0284,0.0262,0.011,0.0292,0.0246,0.0255370549,0.0718230916,0.0381545067,0.0424807667,0.0005661486,0.034256808,0.0231607045,-0.01359239,0.0483434986,0.0261997591,0.0033010391,-0.008395687,-0.021899526,-0.006577606,-0.026614412,-0.023349505,-0.019444588
1989-09-30,-0.0076,0.0047,-0.0127,0.0139,0.0058,0.0351,0.0065,0.0143,-0.0007,-0.0077,0.0048,-0.0095,0.0015,-0.029165663,-0.01885532,-0.034922243,0.0087337698,0.0123067011,-0.02773697,0.0170726751,-0.004570286,0.0074110313,-0.013962384,0.0436519584,0.004571181,0.002376814,0.0052658867,0.0009089201,0.0024497842,0.003104899
1989-10-31,-0.0365,-0.033,-0.0116,0.0008,-0.0011,0.0135,0.0068,-0.05,-0.0574,-0.064,-0.013,-0.039,-0.0223,-0.043472171,-0.021090369,-0.03837697,0.0038385949,0.0042969349,-0.052420952,-0.042908616,-0.023450532,-0.061710499,-0.047151824,-0.021575497,0.0093272453,0.0348421914,0.0160617458,0.0429919318,0.0308618483,0.0250987905
1989-11-30,0.0104,-0.0126,-0.0113,-0.0074,0.0138,0.027,0.0069,0.0078,0.0067,-0.0003,0.0234,0.0175,0.0089,-0.016387299,0.0266448364,0.0214110883,0.0410600341,0.0441388116,0.0214308734,-0.003142025,0.0132453085,0.0136900564,0.0136777049,0.0222412059,0.0320984388,0.0085682097,0.0086923139,0.0087682612,0.0106570695,0.010244585
1989-12-31,0.0118,-0.0228,0.0015,-0.0007,0.0131,0.0279,0.0061,0.002,-0.0037,-0.003,0.0169,0.0246,0.0249,-0.010075255,0.0443271679,0.015032834,0.0594454695,0.0082304542,0.016101518,-0.013339887,0.0095872043,0.0001543676,0.0104328867,0.0526087016,0.048830425,-0.002228617,0.0035127887,-0.002850063,-0.000970187,0.0012903644
1990-01-31,-0.078,-0.0121,0.0083,-0.0112,0.014,-0.0298,0.0057,-0.0918,-0.076,-0.0777,-0.0754,-0.063,-0.0729,-0.016158922,-0.083296247,-0.037795137,-0.038628833,-0.072541766,-0.06022847,-0.099485556,-0.09743764,-0.078951631,-0.066105087,-0.131035412,-0.050597081,-0.028474205,0.0008305329,-0.039856119,-0.018703137,-0.009434849
1990-02-28,0.0111,0.0115,0.0065,-0.0004,-0.0061,-0.0051,0.0057,0.0316,0.0271,0.0218,0.0036,0.0215,0.0263,0.0384639075,0.0160356799,0.0357516151,0.0306184939,-0.022185737,0.0283693822,0.0190843482,-0.003826353,0.0340595322,0.0187127894,0.0018970212,0.0054560558,-0.000429924,0.0050749714,-0.002816997,-0.000216842,0.0016820031
1990-03-31,0.0183,0.0159,-0.029,0.0199,-0.0094,0.0172,0.0064,0.0429,0.0393,0.0222,0.0412,0.015,0.0039,0.0423915203,0.0255863028,0.0386398403,-0.003060162,0.0379989921,0.0458185156,-0.008277636,0.0452025905,0.0232444866,0.0498342173,0.0377050138,-0.007847592,-0.000082254,0.0030237206,-0.003375114,-0.000146177,0.0003734044
1990-04-30,-0.0336,-0.0035,-0.0257,0.0178,-0.01,0.0228,0.0069,-0.0276,-0.0311,-0.0438,-0.0095,-0.0342,-0.0449,-0.023144351,-0.005920726,-0.018650819,-0.037642393,-0.001667361,-0.034941021,-0.040635724,-0.001423878,-0.02734378,-0.016704795,-0.036736155,-0.052937854,-0.019899855,0.0022654353,-0.026969866,-0.014125914,-0.005624234
1990-05-31,0.0844,-0.0241,-0.0389,0.0168,-0.0163,0.0314,0.0068,0.0853,0.0654,0.0426,0.1087,0.0878,0.0737,0.1236214299,0.0892696196,0.0911178534,0.0650417444,0.1317633344,0.0739491552,0.0940209958,0.0878763467,0.0880943116,0.1192247747,0.0872954645,0.0522385833,0.0392758182,0.0156493535,0.0482438418,0.0315230678,0.0243242944
1990-06-30,-0.0109,0.0131,-0.02,-0.0099,-0.0039,0.0249,0.0063,0.0105,0.0043,-0.001,0.013,-0.024,-0.0156,-0.008410303,0.0057723935,-0.011412198,-0.022954386,0.0442068807,-0.011626587,-0.021701859,0.0157472781,-0.007489477,0.0126664874,-0.044221202,0.0095652197,0.0203117603,0.0102719947,0.0237879336,0.0172118485,0.0143551575
1990-07-31,-0.019,-0.0315,-0.0006,-0.001,0.0321,0.0604,0.0068,-0.045,-0.036,-0.0426,-0.0133,-0.0008,-0.017,-0.078618935,0.0113947595,-0.009043189,0.0809946548,0.0262040056,-0.004994911,-0.046390544,-0.011749176,-0.019983781,-0.036917147,-0.038251168,0.0074657303,0.0115956161,0.0121509278,0.010197615,0.0145958753,0.0163355227
1990-08-31,-0.1013,-0.0379,0.0156,-0.0048,0.0299,0.0197,0.0066,-0.1461,-0.1228,-0.1125,-0.0972,-0.0794,-0.0997,-0.121148386,-0.115310599,-0.132489206,-0.017272848,-0.06769007,-0.116166268,-0.106312723,-0.077771409,-0.115238597,-0.119683553,-0.10603923,-0.069571335,-0.033619559,0.0031574895,-0.047610688,-0.020473697,-0.007623408
1990-09-30,-0.0611,-0.0372,0.0059,0.0003,0.0362,0.0571,0.006,-0.1016,-0.0827,-0.0842,-0.0578,-0.0379,-0.0635,-0.067971834,-0.061239323,-0.099448069,-0.021139106,-0.042172929,-0.07848694,-0.086502362,-0.042699607,-0.07463893,-0.090398942,0.0016107519,-0.000835605,0.012671375,0.0079983233,0.0117036026,0.0095155757,0.0094163018
1990-10-31,-0.0191,-0.0506,0.0008,0.0317,-0.0025,0.0674,0.0068,-0.0588,-0.0544,-0.0612,0.0036,-0.0199,0.0076,-0.034897273,0.0338614413,-0.037847634,-0.049761779,0.0114338246,-0.025736804,-0.049753027,0.0219578698,-0.056042279,-0.032444776,0.018904449,0.0699778228,0.0210481815,0.011399528,0.0238802044,0.0188091845,0.0165437118
1990-11-30,0.0635,0.0002,-0.0297,0.0058,-0.0471,-0.0536,0.0057,0.0888,0.0656,0.0519,0.0737,0.069,0.0511,0.1187908485,0.0912165208,0.0437628331,0.0228464914,0.0912364337,0.0669308018,0.1178564585,0.0706331543,0.0371401109,0.1078487737,0.0218121293,0.024459641,0.0368681305,0.0097915598,0.0450086422,0.0270098142,0.0180839207
1990-12-31,0.0248,0.006,-0.0157,0.0266,-0.0198,0.0025,0.006,0.0414,0.0359,0.0285,0.0376,0.0254,0.0191,0.0433361377,0.0324898436,0.024940138,-0.016455416,0.0284197953,0.0521064602,0.0431027797,0.0435557709,0.0589952736,0.0334248471,0.0181866846,0.0094361384,0.0177666699,0.012218996,0.0201839146,0.0171490818,0.0154450955
1991-01-31,0.0469,0.0387,-0.0148,0.0134,-0.0407,-0.0647,0.0052,0.0926,0.0816,0.0801,0.0624,0.0331,0.0453,0.1530652127,0.0233839109,0.0921453487,-0.019298083,0.0500205909,0.0760343932,0.05355273,0.0519314727,0.0845083826,0.0942763879,0.0111552379,-0.012976375,0.0109709862,0.0091414142,0.0125929048,0.0118408035,0.0105231085
1991-02-28,0.0721,0.0402,-0.0062,-0.0006,-0.0034,-0.0494,0.0048,0.1175,0.1035,0.113,0.0791,0.0637,0.0711,0.062843162,0.0651601825,0.0690468695,0.0896586541,0.1001119909,0.059180527,0.0947206155,0.0994574741,0.0894025981,0.0805795119,0.0330268016,0.048911571,0.0048855844,0.0065121461,0.0040331875,0.00551584,0.0058388191
1991-03-31,0.0267,0.0381,-0.013,-0.0052,-0.0099,0.0271,0.0044,0.0768,0.0532,0.0658,0.0412,0.012,0.0261,0.0030281012,0.0184702546,0.0177505172,0.0075707488,0.0602780424,0.0155962585,0.0515462678,0.0484214687,-0.014748695,0.0830155045,0.0179200463,0.0157059571,0.0041874101,0.0056031656,0.0016718486,0.0030049635,0.0026498444
1991-04-30,-0.0029,0.0035,0.0149,0.0067,0.0081,-0.0232,0.0053,-0.0067,0.0145,0.0165,-0.0033,0.009,0.0034,-0.034009965,0.0126699619,0.0043929447,0.0228144441,-0.007322837,-0.002890682,0.0188638408,-0.012995949,-0.004161488,0.021386855,0.0117096572,-0.001207466,0.0114781546,0.0097035984,0.0139202978,0.010317825,0.0115688786
1991-05-31,0.0366,0.0014,-0.0052,0.0207,-0.0236,-0.0009,0.0047,0.0433,0.0475,0.0275,0.0475,0.0297,0.0529,0.0382010571,0.0715831534,0.1083067514,-0.010865816,0.0453025032,0.0743554105,0.0428702519,0.0359718583,0.0537727369,0.0711534167,-0.013529826,0.0034026504,0.0029338738,0.0066364753,-0.001251279,0.0040314565,0.0062012122
1991-06-30,-0.0494,0.003,0.0108,0.0175,0.0068,0.0042,0.0042,-0.0516,-0.031,-0.0419,-0.0495,-0.0429,-0.0376,-0.0903621,-0.045706929,-0.04043628,-0.036767204,-0.043835737,-0.041467465,-0.046699546,-0.048849499,-0.056116604,-0.046678297,-0.016939147,-0.025566401,-0.004713664,0.003209391,-0.010548329,-0.005284194,-0.002165888
1991-07-31,0.0424,-0.01,-0.013,0.016,-0.0144,0.0426,0.0049,0.0436,0.0329,0.0303,0.054,0.0406,0.0412,0.0486655503,0.0600638969,-0.002100453,0.0510547269,0.0796186827,0.0281908735,0.0553003816,0.0543975175,0.0266219893,0.0578166633,0.0347429258,0.037831393,0.0142100004,0.0092185326,0.0166902563,0.0137313523,0.0134675469
1991-08-31,0.0232,0.0142,-0.0079,0.0085,-0.0032,0.0158,0.0046,0.0445,0.0303,0.0433,0.0337,0.0176,0.0192,0.0266649576,0.0211059077,0.0025524212,0.0087309262,0.0277825558,0.0246354628,0.0392381674,0.0539762294,0.0122631164,0.0353013825,0.0044883538,0.0378889402,0.0304289857,0.0138102113,0.0364246934,0.0267725241,0.022702056
1991-09-30,-0.0159,0.0158,-0.0123,-0.0177,-0.0004,0.0175,0.0046,0.0148,0.0054,-0.0115,-0.0218,0.0002,-0.0201,-0.006221272,-0.023061584,-0.04650101,-0.008472298,0.0004501477,-0.020429081,-0.006336756,-0.029911455,-0.018127122,-0.027469546,0.0126628237,0.0350013342,0.0294146826,0.010882613,0.0323843336,0.0279413882,0.0207144927
1991-10-31,0.0129,0.0085,-0.0043,-0.0165,-0.003,0.0318,0.0042,0.0295,0.026,0.0178,0.0151,0.0168,0.0181,0.0181278989,0.0251092763,-0.00632228,0.0238538859,0.0637304398,0.020550929,0.0204750479,-0.007013044,0.029008756,-0.016812336,0.0209218019,0.0150090303,0.00641884,0.0107246386,0.0011511442,0.0097002444,0.013346213
1991-11-30,-0.042,-0.0088,-0.0177,0.011,-0.0012,0.0118,0.0039,-0.0498,-0.0371,-0.0552,-0.0252,-0.0462,-0.0552,-0.0412501,-0.056724048,-0.063975714,-0.081212271,-0.022058929,-0.052784063,-0.053251586,-0.007115384,-0.055665415,-0.015828137,-0.049536648,0.0181875119,0.0098604774,0.0102720786,0.0023269067,0.009830782,0.0131624236
1991-12-31,0.1086,-0.0241,-0.0423,0.0367,-0.0314,0.0829,0.0038,0.1038,0.0678,0.0737,0.1447,0.0782,0.0902,0.0880429952,0.1174729977,0.1255179764,0.0328339637,0.1672554259,0.1061695789,0.1236512185,0.1434346109,0.1230470874,0.1300409917,0.1042513698,0.0483404465,0.051031948,0.0154399473,0.0632443605,0.0462431597,0.0286687588
1992-01-31,-0.0059,0.0919,0.0467,-0.0117,0.0325,-0.025,0.0034,0.0753,0.0742,0.1067,-0.0231,-0.0142,0.039,0.0671741098,-0.000447959,0.0474512019,-0.03520908,-0.044724726,0.0222225365,0.0051542597,-0.027461029,0.0488278396,0.0087140265,-0.029896909,-0.044237735,-0.029388691,-0.001252134,-0.031377976,-0.027149936,-0.013766764
1992-02-29,0.0109,0.013,0.0651,0.0007,0.0225,-0.007,0.0028,0.0071,0.0276,0.0713,0.0034,0.0084,0.0693,0.037195077,0.015418925,0.0745290789,-0.009707203,-0.026811124,0.0199936458,0.026132678,0.0120031609,0.0296722453,0.0257725317,-0.008457455,-0.007816377,0.006357329,0.0029019536,0.0046990267,0.0061512247,0.0020848025
1992-03-31,-0.0266,-0.0089,0.0349,-0.0006,0.0182,-0.0021,0.0034,-0.0609,-0.013,-0.0073,-0.0278,-0.0126,-0.0117,-0.0527246,-0.000328757,-0.012930269,-0.031312223,-0.05647758,-0.016161959,-0.011658391,-0.017017091,-0.048035739,-0.016403392,-0.006467897,-0.003142775,-0.009520134,-0.000368401,-0.01057932,-0.009183517,-0.0063892
1992-04-30,0.0109,-0.0575,0.0436,0.0165,0.024,-0.0255,0.0032,-0.056,-0.0244,-0.0098,0.0015,0.0495,0.0423,-0.019546741,0.035316113,0.0487316143,0.0955075235,-0.022809875,0.0177113944,0.0160727056,0.0070345686,-0.012940795,-0.033908446,0.0681823555,0.0276374764,0.0030323286,0.0093409127,-0.002122619,0.0049725655,0.0102298806
1992-05-31,0.003,0.002,0.0111,-0.0091,0.0049,0.0006,0.0028,-0.0078,0.0102,0.0236,0.0093,0.0045,0,-2.516318E-6,-0.010378688,-0.012080126,0.03337386,0.012950312,-0.004835481,0.022842624,0.0114063239,-0.010653296,0.0013176026,-0.025869261,0.0236192157,0.022570558,0.0091341063,0.0280946543,0.0217247896,0.018225323
1992-06-30,-0.0233,-0.0276,0.0324,-0.0006,0.0095,-0.0057,0.0032,-0.0603,-0.0327,-0.0279,-0.0246,-0.011,0.0078,-0.037373145,-0.061509763,0.0140243824,-0.033499612,-0.043874419,-0.031683545,0.0112153166,-0.029070765,-0.032511833,-0.020027563,0.0129736406,0.0001061089,0.01965303,0.0105517175,0.0130654043,0.0199950924,0.0179559878
1992-07-31,0.0378,-0.0065,-0.0051,0.0124,-0.0097,0.0147,0.0031,0.0267,0.0328,0.0377,0.0432,0.0454,0.0221,0.0280493635,0.0536815486,0.0042270409,0.0523926389,0.0598045643,0.0235891244,0.0327623022,0.0472208474,0.0225613283,0.0377590734,0.0530669692,0.0678529255,0.0371437255,0.0119444098,0.0439771534,0.0330831245,0.023109906
1992-08-31,-0.0238,-0.0039,-0.0109,0.0366,-0.0164,-0.0047,0.0026,-0.0422,-0.0152,-0.0269,-0.0113,-0.0215,-0.0484,-0.046285781,-0.04229022,-0.057389125,0.0248682925,-0.035488652,-0.035019836,-0.030565892,0.0071303359,-0.033676275,-0.008214768,-0.012151259,-0.006678361,0.009108238,0.0086380092,0.0053339604,0.0107099924,0.0131705208
1992-09-30,0.0119,0.0047,-0.0019,0.0161,-0.0068,0.0144,0.0026,0.0135,0.025,0.0156,0.017,0.0095,0.011,0.0283337572,0.0071365248,0.0241379508,0.0024193387,-0.045823142,0.0202306403,0.0262944586,0.0130170139,0.0330845328,0.0410865978,0.019803783,0.0075508035,0.0194311766,0.0098963948,0.0146163313,0.0200785848,0.0176585957
1992-10-31,0.0102,0.0209,-0.0198,0.0119,-0.0091,0.025,0.0023,0.0449,0.0243,0.0194,0.0241,-0.0087,0.01,0.0228367336,0.0351767466,0.0030161446,-0.03194919,0.028841873,0.0050413747,0.0313021039,-0.01044504,0.0291028978,0.0407732868,-0.00656976,-0.0058479,-0.020191645,-0.006244944,-0.020850536,-0.020443695,-0.016884637
1992-11-30,0.0414,0.0388,-0.0152,-0.0054,-0.0158,-0.0025,0.0023,0.0975,0.0642,0.0666,0.0456,0.0262,0.0461,0.0677125029,0.0154084244,0.0792886144,-0.024313624,0.0526163111,0.0426031646,0.060939606,0.035711364,0.0532433109,0.0750157873,0.043221505,-0.002694856,-0.000517012,-0.00155254,0.0072915691,-0.003979547,-0.006717426
1992-12-31,0.0153,0.0165,0.0264,-0.0052,0.0083,0.0433,0.0028,0.0255,0.0367,0.0503,0.0071,0.0209,0.0351,0.0024766353,0.0014883973,0.0317061414,0.0169050767,-0.013395838,0.018484853,0.0475134505,0.0004780403,0.019548857,0.0033367576,0.064140515,0.0290187442,0.0229456019,0.0097905363,0.0277356498,0.0214089516,0.014500402
1993-01-31,0.0093,0.0194,0.059,-0.019,0.0294,0.0485,0.0023,0.011,0.0419,0.0632,-0.0109,0.0154,0.0549,0.0541210589,-0.038578167,0.0460860406,0.0248915174,-0.057159713,0.0151092649,0.0365599983,-0.008753015,0.023544737,0.0027472643,0.0150701527,0.0241214581,0.0288260609,0.0098194867,0.0275477719,0.026711839,0.0235099136
1993-02-28,0.0012,-0.0337,0.0648,-0.0047,0.0415,0.0318,0.0022,-0.065,-0.0009,0.0108,-0.0233,0.0393,0.0305,-0.013271462,0.0151883014,-0.003614326,0.0626318724,-0.096551346,0.0186780008,0.0178297128,-0.016210589,-0.020638552,-0.014880917,0.0523200004,0.0621923587,0.029194878,0.0081868384,0.0356461785,0.02434228,0.0182230821
1993-03-31,0.0232,0.0009,0.0126,-0.0022,0.0082,0.037,0.0025,0.021,0.0285,0.0359,0.0177,0.0313,0.0279,0.0177907937,0.01147027,0.0634916107,0.0407418858,0.0065959575,0.0210185512,0.0375641769,0.0016397697,0.0323586517,0.0294323915,0.0364716645,0.0151944508,0.0039402188,0.0036588843,0.0009194523,0.0052826388,0.004496345
1993-04-30,-0.0305,-0.0081,0.0255,-0.0369,0.0138,0.0036,0.0024,-0.0364,-0.026,-0.0251,-0.0504,-0.0078,-0.0108,-0.049058091,0.0089021525,0.0322789586,0.0162162356,0.0127101838,-0.015864286,-0.03503828,-0.086391113,-0.025732621,-0.078462223,-0.026715336,-0.001305799,0.0091097406,0.0062001463,0.0078134841,0.00824077,0.0091563799
1993-05-31,0.0289,0.0194,-0.0346,-0.0014,-0.0103,0.0021,0.0022,0.0678,0.0334,0.0315,0.04,0.0237,0.0071,0.0832515384,0.0121345982,0.0203772283,0.0191092002,0.0391815528,0.0324162983,0.0042093092,0.0242020209,0.0544697342,0.0573777419,0.0505169392,-0.000455106,-0.000116568,-0.0029998,0.004381332,-0.001524681,-0.003186678
1993-06-30,0.003,0.0012,0.0264,-0.0091,0.0116,0.0457,0.0025,0.0056,0.0072,0.0134,-0.0103,0.0109,0.0348,-0.00522616,-0.01382948,0.0415146269,-0.006245534,-0.025517298,-0.003793518,0.0401891293,-0.005886813,-0.01756539,-0.029590745,0.0437586602,0.0296337443,0.0362835847,0.0078743317,0.0443131687,0.030228937,0.0171172497
1993-07-31,-0.0034,0.0096,0.0287,-0.0184,0.0205,0.0322,0.0024,-0.0038,0.0154,0.0215,-0.0199,0.0123,0.0121,-0.041299593,-0.023426356,0.0222628263,0.0070264333,-0.055927009,-0.003147652,0.0228686671,-0.025037751,0.0015979851,0.0104946653,0.0268099962,0.0202271647,0.0053609832,0.0021907274,0.0192043056,0.0026921984,0.0012550054
1993-08-31,0.0372,0.0008,0.0018,-0.0152,0.0004,0.0254,0.0025,0.0375,0.0475,0.0352,0.0352,0.0406,0.0411,0.0618396788,0.0258464879,0.0168040976,0.0389800488,0.0254424085,0.0495956892,0.0351080672,0.0372527614,0.0450665316,0.0418787684,0.0527288244,0.0356055809,0.0296981928,0.0088103208,0.0440897753,0.0261192156,0.0190531315
1993-09-30,-0.0012,0.0302,-0.0024,0.0025,-0.0019,0.0339,0.0026,0.0331,0.0233,0.0261,-0.009,0.0056,-0.0067,0.0133859795,-0.016096366,0.0038372452,0.0116514894,0.0117111745,-0.015736397,0.0196962829,-0.005421152,-0.010718296,-0.003335063,-0.010199415,-0.007538932,0.0074321019,0.0032214233,0.0022195602,0.0080836601,0.0038453315
1993-10-31,0.0141,0.0186,-0.0278,0.0061,0.0056,-0.0267,0.0022,0.0398,0.0165,0.0261,0.0326,-0.0004,-0.0094,0.0154436737,0.0470451226,0.0497050328,-0.015977353,0.0548456327,0.0218294424,-0.03536332,0.0580856246,0.019800154,0.0401528285,0.0287640207,-0.017751867,0.0038857791,0.0019830326,0.0090342024,0.0023538148,0.0022683406
1993-11-30,-0.0186,-0.0131,-0.0078,0.0219,-0.0103,-0.0477,0.0025,-0.0314,-0.0284,-0.0249,0.001,-0.0264,-0.0211,0.0024810267,0.0170720038,-0.010486595,-0.058860714,0.0115266518,0.0102987696,-0.039568034,0.0019575424,-0.009492116,0.0098868205,-0.059922014,-0.053817211,-0.021235068,0.0002702711,-0.027257651,-0.017655823,-0.006848168
1993-12-31,0.0165,0.0135,0.0025,0.0114,-0.0035,0.0233,0.0023,0.027,0.0406,0.0241,0.0145,0.0192,0.0224,0.0298424206,0.0159811442,0.0477410827,0.010107877,0.0288575103,0.0369039328,0.0213011746,0.0126143473,0.0398495343,-0.018875729,-0.009103327,0.0205768388,0.005600654,0.0038070394,0.0016133624,0.0054496371,0.0037715439
1994-01-31,0.0287,-0.0005,0.011,-0.0154,0.0139,0.0011,0.0025,0.0189,0.0296,0.0482,0.0243,0.0454,0.0169,0.0474327541,0.0563791241,0.0579764232,0.0455481296,0.0269052938,0.0407241888,0.0362284449,-0.002640226,0.0535743156,0.0130424361,0.025752121,-0.01085594,0.0213473007,0.0065109201,0.0254387007,0.0158634697,0.0120654533
1994-02-28,-0.0255,0.0262,-0.0152,0.0208,-0.0094,-0.0034,0.0021,-0.0092,0.0091,-0.0109,-0.0177,-0.0297,-0.0464,0.0108293972,-0.012943985,-0.022499674,-0.027302121,-0.054235871,-0.004714757,-0.04180949,-0.013803137,-0.028758358,0.0199630308,-0.059819133,-0.049288986,-0.034990864,-0.006569773,-0.045192395,-0.030643996,-0.01787011
1994-03-31,-0.0479,-0.0103,0.0167,0.0065,0.0139,-0.0132,0.0027,-0.0624,-0.0477,-0.0425,-0.047,-0.0399,-0.0335,-0.045536507,-0.047856481,-0.048285326,-0.036959336,-0.062416805,-0.049558946,-0.033690555,-0.038719145,-0.067556651,-0.050868453,-0.03526054,-0.0396775,-0.035549348,-0.00516903,-0.042531657,-0.032404191,-0.018205999
1994-04-30,0.0068,-0.01,0.0166,0.0105,0.0114,0.0033,0.0027,-0.0092,0.0075,0.0136,0.0059,0.0174,0.0163,-0.002140428,0.0384207365,-0.025688283,0.0377631868,0.0166303063,-0.0069582,0.0249939516,0.0074741884,-0.002132851,0.0001625167,0.0091051738,0.0178432636,-0.011328283,-0.003853789,-0.014376724,-0.010592706,-0.009181612
1994-05-31,0.0058,-0.0249,0.006,0.0064,0.006,-0.0205,0.0032,-0.0253,-0.0109,0.002,0.0142,0.0156,-0.0011,0.0099660523,0.0240826491,0.0038974444,0.0114579322,0.0458981376,0.0119226238,0.0392915824,-0.012127143,-0.007651514,-0.015800129,0.0164957468,-0.05478027,-0.000934819,0.0012378251,-0.008320673,-0.000917261,0.0008480227
1994-06-30,-0.0304,-0.0052,0.0177,0.0105,0.015,-0.009,0.0031,-0.048,-0.0239,-0.0175,-0.0313,-0.019,-0.0263,-0.052524503,-0.03033302,-0.038135606,-0.024053765,-0.037131526,-0.023978935,-0.019898446,-0.017967052,-0.037135187,-0.026978386,0.0032889936,-0.034407063,-0.006434606,0.0028599719,-0.010300943,-0.005011025,-0.000675558
1994-07-31,0.0282,-0.0187,0.0061,-0.0066,0.001,0.0011,0.0028,0.0153,0.0115,0.0218,0.0291,0.039,0.0349,0.0274417424,0.0317512305,0.0615321659,0.0337743642,0.019141539,0.0420611367,0.0283942933,0.031231014,0.0244234649,0.0070677585,0.0296773425,0.0484877469,0.0229711822,0.0081761062,0.0354214701,0.0208907543,0.0146229643
1994-08-31,0.0402,0.0144,-0.0255,0.0098,-0.0152,0.0154,0.0037,0.0755,0.0486,0.0394,0.052,0.0295,0.037,0.0964213173,0.0577602635,-0.000970033,-0.002144859,0.1187982871,0.0526237087,0.031789385,0.0626072532,0.0341797622,0.0459919379,0.0102057682,0.0072394775,0.0008983969,0.0037591078,-0.00923602,0.0022198013,0.0029770592
1994-09-30,-0.0228,0.0271,-0.0181,0.0056,0.0106,0.0132,0.0037,0.0054,-0.0027,-0.0001,-0.014,-0.03,-0.0447,-0.002396534,-0.012602391,-0.030058229,-0.018366808,0.02051967,-0.020229488,-0.0497506,-0.003022774,-0.029112658,-0.021646234,-0.008881787,-0.028938525,-0.022590588,-0.002273693,-0.033833028,-0.02095815,-0.01154876
1994-10-31,0.0135,-0.0222,-0.0166,0.0018,-0.0073,0.0131,0.0038,0.0053,-0.0004,-0.0152,0.0201,0.0272,0.0073,0.0735465966,0.017303125,0.0081368925,0.0749887248,0.0060192599,-0.003584076,0.0040595007,0.0192280736,-0.007238427,0.0117562815,-0.000795811,0.017605033,-0.004270516,0.0023602061,-0.003746623,-0.004105438,-0.000656548
1994-11-30,-0.0403,0.0009,-0.0073,0.0048,-0.0053,-0.0012,0.0037,-0.0395,-0.0323,-0.0362,-0.0321,-0.0345,-0.0498,-0.020650517,-0.049746682,-0.045985635,-0.046097785,0.0032226849,-0.05157635,-0.053387466,-0.016845852,-0.053612965,-0.033103905,-0.055121725,-0.003997252,0.0027111742,-0.004233884,0.0069075359,-0.000388063,-0.006275761
1994-12-31,0.0086,-0.0005,-0.0009,0.004,0.0036,0.0345,0.0044,0.0076,0.0154,0.0155,0.0154,0.0125,0.0057,0.026967172,0.0216033094,0.0569578608,-0.00783883,0.0036082208,0.0315669482,0.0125901668,0.0137863268,0.0162054739,-0.028616316,0.0063949979,0.0092874647,0.0122005529,0.001600379,0.0177513779,0.0072254432,0.0035202037
1995-01-31,0.018,-0.0307,0.0259,0.0015,-0.0065,-0.0184,0.0042,-0.0126,-0.0035,0.0091,0.0218,0.0247,0.0517,-0.010838465,0.0031668986,-0.022878979,0.0039642257,0.0593968579,-0.004134438,0.0554806382,0.018117647,0.0271705941,0.0123082234,0.0433035584,0.0594456567,0.0213602233,0.0140075504,0.0267758998,0.0222115331,0.0178391794
1995-02-28,0.0363,-0.0049,0.0099,0.0061,-0.004,-0.0047,0.004,0.0365,0.0339,0.0421,0.039,0.0385,0.0532,0.0737348683,0.0437490907,0.0410102939,0.0441739895,0.0215657065,0.0580430027,0.0505620533,0.0292513718,0.0405599232,0.0243104163,0.0168103079,0.0114937979,0.0291778218,0.0137933254,0.0283595848,0.0291351927,0.0230126535
1995-03-31,0.0219,-0.0053,-0.0213,-0.0013,0.0023,0.0045,0.0046,0.0296,0.0174,0.0128,0.03,0.0316,0.0042,0.0558549645,0.0413116368,-0.00094492,0.0534890653,0.0289414495,0.036233559,0.0107107144,0.0301302313,0.0394659039,0.0321195445,0.0049672264,-0.017897763,0.0047747413,0.0056123086,0.0090180186,0.0058560019,0.0060466729
1995-04-30,0.0211,-0.0026,0.0167,0.0043,0.0082,0.018,0.0044,0.0105,0.0284,0.033,0.0237,0.0289,0.0347,0.0780881943,0.0374838318,0.0394453559,0.0242588941,0.01555766,0.0258223432,0.021137896,0.0172283988,0.0176145674,-0.01644557,0.016251824,0.0237926547,0.0164287229,0.0086773576,0.0168394891,0.0164667101,0.0127919169
1995-05-31,0.029,-0.0217,0.0228,0.0041,0.0001,-0.0055,0.0054,0.0081,0.0152,0.0296,0.0327,0.0394,0.0567,0.0266564715,0.0307825226,0.042493887,0.0387429582,0.017890407,0.0318902874,0.0554929881,0.0509526072,0.0003222546,0.0260348529,0.009465614,0.0601997541,0.0610751529,0.0177934904,0.083206159,0.0534460569,0.0350891962
1995-06-30,0.0272,0.0305,-0.0254,-0.0023,-0.0239,0.0301,0.0047,0.0769,0.0454,0.0431,0.0344,0.0185,0.0174,0.1024915326,0.0091298765,0.0150416806,-0.030440414,0.0414887561,0.0381583384,0.0165139954,0.014012796,0.0382162406,0.0534183481,0.0409683731,-0.004060379,0.0108196248,0.0057122558,0.0133313691,0.0101607947,0.0075301578
1995-07-31,0.0371,0.0212,-0.0158,0.0022,-0.0158,0.026,0.0045,0.0804,0.0476,0.0487,0.0377,0.0384,0.0378,0.0782036853,0.0099173705,0.0422482967,0.0263711272,0.0577080973,0.0383827122,0.0437777324,0.0115011789,0.06390762,0.0370935618,0.0517637463,-0.004709503,-0.010377073,0.0039077715,-0.018170267,-0.008017675,-0.001464451
1995-08-31,0.0055,0.017,0.0268,-0.0117,0.0149,0.0005,0.0047,0.0212,0.0265,0.0388,0.0008,0.0094,0.0368,0.0023287883,-0.002449592,0.0025373354,-0.014878209,0.0114793064,-0.002502832,0.0509435884,0.0054297276,0.0024036274,-0.026535785,0.0400981479,0.0079118104,0.0169058507,0.0060749509,0.0238987414,0.0139932026,0.0093916475
1995-09-30,0.0336,-0.0186,-0.0011,0.0099,0.004,0.0286,0.0043,0.0248,0.0203,0.0169,0.0453,0.0305,0.0511,0.0112469378,0.0469279181,0.0274928867,0.01435295,0.0742982514,0.0031957983,0.0535346441,0.0646500712,0.0105821364,0.0271461269,0.0653240736,0.0602236482,0.0138920197,0.0043875617,0.0188105968,0.0117658095,0.0067103196
1995-10-31,-0.0151,-0.0407,-0.0049,0.0193,-0.001,0.0417,0.0047,-0.0553,-0.0525,-0.0379,0.0037,-0.0116,-0.0236,0.0202445395,-0.012567213,-0.043831356,-0.002682045,0.0122720738,-0.029659466,-0.01951846,0.0017461685,-0.024831712,-0.054442796,0.0036839175,0.0176398656,0.021123354,0.008538499,0.0302125997,0.0172596232,0.0124913252
1995-11-30,0.0396,-0.0106,0.0052,-0.0057,0.01,-0.0072,0.0042,0.0383,0.0336,0.0364,0.0417,0.0461,0.054,-0.008125291,0.0606344689,0.0436661519,0.0475671484,0.0551667896,0.0725806685,0.0624748552,0.0439969388,0.0522134062,0.0541106223,0.0303799981,0.0162457305,0.0217681527,0.008966948,0.0271274247,0.0201241217,0.0151571176
1995-12-31,0.0104,0.0065,0.0024,-0.0144,0.0302,0.0248,0.0049,0.0216,0.0219,0.0227,0.009,0.0247,0.0127,-0.042986525,0.0065414409,0.034573143,0.0629415877,0.0557090873,0.0060150761,0.0129425699,0.0141949237,0.0096491762,-0.007579815,0.0354149075,0.0493448431,0.0195578386,0.0074019816,0.0281395567,0.0161935201,0.0103500096
1996-01-31,0.0226,-0.0264,0.0046,0.0026,0.023,0.0057,0.0043,-0.0005,0.0026,0.0067,0.031,0.0297,0.033,0.018282926,0.0483309055,0.0401054466,0.0013392607,0.0627415662,0.0152808384,0.0368575029,0.0294451017,0.0349215591,-0.002624636,0.0138328968,0.0179920211,0.0040667252,0.0084418127,-0.001171651,0.0060294848,0.0099428939
1996-02-29,0.0133,0.0177,-0.0105,0.0016,-0.0189,0.0057,0.0039,0.0485,0.0235,0.0278,0.0164,0.0138,0.016,0.066335141,0.0184774989,0.0067723088,0.0115943564,-0.012203652,0.0125779096,0.0195542651,0.0319970394,0.0341341667,0.0371737497,-0.028667343,-0.025753285,-0.033716423,-0.003501827,-0.052714786,-0.028507528,-0.013734593
1996-03-31,0.0074,0.0156,0.0042,0.0144,-0.0095,-0.0185,0.0039,0.0238,0.0259,0.0263,0.0037,0.0197,0.0096,-0.034323888,0.0502328522,0.0364572694,0.0495256137,0.0010521422,0.0260982182,0.0101894069,-0.012271738,0.0318883441,0.0611651059,-0.018132265,-0.006097588,-0.015140113,-0.001680992,-0.021843208,-0.011376548,-0.008498639
1996-04-30,0.0205,0.047,-0.0397,-0.002,-0.0203,-0.0094,0.0046,0.0851,0.0518,0.0457,0.0245,0.0174,-0.0154,0.1068393017,-0.0027342,0.0270146513,0.0349147785,-0.006541873,0.0312519845,-0.005512786,0.0009581715,0.0400808671,0.044993326,0.0270651615,-0.027275988,-0.013776259,0.0010629295,-0.017541165,-0.011887997,-0.005004062
1996-05-31,0.0236,0.0323,-0.009,0.0003,-0.0033,0.0162,0.0042,0.0609,0.0463,0.0535,0.0339,0.0074,0.0232,0.0406956779,0.0077748878,0.0467573533,0.0036673415,0.0391247999,0.016950445,0.0141746422,0.0626680582,0.0227478956,0.0450424149,0.003825144,0.015262867,-0.004384869,0.0022982264,-0.004906637,-0.004970693,-0.00247214
1996-06-30,-0.0113,-0.0367,0.0233,0.035,0.012,0.0102,0.004,-0.0639,-0.0294,-0.0235,0.0015,-0.006,0.0077,-0.058932591,0.0010210214,-0.020375499,0.0111564906,-0.003167348,-0.015705817,0.0064907007,0.0292746736,-0.020902399,-0.017421683,0.0004240236,0.0515228211,0.0167858372,0.0064585084,0.0200089339,0.0145199878,0.0109597351
1996-07-31,-0.0596,-0.0378,0.0519,0.029,0.0268,-0.0015,0.0045,-0.1375,-0.0685,-0.0543,-0.0569,-0.0383,-0.0363,-0.074884157,-0.02954778,-0.055387879,-0.048245539,-0.062355278,-0.044185538,-0.02505579,-0.039173506,-0.091915982,-0.072956556,-0.087110708,-0.055575116,0.0024121745,0.0043488126,0.0011293224,0.0020577765,0.0027360714
1996-08-31,0.0277,0.0258,-0.0082,-0.0038,-0.0247,-0.0002,0.0041,0.0707,0.0499,0.0447,0.0215,0.039,0.0312,0.0416879827,0.0295513006,0.0225460971,0.0315048615,0.0446089441,0.0387401926,0.0399357442,-0.012881483,0.0410377192,0.060847075,-0.010071611,0.0261342555,-0.007695812,0.0034964425,-0.015020682,-0.004362999,-0.000373801
1996-09-30,0.0501,-0.0141,-0.0274,0.013,-0.0213,0.0267,0.0044,0.0533,0.024,0.0329,0.0669,0.0415,0.0324,0.1008276258,0.0648748155,0.0489737858,0.0360299683,0.0760639967,0.0541660963,0.0579223824,0.0419553756,0.0342199333,0.0351004246,0.0282577892,0.0078180021,0.0235944981,0.0095072042,0.0303601397,0.0209313423,0.0154111694
1996-10-31,0.0087,-0.0379,0.0488,0.0138,0.0297,0.0372,0.0042,-0.0525,-0.0026,0.0101,0.0072,0.0372,0.0423,-0.008670145,0.0241397123,0.0210482381,0.0600230707,-0.009792271,-0.000107247,0.0504981362,0.0151527365,0.0002947043,-0.025267513,-0.009484523,0.0394476141,0.0325816736,0.0114787289,0.0430962934,0.0283274142,0.020063166
1996-11-30,0.0625,-0.0382,0.014,0.0206,-0.0069,-0.0235,0.0041,0.017,0.0445,0.0393,0.0715,0.0733,0.0772,0.1134489854,0.0574030708,0.0732738312,0.0545340182,0.0663311305,0.0617389499,0.0829792318,0.0542166525,0.0377976166,0.0277796697,0.0667546715,0.0240782495,0.0283834465,0.0072733274,0.0352104188,0.0228405068,0.0141473432
1996-12-31,-0.017,0.0319,0.0128,0.0023,0.0149,0.0053,0.0046,0.0065,0.0256,0.0226,-0.0168,-0.0148,-0.0072,-0.025119534,-0.015085505,-0.031543176,0.0076690682,-0.024776965,0.0075149336,-0.01659181,0.0059077629,-0.01791954,-0.032996857,0.0123048385,-0.001422385,-0.019790598,-0.000037254,-0.026784244,-0.017453588,-0.008690146
1997-01-31,0.0497,-0.0182,-0.0144,0.0122,-0.0007,0.0187,0.0045,0.0417,0.0319,0.0285,0.0642,0.0474,0.0486,0.0906505786,0.0574684391,0.0398065154,0.0442250429,0.0945845401,0.0335719419,0.0647389972,0.0579416049,0.0397956354,0.0092448638,0.0325071471,0.0086056954,-0.003118886,0.0047016595,-0.00849112,0.0010882175,0.0037818712
1997-02-28,-0.0048,-0.0254,0.0561,0.0072,0.0347,-0.0218,0.0039,-0.0632,-0.0072,0.0123,0.0001,-0.0003,0.0369,-0.078949762,0.0200343214,-0.006158418,-0.058874279,0.0116919456,0.0033478407,0.0376396516,0.0456628503,-0.022717628,0.0275923116,0.0166567293,-0.005290019,0.0004724168,0.0022049911,-0.000997596,-0.000260768,-0.000171338
1997-03-31,-0.0502,-0.0041,0.0339,0.0039,0.0153,0.0088,0.0043,-0.0845,-0.0381,-0.0181,-0.0537,-0.0247,-0.0523,-0.056540397,-0.029886864,-0.045117669,0.0493150224,-0.073230773,-0.038623867,-0.064631596,-0.050287271,-0.047332462,-0.018288795,-0.068049064,-0.033890936,-0.019964759,-0.00064549,-0.026298723,-0.016416246,-0.008154012
1997-04-30,0.0404,-0.057,0,0.0336,-0.0102,0.0483,0.0043,-0.0311,0.0059,-0.0047,0.0649,0.0391,0.0384,0.0719099468,0.0587792544,0.0662558924,0.0005846942,0.0576711296,0.0449603034,0.0595489631,0.0533062654,0.0203113659,0.0174617371,0.0258577166,-0.0121741,0.0198411054,0.0081676502,0.0241536127,0.0167697035,0.0124965532
1997-05-31,0.0673,0.0468,-0.0411,-0.0104,-0.0276,-0.0519,0.0049,0.1538,0.1017,0.0836,0.0691,0.0592,0.0571,0.1076985868,0.0578396789,0.0811626579,0.0751807478,0.0703413082,0.077599427,0.0581445335,0.0576741321,0.0780652444,0.0626986262,0.0785434236,0.0395529108,0.0110890133,0.0067959721,0.0124120288,0.0103898987,0.0084900082
1997-06-30,0.041,0.0117,0.0144,0.0056,0.0045,0.0259,0.0037,0.0341,0.0556,0.0685,0.044,0.0395,0.0385,0.0124346985,0.0533685943,0.0510361835,0.0158872453,0.088544238,0.0419515585,0.0618589062,0.0343702027,0.0316547047,0.0538525166,0.0410680624,0.0297430196,0.0169757378,0.0071841724,0.0216562782,0.0141405875,0.0101374058
1997-07-31,0.0731,-0.0274,0.0013,0.0018,-0.0256,0.037,0.0043,0.0519,0.0514,0.055,0.0776,0.0855,0.0771,0.1603125854,0.0771838016,0.0850072202,0.0736480481,0.0224183083,0.0688579548,0.1007080544,0.0367774028,0.04713671,0.0739646963,0.0439199218,0.0305681897,0.0467612596,0.0111484727,0.0632445945,0.0351057591,0.0228529347
1997-08-31,-0.0409,0.075,0.0113,-0.0102,-0.0017,-0.0257,0.0041,0.039,0.0341,0.029,-0.0545,-0.0362,-0.0218,-0.007934017,-0.073803148,-0.051965971,0.0020593063,-0.062108365,-0.029012059,-0.055393474,-0.067758732,-0.016217582,-0.024664493,-0.037345315,-0.014828666,-0.022156681,0.0005174565,-0.031561593,-0.015735614,-0.007226551
1997-09-30,0.0534,0.0248,0.0024,-0.0158,-0.0093,0.0146,0.0044,0.0881,0.0782,0.0818,0.0502,0.0602,0.0615,0.0319133004,0.0181475825,0.0729397828,0.0634702619,0.0661728159,0.027808245,0.0811281419,0.0565209239,0.076521136,0.0524282516,0.0925401102,0.0499634245,0.0251403653,0.0081909395,0.0321257387,0.019918345,0.0136553455
1997-10-31,-0.0381,-0.0056,0.0233,0.0075,0.0201,-0.0053,0.0042,-0.0663,-0.0355,-0.0187,-0.0326,-0.0332,-0.0335,-0.084932406,-0.032233026,-0.042075272,-0.021483863,0.0016161866,-0.071001544,-0.019924186,-0.034039796,-0.051640358,-0.024093303,0.0300867051,0.0055437113,0.0264078178,0.0072393471,0.0347077252,0.0200318997,0.0133934333
1997-11-30,0.0299,-0.0501,0.0122,0.0308,0.0173,0.0038,0.0039,-0.0331,-0.0107,0.0046,0.0506,0.0262,0.0372,0.0146987836,0.0598904796,0.0577308758,-0.038380136,0.0278984475,0.0157322491,0.0380440107,0.0642835882,0.0050327481,0.0548732608,0.0857272334,0.0720747294,0.0074155612,0.0018131273,0.0127988543,0.0032771714,0.0003365913
1997-12-31,0.0136,-0.0209,0.0374,0.0064,0.0195,0.0391,0.0048,-0.0228,0.0081,0.0236,0.0136,0.0279,0.0419,-0.04959556,0.0244853034,0.020539033,-0.015241886,0.0345652525,-0.008864365,0.055583901,0.039552326,0.0242887476,-0.004975202,0.0454120212,0.082250009,0.0181804722,0.0075975564,0.0225932762,0.0136217903,0.0107347649
1998-01-31,0.0014,-0.0128,-0.0168,0.0091,-0.0062,0.0005,0.0043,-0.0065,-0.0115,-0.0113,0.0245,-0.0193,-0.0043,0.0518262645,-0.020738295,0.03049563,-0.05981642,0.0548484444,0.0074926441,-0.023966038,-0.030509341,-0.001319607,0.0107836481,0.0584168415,-0.045167767,0.0180261084,0.0096958489,0.0196070816,0.0198783484,0.016442888
1998-02-28,0.0704,0.0005,-0.0093,-0.0037,-0.0258,-0.0119,0.0039,0.0853,0.0724,0.0679,0.0702,0.0825,0.0689,0.0999127402,0.0871441705,0.0633561883,0.0648177225,0.0561087385,0.0812372323,0.0857365077,0.0498719773,0.0702194877,0.099768811,0.047413747,0.0247006251,-0.005631181,0.0007483507,-0.008681503,-0.005303019,-0.003440346
1998-03-31,0.0476,-0.0073,0.0138,-0.0055,-0.0023,0.0213,0.0039,0.0415,0.0492,0.0459,0.0486,0.0517,0.0719,0.006002903,0.0369551989,0.0807469289,0.0449559316,0.0361172192,0.0384449301,0.0606194387,0.0603160123,0.0532792339,0.0644215275,0.1109233469,0.0734911931,0.0029404907,0.0041278861,0.0038647261,0.0023468049,0.003249146
1998-04-30,0.0074,0.0001,0.0103,-0.0168,-0.0036,0.0076,0.0043,0.0076,0.0142,0.0222,0.0091,0.018,0.0151,0.0426501841,0.0118706868,0.0092286126,0.0411137664,0.0189309243,0.013677435,0.0167965133,-0.033426614,-0.001759322,0.0038132016,-0.007515047,-0.024763505,0.0031843336,0.0046152696,0.002187769,0.0040190851,0.0044863756
1998-05-31,-0.0305,-0.03,0.0341,0.0103,0.0247,0.0191,0.004,-0.0761,-0.052,-0.0244,-0.0214,-0.0241,-0.005,-0.069408792,0.0128877836,0.0073005887,-0.04536646,-0.025407436,-0.044135958,-0.023437084,0.0094646934,-0.055635135,0.0158979545,-0.02427047,-0.013282946,0.0156658493,0.0049507321,0.0204729124,0.0096136884,0.006583842
1998-06-30,0.0321,-0.0361,-0.0203,-0.0026,-0.0303,0.0726,0.0041,0.0062,-0.0045,-0.0015,0.0556,0.017,0.0227,0.0902594821,0.008426728,0.0523497006,-0.01785002,0.0620899963,-0.043518544,0.0343230813,0.0380574818,0.0060494533,0.0471950402,0.0595762852,0.0293754926,0.0181793206,0.0055461607,0.0274488115,0.0116472191,0.007848326
1998-07-31,-0.0242,-0.052,-0.0183,0.0164,0.0076,0.0379,0.004,-0.0767,-0.0716,-0.0738,-0.0082,-0.0215,-0.0477,0.0020501659,-0.078171951,-0.011569314,-0.069796534,-0.002603576,-0.055297437,-0.01256149,-0.037804483,-0.058392564,-0.031366097,0.0519568869,-0.051915753,-0.001288763,0.0048198627,-0.005030597,0.0028336477,0.0039180149
1998-08-31,-0.1605,-0.0497,0.0357,0.0335,0.0578,0.019,0.0043,-0.2413,-0.1827,-0.186,-0.1367,-0.1884,-0.1207,-0.176924478,-0.107421468,-0.137186299,-0.099702367,-0.124562381,-0.176188364,-0.212255238,-0.130322316,-0.190110384,-0.137713525,-0.156887893,0.0215459515,0.0421249912,0.0143614019,0.0550365225,0.037979832,0.0271899339
1998-09-30,0.0619,-0.0089,-0.0351,-0.0184,-0.0284,-0.0065,0.0046,0.0925,0.0514,0.0362,0.0788,0.0372,0.0648,0.1616628355,-0.021799067,0.0191527044,0.1294471066,0.1214644948,0.0366108326,0.0270565662,0.0135478025,0.0296871477,0.014475448,0.0920461683,0.0802138055,0.0322065043,0.0125892298,0.0326525191,0.043547204,0.0263188485
1998-10-31,0.0698,-0.0336,-0.0233,0.0088,0.0018,-0.0533,0.0032,0.0447,0.0365,0.0322,0.0802,0.0767,0.0461,0.0557230148,0.1168862976,0.1066562973,0.0105461965,0.040058592,0.1114860491,0.0982776722,0.10945276,0.04442457,0.1082069815,0.0781688629,-0.014819411,-0.012738111,0.0048157318,-0.020572952,-0.007301712,0.0016037126
1998-11-30,0.0607,0.0076,-0.0324,-0.0092,-0.0092,0.0113,0.0031,0.0904,0.0582,0.0551,0.0699,0.0555,0.0404,0.1242526102,0.0230350285,0.0455891525,0.0026579016,0.0612207192,0.0383049956,0.06252428,0.0643164067,0.0736742733,0.084209473,0.0444331034,0.0147583394,0.0072514814,-0.000956391,0.011722739,-0.006045774,-0.005668092
1998-12-31,0.0615,-0.015,-0.0425,-0.0069,-0.0326,0.0887,0.0038,0.0678,0.0361,0.0272,0.0822,0.0248,0.0378,0.1497188264,0.0043559345,0.0906393539,-0.019434989,0.0504750099,-0.004473309,0.027344036,0.0044548258,0.029307925,0.0923295212,0.1786528186,0.0273473624,-0.002146674,0.0032187089,-0.003197068,0.0058773239,0.0029377531
1999-01-31,0.0347,-0.0082,-0.0446,-0.028,-0.0641,0.0284,0.0035,0.0358,0.0215,0.0105,0.0496,0.0122,-0.0141,0.1609373407,-0.032260566,0.0331585089,-0.057789733,0.0020403432,0.0142128459,0.0134501405,-0.036768317,0.0400682161,0.0176608893,0.0906904699,-0.069145313,0.0074614703,0.0035535006,0.0097087839,0.0040279541,0.0049182835
1999-02-28,-0.0408,-0.0515,0.0195,-0.0123,0.0408,-0.0014,0.0035,-0.0887,-0.0728,-0.0838,-0.0451,-0.0086,-0.011,-0.11640901,0.0128768514,-0.041452654,-0.035801897,0.0001882542,-0.03005061,0.0039305477,-0.047984725,-0.020170297,-0.013491189,-0.030860622,-0.040487532,-0.043187505,-0.005322143,-0.057252052,-0.03690193,-0.021675679
1999-03-31,0.0348,-0.0437,-0.0261,-0.0405,-0.0107,-0.0121,0.0043,-0.0039,0.0089,-0.027,0.0401,0.0423,0.0111,0.0902544046,0.0599532344,0.0683208047,0.1460707001,0.0250688059,0.0086184506,0.028075059,-0.032986754,0.0188946267,0.0236267193,0.0202393109,-0.019219049,0.0027318298,0.0071959785,-0.002292416,0.0061094213,0.0085877595
1999-04-30,0.0434,0.0452,0.024,-0.0247,0.0084,-0.0898,0.0037,0.0907,0.1092,0.0905,0.0227,0.0799,0.071,0.0130749416,0.1097604889,0.0179186378,0.155394125,-0.055442793,0.144932394,0.0732446131,0.0422413957,0.0931690269,-0.004775855,0.0709583568,0.0762441704,0.003231958,0.0032561867,0.0037837043,0.0026512914,0.0026205766
1999-05-31,-0.0246,0.0375,0.0249,0.0095,0.0318,-0.0525,0.0034,0.0159,0.0122,0.0369,-0.0256,-0.0122,0.0032,-0.013036981,-0.039070597,-0.036396533,-0.023356031,-0.019446374,-0.027472112,-0.044072617,0.0183987323,-0.055467657,-0.025487657,0.003649283,0.0635931914,-0.016313131,-0.001639332,-0.017791747,-0.018340536,-0.011107418
1999-06-30,0.0477,0.0234,-0.0322,0.0093,-0.0291,0.0466,0.004,0.0654,0.0631,0.0633,0.0651,0.0272,0.0027,0.1112163019,-0.000320972,0.0690146139,-0.00128199,0.0468517427,0.0377421995,0.0356317216,-0.00350769,0.0446186524,0.078484638,0.0559753863,-0.033451459,-0.006175918,0.0036933974,-0.010415444,-0.002027181,0.0033564359
1999-07-31,-0.0349,0.0254,-0.0018,0.0029,0.0327,0.017,0.0038,-0.0094,-0.0053,-0.0112,-0.0303,-0.0379,-0.0322,-0.010802626,-0.003803356,-0.038078247,0.0219173948,-0.045135983,-0.022507353,-0.05290002,-0.024343553,-0.086545235,-0.048250316,-0.021729768,-0.002105779,-0.005815455,0.0029908498,-0.008562821,-0.004616003,-0.001505724
1999-08-31,-0.0137,-0.0167,-0.0193,-0.0024,0.0072,0.0298,0.0039,-0.0264,-0.0299,-0.0348,0.0005,-0.0333,-0.0297,0.0609875484,-0.009040865,0.0175516338,0.0144274755,0.035708092,-0.012832345,-0.051476918,-0.029587594,-0.062997834,-0.064176578,-0.070530453,0.005995497,-0.002032795,0.0030766917,-0.003999092,-0.001005548,0.0020782478
1999-09-30,-0.0277,0.0248,-0.029,-0.0096,-0.0099,0.0638,0.0039,0.0083,-0.0024,-0.0281,-0.0187,-0.0567,-0.0404,0.0008129445,-0.079256071,0.0123963784,-0.035771985,-0.072872665,-0.048684958,-0.048401645,-0.077545512,-0.009720726,0.0064615466,0.0331562083,-0.040883009,0.0080551646,0.0064954198,0.0075830016,0.0106768964,0.0094857701
1999-10-31,0.0609,-0.0713,-0.0288,-0.0175,-0.0087,0.0545,0.0039,0.0074,-0.0057,-0.0276,0.0658,0.0732,0.0432,0.0396599041,0.0860208089,0.1007795104,-0.02568624,0.1045411418,-0.004972041,0.1339512067,0.0606089307,0.0434715889,0.0335008601,0.0799763355,0.0225016545,-0.000467425,0.0017541792,-0.003078508,-0.002527399,-0.001005843
1999-11-30,0.0341,0.0569,-0.0565,-0.0418,-0.0184,0.0549,0.0036,0.1333,0.0628,0.0437,0.0419,-0.0267,0.0185,0.1360876023,0.0026418606,-0.025917531,0.0320880194,0.0165778592,-0.004979603,-0.036599441,-0.00116968,0.0329942558,0.0377503737,0.0643356133,-0.068790908,-0.005225994,0.0018415916,-0.006194796,-0.003069058,0.0000369345
1999-12-31,0.0766,0.051,-0.0766,-0.08,-0.0587,0.1314,0.0044,0.1795,0.0877,0.0663,0.082,0.0126,0.0422,0.2308186555,0.0488310055,0.1297523989,-0.003775839,-0.048081702,0.0889631845,-0.017411143,-0.046971662,0.1436110053,0.0726010227,0.0577584788,-0.007519785,-0.010649997,0.0015653846,-0.017339653,-0.010108671,-0.004409109
2000-01-31,-0.0474,0.0421,-0.0112,-0.0615,0.0456,0.0186,0.0041,0.014,-0.0089,0.003,-0.0473,-0.0408,-0.0588,-0.048583158,-0.071254133,-0.100454327,-0.006522103,0.0743233006,-0.052676976,-0.041230973,-0.066510954,-0.040089753,-0.112065118,-0.058219232,0.051366801,0.0099323342,-0.00046864,0.0174715034,-0.00572464,-0.004676901
2000-02-29,0.0245,0.1846,-0.0977,-0.1895,-0.0113,0.1802,0.0043,0.2895,0.153,0.13,0.0124,-0.0541,-0.0234,0.1986807228,-0.090911663,-0.025352833,-0.058125869,-0.013038286,-0.012369465,-0.099827783,-0.085176856,0.0190465276,-0.045118551,-0.002253129,-0.065811213,0.0231839658,0.0066116169,0.0355493979,0.0109040375,0.0082159613
2000-03-31,0.0521,-0.1554,0.085,0.1165,-0.012,-0.0685,0.0047,-0.1373,-0.0456,-0.0125,0.0866,0.1086,0.1318,0.0177844256,-0.048317499,0.1481614694,0.1238291134,-0.009283304,0.0770982924,0.1747400317,0.0536011986,0.0134266735,0.1299253166,0.0483888987,0.0532957027,0.0308609186,0.0066181832,0.0386522093,0.0292894474,0.0166228958
2000-04-30,-0.0635,-0.0475,0.0645,0.0807,0.0563,-0.086,0.0046,-0.1498,-0.0579,-0.0411,-0.0419,-0.0055,-0.0215,-0.125259547,-0.004227796,0.0163986077,-0.005980013,0.0401799806,0.0116516962,-0.03282833,-0.002815533,-0.091355947,-0.046386315,-0.088792429,0.0877384112,-0.00599807,0.0019688046,-0.011161278,-0.006594147,-0.002773228
2000-05-31,-0.0439,-0.0386,0.0459,0.0405,0.0147,-0.0899,0.005,-0.0739,-0.055,-0.0508,-0.035,0.0041,0.0337,-0.118457456,0.0259698265,-0.03442495,0.1024568841,0.031232491,-0.04289708,0.0433247002,0.1064312005,-0.07959674,-0.028899518,-0.098266787,0.0382450233,-0.001082524,0.0047432852,-0.003786553,0.0043751762,0.0049642545
2000-06-30,0.0468,0.0995,-0.0804,-0.0831,-0.0317,0.1663,0.004,0.1765,0.0929,0.0863,0.0469,-0.0486,-0.0237,0.1484506838,-0.040247729,-0.037122445,-0.059414959,0.1274272887,0.0064043145,-0.045642083,0.0292328205,0.0371978729,-0.016801187,0.0634972896,-0.040922196,0.02047777,0.0103926228,0.020789733,0.0194006025,0.01665475
2000-07-31,-0.0248,-0.0094,0.0806,0.0572,0.0298,-0.0016,0.0048,-0.068,0.012,0.0184,-0.0294,0.0315,0.0454,-0.042047154,-0.008491064,-0.011767187,-0.023939646,-0.06342563,-0.022469733,0.0876932639,0.010916506,-0.007561748,-0.013936429,-0.097517327,0.0496221886,0.0142891379,0.006171574,0.0202889742,0.0076412619,0.0067402811
2000-08-31,0.0703,-0.0095,-0.0137,-0.0306,0.0121,0.0559,0.005,0.0879,0.0532,0.0656,0.0751,0.0768,0.0699,0.1290753069,0.0293743782,0.1323605873,0.0843887685,0.0353018956,0.0989138987,0.0938408098,-0.017033638,0.0391404003,-0.028192932,-0.014007334,0.1337138874,0.0213744748,0.0079645485,0.0243454725,0.0167409877,0.0130729972
2000-09-30,-0.0544,0.0027,0.0724,0.027,0.0554,0.0189,0.0051,-0.0739,-0.0064,-0.0047,-0.0594,0.0105,0.0161,-0.14677621,-0.013213896,-0.020729527,0.0440238643,0.0394563386,-0.080814312,0.0267030034,0.0348729529,-0.060398594,0.0215762883,-0.076387805,0.0996078714,-0.007743792,0.0071180593,-0.018279992,0.0042090025,0.0091063997
2000-10-31,-0.0278,-0.0258,0.0558,0.0954,0.0371,-0.0456,0.0056,-0.0816,-0.0143,-0.0161,-0.0195,-0.0034,0.0265,-0.068803298,0.063474194,-0.025447997,-0.030284787,0.0194358605,-0.013845293,-0.001019271,0.0775084741,-0.029272825,-0.012561459,-0.009793216,-0.042012744,0.015050959,0.0055251703,0.0177518176,0.0097122464,0.0071944005
2000-11-30,-0.107,-0.0035,0.1224,0.1305,0.0835,-0.0217,0.0051,-0.165,-0.043,-0.0284,-0.1057,-0.0406,0.0025,-0.232584659,0.0090275593,-0.113462511,-0.027953255,0.0067482233,-0.063176985,-0.047366653,0.027616263,-0.110222277,-0.00643464,-0.167745333,0.0236798725,0.0274289342,0.0094813509,0.031333188,0.0238380626,0.016642607
2000-12-31,0.0118,0.0326,0.0755,0.0192,0.0482,0.0659,0.005,0.026,0.0849,0.0859,-0.0032,0.0874,0.0878,-0.077432183,0.0738417067,-0.01602244,0.081617285,0.0376321344,0.0667083653,0.0991398336,0.0533937735,0.0101104706,0.0571405611,-0.051779354,0.0747513215,0.0256206121,0.0124092421,0.0264342886,0.0251366865,0.0204617863
2001-01-31,0.0325,0.0523,-0.0505,-0.052,-0.0521,-0.2535,0.0054,0.1258,0.0513,0.0682,0.0367,0.0232,-0.0068,0.1555730519,-0.060794984,0.0104291608,-0.033293674,-0.086078411,0.0235213422,-0.008292236,-0.023395638,0.0488747954,0.0682705283,0.1697396046,-0.103077179,0.005719056,0.0133464191,0.0020490257,0.0100760542,0.0136138747
2001-02-28,-0.1003,0.0287,0.1223,0.0912,0.0901,0.126,0.0038,-0.1237,-0.006,-0.0013,-0.1111,-0.0117,0.0111,-0.259363459,-0.014610851,-0.005806374,-0.012370384,-0.007349111,-0.058219676,-0.055639898,0.0008812304,-0.065676287,-0.04598271,-0.124147197,0.0543029477,0.016636344,0.0065904249,0.0176695494,0.0118970138,0.0098352807
2001-03-31,-0.0725,0.0233,0.0647,0.0334,0.0372,0.0865,0.0042,-0.0766,-0.0108,-0.0153,-0.0807,-0.0171,-0.0126,-0.140612186,-0.053041509,-0.08984282,-0.01447084,-0.087024921,-0.057738668,-0.030540338,-0.046434864,-0.071231834,-0.022336351,-0.067186672,0.019952155,-0.002693569,0.0077257068,-0.009368505,0.0056095081,0.0080425838
2001-04-30,0.0794,-0.0088,-0.0464,-0.0318,-0.0319,-0.0801,0.0039,0.1007,0.0524,0.05,0.0892,0.0519,0.0471,0.1847704322,0.0255495906,0.1448651993,0.0971617042,0.044482952,0.0991296578,0.0398562398,0.0102708354,0.0714850659,0.0510962911,0.0623396045,0.0516795104,-0.024711847,0.0027361563,-0.034678402,-0.01724536,-0.006709436
2001-05-31,0.0068,0.0355,0.0338,0.0029,0.0195,0.0215,0.0032,0.0388,0.0442,0.0638,0.0038,0.0221,0.0464,-0.029263027,0.0278475743,0.0022724832,-0.00869291,0.0275598498,0.0217863752,0.0351244166,0.0325751317,0.0720622963,0.0295086704,-0.019975745,-0.013352657,0.0033728405,0.0058063751,0.0057851708,0.0033743009,0.003706718
2001-06-30,-0.0194,0.0669,-0.0126,0.0157,-0.0167,0.0062,0.0028,0.066,0.0482,0.0312,-0.0214,-0.0117,-0.0119,0.012580262,-0.017063847,0.0066714755,-0.076366948,-0.028933108,-0.062384233,0.0044284508,-0.016073903,-0.002970404,-0.020901663,-0.04066816,-0.068132558,0.003282261,0.0028123788,0.005175578,0.0024551529,0.0023820113
2001-07-31,-0.0213,-0.0286,0.0495,0.0729,0.029,0.0548,0.003,-0.0963,-0.0445,-0.0116,-0.0167,-0.0116,-0.0025,-0.074091203,0.0020937284,-0.068588803,-0.025609476,0.0266036078,0.0050335055,-0.005838732,-0.002259465,-0.044517939,0.0469001451,-0.001262597,-0.042554908,0.035074201,0.0115875831,0.0396754034,0.0281156655,0.0212229782
2001-08-31,-0.064,0.0254,0.0286,0.0381,0.0653,0.0546,0.0031,-0.0762,-0.0252,-0.0138,-0.0683,-0.039,-0.0735,-0.127458456,-0.011661698,-0.078469867,-0.04374491,-0.02839778,-0.03012356,-0.05307046,0.0249640569,-0.053139199,-0.059681919,-0.092622976,-0.005385685,0.020324904,0.0066451713,0.0258933359,0.0136942147,0.010715855
2001-09-30,-0.0924,-0.0574,0.0152,0.0503,0.0335,0.1138,0.0028,-0.172,-0.1338,-0.1411,-0.0813,-0.097,-0.0818,-0.188210165,-0.040156394,-0.120082944,-0.070250832,-0.007760763,-0.159306731,-0.052543103,-0.026986582,-0.179390867,-0.092786051,-0.00580122,-0.095285263,0.011346357,0.0161266611,0.0020890732,0.0239033489,0.02364924
2001-10-31,0.0248,0.0534,-0.0731,-0.0298,-0.0436,-0.0832,0.0022,0.1095,0.0548,0.048,0.0326,0.0071,-0.052,0.1544917364,0.0189524168,-0.011429817,0.0277801334,0.0131660599,0.049180735,-0.015245116,0.010216875,0.037873408,0.0222181189,-0.088448801,0.0191660615,0.042512118,0.0110414404,0.0632230109,0.0276234949,0.0193541283
2001-11-30,0.0753,-0.0036,0.0217,-0.0349,-0.0168,-0.0861,0.0017,0.0892,0.0718,0.0891,0.079,0.0657,0.1225,0.1584021844,0.0808449141,0.0865890117,-0.053305476,0.047967291,0.0849153951,0.0659569753,0.0202350526,0.1275797735,0.1108434241,0.0509574354,-0.017149507,-0.046184528,-0.004315249,-0.058613283,-0.028230881,-0.017904554
2001-12-31,0.0161,0.0511,0.0083,0.0026,-0.0028,0.0002,0.0015,0.0672,0.0678,0.0676,0.0075,0.0296,0.0238,-0.005176969,-0.010290409,0.0307705891,0.0591085127,-0.027786735,0.043893844,0.0293664365,0.0187011371,0.0552074209,0.0465102713,0.0217822495,0.0310301929,-0.014093697,0.000354846,-0.018443661,-0.01377052,-0.007568138
2002-01-31,-0.0144,0.0128,0.0342,0.0473,0.0283,0.0365,0.0014,-0.0512,0.0026,0.0326,-0.01,-0.0157,-0.0254,-0.005730622,0.0064158494,-0.048914138,-0.031688715,-0.024610069,0.0247864646,-0.010263474,0.0115095809,-0.005433916,0.0259158546,-0.080963737,-0.050095963,0.0110671051,0.0021829178,0.0134489582,0.0059518156,0.0040802506
2002-02-28,-0.0228,-0.0038,0.0234,0.0803,0.051,0.0683,0.0013,-0.0816,-0.0129,-0.0099,-0.0248,0.0025,-0.0497,-0.12994556,0.0383189087,0.035769035,0.051170219,-0.004448474,0.0461766483,-0.011201631,0.0419572702,0.0062496727,-0.001285848,-0.040065385,-0.017583094,0.0123898114,0.005243791,0.0109058971,0.0115645583,0.0105352102
2002-03-31,0.0424,0.0415,0.0108,-0.0183,0.0066,-0.0169,0.0013,0.0887,0.0762,0.0973,0.0359,0.0547,0.0489,0.0684551633,0.0494062075,0.0005068098,0.0759829384,0.006584192,0.0467874812,0.0615517282,0.0402796313,0.0575970808,0.0207237062,-0.008576899,0.1115938508,-0.036488384,-0.007505177,-0.045734047,-0.029824397,-0.020567941
2002-04-30,-0.0521,0.0663,0.0401,0.0459,0.0535,0.077,0.0015,-0.0408,0.0238,0.0414,-0.0705,-0.007,-0.0725,-0.118941553,-0.02337536,-0.103981131,-0.043749816,-0.070289434,-0.010462298,-0.009224326,0.0246929147,-0.02633067,-0.014531485,-0.128793464,-0.015900296,0.0362499176,0.0122120414,0.0407120567,0.0281443385,0.0213319309
2002-05-31,-0.0136,-0.0307,0.0152,0.0231,0.0253,0.0309,0.0014,-0.0668,-0.036,-0.0269,-0.0135,0.0048,-0.023,-0.036497478,0.009961585,-0.008521783,-0.006193063,-0.024839527,-0.008174234,-0.000095994,0.0119671761,-0.010144691,-0.012142378,0.0277683046,-0.076825842,0.0052945134,0.0044145883,0.0009812359,0.0102767851,0.0103026629
2002-06-30,-0.0723,0.0376,0.0037,0.0392,0.0266,0.0624,0.0013,-0.0714,-0.0332,-0.0236,-0.0744,-0.0614,-0.1148,-0.121555416,-0.016135388,-0.07600078,0.0018300092,-0.094922636,-0.033103214,-0.045209764,-0.057831589,-0.081126258,-0.049005859,-0.143818993,-0.062762164,0.0185261418,0.0084557435,0.0174428046,0.0187991521,0.0148211718
2002-07-31,-0.0819,-0.0633,-0.0351,0.0384,-0.011,0.0363,0.0015,-0.151,-0.1437,-0.1503,-0.0652,-0.0864,-0.1359,-0.105724495,-0.050855987,0.0241828971,-0.117654613,-0.025985611,-0.097734375,-0.06774898,-0.063394947,-0.109575971,-0.114668363,-0.116524816,-0.13017683,0.0302130636,0.012792704,0.0317555921,0.0295870841,0.0258948562
2002-08-31,0.005,-0.0128,0.0301,0.0137,-0.014,0.0187,0.0014,-0.0019,0.0035,-0.0058,-0.001,0.0177,0.0631,-0.006094853,0.0167255548,-0.040065269,0.0063914569,0.0060186345,-0.024957199,0.0225643597,0.022573815,-0.001577118,0.0199464216,-0.000366748,0.0342940042,0.0373941164,0.0041224381,0.0523952053,0.0248682029,0.0153795072
2002-09-30,-0.1034,0.0305,0.0126,0.0329,-0.0229,0.0918,0.0014,-0.082,-0.0736,-0.0719,-0.1069,-0.1016,-0.0918,-0.165038405,-0.053429142,-0.154146196,-0.080130645,-0.058203875,-0.096763285,-0.102704726,-0.07764013,-0.058313143,-0.096502562,-0.113304185,-0.11364775,0.0394065656,0.0083818682,0.0432274201,0.0381651495,0.026542256
2002-10-31,0.0784,-0.0429,-0.0376,-0.0316,0.0073,-0.0558,0.0014,0.064,0.0465,0.0069,0.0973,0.043,0.0792,0.1983683339,0.0287066737,0.0067381865,0.0307920147,0.0553730111,0.0400622649,0.0718583547,0.0496820351,0.034579435,0.0554090281,0.2388583153,-0.009036314,-0.021536635,0.0022010796,-0.035109839,-0.012917218,-0.003272195
2002-11-30,0.0596,0.0294,-0.0116,-0.0925,0.0516,-0.1643,0.0012,0.1294,0.0861,0.0777,0.054,0.0587,0.0826,0.1642753268,0.019968037,0.0894887719,0.0292561946,0.0374296815,0.0760641649,0.0323601669,-0.010650144,0.0800994615,0.0171416118,0.1169417084,0.0204630619,-0.013599899,-0.00423841,-0.008335144,-0.019145931,-0.015633883
2002-12-31,-0.0576,0.0055,0.0211,0.0632,-0.0179,0.0972,0.0011,-0.0854,-0.0477,-0.0369,-0.0613,-0.0399,-0.0677,-0.134568055,-0.010838342,-0.087154195,0.0084967441,-0.038998749,-0.044566716,-0.041368579,-0.001852504,-0.046159485,-0.069219721,-0.092200187,0.0374844814,0.040078721,0.0104632927,0.0435385392,0.0334941397,0.0256150887
2003-01-31,-0.0257,0.0071,-0.0079,-0.0093,0.0069,0.0159,0.001,-0.0239,-0.0256,-0.0125,-0.0279,-0.0191,-0.0552,-0.0183675,-0.032355618,-0.042679298,-0.024374976,-0.004553708,-0.048880023,-0.016902549,-0.040366535,-0.017926628,-0.048762225,-0.020133838,-0.030816269,-0.004102304,0.0001225488,-0.00408852,-0.006428205,-0.004740843
2003-02-28,-0.0188,-0.0087,-0.0136,0.0079,-0.0068,0.0121,0.0009,-0.0385,-0.0186,-0.0368,-0.0145,-0.0228,-0.0434,0.0111303825,-0.032607026,0.0145403009,0.0202191337,-0.019600781,-0.017945021,-0.033669189,-0.029197094,-0.036730975,-0.011803414,-0.046999146,-0.042199515,0.0288392006,0.0044687764,0.0315569134,0.0221259439,0.0153552345
2003-03-31,0.0109,0.0077,-0.0211,0.0168,-0.0081,0.014,0.001,0.0225,0.0045,0.0114,0.016,0.0025,-0.0153,-0.009576095,0.0607428772,0.0346421248,0.0167897241,0.0366669535,-0.012942199,0.0014331298,-0.027212631,0.026932205,0.0450440316,0.0004187845,0.04502839,-0.008225556,0.0019870881,-0.014450951,-0.004147009,0.0001198719
2003-04-30,0.0818,0.0114,0.0122,-0.0468,0.0098,-0.0935,0.001,0.1097,0.0947,0.0964,0.0768,0.0867,0.1145,0.0967777215,0.0554786913,0.1506018443,-0.006126932,0.0448969762,0.0665441489,0.1115795749,0.0454229876,0.1034009184,0.0883692111,0.1148625235,0.0820988731,0.0077606898,0.0017640018,0.0112953175,0.0021537095,0.0021303284
2003-05-31,0.0605,0.0478,0.007,-0.0694,0.0307,-0.1075,0.0009,0.128,0.1092,0.1081,0.0499,0.0734,0.0838,0.1005786526,0.01944121,-0.007519063,0.0859635506,0.0391596496,0.0569162854,0.0557277443,0.094712344,0.0761862488,0.0311769564,0.059168516,0.1022022901,0.0482354636,0.0039275534,0.0606775433,0.0355475968,0.0216961585
2003-06-30,0.0142,0.0165,0.0014,0.0044,-0.004,-0.0123,0.001,0.0272,0.0226,0.0353,0.0133,0.0129,0.0079,0.005326554,-0.018079792,0.0153254299,-0.008943023,0.0446420785,0.0171847581,0.0057552239,0.0157385809,0.0167040224,0.0363237372,0.0197511951,0.0099627875,-0.009217458,0.0020219724,-0.017831879,-0.005931528,-0.001736351
2003-07-31,0.0233,0.044,-0.0153,-0.0389,0.0152,-0.003,0.0007,0.0836,0.0573,0.062,0.0186,0.0268,0.0095,0.054639719,0.0322333873,0.0142204768,-0.02448663,0.0042602176,0.056734569,0.044023281,-0.018333154,0.044247568,0.0306242251,-0.026715696,-0.051827921,-0.077492897,-0.005178017,-0.098490289,-0.053807556,-0.027386168
2003-08-31,0.0233,0.0237,0.0164,-0.0229,0.0215,-0.0053,0.0007,0.0471,0.0449,0.059,0.0206,0.0156,0.0414,0.0621109681,0.006959274,0.0519780167,0.0606856795,-0.027869011,0.0573704405,-0.005424505,0.0031120164,0.0332130872,0.0657235059,0.0106817773,0.0189905675,0.0073277278,-0.000880012,0.0149035838,0.0001580326,-0.003034352
2003-09-30,-0.0124,0.0057,0.0014,0.009,0.0041,-0.0007,0.0008,-0.0157,-0.0197,0.0095,-0.0119,-0.005,-0.0342,-0.009818378,-0.002660573,-0.002362679,-0.022016245,0.0028296161,-0.056055201,0.0062932892,0.0106950342,-0.016041339,-0.044624658,-0.052436438,0.0393870927,0.0517163495,0.0100502859,0.0570107016,0.0424748375,0.0287878427
2003-10-31,0.0608,0.0263,0.0221,-0.0138,0.0165,0.0401,0.0007,0.0821,0.0789,0.1082,0.0513,0.0707,0.0695,0.0813959509,0.0557466178,0.0092223626,0.0174651164,0.011800153,0.1033247331,0.0690983483,0.0587438146,0.0809319922,0.0900599742,0.0706968674,0.0173756925,-0.025521723,-0.003959515,-0.03003655,-0.019960497,-0.012902546
2003-11-30,0.0135,0.0231,0.0172,0.0021,0.0168,0.0136,0.0007,0.0296,0.0365,0.0461,0.0083,0.016,0.0263,0.0204909703,0.0073071696,0.00161475,0.0074396661,0.0196158294,0.0235763438,0.0083630775,0.0367663209,0.0289167205,0.0073217498,-0.011994169,0.0088687689,0.0032910722,-0.001372127,0.0038175734,0.0012046603,-0.001267233
2003-12-31,0.0429,-0.0251,0.0151,0.0057,0.0085,-0.0554,0.0008,0.0104,0.0267,0.03,0.0464,0.0444,0.0569,0.0213411428,0.0558011255,0.095568705,0.1352451288,0.0539701811,0.0748418651,0.0421025361,0.0348088884,0.0277662401,-0.020914951,0.0735379459,0.0582054392,0.0133209089,0.0064531182,0.014172042,0.0102231462,0.0100872033
2004-01-31,0.0215,0.0246,0.0242,-0.036,0.0333,0.0257,0.0007,0.0394,0.0349,0.0715,0.0146,0.0239,0.031,0.0395886856,-0.005985001,0.0537908243,0.0026057641,0.0332124475,-0.012290805,0.0343205874,-0.001208099,-0.000082695,0.0065812586,0.02301808,0.0208332652,0.0148884024,0.0023513704,0.0185776937,0.010671734,0.0059201107
2004-02-29,0.014,-0.0092,0.0095,0.0213,-0.0117,-0.0117,0.0006,0.0035,0.0095,0.0031,0.0102,0.0234,0.0296,-0.030509149,0.0286692996,-0.016111054,0.0455441645,0.0117656762,0.0177225377,0.028909594,0.0423119746,0.0180653324,0.061793121,-0.011011394,0.018249365,0.0198564911,0.0048404795,0.0234517238,0.0162205958,0.0116601597
2004-03-31,-0.0132,0.0211,0.0023,0.0165,-0.0098,0.0019,0.0009,0.0131,0.0045,0.0038,-0.0183,-0.0078,-0.0045,-0.026467571,0.0054863484,-0.039879994,-0.000461876,-0.035115414,-0.010335307,-0.006801964,-0.001127838,0.0152107963,0.0032818863,-0.021403635,0.0093524675,0.0144398776,0.0033118163,0.0144185246,0.0129077456,0.0094315011
2004-04-30,-0.0182,-0.0206,-0.0323,0.0346,-0.0283,-0.0534,0.0008,-0.0322,-0.0323,-0.0619,-0.0015,-0.0366,-0.0364,-0.053474751,0.0151276522,-0.009514365,0.0272801609,0.0353778583,-0.015544568,-0.044772055,0.0149729775,-0.016615434,-0.026014683,0.0039654669,-0.034700502,-0.053775314,-0.010446627,-0.064043772,-0.043601306,-0.029530362
2004-05-31,0.0118,-0.004,-0.0018,-0.0117,0.0001,0.0149,0.0006,0.0095,0.0122,0.0069,0.0121,0.0123,0.0112,0.0475489319,0.0147199168,0.0203400771,0.0054198003,-0.004706319,0.0192120437,0.0156759866,-0.019830002,0.0205919685,0.0020524315,-0.029926594,0.0128768974,-0.004902272,-0.001302895,-0.003305093,-0.006539709,-0.004045402
2004-06-30,0.0186,0.0252,0.0121,0.0112,-0.0031,0.0208,0.0008,0.0314,0.0493,0.0442,0.0153,0.0154,0.0267,0.027972354,0.0329842902,0.0467276185,0.0555192118,-0.001224454,0.0616180354,0.006370159,0.0154271189,0.032287011,-0.000543941,0.0002995418,0.0226048729,0.0115537234,0.0008049026,0.0130247378,0.0091136816,0.0051294478
2004-07-31,-0.0404,-0.0292,0.0322,0.0521,-0.0168,-0.0224,0.001,-0.0944,-0.0555,-0.0516,-0.0434,-0.0236,-0.0218,-0.085224314,-0.04472742,-0.003226603,0.0332681011,-0.061839503,-0.031961144,-0.022401815,-0.063630282,-0.060159714,-0.030778457,-0.005756954,0.0098809241,0.0138327026,0.0029932547,0.015204698,0.0107436776,0.0063826848
2004-08-31,0.0008,-0.0118,0.0108,0.0121,-0.0135,-0.0155,0.0011,-0.0242,-0.0015,-0.0068,-0.0027,0.0144,0.0016,-0.046702777,0.0431485034,-0.018226599,-0.014417884,0.0146615811,-0.004116137,0.0305795944,0.0105712554,0.0056570566,-0.012337073,0.0095978729,0.0343301481,0.0354746249,0.0081562911,0.0418656871,0.0290793444,0.019163171
2004-09-30,0.016,0.0322,-0.0005,-0.0149,-0.0172,0.0548,0.0011,0.0558,0.0507,0.0369,0.009,0.0175,0.0268,0.0338268027,-0.004610101,0.0319284348,0.0898561278,-0.013976372,0.0348849414,0.0010724184,-0.022079748,0.0387657686,0.0246432358,0.0144703013,0.0134632166,0.0065039,-0.001381985,0.0097927711,0.0026938188,0.0000727506
2004-10-31,0.0142,0.0015,-0.0026,-0.0053,0.0041,-0.0143,0.0011,0.0272,0.0155,0.0117,0.0155,0.0094,0.0257,0.0512350066,-0.016382647,0.0003319282,0.0087045127,-0.022832416,-0.011674613,0.0042305741,0.0238260198,0.035430213,0.0361223679,0.0288716514,0.0410162963,0.0136582617,0.0031233917,0.0172276782,0.0099311012,0.0065112951
2004-11-30,0.0453,0.0412,0.0157,-0.0052,-0.0018,0.0308,0.0015,0.0834,0.087,0.0881,0.0362,0.0473,0.063,0.0565494605,0.058004141,0.0479259999,0.0671297824,0.00940732,0.0815457239,0.0415805111,0.0460259512,0.0679542362,0.033966704,0.0381787739,0.051750274,-0.020599679,-0.005470127,-0.024323461,-0.018759274,-0.012560199
2004-12-31,0.0341,-0.0004,-0.0023,-0.0107,0.0039,-0.0285,0.0016,0.0438,0.0261,0.0367,0.0352,0.0347,0.0377,0.0313677166,0.0363844141,0.0401725969,-0.023298071,0.0566729079,0.0174788195,0.0419438994,0.0460032562,0.053474695,0.0338188935,0.0456675124,0.0255677312,0.0194487911,0.0019396731,0.0273211992,0.012502646,0.005896323
2005-01-31,-0.0275,-0.0111,0.0206,0.028,-0.0141,0.0296,0.0016,-0.053,-0.0321,-0.0256,-0.0303,-0.014,-0.0166,-0.054014618,-0.013249579,-0.030676219,0.0309427865,-0.037474794,-0.025481236,-0.018857136,0.0001042324,-0.052247503,-0.012451576,-0.050521437,0.0158607201,0.0204501915,-0.000482185,0.0349091042,0.0073237421,-0.000176853
2005-02-28,0.0188,-0.003,0.0141,0.0132,-0.0021,0.0343,0.0016,0.0074,0.021,0.0259,0.0209,0.0198,0.0307,-0.00185972,0.0388596417,-0.015662041,0.191240396,0.0231488723,0.0434860983,-0.002403799,0.0069697458,0.0204475802,0.0084493066,-0.002831514,0.0267044506,-0.014391704,-0.002853212,-0.014997335,-0.01415225,-0.009496011
2005-03-31,-0.0193,-0.0141,0.0207,0.0044,0.0134,0.0043,0.0021,-0.0415,-0.0235,-0.0151,-0.0129,-0.0268,0.002,-0.02463378,-0.006153888,-0.011919256,-0.034533754,-0.002084749,-0.017207266,-0.032844112,-0.007107749,-0.020945789,-0.000139534,-0.003983014,0.0043286263,-0.004459522,0.0005442937,-0.00406523,-0.003560253,-0.002289111
2005-04-30,-0.026,-0.0397,0.0005,0.0097,-0.0085,-0.0068,0.0021,-0.0636,-0.0593,-0.0578,-0.0171,-0.0238,-0.0219,-0.043540488,-0.039594362,-0.029971887,-0.056799935,0.0317504539,-0.040204892,-0.008619323,-0.01491606,-0.056536397,-0.052928239,-0.014794765,0.0171739376,0.0309499011,0.0051983844,0.0385180727,0.0237184128,0.0133761922
2005-05-31,0.0365,0.0276,-0.0058,-0.0102,0.0028,0.0037,0.0024,0.0742,0.063,0.0577,0.0365,0.0313,0.0413,0.082355679,0.0061226932,0.0295515362,0.0202766436,0.0151359142,0.0435899134,0.0307006479,0.0242323881,0.0516794438,0.0648716458,0.0173537192,0.0173883258,0.0260459079,0.0045228019,0.0337128904,0.0178491915,0.0093734257
2005-06-30,0.0058,0.0326,0.028,0.0087,-0.0052,0.0207,0.0023,0.0285,0.0404,0.047,-0.0081,0.0175,0.0295,-0.013696307,-0.020693096,-0.025169648,0.0615397796,-0.006088298,0.0003212732,0.0224946622,-0.014527109,-0.003453009,0.0234282306,0.0115507963,0.055165675,0.0131372054,0.0019869088,0.0208818526,0.0065025614,0.0034866685
2005-07-31,0.0392,0.0276,-0.0078,-0.0119,-0.0078,0.0003,0.0024,0.0691,0.0686,0.0596,0.0457,0.0261,0.0396,0.0571974695,0.0450928783,0.0134010544,0.0606151751,0.0347436477,0.0674982598,0.0171115775,0.0260567377,0.0700191131,0.0567503169,0.0326035491,0.0293019156,-0.02730053,-0.003555332,-0.033970362,-0.021005805,-0.012752229
2005-08-31,-0.012,-0.0094,0.0134,-0.0196,0.0038,0.0207,0.003,-0.0224,-0.012,-0.0124,-0.0117,-0.0082,0.0051,-0.004504272,-0.031432306,-0.028776016,0.0574556331,-0.00316583,-0.001543448,-0.013638301,0.0019890957,-0.023379451,-0.059257231,-0.014412522,0.0113624293,0.0281829496,0.0068847638,0.0346167847,0.0200680086,0.0139583577
2005-09-30,0.0048,-0.0031,0.0078,0.0026,-0.0061,0.0346,0.0029,0.0035,0.0096,0.0027,0.0033,0.011,0.0198,0.0075329975,0.003016705,-0.007958142,0.0742072712,-0.016086578,0.0072035518,0.0109982601,0.0029401398,0.014707247,-0.022275579,-0.014339954,0.0416190382,-0.026298502,-0.002886689,-0.036693088,-0.017585012,-0.010332923
2005-10-31,-0.0204,-0.015,0.0043,-0.007,-0.0126,-0.0119,0.0027,-0.0406,-0.027,-0.0225,-0.0115,-0.0187,-0.021,-0.018821296,-0.002172652,-0.011186289,-0.101050316,-0.027056731,-0.036019737,0.0248128261,-0.018572277,-0.020498977,0.0157463897,-0.030901487,-0.069493727,-0.016879747,-0.000409415,-0.02180941,-0.01181135,-0.005708421
2005-11-30,0.0361,0.009,-0.0119,-0.0079,-0.0109,0.0034,0.0031,0.0509,0.0471,0.0399,0.0407,0.0378,0.0281,0.064239254,0.0268573902,0.0435657972,0.0116352664,0.0161845913,0.0647009232,0.0445531878,0.0097387838,0.0639841066,0.039202508,0.0355016997,-0.004349557,0.007030077,0.0034377237,0.0081952386,0.006537109,0.0052446763
2005-12-31,-0.0024,-0.0025,0.0015,0.0018,0.002,0.0078,0.0032,0.0012,-0.0039,-0.0032,-0.0067,0.0132,0.0008,-0.018671275,0.0149947932,-0.011952361,0.0038286013,0.0221566767,0.0159107229,0.0021613682,0.0026088616,0.0016431523,-0.006154181,-0.019093285,0.0126769115,0.0207554239,0.0037627534,0.0286107389,0.0114167655,0.0057941873
2006-01-31,0.0303,0.0583,0.0099,-0.0066,-0.0035,0.0252,0.0035,0.0867,0.0916,0.0817,0.0177,0.0359,0.0426,0.040296291,0.0254459428,-0.033828531,0.1300822234,0.0180299232,0.0734545017,0.0122474373,0.0017876895,0.0487848534,0.0240781431,0.0376683153,0.0313633408,-0.007513447,0.0015685176,-0.012817896,-0.004954081,-0.001165445
2006-02-28,-0.003,-0.0046,-0.0031,-0.0054,0.0198,-0.0178,0.0034,-0.0057,-0.0003,-0.006,-0.0013,0.0088,-0.0073,-0.010950782,0.0118879304,0.0051746029,-0.085677992,0.0103215873,0.0125203875,0.0150331415,0.0117026352,0.000578832,0.0146835317,0.0282123429,0.0041029504,0.0037088144,0.0005633677,0.0105752913,-0.001503002,-0.00163016
2006-03-31,0.0147,0.0334,0.0061,0.0003,-0.0044,0.0126,0.0037,0.0398,0.0526,0.0524,0.0161,0.0113,0.0157,0.0281861136,0.0010251244,0.0491689967,0.0419443614,-0.012485687,0.0449147659,0.0066593835,0.0121034172,0.0372395884,0.02588423,0.0238611908,-0.034012824,-0.027939053,0.0012446883,-0.04479662,-0.013766418,-0.003654861
2006-04-30,0.0073,-0.0079,0.0226,0.0174,-0.0013,0.006,0.0036,-0.0053,0.01,0.0082,0,0.0225,0.0317,-0.008475172,0.0191070345,-0.003842504,0.0489911293,-0.016304786,0.0400983994,0.0263596064,0.0131469202,0.0086163536,-0.012101973,0.0095099913,0.0166783599,-0.01575632,0.0029576142,-0.028335892,-0.006328479,0.0006179331
2006-05-31,-0.0356,-0.029,0.0238,0.0087,0.0153,-0.0366,0.0043,-0.0761,-0.0462,-0.0412,-0.0289,-0.0282,-0.0163,-0.069639651,-0.034726598,-0.004653023,-0.036019779,-0.026668394,-0.037074479,-0.032756726,0.0144431299,-0.037515884,-0.014032499,-0.023666362,0.0160936556,-0.001698665,0.0010618183,-0.002365535,-0.001313329,-0.000277263
2006-06-30,-0.0034,-0.0024,0.0085,0.0132,-0.0013,0.0155,0.004,-0.008,0.0055,-0.0004,-0.0017,0.0015,0.0078,-0.011619998,0.004618455,-0.014405295,0.0255902454,-0.004818005,-0.003019009,-0.002250502,-0.002165517,-0.00117211,-0.000448091,0.0273982977,0.0255709451,0.00756622,0.0021455016,0.0120278884,0.0034076895,0.0016427918
2006-07-31,-0.0077,-0.036,0.0262,0.0163,0.0084,-0.0204,0.004,-0.0589,-0.0276,-0.021,-0.0072,0.0109,0.0073,-0.035163043,-0.012917095,-0.01553779,0.0458416527,0.0361354298,-0.045793685,0.0170849887,0.0220344507,-0.078256385,-0.039932547,0.0226090511,0.0473897085,0.0191437936,0.0075310161,0.0218444242,0.0159669436,0.0117288465
2006-08-31,0.0203,0.0045,-0.0195,-0.0181,0.0214,-0.0336,0.0042,0.0344,0.0252,0.0249,0.0322,0.0199,0.0026,0.0717686064,0.0552508107,0.0351898391,-0.032334841,0.0261104023,0.006650845,0.0165024786,0.0231433953,0.0162080305,0.0204707536,0.031059771,0.0265665585,0.0251490152,0.0073705878,0.031882243,0.0190982723,0.0123653733
2006-09-30,0.0184,-0.0139,0.0006,0.0078,0.0046,-0.0098,0.0041,0.0086,0.0091,0.0131,0.0248,0.0232,0.0216,0.0356783041,0.0194317275,0.0437566486,-0.041508385,0.0140629539,0.019784692,0.0296184181,0.0096613103,0.0279818023,0.0604530208,0.0354350966,-0.021845844,0.0148954995,0.005119132,0.0190092062,0.0112727256,0.0077950999
2006-10-31,0.0322,0.0198,-0.0033,-0.0011,0.0032,-0.0025,0.0041,0.0613,0.0519,0.0461,0.0338,0.0298,0.0424,0.043640533,0.0428891059,0.0163673478,0.0532948637,0.0129636057,0.037107687,0.0270058799,0.0254871462,0.0588605959,0.0398764527,0.0539835299,0.0533208086,0.0071092427,0.0039421388,0.0092531232,0.005919339,0.0046864034
2006-11-30,0.017,0.0063,0.0004,0.002,-0.008,-0.0104,0.0042,0.0258,0.0272,0.0262,0.0189,0.0221,0.0193,0.0315887053,0.0130076237,0.0120037673,0.0847347392,0.0006742039,0.0491311159,0.0099559108,0.0047890357,0.0420556268,-0.013212766,0.0050616903,0.0311166723,0.0175768167,0.0051738733,0.0232454887,0.0127975491,0.0086592341
2006-12-31,0.0085,-0.0081,0.0274,-0.0065,0.0188,0.0079,0.004,-0.0062,0.0072,0.0197,0.0035,0.0195,0.0324,-0.008468248,0.0203756697,0.040374767,-0.020907204,0.0037721281,0.0004521615,0.0369543405,0.0169068572,0.0054981464,0.0109175745,0.0432198083,0.0059599333,-0.019453403,-0.000177379,-0.027635459,-0.01329964,-0.006159238
2007-01-31,0.0138,0.0002,-0.0068,0.0019,0.004,0.0017,0.0044,0.0252,0.0083,0.0187,0.0192,0.0184,0.0121,0.0174344084,0.0226354233,-0.009448283,-0.013000995,0.0328585389,0.0407446361,0.0049666795,0.0189035406,0.0428531639,0.0366661668,0.0352974335,0.0032443244,-0.00453935,0.0024570304,-0.008911407,-0.002287513,-0.000062047
2007-02-28,-0.0196,0.0133,-0.0008,-0.0052,-0.0066,-0.0129,0.0038,-0.001,-0.001,-0.0097,-0.0199,-0.0158,-0.0128,-0.023156656,0.0015122219,-0.016403799,-0.020654535,-0.025657721,0.0089904656,-0.026553214,-0.012476914,-0.013326674,-0.008335011,-0.024619664,0.0451417031,0.0248449661,0.0079409696,0.03188365,0.0195882789,0.0145796555
2007-03-31,0.0071,0.0014,-0.0088,0.0055,-0.0067,0.0258,0.0043,0.0167,0.0139,0.0027,0.008,0.0182,0.0044,0.0069846672,0.0060377865,0.0076750611,0.0563479633,-0.000500506,0.0240872908,-0.000376038,0.018277768,-0.008144455,0.0064980713,0.0284076397,0.0428163774,-0.007358744,0.0039467591,-0.015741577,-0.000578242,0.0030673778
2007-04-30,0.0349,-0.0208,-0.0144,0.0118,0.0101,-0.0016,0.0044,0.0281,0.0205,0.0091,0.0487,0.0365,0.0388,0.0518566751,0.0311217188,0.0448632353,0.0501988066,0.0645772463,0.0527130585,0.0333080996,0.0318865109,0.0264906963,0.0165638506,0.0150264255,0.0369893957,0.0081735446,0.0037841592,0.0086924522,0.0060763746,0.0051047344
2007-05-31,0.0324,0.0033,-0.0059,0.0147,-0.0126,-0.0033,0.0041,0.0439,0.0365,0.0309,0.0322,0.0407,0.0335,0.0416974025,0.017258849,0.0244051635,0.0753331567,0.0139555681,0.0614455048,0.0256744736,0.0228294436,0.0513444663,0.024665113,0.0698957005,0.0103748524,-0.018006352,-0.001431279,-0.022445427,-0.014879432,-0.009415946
2007-06-30,-0.0196,0.007,-0.0105,0.0049,0.0006,0.0052,0.004,-0.0058,-0.0109,-0.0167,-0.0111,-0.0228,-0.0212,0.0057572493,-0.008415418,0.0220574058,0.0067287802,-0.032679946,-0.003646151,-0.034661966,-0.014546732,-0.01646396,-0.020202309,-0.01214874,-0.048103884,-0.007332757,0.0043447331,-0.010337386,-0.004622881,0.0014046493
2007-07-31,-0.0372,-0.0305,-0.0368,0.0026,-0.0116,0.0284,0.004,-0.0482,-0.0581,-0.0819,-0.0136,-0.0412,-0.0536,-0.007341268,-0.003362441,-0.011456483,-0.010113915,-0.039980837,-0.003199686,-0.071256937,-0.038293162,-0.022337003,-0.05721472,-0.028386358,-0.037372519,0.0265521976,0.0096533144,0.0340733597,0.0233766918,0.0177110635
2007-08-31,0.0094,-0.0033,-0.0187,-0.0127,-0.0057,-0.0003,0.0042,0.015,0.0245,-0.0068,0.016,0.0198,0.0003,0.0280347489,0.0296809635,-0.017613714,0.0031351297,0.024088578,-0.001680307,0.0186614993,0.0120053868,0.0002923524,0.0142457677,-0.010081583,0.0171402362,0.0172310417,0.0097748268,0.0166505131,0.0196652337,0.0160555689
2007-09-30,0.0322,-0.0244,-0.0217,-0.0049,-0.0294,0.0443,0.0032,0.0259,0.009,0.001,0.0498,0.0225,0.0312,0.0415249369,0.0782597379,0.0173183346,0.0772532236,0.0322939187,0.0583094832,0.0187952529,0.0343307578,0.0315990758,-0.010443747,0.0266272207,0.0372436009,0.0010143131,0.0065637374,0.0018815768,0.0022769903,0.005380907
2007-10-31,0.0179,-0.0003,-0.0287,-0.0033,0.0006,0.0503,0.0032,0.0374,0.0174,0.0021,0.0298,0.0137,0.0078,0.0718286272,0.0288838325,-0.005431896,0.0298713488,0.013614501,0.0042223335,-0.008047313,0.0171917967,0.0355589259,0.0120453208,-0.022783581,0.0672274736,0.0147669552,0.0043016834,0.017057087,0.0117640449,0.0073363258
2007-11-30,-0.048,-0.0291,-0.0109,0.0175,-0.0036,0.0112,0.0034,-0.0736,-0.063,-0.0788,-0.0301,-0.0543,-0.0467,-0.076610778,0.0051744,-0.090387343,-0.042843862,0.0012151937,-0.047284464,-0.057242408,0.0048620271,-0.068445328,-0.038876317,-0.066976667,-0.006719221,0.045054859,0.018803131,0.0572516644,0.0401679106,0.0344396832
2007-12-31,-0.0087,0.0018,-0.0051,0.009,-0.0107,0.0656,0.0027,0.0018,-0.006,-0.0094,-0.0043,-0.0094,-0.0032,0.0160426709,0.0127714719,-0.037287577,0.0783207137,-0.032510006,-0.000441182,-0.040048932,-0.014853093,-0.025395887,-0.026743188,0.0011556494,0.0077724582,-0.005378561,0.0021701213,-0.007855216,-0.00105783,0.0016822659
2008-01-31,-0.0632,-0.0063,0.04,0.0212,0.0206,-0.0774,0.0021,-0.086,-0.0647,-0.0393,-0.072,-0.0487,-0.0386,-0.127860662,-0.052610399,-0.055777063,-0.090414361,-0.052346421,-0.069373648,-0.011127899,-0.057901336,-0.043711538,-0.002704051,-0.083957373,-0.071751288,0.0315524637,0.0187236997,0.0246655464,0.0367070754,0.0317798034
2008-02-29,-0.0309,-0.0064,-0.0072,0.0107,-0.0097,0.0613,0.0013,-0.0455,-0.0272,-0.0397,-0.0204,-0.037,-0.0405,-0.038939674,0.0269045287,-0.061053918,0.0710955756,-0.012631028,-0.012806716,-0.097509383,-0.007871634,-0.022604305,-0.039438171,-0.054265635,-0.033355731,0.0051773833,0.0097077059,-0.004108823,0.0114520594,0.0147952231
2008-03-31,-0.0094,0.0059,0.0031,0.0089,0.0047,0.0425,0.0017,-0.0212,0.0121,0.0015,0.0063,-0.025,-0.0103,0.0052899708,0.0115594684,-0.032893147,-0.027317025,-0.026462563,0.0182684421,-0.037296633,0.013888316,-0.011511138,0.0145786328,0.0104521394,0.0040681069,0.0055995035,0.0029377597,0.0183261763,0.0136127154,0.0070429463
2008-04-30,0.0461,-0.0116,-0.0096,0.0181,-0.0256,-0.0033,0.0018,0.0485,0.0346,0.015,0.0372,0.0599,0.0515,0.0665566201,0.0214182832,0.0944263373,0.1073689712,0.0057901594,0.0262596026,0.0478645158,-0.007202281,0.0546612266,0.0488708478,0.0486442383,0.0619689673,-0.016563664,-0.009427301,-0.022305978,-0.023355404,-0.021433417
2008-05-31,0.0187,0.0304,-0.015,0.0092,0.0014,0.0339,0.0018,0.0567,0.0521,0.0306,0.0237,0.0068,0.0197,0.0583138042,0.0186877517,0.0079430356,0.0463365984,0.0193376828,0.0225964136,-0.043019708,0.0218362232,0.0329628324,0.009817168,0.0505318507,0.0389442264,-0.023059513,-0.004314036,-0.032547791,-0.021023313,-0.014248235
2008-06-30,-0.0843,0.0116,-0.0251,0.0498,-0.0069,0.1271,0.0017,-0.0735,-0.0731,-0.0881,-0.069,-0.0955,-0.1047,-0.089352263,-0.049225895,-0.193341932,0.0335400308,-0.036402082,-0.107099615,-0.170821231,-0.080991776,-0.090331187,-0.080747083,-0.118344633,-0.011504424,0.017290549,0.0034555932,0.0293024502,0.0115794337,0.007693317
2008-07-31,-0.0075,0.0371,0.052,-0.0136,0.0099,-0.0502,0.0015,0.0234,0.0308,0.0503,-0.0101,-0.0303,0.067,-0.002964152,0.0331181065,-0.013926724,-0.157226861,0.0623708782,-0.011572612,0.0630830635,0.0267000626,-0.006511118,0.0096508605,-0.028817488,-0.070347039,0.0034775332,0.0043749109,-0.003460622,0.0071245975,0.0074219236
2008-08-31,0.0153,0.0328,0.0152,0.0183,0.0066,-0.0448,0.0013,0.0302,0.0392,0.0679,0.0146,0.0133,0.0074,0.0250097592,0.0040008749,0.0216221626,-0.000292239,0.0212407799,0.0076943661,0.0040526236,0.0166692472,0.0240138289,0.0560261768,0.0279238348,-0.005641406,0.0186965799,0.0045329317,0.026133551,0.0150363576,0.0094419804
2008-09-30,-0.0935,0.0038,0.0566,0.024,0.017,0.0086,0.0015,-0.1103,-0.072,-0.0718,-0.0981,-0.1006,-0.0233,-0.124061927,-0.091575615,-0.094949782,-0.123116146,-0.058302632,-0.149366616,-0.026813766,-0.028183993,-0.126181722,-0.05708927,-0.128824869,-0.121766126,0.0013612275,0.009150836,0.01638891,0.0010230111,0.0097762414
2008-10-31,-0.172,-0.0306,-0.0189,0.0273,0.0138,0.0787,0.0008,-0.2218,-0.1906,-0.2006,-0.1553,-0.1741,-0.2142,-0.178710902,-0.136848892,-0.316476066,-0.166555136,-0.111319269,-0.245205804,-0.194311759,-0.13756998,-0.207594825,-0.147535353,-0.160391741,-0.116219093,-0.038038501,0.0095248583,-0.0187261,-0.011431229,0.0125617389
2008-11-30,-0.0774,-0.04,-0.0621,0.0467,0.0239,0.0728,0.0003,-0.1158,-0.1132,-0.1438,-0.0616,-0.0629,-0.1578,-0.110354226,-0.080793856,-0.097150881,-0.000622086,-0.067000891,-0.095829103,-0.144371987,-0.059884834,-0.087589919,-0.072772734,0.0083077842,0.0131989516,0.1174237819,0.0121094741,0.1578876208,0.08214766,0.0439291952
2008-12-31,0.0177,0.0333,0.0005,0.0003,-0.0152,-0.0509,0,0.0504,0.0442,0.0543,0.0174,0.0113,0.0146,0.0205602942,-0.023708776,0.0098509166,-0.025015937,0.0597750058,0.027532101,0.0008632383,0.0170563754,0.0415390008,0.0428207264,0.0256389976,-0.019989159,0.0734373201,0.0057071645,0.1295491461,0.0517569825,0.0177874766
2009-01-31,-0.0809,-0.0209,-0.1102,0,-0.0116,-0.0236,0,-0.0769,-0.0997,-0.1588,-0.0523,-0.0936,-0.1907,-0.027338724,-0.071714548,-0.150369847,-0.033481994,-0.024282611,-0.118829172,-0.206208119,-0.063219549,-0.109492009,-0.082371107,-0.091635563,-0.010577242,-0.068766886,-0.003308872,-0.134180976,-0.041170758,-0.014487943
2009-02-28,-0.1014,-0.0117,-0.066,0.0101,-0.0062,0.0436,0.0001,-0.0985,-0.1141,-0.1483,-0.0821,-0.1186,-0.1643,-0.04776877,-0.095275232,-0.109079104,-0.124771321,-0.107966407,-0.171364414,-0.157362665,-0.084975912,-0.105352568,-0.035220818,-0.0460953,-0.127878292,-0.005561848,-0.000063519,-0.014555926,-0.005779935,-0.004369183
2009-03-31,0.0901,0.0059,0.0348,-0.0258,-0.02,-0.1183,0.0002,0.0919,0.1037,0.1088,0.0836,0.0877,0.1362,0.1153172226,0.0590835444,0.1336378932,0.0375003197,0.0712147433,0.1037126816,0.1504444873,0.0652635323,0.0905619119,0.1005078027,0.0715614212,0.0328341582,0.0520351686,0.0048324481,0.0427276155,0.0346918235,0.0178275367
2009-04-30,0.1017,0.0714,0.0538,0.0134,0.005,-0.3434,0.0001,0.1625,0.1666,0.1841,0.0791,0.1068,0.1652,0.1233479648,0.0967819379,0.4464984713,0.0503003006,0.0050063059,0.2080268905,0.1627881536,0.0503391337,0.1463987696,0.0997980792,0.087852954,0.0193103684,-0.046059085,-0.001653261,-0.073068021,-0.029486745,-0.014045082
2009-05-31,0.052,-0.0224,0.0041,-0.0081,-0.0199,-0.1253,0,0.0387,0.0305,0.0276,0.0453,0.0592,0.0646,0.0301812405,0.0488674548,-0.032512189,0.109307151,0.0617692263,0.0554235217,0.0956450197,0.0845228529,0.0410257614,-0.010712853,-0.006208361,0.0462480034,-0.024356177,0.0016033383,-0.037486741,-0.020701614,-0.00896396
2009-06-30,0.0042,0.0227,-0.0276,-0.0141,-0.0037,0.0545,0.0001,0.0549,0.0181,0.0061,0.0086,-0.0091,0.0022,0.0451726116,-0.023095829,0.0388607914,-0.051653008,0.0352924129,-0.029805463,-0.018239524,0.011689322,0.001380358,-0.006052312,0.0181210799,0.0521693313,0.0046820016,-0.001520085,0.0059372907,-0.004752529,-0.006630368
2009-07-31,0.0774,0.0231,0.0489,-0.0026,0.0308,-0.0554,0.0001,0.0674,0.103,0.1329,0.0674,0.0836,0.0998,0.078903336,0.1295647833,0.2105404708,0.0537449952,0.0563187598,0.1013049962,0.0844852488,0.0727190718,0.096211944,0.0691552201,0.0556022402,0.0448937241,0.0098521131,0.0013710669,0.0083774879,0.0084209623,0.0058979002
2009-08-31,0.0333,-0.001,0.076,-0.0285,0.033,-0.091,0.0001,0.009,0.0302,0.081,0.0175,0.0387,0.0976,0.0223085531,-0.007088921,0.0144061528,0.0061916908,0.0243891556,0.040674094,0.0967555443,0.0102408305,0.0432462376,0.0403364541,0.0040285951,0.0062227622,0.0158471841,0.0043925433,0.0236466413,0.0082874438,0.0089507461
2009-09-30,0.0408,0.0272,0.0115,0.0115,0.0034,-0.0487,0.0001,0.0621,0.0587,0.0758,0.0337,0.047,0.043,0.0532206609,0.0530263432,0.0386619827,0.0521085738,0.0201968689,0.086648246,0.0136283721,0.0480281983,0.0489772281,0.0179892707,0.0673745941,0.0188095295,0.0158835408,0.002590808,0.022481996,0.0106856057,0.0068621425
2009-10-31,-0.0255,-0.0485,-0.0417,0.0422,-0.0148,0.0249,0,-0.0708,-0.0621,-0.093,-0.0046,-0.0279,-0.0658,-0.00796544,-0.023974317,-0.00588524,0.0248865456,-0.034168464,-0.055582273,-0.055463242,-0.002006677,-0.045053728,-0.009732044,-0.049504731,-0.031044903,-0.006018963,0.0022964626,-0.022224007,-0.00007801,0.0029909517
2009-11-30,0.0558,-0.0276,-0.0033,0.009,0,0.0039,0,0.0207,0.0198,0.0399,0.0666,0.0478,0.0409,0.0492358215,0.0920753186,0.1049363237,0.0316830151,0.0826205625,0.0808547629,0.0382087675,0.0292293299,0.0788352433,0.0443563421,0.0702293554,0.0458364055,0.0218562367,0.0057747603,0.0083611536,0.0194751493,0.0176257778
2009-12-31,0.0274,0.0614,-0.0011,0.0071,-0.0009,0.03,0.0001,0.0835,0.08,0.0841,0.0194,0.0315,0.0166,0.0590277569,-0.002828501,0.0538824202,-0.002801758,0.0269467888,0.0320381356,-0.007069874,0.0330195408,0.0386373791,0.021478755,0.0568310138,0.0582516179,-0.050332146,-0.008001459,-0.060659824,-0.041705446,-0.026015778
2010-01-31,-0.0335,0.004,0.0033,-0.0108,0.0051,-0.0533,0,-0.0356,-0.0304,-0.0272,-0.0419,-0.0203,-0.0438,-0.079292383,-0.016914796,-0.004671852,-0.04947292,0.0007154892,-0.0292871,0.0059560373,-0.022922751,-0.050225895,-0.015030872,-0.065587366,-0.041846427,0.0277789586,0.0080298091,0.0276340343,0.0233877814,0.0187321996
2010-02-28,0.0339,0.0149,0.0318,-0.0029,0.0142,0.0369,0,0.0345,0.0406,0.0745,0.0304,0.0298,0.0541,0.047452101,0.0298879418,0.0673073676,0.0257771667,0.0033551337,0.0544767063,0.0315482122,0.0316197246,0.0508346047,0.047936097,0.0219845782,-0.007289225,-0.001138718,0.0015160337,-0.006712419,0.0025071814,0.0035585308
2010-03-31,0.063,0.0183,0.0219,-0.0061,0.0174,0.0357,0.0001,0.0696,0.0813,0.0894,0.0525,0.0676,0.0764,0.0654722759,0.0398186468,0.0888895323,0.0307264408,0.0368254042,0.0911049519,0.0813709355,0.0597175756,0.0879114243,0.0617652629,0.0699258926,0.0312574374,-0.010292093,-0.002170686,-0.019992636,-0.010547915,-0.007619349
2010-04-30,0.02,0.0496,0.0296,0.0061,0.0175,0.0316,0.0001,0.0379,0.0626,0.0926,0.008,0.0274,0.0125,0.025469903,-0.001896945,0.0758475564,0.041850685,-0.020824813,0.0359624245,0.0132870031,-0.000791672,0.0394481287,0.0278974918,0.0242999038,0.0286540771,0.022799258,0.0027799169,0.0346856247,0.0164473283,0.0098256543
2010-05-31,-0.079,0.0008,-0.0248,0.013,-0.0024,-0.002,0.0001,-0.0596,-0.0708,-0.1038,-0.074,-0.0848,-0.0794,-0.077984275,-0.077089002,-0.092443417,-0.101497976,-0.07672936,-0.097979853,-0.092065292,-0.060076256,-0.076457255,-0.050484012,-0.048607419,-0.066412597,0.0331769625,0.0045283442,0.0514928193,0.0277179742,0.0156614788
2010-06-30,-0.0557,-0.0242,-0.0473,-0.001,-0.0158,-0.027,0.0001,-0.0563,-0.0747,-0.1093,-0.0442,-0.0567,-0.0857,-0.064447912,-0.046063681,-0.107306726,-0.062825014,-0.017520136,-0.072936973,-0.056827323,-0.018713541,-0.074436988,-0.088904551,-0.030490811,-0.009587824,0.0391836463,0.0049577246,0.0579919979,0.0328895479,0.0185703363
2010-07-31,0.0692,0.0004,-0.005,0.0017,0.0202,0.0178,0.0001,0.0678,0.0657,0.0712,0.0671,0.0771,0.0538,0.0713064614,0.0964914996,0.1560579482,0.0743289954,0.0228220705,0.1054366008,0.0576296474,0.0702695793,0.0836828767,0.0464601888,0.1023198227,0.0728152601,0.0063919608,0.0024147737,-0.011444555,0.0090261437,0.0105297516
2010-08-31,-0.0477,-0.0306,-0.0173,0.006,-0.016,0.0004,0.0001,-0.0706,-0.076,-0.0857,-0.0413,-0.0399,-0.0608,-0.06648846,-0.025769602,-0.092417295,-0.037360094,-0.020039473,-0.079388042,-0.077558369,-0.00962669,-0.040051695,-0.043164316,-0.013848253,0.0082269917,0.0567762574,0.002241735,0.0863757319,0.034591099,0.015400899
2010-09-30,0.0955,0.0365,-0.0302,-0.0019,0.0038,0.0138,0.0001,0.1401,0.1274,0.1092,0.1005,0.0907,0.0708,0.1310055926,0.0562028393,0.1409989119,0.0907219405,0.0916812846,0.1246158892,0.0674318819,0.0638765309,0.1045957794,0.1138542019,0.0921437137,0.0363745493,-0.008527513,0.0016835144,-0.025652196,-0.00062862,0.0043718412
2010-10-31,0.0387,0.0073,-0.0246,0.0128,-0.0038,0.0146,0.0001,0.0469,0.0414,0.0362,0.0455,0.0396,0.007,0.0634130244,0.0730971427,0.0893262497,0.0450317432,0.0154497384,0.0390634249,0.0107733306,0.0377046578,0.0593856706,0.0240335831,0.0360802679,0.0222036301,-0.01493241,0.0023373693,-0.044534964,4.4628522E-6,0.0061511945
2010-11-30,0.0059,0.0354,-0.009,0.0032,0.0179,0.0273,0.0001,0.0351,0.0406,0.0325,0.0047,0.0041,-0.0106,-0.006508706,-0.013725464,0.0739571818,0.0560590114,-0.027839514,0.0222967289,-0.00430665,-0.010284058,0.023744483,0.0402348762,-0.014686826,-0.01744504,-0.014505819,-0.001986291,-0.016178562,-0.009036306,-0.009261966
2010-12-31,0.0682,0.0097,0.0356,-0.0342,0.0317,-0.03,0.0001,0.0711,0.083,0.0933,0.0497,0.0774,0.0987,0.0607590248,0.0661625808,0.084123095,0.0944357515,0.0523810986,0.0882481543,0.1041988164,0.0410987277,0.059437159,0.0349803342,0.067258685,0.0355784916,-0.037510944,-0.002060669,-0.035114607,-0.03357175,-0.020124512
2011-01-31,0.0198,-0.0231,0.0061,-0.0064,0.0081,-0.003,0.0001,-0.0032,0.0013,0.0041,0.0202,0.0255,0.0252,0.0350850663,0.000146933,-0.005498621,0.0696806825,-0.001941478,0.0560722127,0.0216928948,-0.023381373,0.0023224636,-0.005121763,-0.006520571,0.0210909337,-0.008629437,0.0016091604,-0.031154351,-0.000407826,0.0056034455
2011-02-28,0.0348,0.0165,0.0118,-0.0183,0.0084,0.0188,0.0001,0.0527,0.0533,0.055,0.0254,0.044,0.0467,0.0236195997,0.0323496859,-0.033219422,0.0774504712,0.0335892531,0.0357842142,0.028279238,0.0554811369,0.037022409,0.0247552783,0.0489964303,0.0211440598,0.0063082383,-0.001020291,0.0134971771,-0.002774489,-0.005070098
2011-03-31,0.0046,0.0256,-0.0184,0.0173,-0.0007,0.0345,0.0001,0.0334,0.0275,0.0141,0.0018,0.0143,-0.0157,-0.014098648,0.0116851488,-0.011818592,0.0206761684,0.0209782796,0.0111991424,-0.020286652,0.0330995623,0.0101579569,0.0100998886,0.0261675856,0.010240902,-0.000739154,-0.001400921,0.0021267828,-0.001230086,-0.002548807
2011-04-30,0.029,-0.0053,-0.0244,0.0112,-0.0086,0.0005,0,0.0345,0.0203,0.0103,0.0378,0.0266,0.0132,0.0303195643,0.0414124952,0.0306758672,0.0160945909,0.0654748893,0.0197169132,-0.000736296,0.0432741602,0.0290540057,0.0446318857,0.036348686,0.0385251742,0.0181276542,0.0056165638,0.0214094867,0.0177631338,0.0161173857
2011-05-31,-0.0127,-0.0072,-0.0185,0.0192,-0.0143,-0.006,0,-0.0169,-0.0204,-0.032,-0.0058,-0.0138,-0.0277,-0.016899362,-0.001935491,-0.026540677,-0.043489069,0.0181896154,-0.033070916,-0.03102438,0.0199866515,-0.019394339,0.0078615847,0.016935077,0.0092747292,0.0288372202,0.0035620619,0.0343252495,0.0247331719,0.016110601
2011-06-30,-0.0174,0.0006,-0.002,0.0227,-0.0142,0.0182,0,-0.0193,-0.0207,-0.0187,-0.0145,-0.0169,-0.0191,-0.023804325,-0.015097925,-0.017335186,-0.024260955,-0.019058866,-0.006889336,-0.023277756,-0.016475296,-0.016471892,-0.009298082,-0.009128847,-0.004073824,-0.01186357,0.0004289543,-0.020136176,-0.003709748,-0.00058417
2011-07-31,-0.0235,-0.0111,-0.0091,0.0268,-0.0173,0.002,0,-0.0444,-0.0395,-0.0302,-0.0081,-0.0304,-0.0404,-0.000524144,-0.021940995,-0.083778697,0.0041565528,-0.036827797,-0.054172275,-0.043416342,-0.01014721,-0.025619249,-0.014541387,-0.044822574,-0.004276569,0.038236139,0.0031502328,0.0455452656,0.030860647,0.020744339
2011-08-31,-0.0596,-0.0309,-0.0243,0.0341,-0.0026,-0.0027,0.0001,-0.0916,-0.0891,-0.0961,-0.0395,-0.0649,-0.0835,-0.067485608,-0.028814473,-0.115975417,-0.09901404,-0.033256598,-0.082708103,-0.092746087,0.0020087896,-0.063332179,-0.028196395,-0.049564212,0.0004445751,0.0666891591,0.0035450623,0.0961339025,0.0468360676,0.0199936329
2011-09-30,-0.0757,-0.0349,-0.0153,0.0199,0.0015,-0.024,0,-0.1104,-0.1158,-0.1029,-0.0632,-0.0708,-0.1014,-0.041925751,-0.090966138,-0.139573428,-0.124538728,-0.047185441,-0.110922671,-0.108050951,-0.049280028,-0.117888532,-0.045702183,-0.044305091,-0.017169493,0.046735864,-0.001187936,0.1259271113,0.0194787736,0.0027544272
2011-10-31,0.1134,0.0325,0.0006,-0.0225,-0.0073,-0.014,0,0.154,0.155,0.127,0.0977,0.121,0.126,0.1126058775,0.102511368,0.2355987732,0.1647147174,0.0593776933,0.1577354966,0.1337221423,0.0547886471,0.1436982936,0.1090759789,0.0558640276,0.0661653285,-0.017516796,0.0011222455,-0.033511493,-0.010032149,0.0004075777
2011-11-30,-0.0027,-0.003,-0.0052,0.0194,0.0144,0.0388,0,-0.0178,-0.0033,-0.0021,-0.0001,0.0086,-0.0263,-0.0202706,0.0018013847,-0.085851947,0.0196894164,0.013801601,0.0077597101,-0.032856246,0.0178793095,-0.001868192,0.0172947518,0.0003375721,0.0122714777,0.0123652217,0.0000300213,0.0197793388,0.0057212522,0.002227088
2011-12-31,0.0075,-0.0029,0.0154,0.0106,0.0247,0.0183,0,-0.0048,0.0074,0.0119,-0.0007,0.0184,0.0135,-0.017425242,0.0088177023,-0.011803916,-0.004256033,0.0321856826,0.0010247308,0.0116583077,0.0256434025,0.0006313879,0.0154186733,0.0288878613,0.0312592033,0.0226815999,0.0006023561,0.031228638,0.0171194111,0.0067009324
2012-01-31,0.0505,0.0202,-0.0093,-0.0206,-0.0148,-0.0801,0,0.0819,0.0684,0.0578,0.0543,0.0337,0.0598,0.086913792,0.0467236644,0.1388571853,0.012391526,0.0351727297,0.0743572587,0.0744857133,-0.006174631,0.0703883446,0.0379943811,0.0217783634,-0.027239856,0.0057309861,0.001285351,-0.002104655,0.009848207,0.0073254631
2012-02-29,0.044,-0.0167,0.0042,-0.0036,-0.0008,-0.0026,0,0.0344,0.0241,0.0288,0.0459,0.0367,0.06,0.0606378685,0.0279006231,0.0624926529,0.0656339426,0.0131727454,0.0381411289,0.0551598872,0.0428298282,0.0326308785,0.0378503161,0.0528342818,0.0143656434,-0.013268662,-0.001639312,-0.022301628,-0.009196783,-0.005751303
2012-03-31,0.0311,-0.0048,0.0119,-0.0061,0.007,0.0131,0,0.0234,0.0283,0.0316,0.037,0.0127,0.0527,0.049114145,0.021121842,0.0111532389,-0.030216181,0.038452744,0.0034683702,0.0711422134,0.0378357117,0.014311571,0.0421839909,0.0255635777,0.0144816224,-0.024855202,-0.000734426,-0.041012779,-0.015888401,-0.006715465
2012-04-30,-0.0084,-0.005,-0.0077,0.013,0.0066,0.0372,0,-0.0135,-0.0208,-0.0081,-0.0046,-0.0013,-0.0255,-0.021025253,-0.011265454,-0.069887708,-0.014814002,0.0078962222,-0.009303015,-0.029664874,0.0109379395,0.0023997188,0.002332135,0.0256189808,0.0158981308,0.0337074467,0.0022941283,0.0447462477,0.0246965205,0.0125847101
2012-05-31,-0.0617,-0.0008,-0.0095,0.0203,0.0236,0.0644,0.0001,-0.0655,-0.0648,-0.0599,-0.0546,-0.0599,-0.0792,-0.07839648,-0.056177371,-0.079583381,-0.108606307,-0.035059207,-0.08033515,-0.085711465,-0.025383268,-0.065948931,-0.024931375,-0.011838653,-0.009247641,0.0504261286,0.0004937519,0.090248567,0.0290484,0.0091801592
2012-06-30,0.039,0.0089,0.0055,-0.0106,0.0045,-0.011,0,0.0575,0.043,0.0472,0.0298,0.0453,0.051,0.0296896461,0.0199517722,-0.065613299,0.0595312776,0.07047892,0.0201692823,0.0459891423,0.04459253,0.0475933223,0.0173659311,0.0613747533,0.0342519014,-0.010834374,-0.000556676,-0.018018449,-0.004981553,-0.002344714
2012-07-31,0.0079,-0.0281,-0.0006,0.0104,0.0001,0.03,0,-0.0328,-0.0098,-0.0172,0.0127,0.0143,-0.0041,0.0017071933,0.0170497778,-0.011294046,0.0275032722,0.0157655048,0.0053592051,-0.011186602,0.0168112936,-0.017366716,0.0115619775,0.0482752379,0.0328593946,0.0211708352,0.0025751939,0.040621575,0.0140602163,0.0079537237
2012-08-31,0.0254,0.0044,0.0123,-0.015,-0.0086,-0.0235,0.0001,0.0332,0.0322,0.0369,0.0238,0.0189,0.0446,0.0517854182,0.0283499664,0.0530569595,0.0237749571,0.01145267,0.0270570138,0.0401897372,-0.004278869,0.0184527879,0.0265860251,0.0065827082,-0.031867404,-0.004791431,-9.462551E-6,-0.015631973,-0.00155795,0.000731897
2012-09-30,0.0273,0.0057,0.0162,-0.013,0.0156,-0.0113,0.0001,0.0317,0.0347,0.0408,0.0193,0.0319,0.0425,0.0106920402,0.0224586134,0.0289973144,0.0399027326,0.042832872,0.0324981604,0.0377809058,0.0104476163,0.0308884653,0.0204941627,0.0445512287,0.0179069141,-0.010685876,-0.000025673,-0.02432149,-0.003082616,-0.000359346
2012-10-31,-0.0176,-0.0083,0.0352,-0.014,0.0252,0.0005,0.0001,-0.0387,-0.0137,-0.0083,-0.0248,-0.0183,0.0153,-0.065961638,-0.013681623,0.0616089826,-0.018507464,-0.018720002,-0.016389664,0.0179646833,-0.016301738,-0.007932512,-0.005355661,-0.017883634,0.0106196869,-0.001907733,-0.000583319,-0.003435473,-0.003756609,-0.003079453
2012-11-30,0.0078,0.004,-0.0086,0.0038,0.0081,0.0053,0.0001,0.0111,0.0106,0.008,0.0111,0.0037,-0.0031,0.0143793292,0.0252539488,0.0295380011,-0.014766905,0.0109439675,0.0228343655,-0.008080721,0.0312027614,0.0200179718,0.011953387,-0.007449683,-0.036052859,0.0122985882,0.0009361355,0.0124304819,0.0099913156,0.0055934697
2012-12-31,0.0118,0.0192,0.0348,-0.0172,0.008,-0.0293,0.0001,0.0265,0.0348,0.0447,-0.0017,0.0128,0.0498,0.0035366096,0.0113515779,0.0696113073,0.0146334518,-0.003753087,0.0302626913,0.0435404933,-0.021976148,0.0200565151,-0.011775391,0.0122892798,0.0014105453,-0.014377884,0.0003462562,-0.021690415,-0.008557524,-0.003099705
2013-01-31,0.0557,0.0042,0.0101,-0.0201,0.0152,-0.0182,0,0.0678,0.0625,0.0586,0.0452,0.0605,0.0747,0.0213310235,0.0781910702,0.0270262441,0.074489545,0.0750797143,0.0551777221,0.0669250987,0.0548596798,0.0760658868,0.0537175588,0.0379748976,0.0523202267,-0.021775738,0.0000855855,-0.036417461,-0.014474715,-0.005005078
2013-02-28,0.0129,-0.0025,0.0021,-0.0059,0.0061,0.0123,0,0.0095,0.0086,0.0136,0.0134,0.0139,0.0135,0.0036132388,0.0150024664,-0.012353449,0.0063251086,0.0157908635,0.0195270108,0.0151910439,0.0372310848,0.0105334256,0.0095116263,0.0159563238,0.0195440037,0.0135507416,0.0009930547,0.0145487219,0.0121149874,0.0065146141
2013-03-31,0.0403,0.0088,-0.0022,0.0027,0.0141,0.0192,0,0.052,0.0461,0.0451,0.0378,0.0403,0.0403,0.0232893285,0.024529298,0.0429362918,0.0228629984,0.0630398348,0.0281341231,0.0424160457,0.0498304814,0.050978668,0.0496272418,0.0493945312,0.056532043,0.0037799914,0.0000820115,-0.001865902,0.0041124745,0.0015935085
2013-04-30,0.0156,-0.0224,0.0044,0.0039,0.0043,0.0022,0,-0.0072,-0.0101,-0.001,0.0184,0.0134,0.0209,0.0034147074,0.0226762134,0.0383797498,-0.013857195,0.0281682534,-0.008784586,0.0169046713,0.0348877137,0.0032033593,0.0362406679,0.0380507552,0.051447515,0.0235042667,0.0011309207,0.043922691,0.0139254597,0.005420984
2013-05-31,0.0281,0.0204,0.0267,-0.02,-0.0095,-0.0201,0,0.0499,0.0525,0.0534,0.0197,0.0157,0.0695,0.0427972353,0.008695642,0.0779032633,0.0307555885,0.0150841543,0.0460745832,0.0740478673,-0.017333918,0.0386553688,0.0191363985,-0.025609294,-0.072191914,-0.04215176,-0.001476715,-0.065412121,-0.029974783,-0.01384672
2013-06-30,-0.012,0.0154,-0.0005,-0.0028,-0.0006,0.0043,0,-0.0022,0.0034,-0.0017,-0.0173,-0.0038,-0.0187,-0.028730503,-0.026914294,-0.011349274,-0.024886613,-0.011548028,-0.011544341,-0.007968238,0.0061908813,-0.015418718,-0.005966408,0.0275718066,0.0093691214,-0.030350692,-0.001113111,-0.036140357,-0.026819068,-0.014124781
2013-07-31,0.0565,0.0175,0.0058,-0.0135,0.0057,0.0174,0,0.0734,0.0706,0.0787,0.056,0.0499,0.0624,0.0587491214,0.0685610775,0.0729005275,0.052198031,0.0735848042,0.0601598002,0.0649250443,0.031673856,0.0451254763,0.0587112007,0.0288289751,0.0435436069,-0.008232144,0.0018306135,-0.019413161,-0.00245059,0.0028618113
2013-08-31,-0.0271,-0.0003,-0.0273,0.0071,-0.0217,0.0004,0,-0.01,-0.0348,-0.0383,-0.0176,-0.031,-0.0439,-0.00582355,-0.02214919,-0.027312724,-0.018733108,-0.036168647,-0.023149225,-0.045023671,-0.033979176,-0.011286778,-0.04021191,-0.037461982,-0.044445804,-0.010576785,-0.001425163,-0.012676303,-0.01501591,-0.009132192
2013-09-30,0.0377,0.0265,-0.0118,-0.0054,-0.0132,0.0302,0,0.0632,0.0641,0.0561,0.0405,0.032,0.024,0.0365002263,0.0322203963,0.0578109786,0.0208587283,0.037320218,0.0616190768,0.0264947551,0.0222201715,0.0679444658,0.0401189544,0.0342108397,0.0110007418,0.0157285119,0.0029820975,0.0060034017,0.0188835148,0.013576903
2013-10-31,0.0417,-0.015,0.0122,0.0275,0.0089,0.0002,0,0.0109,0.0303,0.0395,0.0418,0.0481,0.0376,0.0473633011,0.045602758,0.0144228143,0.0464079683,0.0406580484,0.0493059725,0.030555053,0.05063948,0.0329185744,0.0423623922,0.0628631918,0.033467413,0.0081324084,0.0009751473,0.0121303382,0.0072291112,0.00455897
2013-11-30,0.0312,0.0144,0.0019,0.0026,0.0006,0.0039,0,0.0533,0.0398,0.0447,0.0335,0.019,0.0459,0.0406173211,0.0325347776,0.0416412729,0.0084387412,0.043054705,0.0262385431,0.0572807411,0.0072389109,0.0277207613,0.0317635697,0.00256749,-0.016913336,-0.016809772,0.0009202333,-0.025151414,-0.008069556,0.0000302383
2013-12-31,0.028,-0.0044,0,-0.0058,0.0008,0.0002,0,0.0182,0.0286,0.0189,0.0214,0.0367,0.0208,0.041667127,0.0165895951,0.0000937284,0.0317668231,0.0080237615,0.0381996816,0.0214875775,0.0291140103,0.0488904902,0.0015827562,0.0372744473,0.0177449181,-0.019179679,-0.001430047,-0.023517097,-0.020600067,-0.012640997
2014-01-31,-0.033,0.006,-0.0199,-0.0391,-0.0154,0.0161,0,-0.0025,-0.0384,-0.0368,-0.0328,-0.0343,-0.0383,-0.021545286,-0.053493135,-0.052611103,-0.068778982,0.0127570401,-0.046343683,-0.043939527,-0.064092286,-0.016429948,-0.059458902,-0.028990446,0.0229366463,0.0420638668,0.001951286,0.0677471188,0.0296342673,0.0133007605
2014-02-28,0.0468,0.0013,-0.0035,-0.0025,-0.0054,0.0213,0,0.0404,0.0486,0.0518,0.0505,0.0474,0.0322,0.0423418076,0.0526300977,0.0558897452,0.0565886699,0.0617235564,0.0490639484,0.0321887888,0.0355260879,0.0606253915,0.0579592837,0.0224798021,0.0290800064,0.0054919933,0.0009035256,0.006266325,0.0043030673,0.0020210563
2014-03-31,0.0041,-0.0113,0.049,0.0202,0.0192,-0.0327,0,-0.0345,0.0111,0.0133,-0.0059,0.0075,0.0442,-0.003822785,0.0039520224,0.001480539,0.0258525549,-0.017321261,0.0028264963,0.0348975719,0.0255633629,-0.031271613,-0.000128557,0.004218629,0.0276281524,0.0002948908,-0.001259812,0.006729687,-0.006138529,-0.00689434
2014-04-30,-0.0019,-0.0407,0.0122,0.034,0.0093,-0.0382,0,-0.0639,-0.0318,-0.0268,0.0039,0.0078,-0.0089,-0.010853237,0.0152486116,0.001682516,0.0550540116,-0.004343398,0.010998501,-0.027263859,0.0184361029,-0.030318687,-0.0033201,0.0018049773,0.0409557229,0.0115803614,0.0012836789,0.0207258617,0.0079208615,0.0048898732
2014-05-31,0.0204,-0.0186,-0.001,-0.0009,-0.0096,0.0089,0,-0.0073,0.0107,0.0008,0.0244,0.0209,0.0142,0.032094731,0.0202353975,0.0044631725,0.009605837,0.021604094,0.0108341675,0.0119504819,0.0370746523,0.0277426171,0.0078561568,0.040458719,0.0011736961,0.0202433572,0.0017970993,0.0276716741,0.017146128,0.0087973497
2014-06-30,0.0261,0.0306,-0.0071,-0.0183,-0.0191,0.0065,0,0.0719,0.0501,0.0444,0.0168,0.0279,0.0302,0.0310635084,0.0079465602,0.024308394,0.0403327591,0.022335917,0.0175078283,0.0311873663,0.0104922972,0.0337413788,0.0115425552,0.0112506726,0.0551956317,-0.002859403,-0.000397698,-0.003498737,-0.002038921,-0.001599719
2014-07-31,-0.0203,-0.042,-0.0008,0.0093,0.0051,-0.0017,0,-0.0625,-0.0631,-0.0542,-0.0142,-0.016,-0.0243,0.0028296213,-0.030738022,-0.032171492,-0.034385214,0.0012095632,-0.047662836,-0.022339038,-0.045475572,-0.023438055,-0.020169669,0.0027088778,-0.062738891,0.0021101959,-0.000637963,0.0097368003,-0.001824688,-0.00387472
2014-08-31,0.0424,0.0029,-0.0057,-0.0064,-0.0069,0.0083,0,0.0499,0.041,0.0447,0.0481,0.0334,0.0418,0.0439593881,0.0522932874,0.0360243586,0.0226226824,0.0522837437,0.0467954635,0.0452829721,0.0607518703,0.0368151566,0.0452272679,0.0027747725,0.0546695817,0.0252896241,0.0015064247,0.0445527038,0.0181632124,0.0081393887
2014-09-30,-0.0196,-0.0366,-0.0147,0.012,-0.0059,0.006,0,-0.0444,-0.0526,-0.0646,-0.0094,-0.0257,-0.0186,-0.012654171,-0.010235048,-0.08102147,-0.079070081,-0.002003751,-0.028462824,-0.004630712,0.0006099432,-0.030848893,-0.011125868,-0.012837973,-0.032926379,-0.011621387,-0.000260753,-0.017812717,-0.009038066,-0.004038896
2014-10-31,0.0251,0.0366,-0.0163,-0.0039,0.0021,-0.0021,0,0.0713,0.058,0.0523,0.028,0.0176,0.0144,0.010942203,0.0199636078,0.0295677108,-0.040554127,0.0556422628,0.0229730239,0.0295630339,0.0307313403,0.042767114,0.0374607252,0.0107758649,0.0682524746,0.01632218,0.0026898074,0.0253218193,0.0143670931,0.008779714
2014-11-30,0.0256,-0.023,-0.0313,0.0157,0.0014,0.0069,0,0.0179,-0.0021,-0.0105,0.037,0.0272,0.0028,0.047150642,0.0290537658,0.0483577157,-0.097871448,0.0267805616,0.0233023544,0.0197986173,0.0469308637,0.0291341829,0.0749165535,0.0192680852,0.0038359847,0.0204541504,0.0018136126,0.0334491024,0.0153238328,0.0083480578
2014-12-31,-0.0005,0.0283,0.0212,-0.0121,0.009,0.0103,0,0.0206,0.0277,0.0324,-0.0134,0.0011,0.0172,-0.018089004,0.0015402381,0.0122831281,0.0065511537,-0.008102368,-0.007342297,0.0202120229,-0.02431221,0.0043305412,0.0236430657,-0.024746361,0.0186619706,0.0081198646,-0.002725826,0.0280034829,-0.000700101,-0.00502273
2015-01-31,-0.0309,-0.0093,-0.0345,0.0158,-0.0164,0.0374,0,-0.0282,-0.0491,-0.0512,-0.016,-0.0328,-0.0621,-0.029025274,-0.026522463,-0.036503664,-0.044647599,0.0092402594,-0.038848855,-0.075946623,-0.014545036,-0.035413811,-0.008699655,-0.035798425,0.0093450629,0.0473673551,0.0055011326,0.0973289177,0.0422165468,0.0233220041
2015-02-28,0.0614,0.0036,-0.0179,-0.011,-0.0175,-0.031,0,0.0769,0.0693,0.0508,0.0646,0.0593,0.0549,0.079462806,0.0539847184,0.0826032351,0.0484364857,0.0393083495,0.068132322,0.0736233593,0.0549814563,0.0700831959,0.0564917357,0.0913157736,-0.038400378,-0.028821503,-0.002721787,-0.061279341,-0.024968537,-0.013459487
2015-03-31,-0.0109,0.0308,-0.0038,0.0007,-0.0062,0.027,0,0.0204,0.0184,0.0119,-0.0135,-0.0148,-0.0126,-0.025131299,-0.03529924,-0.000854125,-0.025011173,0.0066624388,-0.021024755,0.0019457506,-0.033272875,-0.005474085,0.0107521425,-0.022680524,-0.000876781,0.0098325657,0.0024575848,0.0114216757,0.0088043481,0.0076749325
2015-04-30,0.006,-0.0301,0.018,0.0005,-0.0062,-0.0727,0,-0.0319,-0.0206,-0.0071,0.0036,0.0115,0.0148,0.0196763777,-0.007573089,-0.025596356,0.0668200141,-0.013606824,0.0063870003,0.0037559608,0.0103473357,0.0000300126,-0.035299028,0.0389366039,0.0023898105,-0.010648106,0.0005909298,-0.032564239,-0.005299331,-0.000743387
2015-05-31,0.0138,0.0082,-0.0111,-0.0176,-0.0083,0.0568,0,0.0282,0.0274,0.0094,0.0121,0.0156,0.0087,0.0205127574,0.0112223629,0.0049453034,-0.051893584,0.0424722153,0.0081505475,0.028819173,0.0159254951,0.0089739865,0.0087005263,0.0076537643,-0.00732982,-0.006960283,0.0005010069,-0.025299389,-0.004782131,-0.000688207
2015-06-30,-0.0154,0.029,-0.0082,0.0035,-0.0154,0.0301,0,0.0272,0.003,0.0059,-0.0184,-0.0199,-0.0136,-0.035635619,-0.019341927,-0.029477298,-0.038858716,0.0016990508,-0.018600156,0.0086989205,-0.014100246,-0.010810599,-0.006137772,-0.005342478,-0.053806197,-0.017457843,0.0002151637,-0.037710366,-0.015484246,-0.004919837
2015-07-31,0.0157,-0.0458,-0.0416,0.0031,-0.0244,0.0997,0,-0.0021,-0.0238,-0.0565,0.0295,0.0124,0.0008,0.0312383773,-0.009672364,-0.017156178,-0.08827597,0.0286366268,-0.018753951,0.0163298443,0.0534076116,0.0255455257,0.0318463359,0.0171497546,0.0283683579,0.0242285441,0.0010056024,0.0445530508,0.0152413844,0.0071019326
2015-08-31,-0.0602,0.0029,0.0275,0.0066,0.0129,-0.0216,0,-0.0924,-0.0475,-0.0331,-0.0617,-0.0564,-0.066,-0.05834279,-0.073830995,-0.05489496,-0.038690452,-0.079830191,-0.043710116,-0.065610286,-0.050222861,-0.06528038,-0.054425666,-0.068982077,-0.039586066,-0.006867516,-0.000774374,-0.008405486,-0.00042213,-0.000326841
2015-09-30,-0.0306,-0.028,0.0055,0.018,-0.0059,0.0524,0,-0.0779,-0.0467,-0.047,-0.0223,-0.0282,-0.0422,-0.011224152,-0.046641575,-0.040209634,-0.058219511,-0.060169456,-0.031448088,-0.032557623,0.0003362929,-0.048519338,-0.020555168,-0.023264679,-0.010900414,0.0211951718,0.0034492935,0.0245302617,0.0173718273,0.0112457984
2015-10-31,0.0775,-0.0206,-0.0047,0.0095,0.0061,-0.0319,0,0.05,0.0643,0.0571,0.0805,0.084,0.064,0.110609002,0.1139461636,0.0927313387,0.123518872,0.0753719741,0.0933198576,0.0535685622,0.072555619,0.0735312299,0.0246100911,0.0841257541,0.0231516123,-0.008345821,-0.00118734,-0.00674939,-0.007071417,-0.005193373
2015-11-30,0.0057,0.033,-0.0043,-0.0265,-0.0106,0.0229,0,0.0567,0.0337,0.0364,0.005,-0.0023,0.0167,0.0161444453,-0.009241291,0.0098677436,0.0101875222,0.0050542617,0.0130691822,0.0186521424,-0.009622961,0.0016627173,0.0012635325,-0.016027746,-0.035478793,-0.004124435,-0.00260729,-0.007436836,-0.00375966,-0.003855991
2015-12-31,-0.0215,-0.0295,-0.0257,0.0034,0.0012,0.0334,0.0001,-0.0388,-0.0489,-0.0679,-0.0132,-0.0229,-0.0355,-0.022808364,0.0062911879,-0.041699277,-0.096521334,0.0019161136,-0.021315103,-0.029499325,0.0022662955,-0.031522258,-0.000466142,-0.018590025,-0.022725862,-0.003349876,-0.000843051,-0.003576908,-0.003996609,-0.002424572
2016-01-31,-0.0574,-0.0344,0.0208,0.0278,0.0305,0.016,0.0001,-0.1407,-0.0763,-0.0694,-0.0515,-0.0517,-0.0812,-0.059247777,-0.061368445,-0.090657671,-0.043399862,-0.082464696,-0.064771969,-0.09439788,0.0037697485,-0.094839806,-0.022254261,-0.003787832,0.0438728251,0.035284959,0.0060454608,0.0540161356,0.0316980223,0.0206668472
2016-02-29,-0.0007,0.0087,-0.0061,0.0331,0.0194,-0.0435,0.0002,-0.0067,0.0091,0.0037,0.0004,0.0059,-0.0222,-0.015208068,0.0209091043,0.0298343429,-0.028114469,-0.006704326,0.0294784931,-0.023919785,0.0068507952,0.0225067154,0.0088176499,0.013106285,0.0180386383,0.0196360869,0.0017532149,0.0294090866,0.0150589538,0.0061601293
2016-03-31,0.0695,0.01,0.0122,0.0068,0.0001,-0.0504,0.0002,0.0755,0.0789,0.0841,0.0659,0.0681,0.0818,0.0862870274,0.0509473855,0.1037533951,0.1111922007,0.0397442135,0.0764295241,0.0655314701,0.0501577721,0.0746328328,0.0587939515,0.0585166798,0.0813130449,0.002542456,0.0016761525,0.0005011894,0.0004377786,0.0027524531
2016-04-30,0.0091,0.0123,0.0322,-0.0285,0.0177,-0.0598,0.0001,0.0276,0.0113,0.0384,-0.0061,0.013,0.0474,-0.037838102,0.0213736383,0.0137983189,0.0937113146,0.0484987658,0.0148620566,0.0416471849,0.0031016727,0.008898585,-0.022161896,0.0039168265,-0.008372191,-0.005456069,-0.00009886,-0.008589432,-0.003208415,-0.002150757
2016-05-31,0.0178,-0.0062,-0.0162,-0.011,-0.0254,0.0147,0.0001,0.0229,0.0125,0.0053,0.0214,0.0179,0.0067,0.0566210148,0.0070703615,-0.004948963,-0.005477906,0.0226587344,-0.006222245,0.0174316936,0.0026935867,0.010275218,-0.002815718,0.0063504469,0.0206062683,0.003349087,-0.000978872,0.0075470233,-0.000611149,-0.001818699
2016-06-30,-0.0003,0.0042,-0.0149,0.0145,0.019,0.042,0.0002,0.0029,-0.0046,-0.0005,0.0002,0.0057,-0.0261,-0.01786516,0.0008075499,-0.040288151,0.0273494892,0.0054770722,0.0130701973,-0.041871828,0.0482182501,-0.019239757,0.013341399,0.0461869815,0.073157062,0.042733238,0.0066655722,0.0716412311,0.0318335063,0.0190310968
2016-07-31,0.0394,0.0247,-0.0124,0.0131,-0.0116,-0.0331,0.0002,0.0698,0.0558,0.0571,0.0494,0.0226,0.0372,0.0743213843,0.0387316277,0.0661476537,-0.026590288,0.0541986595,0.0382692439,0.0344595765,-0.004742984,0.0608160002,0.0318411949,0.0254720006,-0.003577107,0.0052479271,-0.000629266,0.0185560481,0.0018958355,-0.000102619
2016-08-31,0.0049,0.0166,0.0317,-0.0185,-0.0036,-0.0341,0.0002,0.0129,0.0265,0.0326,-0.0051,0.0033,0.0387,0.0169616073,0.0144721832,0.010561364,0.0162875277,-0.030221808,0.0120993941,0.0499751106,-0.012384545,0.0052599982,-0.016504544,-0.03386603,-0.039782857,-0.01072957,-0.002356203,-0.010389514,-0.010101502,-0.007083953
2016-09-30,0.0027,0.0181,-0.0119,-0.0218,0.0003,0.0026,0.0002,0.032,0.0132,0.017,0.0046,-0.0006,-0.0041,0.02774038,-0.00553779,-0.008258309,0.027799454,-0.002174455,-0.007966999,-0.020941503,-0.023224989,0.0232440193,-0.02542466,0.0050081807,0.0181804757,-0.00279643,0.0015473691,-0.014302649,0.0021768803,0.0035589356
2016-10-31,-0.0201,-0.0402,0.0411,0.0099,0.0025,0.0051,0.0002,-0.0814,-0.0514,-0.0302,-0.0199,-0.0227,0.0112,-0.011821429,-0.020333648,-0.037018356,-0.035771398,-0.071767338,-0.020835156,0.0117858961,0.0027345614,-0.015559362,-0.037777748,-0.040814462,-0.005545997,-0.022038272,-0.0007033,-0.043019619,-0.014636566,-0.005701725
2016-11-30,0.0485,0.0696,0.0829,-0.0024,0.0371,-0.0477,0.0001,0.0895,0.1246,0.1493,0.0191,0.0511,0.1251,0.0033204051,0.0190246268,0.0810139414,0.0953896085,0.017220706,0.0875561884,0.1403409598,-0.032478102,0.0560657519,0.0587078622,0.0647268391,-0.02937962,-0.051564916,-0.004755214,-0.079844372,-0.04234007,-0.022583764
2016-12-31,0.0181,0.0044,0.0347,0.0124,-0.0032,-0.0027,0.0003,-0.0038,0.0291,0.0446,0.0137,0.0175,0.0346,0.0093621977,0.0058029485,0.0308319035,0.0183720788,0.0114425978,0.0066830823,0.0399275591,0.0313740899,0.0107192482,-0.002452237,0.0480279755,0.038776055,-0.002899783,0.0004252385,-0.004469611,-0.001467128,-0.000071234
2017-01-31,0.0194,-0.0144,-0.0276,-0.0051,-0.0106,-0.0093,0.0004,0.0196,-0.0016,-0.0069,0.0327,0.0094,0.004,0.0490260528,0.0327243445,0.0185749623,-0.041489431,0.0148840457,0.0180572209,0.0026672926,0.0186628041,0.0400035112,0.0005073607,0.027037131,0.0133422488,0.0034576296,0.0011405613,0.004509993,0.0019613286,0.0026965437
2017-02-28,0.0355,-0.023,-0.015,0.0045,-0.018,-0.0151,0.0004,0.0302,0.0115,0.0029,0.043,0.0257,0.0403,0.0481862489,0.0454156775,0.0081964793,-0.025670544,0.0673671861,0.0332358779,0.0456652475,0.0358356734,0.0229135927,0.0318888932,-0.00101784,0.0384533171,0.0088337816,0.0003426414,0.0129685123,0.0054298101,0.0015034204
2017-03-31,0.0017,0.0075,-0.0333,0.0063,-0.0095,-0.0097,0.0003,0.0227,0.0009,-0.0069,0.0113,-0.0028,-0.0257,0.0244869407,0.0071341981,-0.018322612,-0.013232759,-0.001508371,-0.003415706,-0.025517117,0.0157990933,0.0066534197,0.0013420267,0.0042563133,0.0014763166,0.0022267594,0.0012864397,0.000368483,0.0035866798,0.0029839615
2017-04-30,0.0108,0.0041,-0.0205,0.0179,-0.016,0.0048,0.0005,0.018,0.014,0.0064,0.0207,0.0067,-0.0087,0.0269932247,0.0004031007,0.0017071359,-0.030960055,0.007222384,0.0202220871,0.0009446671,0.0021673598,0.0164968961,0.0272290076,0.0029532849,0.0031203298,0.012156132,0.0013885882,0.0144633551,0.0106423921,0.0064239291
2017-05-31,0.0107,-0.0299,-0.0382,0.0099,-0.0166,0.015,0.0006,-0.0086,-0.0163,-0.038,0.0291,0.0013,-0.0178,0.045474478,-0.001763756,-0.018199962,-0.032751229,0.0050806241,0.0011897656,-0.013442127,0.0282710701,0.0116440215,0.0043890776,0.0004227625,0.0258156005,0.0105391858,0.0012156111,0.0195703772,0.0081658593,0.0048625161
2017-06-30,0.0078,0.0252,0.015,-0.0226,0.0004,-0.001,0.0006,0.0477,0.0314,0.0339,-0.0012,0.0053,0.0426,-0.024547991,0.0176012765,0.0231673106,-0.001944017,0.0469573496,0.0121266239,0.0610467659,-0.007943651,0.0158435113,-0.009105771,-0.029985339,-0.01807051,-0.001464327,-0.000799615,0.0065521668,-0.005180821,-0.003159498
2017-07-31,0.0188,-0.0164,-0.0023,-0.0075,-0.0015,0.0163,0.0007,0.0076,0.0051,0.0061,0.0245,0.0166,0.0213,0.0368657134,0.0214900518,0.0158631662,0.020663085,0.004824223,0.0184900333,0.0172334188,-0.002071697,0.0123715593,-0.003417192,0.0560637512,0.0287601209,-0.001600591,0.0021260131,-0.008212115,0.0032019991,0.0037002252
2017-08-31,0.0018,-0.0183,-0.0213,0.002,-0.0238,0.0331,0.0009,-0.0061,-0.0203,-0.0239,0.0128,-0.0011,-0.0119,0.0309512568,0.008843723,-0.003976926,-0.0514334,0.0185604384,-0.009078966,-0.011667191,-0.015592726,-0.004678873,-0.005950947,-0.014573913,0.0198050857,0.0233250073,0.0021050744,0.0354547451,0.0154988028,0.007885635
2017-09-30,0.0249,0.0476,0.0315,-0.0154,0.0163,-0.0135,0.0009,0.0539,0.0833,0.0833,0.0136,0.0263,0.0471,0.0053019752,0.0252967115,0.1036013286,0.1102286864,0.0206090611,0.0418116311,0.0485930001,-0.005302612,0.0271704304,0.0363105524,-0.012535813,-0.019902052,-0.017486717,-0.001936829,-0.022688753,-0.014710665,-0.007949388
2017-10-31,0.0225,-0.0191,0.0013,0.0092,-0.0314,0.0421,0.0009,0.0042,0.0032,0.0096,0.0312,0.0153,0.0285,0.0763359799,-0.040918393,0.022882511,0.0038116923,-0.011449143,0.0062356091,0.0306717246,0.0001070979,0.0120999625,0.0152940497,-0.064565944,0.0312610799,-0.000751879,-0.000601544,-0.000411478,-0.001569366,-0.001464096
2017-11-30,0.0312,-0.0038,-0.0009,0.0319,-0.001,-0.0094,0.0008,0.0269,0.0271,0.0261,0.0333,0.0326,0.0322,0.0159672881,0.0270746457,0.0236215892,0.0300082812,0.0267759619,0.0128197588,0.0403121991,0.0464390932,0.0329167604,0.0790226778,0.0332686894,0.0234107274,0.000576849,-0.001937761,0.0088694113,-0.00193838,-0.003309034
2017-12-31,0.0106,-0.0105,0.0005,0.0073,0.0179,-0.0155,0.0009,0.0087,-0.0076,-0.0001,0.0098,0.0114,0.0194,-0.002249964,0.0138970026,-0.011159825,0.0483676783,-0.000534962,0.0257238537,0.0115015283,0.0284275476,0.0207900377,0.019423453,0.0447064373,-0.044773275,0.0063120213,-0.000089581,0.0167969873,0.0018513929,-0.000424741
2018-01-31,0.0558,-0.0321,-0.0132,-0.0075,-0.0105,0.0408,0.0011,0.031,0.03,0.0173,0.0649,0.056,0.0523,0.0925121782,0.0021194453,0.0197301005,0.0272093077,0.0632646579,0.0508299158,0.0612659985,0.0202109933,0.0588971635,0.0524821198,0.0346251584,-0.024812201,-0.026177823,-0.003027356,-0.031500357,-0.020882912,-0.011584515
2018-02-28,-0.0364,0.0034,-0.011,0.0053,-0.0236,0.0368,0.0011,-0.0304,-0.0376,-0.0377,-0.0258,-0.0475,-0.0404,0.0032042032,-0.065483304,-0.06061145,-0.107800658,-0.034649739,-0.037177182,-0.028691517,-0.05685386,-0.034496305,-0.068204585,-0.078732966,-0.047546482,-0.018063303,-0.000474847,-0.030788568,-0.01008181,-0.00361967
2018-03-31,-0.0235,0.0361,-0.0021,-0.0041,0.0008,-0.012,0.0012,0.0139,0.0098,0.0191,-0.0237,-0.022,-0.0331,-0.034609008,-0.014536029,-0.025652878,0.0303656979,-0.027767245,-0.031727561,-0.035078873,-0.005143343,-0.010405902,-0.01875176,-0.027687302,0.0307476917,0.0187430869,0.0018247047,0.0297988171,0.012283775,0.0059214161
2018-04-30,0.0029,0.0089,0.0053,-0.0242,0.0124,0.0045,0.0014,0.0115,0.0109,0.0233,0.0064,0.0014,0.0051,0.0086941314,-0.022062511,-0.016118215,0.0994924639,0.0057203518,-0.018770412,0.0048953535,-0.042658309,-0.002083597,0.0041140001,-0.02486554,0.0296006231,-0.017881663,-0.001884561,-0.023505571,-0.013846497,-0.00795428
2018-05-31,0.0263,0.0471,-0.0314,-0.0198,-0.0149,0.0391,0.0014,0.079,0.0749,0.0572,0.0379,0.0189,-0.0031,0.0670344845,0.0019357539,0.0476353653,0.0357768514,0.0148102241,0.0304295864,-0.001482776,-0.006563696,0.0430546626,0.006806897,-0.020913627,0.0077900512,0.0129794121,0.0035397878,0.0190184596,0.0094889799,0.0068550306
2018-06-30,0.0049,0.0077,-0.0233,0.0083,0.002,-0.0226,0.0014,0.0286,0.0022,0.0059,0.0109,0.0054,-0.0129,0.0022820346,0.0244763055,-0.030609844,0.006261327,0.0159127061,-0.026737252,-0.012870437,0.0538253532,0.0065170013,0.0206280121,0.0473557214,0.0220171915,0.0035960921,0.0004399352,0.0075088273,0.0024315385,0.0004949505
2018-07-31,0.032,-0.0193,0.0049,0.0153,0.0031,-0.0143,0.0016,0.0139,0.0218,0.0109,0.0335,0.0336,0.0463,0.0291441363,0.0466850688,-0.0037336,0.0094736645,0.0597006091,0.0563497214,0.0474502683,0.0265076865,0.0087557335,0.0394889065,0.0284404134,0.0187079145,-0.009220387,-0.000176818,-0.013918339,-0.004877399,-0.002186108
2018-08-31,0.0346,0.0065,-0.0391,-0.0029,-0.0257,0.053,0.0016,0.056,0.0336,0.0234,0.0536,0.0171,0.0081,0.079004913,0.0137104021,-0.020817447,-0.027787903,0.0441287163,-0.013905377,0.0218176376,-0.012067539,0.0342605118,0.0456343472,0.0416771981,0.0099597518,0.0130973169,0.0034941099,0.0141910707,0.0105610839,0.0069171364
2018-09-30,0.0006,-0.0249,-0.0162,0.0065,0.0136,-0.0008,0.0015,-0.0187,-0.0269,-0.0281,0.0059,0.0064,-0.0173,-0.001218979,-0.017780624,-0.034159208,0.0316988545,0.0256094108,0.0201523287,-0.021338123,0.0132995825,-0.002644582,0.0134829481,0.0150838292,-0.003278651,-0.020556302,-0.001420182,-0.029825415,-0.013224809,-0.006715536
2018-10-31,-0.0764,-0.0438,0.0338,0.0103,0.036,-0.0206,0.0019,-0.1324,-0.114,-0.0915,-0.0817,-0.06,-0.0551,-0.100570939,-0.074713255,-0.071203617,-0.118445706,-0.075567051,-0.117774685,-0.050281144,0.0062254863,-0.096212915,-0.053892357,-0.003958551,0.0000991918,-0.011142555,0.0016963125,-0.027326258,-0.002023155,0.0012502393
2018-11-30,0.0171,-0.0081,0.0036,-0.0061,0.004,-0.014,0.0018,0.0092,0.0217,0.0088,0.0149,0.0242,0.0225,-0.008553373,0.0525179297,0.0277827084,-0.021232806,0.0690622304,0.0185822155,0.0320940864,0.0141386635,0.0223917325,0.0237347943,0.021703118,0.0323343148,0.0184525187,0.0040935848,0.0205400547,0.0145785205,0.0090319048
2018-12-31,-0.0955,-0.0281,-0.0192,-0.0003,0.0024,0.0176,0.0019,-0.1196,-0.1192,-0.126,-0.0839,-0.0956,-0.1159,-0.086665922,-0.062090494,-0.1352573,-0.131709493,-0.082597417,-0.098183518,-0.113114199,-0.104029917,-0.099425777,-0.079404191,-0.095817407,-0.047181022,0.0385138153,0.0078298683,0.0526392964,0.0257104374,0.0169055108
2019-01-31,0.0836,0.0291,-0.0039,-0.0073,-0.0165,-0.0862,0.0021,0.1266,0.1036,0.1094,0.0819,0.0838,0.0912,0.0944979582,0.0696482571,0.1700745715,0.1039419216,0.0442029524,0.1369680698,0.0900339107,0.0641676116,0.1118646243,0.0577411423,0.0649693389,0.0562462871,0.0080501106,0.0026020221,0.0067912559,0.007184441,0.0048548452
2019-02-28,0.0342,0.0172,-0.0266,0.0016,-0.0154,0.005,0.0018,0.064,0.0504,0.0362,0.0375,0.0396,0.0121,0.0451325907,0.0320502034,0.0297574007,0.0229395073,0.029634666,0.0589548098,0.0155999883,0.0251938136,0.0466579294,0.0368332298,0.0325863873,0.0350910156,-0.008031676,0.000803354,-0.012556073,-0.004499817,-0.00173807
2019-03-31,0.011,-0.0352,-0.0414,0.0088,-0.009,0.0224,0.0019,-0.0066,-0.0283,-0.0425,0.0278,0.0047,-0.0191,0.0441103243,0.0257048861,-0.038980825,0.0194957951,-0.000803542,-0.025746936,-0.028347995,0.0432369736,0.0066407506,0.0168511461,0.0074361887,0.0339994295,0.0385208212,0.0065380402,0.0531210493,0.0259067235,0.0149745002
2019-04-30,0.0397,-0.0115,0.0213,0.0161,-0.0218,-0.0291,0.0021,0.0231,0.0406,0.0325,0.0401,0.0347,0.0734,0.0625139108,0.0415895605,0.0742423692,0.0023360454,-0.030499642,0.0443077847,0.0712557855,0.0319531152,0.0509037283,0.0269207903,0.0325823941,0.0076320113,-0.011299899,0.0018683616,-0.017736361,-0.004432515,0.0000960934
2019-05-31,-0.0692,-0.0156,-0.0245,-0.0048,0.0176,0.0755,0.0021,-0.0696,-0.0831,-0.099,-0.0634,-0.0673,-0.0831,-0.080460404,-0.069143142,-0.122854705,-0.121562455,-0.033414712,-0.095587184,-0.063818682,-0.051240682,-0.066975681,-0.057381937,-0.028670264,-0.01680207,0.0488671614,0.0078534613,0.067173245,0.0308312657,0.0182275402
2019-06-30,0.0699,0.0019,-0.0064,0.0045,-0.0055,-0.0224,0.0018,0.0812,0.0778,0.0641,0.0702,0.0749,0.0745,0.0761356313,0.0740935923,0.1299263257,0.0875831157,0.069590694,0.1003670278,0.063895313,0.0426519012,0.0730621208,0.0695737951,0.0496415032,0.0374332717,0.0124121393,0.0045957227,0.0098089384,0.0118206814,0.0084054342
2019-07-31,0.0122,-0.0182,0.005,-0.0013,0.0037,0.0292,0.0019,-0.0079,0.0066,-0.0057,0.0181,0.0077,0.026,0.0324292704,0.0361970523,-0.007330476,-0.025920131,-0.023067743,-0.004111643,0.0245481928,0.0169733935,0.0062965718,0.0138809828,0.0210905699,-0.010230774,0.0032941733,-0.000449562,0.003822241,0.0006518768,-0.001302029
2019-08-31,-0.0255,-0.0325,-0.0477,0.0053,-0.0062,0.0751,0.0016,-0.0419,-0.0581,-0.081,-0.0101,-0.0329,-0.0662,-0.024025044,-0.000455282,-0.071732976,-0.088183612,-0.002503558,-0.030539387,-0.053038146,-0.006137324,-0.042592224,0.0115706123,0.0145541509,0.0322787513,0.0719878458,0.0079618182,0.1066929715,0.0396136479,0.02100295
2019-09-30,0.0142,0.0029,0.0676,0.0182,0.0338,-0.0674,0.0018,-0.0249,0.0388,0.0558,0.0032,0.038,0.0576,0.0086541375,0.0314199087,0.0555489737,0.0391294386,-0.000364516,0.0494368811,0.0346129591,0.0169814889,-0.018694048,0.0208958624,0.0236497028,0.0392476899,-0.017943422,-0.001132586,-0.025907943,-0.01103338,-0.005514779
2019-10-31,0.0207,0.0025,-0.0192,0.0043,-0.0103,0.0013,0.0015,0.0439,0.0252,0.0066,0.0261,0.0165,0.0251,0.032811534,-0.001209288,0.0166123686,-0.019948074,0.0459619032,0.0154110291,0.0340561438,-0.003869944,0.0240887334,0.0000267247,0.0287016301,-0.01365264,-0.005864283,0.003236182,-0.011004042,0.0009646143,0.0025606029
2019-11-30,0.0387,0.0039,-0.02,-0.0164,-0.0114,-0.0263,0.0012,0.0606,0.0326,0.0345,0.0438,0.0321,0.03,0.0466050827,0.0139516175,0.0187300156,0.0116004365,0.0502442366,0.0498460583,0.0561524229,0.0217232758,0.0585279556,0.026445934,-0.010178577,-0.021048675,-0.007389995,-0.000572303,-0.004628441,-0.006381746,-0.00357615
2019-12-31,0.0276,0.0099,0.0173,0.0005,0.0119,-0.0222,0.0014,0.0275,0.0433,0.048,0.0276,0.0268,0.0416,0.0373829931,0.0211518853,0.0229839255,0.0605096494,0.0339801995,0.0070823763,0.027508142,0.0343900093,0.0216824388,0.0125602219,0.0222593058,0.0406390379,-0.020220838,0.0021032607,-0.030165844,-0.008208618,-0.000840554
2020-01-31,-0.0009,-0.0437,-0.0622,-0.0119,-0.0219,0.0602,0.0013,-0.0185,-0.0417,-0.0816,0.0168,-0.0209,-0.0445,0.0428226791,-0.021470778,-0.053078665,-0.11948661,-0.01788483,-0.020708952,-0.031026757,-0.003654878,0.0086196339,-0.022080905,-0.011938304,0.0482277763,0.0585156606,0.0060243565,0.0745681534,0.0339594074,0.0183020999
2020-02-29,-0.0815,0.0008,-0.0382,-0.0143,-0.0253,-0.0028,0.0012,-0.0615,-0.0873,-0.0996,-0.0706,-0.1013,-0.1089,-0.069702804,-0.084150152,-0.108815891,-0.152038538,-0.052743169,-0.09201443,-0.106150333,-0.084264045,-0.075149761,-0.076012382,-0.04229997,-0.09734175,0.0486905252,0.0082769522,0.0641878482,0.0289143475,0.0177866764
2020-03-31,-0.1335,-0.0818,-0.1383,-0.0161,0.0119,0.0821,0.0012,-0.185,-0.2146,-0.2786,-0.0897,-0.175,-0.2727,-0.081723491,-0.09814619,-0.256966319,-0.348197655,-0.045614869,-0.219784288,-0.194660602,-0.109867318,-0.181670395,-0.11841167,-0.127054621,-0.127418713,0.0620408876,0.0141855897,0.0749165151,0.0398320933,0.0263647729
2020-04-30,0.1358,0.0257,-0.0134,0.0276,-0.0102,-0.0548,0,0.1797,0.1311,0.156,0.1433,0.1084,0.1401,0.1604986943,0.1179621469,0.1265254986,0.3291800504,0.1250557277,0.0880604991,0.1091015954,0.0723135739,0.1672899422,0.1372689821,0.0976479713,0.0473396062,0.0034077023,0.0009200267,0.0053081652,0.0027071642,0.0014910192
2020-05-31,0.0559,0.0192,-0.05,0.0096,-0.0316,0.0016,0.0001,0.1129,0.0482,0.0404,0.0606,0.0357,0.0331,0.0605658245,0.0432670457,0.1055392196,0.0049154967,0.0369421389,0.0621772509,0.0218641818,0.0233442241,0.1056954476,0.0685486584,0.0597041354,0.0437639887,-0.006031304,0.0007941694,-0.016508808,0.0020986354,0.003023175
2020-06-30,0.0244,0.0195,-0.0217,0.0014,0.0055,-0.0083,0.0001,0.0542,0.0243,0.0354,0.0354,-0.0122,0.0107,0.0611373548,0.0189408152,0.0336721736,-0.001518153,-0.018171539,0.0377696729,-0.005950017,-0.004937907,0.0465717217,-0.001752756,-0.004979822,-0.045947879,0.001719615,0.0006247453,0.0019284902,0.0011643589,0.0020506158
2020-07-31,0.0583,-0.0319,-0.0144,0.0038,0.0097,0.0771,0.0001,0.0178,0.0287,0.0252,0.0726,0.0332,0.0364,0.0725900924,0.084810365,0.0646357143,-0.04873644,0.0500684366,0.0229902727,0.0305137468,0.0608369484,0.0670731639,0.0644945465,0.0614813946,0.0646509755,0.0281960112,0.0008403255,0.0444358863,0.0096182814,0.0035793007
2020-08-31,0.0762,-0.0089,-0.0302,0.0427,-0.0151,0.0046,0.0001,0.0727,0.0458,0.0538,0.0945,0.0307,0.053,0.112306461,0.0473279016,0.0689517075,-0.01116981,0.0165020252,0.0694959065,0.0425193876,0.0396901035,0.1173743834,0.0774750817,0.0367178554,-0.021806846,-0.03422726,-0.000202285,-0.049043823,-0.010261249,-0.002309576
2020-09-30,-0.0364,-0.0001,-0.0272,-0.0138,-0.0193,0.0319,0.0001,-0.0048,-0.0447,-0.0581,-0.0416,-0.0251,-0.0427,-0.063174302,-0.001925843,-0.016382417,-0.153193141,-0.018361227,-0.002168582,-0.034925802,-0.020539819,-0.017924703,-0.006308929,-0.016211238,-0.000827426,0.0057311605,0.000156774,0.0077365659,0.0028625563,0.0007226001
2020-10-31,-0.0208,0.0467,0.0425,-0.0077,-0.0057,-0.0314,0.0001,0.0061,0.0252,0.062,-0.0287,-0.0084,0.0003,-0.028028937,-0.00840675,0.0566500698,-0.044013048,-0.052755742,0.0043212886,0.0015463144,-0.03044003,-0.026424186,-0.016473927,-0.032479516,0.0429856852,-0.027024651,-0.000433148,-0.034040559,-0.014053904,-0.004597359
2020-11-30,0.1244,0.0712,0.0209,-0.0225,0.0128,-0.1255,0.0001,0.2315,0.177,0.1964,0.1048,0.1439,0.1817,0.0985620247,0.0797512743,0.166483843,0.2854641902,0.0862125512,0.186196006,0.1593902001,0.0994464478,0.1836771879,0.0993302729,0.1312141685,0.0333584946,0.0118983296,0.0004441061,0.0178950797,0.0042931452,0.001830607
2020-12-31,0.0463,0.0493,-0.0168,-0.0197,-0.0006,-0.0237,0.0001,0.1292,0.0808,0.0841,0.0445,0.0431,0.0561,0.0443556432,0.0173531742,0.0060426736,0.0531844999,0.0517883944,0.0314507974,0.0641262214,0.0437991669,0.0771314096,0.0083578925,0.0238824981,0.0097470425,-0.013709029,0.0006790351,-0.015636013,-0.004335654,0.0007568203
2021-01-31,-0.0007,0.0681,0.0322,-0.0365,0.0497,0.0431,0,0.0549,0.0504,0.1052,-0.0059,-0.0059,0.0082,-0.0000277,-0.042442953,0.0782351729,0.046492177,0.0162633477,-0.008240925,-0.011278719,-0.047348217,0.0052479461,0.0126707528,-0.021742634,-0.003882295,-0.025698508,0.0002071634,-0.032593558,-0.009175888,-0.002036716
2021-02-28,0.0281,0.045,0.072,0.0033,-0.0199,-0.079,0,0.0567,0.0948,0.0935,0.0037,0.0698,0.1109,0.0058432553,0.0008939195,0.0485884516,0.2423758684,-0.011669059,0.0860883474,0.0977090066,0.0156365316,0.032967495,-0.008335284,0.0249702555,-0.043375124,-0.054868705,-0.000797121,-0.065202474,-0.025995061,-0.012512892
2021-03-31,0.0316,-0.0084,0.0735,0.0635,0.0352,-0.0612,0,-0.0261,0.0303,0.072,0.0232,0.0508,0.0722,0.0138322545,0.0761199854,0.0721759541,0.025214884,0.0156177672,0.072628158,0.0634462382,0.0773018829,-0.009892695,0.0717029441,0.0097269539,0.0984248045,-0.038420666,-4.408081E-6,-0.045574563,-0.024253912,-0.007979422
2021-04-30,0.0497,-0.0316,-0.0102,0.0243,-0.0272,0.0123,0,0.0261,0.0151,0.0121,0.061,0.0334,0.0545,0.0716577808,0.0291289396,0.0115478967,0.010273312,0.0293580897,0.0187059538,0.0581998612,0.0310002051,0.0455954976,0.0414858133,0.0354382999,0.0388319271,0.0212848136,0.0004215329,0.0238468144,0.0106325604,0.0054783809
2021-05-31,0.0029,0.0127,0.0704,0.0234,0.0301,0.0056,0,-0.0157,0.0149,0.0605,-0.0098,0.0209,0.0548,-0.013446362,0.0226597128,0.0519421098,0.0706802479,0.0062103736,0.0333918715,0.0434646391,0.0172337479,-0.020717834,0.0043865687,-0.00667922,-0.015145575,0.0000494151,0.0008200467,0.0015441051,0.0040083471,0.003322781
2021-06-30,0.0273,-0.003,-0.0786,-0.0214,-0.0093,0.0207,0,0.0559,0.0043,-0.0136,0.0482,-0.013,-0.0396,0.0698565777,-0.021948476,-0.015961903,0.070537809,0.0356129454,-0.008554277,-0.026674742,-0.009508055,0.035672132,0.0088629254,0.0097207318,-0.013333412,0.0288205808,-0.00172844,0.0387172939,0.0102454874,-0.001217821
2021-07-31,0.0134,-0.0455,-0.0179,0.055,-0.0059,-0.0218,0,-0.0558,-0.0185,-0.0364,0.0311,0.0003,-0.0242,0.0331427847,0.0277821027,-0.032862239,-0.101441563,0.0428053759,0.0067047353,-0.007543753,0.0078473556,-0.010263535,0.0194494311,0.0013477033,0.0291566686,0.034365734,0.0019393475,0.0404433542,0.0216300111,0.0101475585
2021-08-31,0.0295,-0.0066,-0.0023,-0.0026,-0.0172,0.0263,0,0.0263,0.0154,0.0281,0.0357,0.0144,0.0294,0.05121361,0.005222146,-0.056017334,-0.010496607,0.0265173355,0.0077689072,0.0376566153,0.0006249368,0.0154275795,0.0110987217,0.0119750882,0.0322995928,-0.002346693,-0.000509085,-0.003646711,-0.004850606,-0.002780955
2021-09-30,-0.044,0.0112,0.0512,-0.0192,0.02,0.0139,0,-0.0446,-0.0342,0.0037,-0.0545,-0.0399,-0.0006,-0.06242611,-0.04894629,0.005065704,0.1185391696,-0.061388924,-0.061745123,-0.018968394,-0.049232369,-0.028462529,-0.02861917,-0.063306533,-0.047718333,-0.019979376,-0.000554194,-0.021632656,-0.013545045,-0.006958801
2021-10-31,0.0663,-0.027,-0.0053,0.0171,-0.0154,0.0332,0,0.0317,0.0384,0.0377,0.0802,0.0322,0.0634,0.077397951,0.0626773733,0.0752074844,0.098431534,0.0347723565,0.0440836062,0.0809075998,0.0395871402,0.0823254977,0.0615238057,-0.045577219,0.0538097001,0.0016405709,-0.00346538,0.0169225084,-0.005905512,-0.00875067
2021-11-30,-0.0158,-0.017,-0.0037,0.0719,0.017,0.0096,0,-0.0708,-0.0136,-0.0367,-0.0032,-0.034,-0.0447,0.0264179598,0.0073361902,0.0362327919,-0.065322384,-0.033720373,-0.017300273,-0.047284649,-0.027331485,-0.055590137,-0.001066193,-0.072331764,-0.019572666,0.0185808909,-0.000449348,0.0264278544,0.0097406036,0.0024688387
2021-12-31,0.0324,-0.0078,0.0325,0.0488,0.0429,-0.0239,0.0001,0.0002,0.0412,0.0447,0.026,0.0623,0.0466,0.0124818045,0.0934771245,0.0490529419,0.0315564825,0.0915773536,0.0368564476,0.0379728708,0.0914209341,0.0056579175,0.0413531299,0.0368738606,0.080768659,-0.009334684,-0.001994096,-0.017903132,-0.003210181,-0.002794982
2022-01-31,-0.0615,-0.0401,0.1286,0.0077,0.0773,-0.0242,0,-0.133,-0.0905,-0.0099,-0.0796,-0.0305,0.0545,-0.08155562,-0.065152018,-0.076683047,0.1940743261,-0.069460884,-0.045698381,-0.014334759,-0.000298383,-0.105280011,-0.069497994,-0.037754847,-0.021717497,-0.034221013,-0.006984917,-0.039764603,-0.02178955,-0.014728436
2022-02-28,-0.0228,0.0286,0.0306,-0.0203,0.0303,0.0166,0,-0.0001,0.0121,0.0214,-0.0355,0.0001,0.0041,-0.041031233,-0.03574233,-0.07329611,0.0723584702,-0.006385888,-0.003015513,-0.007662186,-0.008160494,-0.029465081,-0.025033488,-0.00441905,-0.006446446,-0.009845612,-0.004017545,-0.015892723,-0.003177272,-0.004425428
2022-03-31,0.0308,-0.0211,-0.019,-0.015,0.0321,0.0294,0,0.0204,0.0101,0.0055,0.0433,0.019,0.0202,0.0366577461,0.001498513,-0.068507787,0.0951049291,0.0537318151,0.0103840507,0.003194067,0.0054334919,0.0429068796,0.0242223872,-0.017110509,0.0925060149,-0.048006818,-0.014640336,-0.052991664,-0.041776905,-0.032425153
2022-04-30,-0.0941,-0.0035,0.0618,0.0341,0.0592,0.05,0,-0.1349,-0.0844,-0.0559,-0.106,-0.0673,-0.0614,-0.137006211,0.0049978488,-0.095778773,0.0021961241,-0.0565338,-0.078246906,-0.087193157,0.0227916658,-0.127993979,-0.031731892,-0.110451046,-0.041923092,-0.081331586,-0.004368916,-0.101292494,-0.043403619,-0.019910701
2022-05-31,-0.0033,-0.0003,0.0844,0.0155,0.0395,0.0254,0.0003,-0.0434,0.017,0.0408,-0.0262,0.0376,0.0583,-0.01880732,-0.009386301,0.0227174673,0.165437765,0.0141989673,0.0020507634,0.0268190221,-0.007367924,-0.046838171,-0.028835753,0.0724120622,0.0451366066,-0.003104381,0.0058961901,-0.011986549,0.0107678972,0.0085009075
2022-06-30,-0.084,0.0133,-0.06,0.0176,-0.0458,0.0109,0.0006,-0.0437,-0.0671,-0.112,-0.0725,-0.0883,-0.1242,-0.084991332,-0.082372972,-0.131321939,-0.169987998,-0.022688048,-0.106073623,-0.093627964,-0.038774478,-0.099686354,-0.073237662,-0.06987678,-0.059583704,-0.020104533,-0.006026049,-0.021846272,-0.011132095,-0.007670639
2022-07-31,0.0957,0.0178,-0.0415,0.0077,-0.0685,-0.0436,0.0008,0.1351,0.1073,0.0874,0.1143,0.0514,0.079,0.1316415933,0.0292369634,0.1546933621,0.1021413511,0.0183382328,0.1081872445,0.0708621367,0.0435402345,0.1365513319,0.0953994787,0.0026483381,0.0635913262,0.0373053084,0.0039955924,0.0339116801,0.0320785844,0.01837187
2022-08-31,-0.0377,0.0149,0.0018,-0.0478,0.0132,0.0185,0.0019,0.0041,-0.0223,-0.0234,-0.0472,-0.0204,-0.0162,-0.054928845,-0.014437259,-0.041817435,0.0450146826,-0.06011212,-0.037052755,-0.024006599,-0.020211805,-0.036571056,-0.016601768,-0.031287876,0.0044909421,-0.050796099,-0.00888045,-0.053036014,-0.0419378,-0.028714983
2022-09-30,-0.0934,-0.0097,0.0003,-0.0137,-0.0077,0.0367,0.0019,-0.0937,-0.0991,-0.0982,-0.0915,-0.0905,-0.0863,-0.115487108,-0.105034466,-0.145920487,-0.099086012,-0.012687326,-0.121640289,-0.070161034,-0.081325208,-0.087875561,-0.064677345,-0.131876921,-0.108833405,-0.070681234,-0.01236954,-0.080119824,-0.04693327,-0.029593551
2022-10-31,0.0786,0.0181,0.0797,0.0327,0.0643,0.039,0.0023,0.0716,0.1017,0.138,0.055,0.1081,0.148,0.0340981947,0.0735456584,0.1635036275,0.2217683719,0.0994338214,0.1600474005,0.115355011,0.09690639,0.0517748569,0.1131671086,0.100109551,0.0361249927,-0.037076976,-0.000088501,-0.058143823,-0.01031451,-0.003042588
2022-11-30,0.0469,-0.0275,0.0148,0.063,0.0315,-0.017,0.0029,-0.0065,0.028,0.0259,0.0513,0.0546,0.0485,0.0493960511,0.0967553221,0.0516406721,0.0038073578,0.05647018,0.089355637,0.0497333104,0.0503137494,0.0193443019,0.0692136062,0.0240731129,0.0757529354,0.0693739237,0.0075044821,0.0782035227,0.0387913711,0.0244248263
2022-12-31,-0.0638,-0.0019,0.0134,0.0032,0.0428,0.0491,0.0033,-0.0597,-0.0685,-0.0554,-0.0716,-0.0398,-0.0492,-0.087750134,-0.020963491,-0.094370948,-0.043612201,-0.01192919,-0.021888912,-0.05345006,-0.023386669,-0.086848812,-0.060880637,-0.064981561,-0.015033126,-0.022940774,0.0008667993,-0.02995537,-0.018042828,-0.007525743
2023-01-31,0.0659,0.0439,-0.0394,-0.0242,-0.0443,-0.1617,0.0035,0.1386,0.1122,0.0819,0.075,0.0545,0.053,0.1065747196,0.0280640901,0.114481961,0.039803217,-0.020491707,0.0717797982,0.0544149359,-0.006210334,0.1275551967,0.0462312485,0.1265122894,-0.014680994,0.0577142135,0.0073934887,0.070358743,0.0338056781,0.0201720537
2023-02-28,-0.0257,0.0058,-0.008,0.0097,-0.0151,0.0055,0.0034,-0.025,-0.0135,-0.0176,-0.0139,-0.0364,-0.0374,-0.007652778,-0.036269975,-0.0256348,-0.073413189,-0.035957213,-0.014926501,-0.027198768,-0.019448101,-0.008056639,-0.036563625,-0.066620059,-0.04929047,-0.045472181,-0.00798342,-0.048891947,-0.032433521,-0.022258359
2023-03-31,0.0249,-0.0689,-0.0905,0.0227,-0.021,-0.0235,0.0036,-0.0356,-0.0337,-0.094,0.0673,-0.0109,-0.0554,0.1120074512,0.0167675498,-0.019204452,-0.00657755,0.037936911,0.0047482157,-0.08664374,0.0298591317,0.00645071,0.0127661392,0.0035331403,0.0400524733,0.0521838276,0.0171097698,0.05348586,0.0393833205,0.0299010765
2023-04-30,0.0063,-0.0257,-0.0012,0.0242,0.0285,0.0176,0.0035,-0.013,-0.0222,-0.0264,0.0104,0.0076,0.0214,0.009636412,0.0280308365,-0.030629227,0.0284097958,0.0437938304,-0.01639035,0.0263630449,0.0317218222,-0.03255739,0.0234140378,0.0141918129,0.0138363022,0.0043833059,0.0027574468,0.0010104002,0.0077888877,0.0069256358
2023-05-31,0.0033,-0.0043,-0.0779,-0.0178,-0.0708,-0.0088,0.0036,0.009,0.0125,-0.0435,0.0397,-0.0461,-0.0636,0.0883813386,-0.085654697,-0.047625344,-0.095296275,-0.039195173,-0.037691167,-0.035005262,-0.052066592,0.0305420282,-0.048773491,-0.087473401,-0.057305833,-0.026729831,-0.00408093,-0.03182111,-0.01543665,-0.010006706
2023-06-30,0.0646,0.0128,-0.0013,0.0232,-0.0154,-0.0269,0.004,0.0752,0.08,0.0822,0.0714,0.0593,0.062,0.0605413742,0.0879949482,0.1612296311,0.0683546198,0.0530924053,0.1137729972,0.0575637804,0.0266436532,0.101667654,0.0733336757,0.040940043,0.0234578018,-0.004640998,-0.005613298,0.0018772383,-0.013884258,-0.013214657
2023-07-31,0.0321,0.0286,0.0406,-0.0059,0.0066,-0.0406,0.0045,0.0513,0.0635,0.0918,0.0291,0.0461,0.0699,0.0395809682,0.0195535002,0.0104413321,0.0715837392,-0.00098081,0.031959464,0.0640388696,0.0236380444,0.040418332,0.0256956607,0.0089576733,0.0273411979,-0.014884001,0.0037466484,-0.022517133,-0.004780067,0.0016069658
2023-08-31,-0.0236,-0.0365,-0.0115,0.0335,-0.0241,0.0378,0.0045,-0.0776,-0.0547,-0.0542,-0.0088,-0.0282,-0.0552,-0.010393995,-0.024785283,-0.058502062,0.0179535927,0.0086791101,-0.018150881,-0.040966305,-0.040824844,-0.032845925,-0.022328414,-0.004896111,-0.05590978,-0.022478671,0.0039551853,-0.031977178,-0.007424019,-0.000542832
2023-09-30,-0.0523,-0.0178,0.0149,0.0187,-0.0077,0.0033,0.0043,-0.0676,-0.0586,-0.0609,-0.054,-0.0272,-0.0308,-0.062042796,-0.063946675,-0.017579485,0.0286354685,-0.045422869,-0.065874284,-0.019026664,-0.048185577,-0.056841514,-0.041375722,-0.028714246,-0.051910499,-0.061199045,-0.000291868,-0.077843749,-0.02992329,-0.011863897
2023-10-31,-0.0315,-0.0403,0.002,0.0241,-0.0069,0.0167,0.0047,-0.0912,-0.0601,-0.062,-0.0181,-0.0361,-0.0433,-0.009001026,-0.02230211,-0.10352267,-0.065141695,-0.041331519,-0.029188475,-0.020658937,-0.033710776,-0.065754465,-0.017022088,0.0012485823,0.012464954,-0.043914273,0.0029874343,-0.058453256,-0.020849338,-0.006601149
2023-11-30,0.0888,-0.002,0.0167,-0.0373,-0.0108,0.0256,0.0044,0.0977,0.0894,0.1042,0.0955,0.0763,0.1224,0.1176740458,0.0594714778,0.0866443821,-0.012000937,0.0587902615,0.0920174287,0.0942259278,0.0460348177,0.1201535501,0.0645881474,0.0736913904,0.0515367684,0.0833499862,0.0116016844,0.1069824608,0.0483602678,0.0291951051
2023-12-31,0.0486,0.0727,0.0489,-0.0297,0.0129,-0.0553,0.0043,0.1228,0.1195,0.1531,0.0425,0.0539,0.11,0.0381443831,0.0299847566,0.1297170193,0.0027363659,0.0539607087,0.0761460621,0.0617836211,0.0318080889,0.0885854262,0.0717498432,0.0274408712,0.0178399308,0.0756924338,0.0110050725,0.0864459123,0.0372528232,0.0230202497
2024-01-31,0.0073,-0.0572,-0.0238,0.0067,-0.0097,0.0542,0.0047,-0.0411,-0.0423,-0.0514,0.0174,0.0197,-0.02,0.0333788806,-0.000635062,-0.002040406,0.0019523435,0.0400176373,-0.017220214,0.0084812148,-0.013351078,-0.023136804,0.0065409142,0.0457279182,-0.033962618,-0.007323474,0.0040611465,-0.018369423,0.0026393651,0.0042529922
2024-02-29,0.0507,-0.0082,-0.0343,-0.0206,-0.0217,0.049,0.0042,0.0652,0.0513,0.0239,0.0554,0.0641,0.0281,0.0684346498,0.03394014,0.0743349457,0.0308426523,0.0401854262,0.0687516723,0.0345744957,0.0154860467,0.0686827712,0.0715189116,-0.01743078,0.0042336395,-0.030685279,-0.004925284,-0.030869372,-0.023796181,-0.015544316
2024-03-31,0.0284,-0.0121,0.0416,0.0133,0.0114,-0.0032,0.0043,0.0108,0.0291,0.0368,0.0235,0.0474,0.0808,0.025852811,0.0408385187,0.0795221641,0.1000467139,0.0252032263,0.048535382,0.0503389123,0.0405463608,0.0106985082,0.028047679,0.0312393681,0.0699724151,0.0143096528,0.0028942705,0.0113416209,0.0078107181,0.0047516224
2024-04-30,-0.0465,-0.0259,-0.0045,0.0114,-0.0031,-0.0043,0.0047,-0.0801,-0.0683,-0.0633,-0.0329,-0.0489,-0.0588,-0.042586495,-0.032693689,-0.086698582,-0.002579214,-0.052443705,-0.028868386,-0.040021635,-0.012861852,-0.054327464,-0.05871386,-0.059277678,0.0129874147,-0.051300697,-0.003817525,-0.063897709,-0.030516697,-0.01764542
2024-05-31,0.0432,0.0059,-0.0131,0.0317,-0.0285,-0.0016,0.0044,0.0565,0.0481,0.043,0.056,0.0317,0.0433,0.0816080735,0.0227602597,0.0230020714,-0.003244245,0.031906348,0.0336429686,0.037371635,0.0176802688,0.0174308768,0.0271829143,0.0313237111,0.0764023177,0.0251328984,0.0071586906,0.026674619,0.0172039701,0.0128579884
2024-06-30,0.028,-0.0432,-0.0336,0.0056,-0.018,0.0085,0.0041,-0.0069,-0.0264,-0.0172,0.0514,-0.0065,-0.0054,0.0764870235,-0.019162403,-0.023413834,-0.028025881,0.0357309547,-0.013942803,-0.002711569,-0.015124931,0.0229870467,0.0031147152,0.00666054,-0.031662042,0.0149042364,0.0052968437,0.0166821741,0.0115860962,0.0087993873
2024-07-31,0.0122,0.0834,0.0562,0.0026,0.0028,-0.0235,0.0045,0.0857,0.0986,0.1306,-0.0027,0.0484,0.0649,-0.019591739,0.0133489855,-0.008951184,0.0203932771,0.0029341135,0.0422301403,0.0821708497,0.0547852503,0.035023464,0.0269309902,0.0510062388,0.0692914187,0.0421839163,0.0126872516,0.0459290375,0.0326472528,0.0242794264
2024-08-31,0.0161,-0.0355,-0.011,0.0076,0.0082,0.0481,0.0048,0.0015,-0.0222,-0.0221,0.0237,0.0128,0.0254,0.0065649475,0.0478804537,0.0194875991,-0.024179149,0.0764203868,0.0016418813,0.0325475368,0.0444167635,0.0141286935,0.0386223054,0.0243583938,0.0491768088,0.0156674238,0.0093169593,0.0194515427,0.0134128083,0.0117374491
2024-09-30,0.0173,-0.0092,-0.0276,0.002,-0.0029,-0.0062,0.004,0.0165,0.0097,-0.0011,0.0285,0.0095,-0.0091,0.0302488744,0.0195487701,-0.015802077,-0.026641138,-0.021751963,0.0293133376,-0.010110071,0.0118076518,0.0458734722,0.0353086116,0.05104144,0.0486098455,0.0186081413,0.0081476144,0.0163463894,0.0125729392,0.0103390484
2024-10-31,-0.01,-0.0089,0.0086,-0.0148,0.0098,0.03,0.0039,-0.001,-0.0154,-0.0115,-0.0086,-0.0086,0.0191,-0.003091674,-0.050084867,0.0009271175,-0.0057493,-0.031735003,-0.037122777,0.0139726935,-0.024224654,0.000249624,-0.012234044,0.0334759818,0.0175574856,-0.049208731,-0.006535801,-0.054505941,-0.033401868,-0.021803597
2024-11-30,0.0649,0.0459,0.0016,-0.0231,-0.0205,0.01,0.004,0.1437,0.1083,0.1101,0.0645,0.0626,0.1012,0.0540035052,0.0495402488,0.095294308,0.0616021083,-0.009600037,0.0723015685,0.1107405083,0.0213727336,0.1075339385,0.0968617892,0.0690543133,0.0755715859,0.0184302594,0.0031303801,0.0202209962,0.0109362269,0.0070642743
2024-12-31,-0.0315,-0.0383,-0.03,0.0189,-0.0121,-0.003,0.0037,-0.0695,-0.0855,-0.0715,-0.0079,-0.0714,-0.0659,0.0065962779,-0.081702649,-0.072737614,-0.08874998,-0.044525055,-0.072354088,-0.073602095,-0.059645941,0.0023032906,-0.056633227,-0.088325302,-0.077188563,-0.046485518,0.0018459368,-0.062759467,-0.023456316,-0.009707082
2025-01-31,0.028,-0.0123,0.0163,-0.0235,-0.0324,0.0096,0.0037,0.0187,0.0298,0.0187,0.0265,0.0406,0.0591,,,,,,,,,,,,,0.0071011582,0.0044100177,0.0046779175,0.0067111986,0.0059311775
2025-02-28,-0.0243,-0.0491,0.0491,0.0108,0.0306,-0.0082,0.0033,-0.0758,-0.0712,-0.0344,-0.0312,-0.0019,0.0256,,,,,,,,,,,,,0.0460894828,0.0072939145,0.0566109456,0.0283871627,0.0174916017
2025-03-31,-0.0639,-0.0149,0.029,0.0211,-0.0047,-0.0284,0.0034,-0.0787,-0.0714,-0.0639,-0.0743,-0.0259,-0.0311,,,,,,,,,,,,,-0.004295522,0.0047389223,-0.012348323,0.0037087766,0.0060024694
2025-04-30,-0.0084,-0.0186,-0.0341,-0.0285,-0.0267,0.0497,0.0035,-0.0115,-0.0245,-0.0448,0.0083,-0.0449,-0.0266,,,,,,,,,,,,,-0.00720891,0.0082386052,-0.014427777,0.0100654363,0.0131632402
2025-05-31,0.0606,-0.0072,-0.0288,0.0129,0.0251,0.0221,0.0038,0.0633,0.0436,0.0547,0.0778,0.034,0.0287,,,,,,,,,,,,,-0.024887404,-0.002441166,-0.031459181,-0.012170753,-0.007358736
2025-06-30,0.0486,-0.0002,-0.0161,-0.032,0.0144,-0.0264,0.0034,0.0649,0.0564,0.0478,0.056,0.0471,0.041,,,,,,,,,,,,,0.0228976929,0.0062824711,0.0269717791,0.0161143658,0.0113106101
2025-07-31,0.0198,-0.0014,-0.0127,-0.0028,-0.0207,-0.0097,0.0034,0.0178,0.0138,0.0212,0.0297,0.0142,0.0009,,,,,,,,,,,,,-0.00625304,-0.000710126,-0.010169097,-0.005701523,-0.003650739
2025-08-31,0.0185,0.0488,0.0442,-0.0069,0.0208,-0.0354,0.0038,0.0583,0.0755,0.0925,0.0146,0.0268,0.0688,,,,,,,,,,,,,0.0073252533,0.0087006632,-0.000915718,0.0162560588,0.0145943012
2025-09-30,0.0339,-0.0218,-0.0105,-0.0205,-0.0222,0.0463,0.0033,0.0091,0.0188,0.0074,0.0477,0.0146,0.0285,,,,,,,,,,,,,0.0246892443,0.0031101133,0.0366297078,0.0071117454,0.0018564271
2025-10-31,0.0196,-0.0131,-0.031,-0.0524,-0.0403,0.0027,0.0037,0.0307,0.018,-0.015,0.0335,-0.0007,0.0173,,,,,,,,,,,,,0.0109823073,0.0034183808,0.0141659643,0.0069280899,0.0048645016
2025-11-30,-0.0013,0.0147,0.0376,0.0144,0.0068,-0.018,0.003,-0.0004,0.0229,0.0346,-0.0073,0.0201,0.0329,,,,,,,,,,,,,0.0064350584,0.0044157563,0.0030215315,0.0102080888,0.0074666299
2025-12-31,-0.0036,-0.0022,0.0242,0.004,0.0037,-0.0241,0.0034,-0.0011,0.0081,0.0042,-0.0053,0.0105,0.0379,,,,,,,,,,,,,-0.015974078,0.0033802665,-0.0262925,-0.007669487,-0.001473501
2026-01-31,0.0103,0.0326,0.0372,0.0182,0.0183,0.0496,0.003,0.0151,0.0611,0.0647,-0.0009,0.0518,0.024,,,,,,,,,,,,,,,,,
2026-02-28,-0.0117,0.0063,0.0283,0.0162,0.0507,0.0133,0.0028,-0.0275,0.021,0.0125,-0.0215,0.0282,-0.0049,,,,,,,,,,,,,,,,,
