scenario_id,strategy,family,allocation_pair,budget_mode,n_months,first_date,last_date,ann_return,ann_vol,sharpe,max_drawdown,cvar_1pct_monthly,final_wealth,avg_monthly_turnover,ann_turnover,avg_tcost_paid_monthly,ann_tcost_drag,avg_w_eq,avg_w_bd,avg_w_cash,gamma,tau,tcost_one_way,prob_smooth_halflife,shrink_k,strategy_name,feature_design,lambda_turnover,effective_trade_penalty,max_monthly_turnover,both_good_n,equity_good_only_n,bond_good_only_n,both_bad_n,both_good_avg_eq,both_good_avg_bd,both_good_avg_cash,equity_good_only_avg_eq,equity_good_only_avg_bd,equity_good_only_avg_cash,bond_good_only_avg_eq,bond_good_only_avg_bd,bond_good_only_avg_cash,both_bad_avg_eq,both_bad_avg_bd,both_bad_avg_cash
z_smooth_only,z_smooth_only__RF_return_sortino_vs_bond__cash_allowed__g3p0__tau1p0__c0p0005__phl0p0__l10p001,RF,return_sortino_vs_bond,cash_allowed,345,1996-02-29,2024-10-31,0.0471242333703092,0.05782409440265458,0.8149584331085663,-0.12785235505892367,-0.052008457850254014,368.5312276716616,0.061565217391304355,0.7387826086956523,3.0782608695652175e-05,0.0003693913043478261,0.3471884057971015,0.5830724637681161,0.0697391304347826,3.0,1.0,0.0005,0.0,36.0,z_smooth_only__RF_return_sortino_vs_bond__cash_allowed__g3p0__tau1p0__c0p0005__phl0p0__l10p001,z_smooth_only,0.001,0.0015,1.0,163,88,69,25,0.4229447852760736,0.5770552147239264,-9.535657880216069e-18,0.5693181818181818,0.3518181818181818,0.07886363636363634,0.0017391304347826085,0.9915942028985507,0.006666666666666666,0.024800000000000003,0.3088,0.6664
z_smooth_only,z_smooth_only__RF_return_sortino_vs_bond__cash_allowed__g3p0__tau3p0__c0p0005__phl0p0__l10p0,RF,return_sortino_vs_bond,cash_allowed,345,1996-02-29,2024-10-31,0.0471242333703092,0.05782409440265458,0.8149584331085663,-0.12785235505892367,-0.052008457850254014,368.5312276716616,0.061565217391304355,0.7387826086956523,3.0782608695652175e-05,0.0003693913043478261,0.3471884057971015,0.5830724637681161,0.0697391304347826,3.0,3.0,0.0005,0.0,36.0,z_smooth_only__RF_return_sortino_vs_bond__cash_allowed__g3p0__tau3p0__c0p0005__phl0p0__l10p0,z_smooth_only,0.0,0.0015,1.0,163,88,69,25,0.4229447852760736,0.5770552147239264,-9.535657880216069e-18,0.5693181818181818,0.3518181818181818,0.07886363636363634,0.0017391304347826085,0.9915942028985507,0.006666666666666666,0.024800000000000003,0.3088,0.6664
z_smooth_only,z_smooth_only__RF_return_sortino_vs_bond__cash_allowed__g3p0__tau1p0__c0p001__phl0p0__l10p0005,RF,return_sortino_vs_bond,cash_allowed,345,1996-02-29,2024-10-31,0.04675484206596138,0.05780972450231051,0.8087712312846725,-0.128499238842404,-0.05202095785025401,364.6611701391149,0.061565217391304355,0.7387826086956523,6.156521739130435e-05,0.0007387826086956522,0.3471884057971015,0.5830724637681161,0.0697391304347826,3.0,1.0,0.001,0.0,36.0,z_smooth_only__RF_return_sortino_vs_bond__cash_allowed__g3p0__tau1p0__c0p001__phl0p0__l10p0005,z_smooth_only,0.0005,0.0015,1.0,163,88,69,25,0.4229447852760736,0.5770552147239264,-9.535657880216069e-18,0.5693181818181818,0.3518181818181818,0.07886363636363634,0.0017391304347826085,0.9915942028985507,0.006666666666666666,0.024800000000000003,0.3088,0.6664
z_smooth_only,z_smooth_only__RF_return_sortino_vs_bond__cash_allowed__g3p0__tau1p0__c0p0005__phl0p0__l10p0005,RF,return_sortino_vs_bond,cash_allowed,345,1996-02-29,2024-10-31,0.048022406020107614,0.06092170903051362,0.7882642621869785,-0.1179098318517946,-0.05868107327734404,376.1081346295946,0.08197101449275362,0.9836521739130435,4.0985507246376814e-05,0.0004918260869565217,0.36892753623188407,0.5588985507246377,0.07217391304347825,3.0,1.0,0.0005,0.0,36.0,z_smooth_only__RF_return_sortino_vs_bond__cash_allowed__g3p0__tau1p0__c0p0005__phl0p0__l10p0005,z_smooth_only,0.0005,0.001,1.0,163,88,69,25,0.4543558282208589,0.545644171779141,-9.535657880216069e-18,0.5988636363636364,0.3195454545454545,0.08159090909090909,0.0,0.9991304347826087,0.0008695652173913035,0.0208,0.2728,0.7064
z_plus_zsmooth,z_plus_zsmooth__LOGIT_return_sortino_vs_bond__cash_allowed__g5p0__tau1p0__c0p0005__phl0p0__l10p0005,LOGIT,return_sortino_vs_bond,cash_allowed,345,1996-02-29,2024-10-31,0.04388341905301843,0.05609682326138375,0.782279931406154,-0.07328522133004611,-0.05127891915227409,336.8157571818175,0.18156521739130435,2.178782608695652,9.078260869565218e-05,0.0010893913043478261,0.3405217391304348,0.4742608695652174,0.18521739130434783,5.0,1.0,0.0005,0.0,36.0,z_plus_zsmooth__LOGIT_return_sortino_vs_bond__cash_allowed__g5p0__tau1p0__c0p0005__phl0p0__l10p0005,z_plus_zsmooth,0.0005,0.001,1.08,162,90,57,36,0.39987654320987653,0.5981481481481482,0.001975308641975284,0.585111111111111,0.082,0.33288888888888885,0.0,0.9915789473684211,0.008421052631578947,0.0011111111111111111,0.07833333333333334,0.9205555555555556
z_smooth_only,z_smooth_only__RF_return_sortino_vs_bond__cash_allowed__g3p0__tau1p0__c0p001__phl0p0__l10p0,RF,return_sortino_vs_bond,cash_allowed,345,1996-02-29,2024-10-31,0.047530579933151074,0.06090139733464867,0.7804513855728802,-0.11859862461323345,-0.05870107327734404,370.8600573713406,0.08197101449275362,0.9836521739130435,8.197101449275363e-05,0.0009836521739130435,0.36892753623188407,0.5588985507246377,0.07217391304347825,3.0,1.0,0.001,0.0,36.0,z_smooth_only__RF_return_sortino_vs_bond__cash_allowed__g3p0__tau1p0__c0p001__phl0p0__l10p0,z_smooth_only,0.0,0.001,1.0,163,88,69,25,0.4543558282208589,0.545644171779141,-9.535657880216069e-18,0.5988636363636364,0.3195454545454545,0.08159090909090909,0.0,0.9991304347826087,0.0008695652173913035,0.0208,0.2728,0.7064
z_plus_zsmooth,z_plus_zsmooth__LOGIT_return_sortino_vs_bond__cash_allowed__g3p0__tau5p0__c0p0005__phl0p0__l10p001,LOGIT,return_sortino_vs_bond,cash_allowed,345,1996-02-29,2024-10-31,0.05192551612079878,0.06658191624572024,0.7798741617644032,-0.11870041278989651,-0.06776175445073006,416.203720648263,0.07431884057971015,0.8918260869565218,3.715942028985507e-05,0.00044591304347826085,0.3656231884057971,0.5477101449275362,0.08666666666666666,3.0,5.0,0.0005,0.0,36.0,z_plus_zsmooth__LOGIT_return_sortino_vs_bond__cash_allowed__g3p0__tau5p0__c0p0005__phl0p0__l10p001,z_plus_zsmooth,0.001,0.0035,1.1600000000000001,162,90,57,36,0.42567901234567906,0.5687654320987655,0.005555555555555552,0.6257777777777779,0.31022222222222223,0.06399999999999997,0.00456140350877193,0.9585964912280702,0.0368421052631579,0.016666666666666666,0.3961111111111112,0.5872222222222221
z_plus_zsmooth,z_plus_zsmooth__LOGIT_return_sortino_vs_bond__cash_allowed__g3p0__tau3p0__c0p0005__phl0p0__l10p0025,LOGIT,return_sortino_vs_bond,cash_allowed,345,1996-02-29,2024-10-31,0.049427235704740974,0.0635017957435329,0.7783596530776012,-0.11870041278989663,-0.06408240651282827,389.70317359256677,0.06168115942028986,0.7401739130434783,3.084057971014493e-05,0.00037008695652173914,0.3232463768115942,0.5939130434782608,0.08284057971014493,3.0,3.0,0.0005,0.0,36.0,z_plus_zsmooth__LOGIT_return_sortino_vs_bond__cash_allowed__g3p0__tau3p0__c0p0005__phl0p0__l10p0025,z_plus_zsmooth,0.0025,0.004,1.12,162,90,57,36,0.37419753086419755,0.6112345679012345,0.014567901234567887,0.5517777777777778,0.39044444444444437,0.05777777777777777,0.008070175438596491,0.9466666666666667,0.045263157894736845,0.02166666666666667,0.46611111111111125,0.512222222222222
z_smooth_only,z_smooth_only__LOGIT_return_sortino_vs_bond__cash_allowed__g0p5__tau1p0__c0p0005__phl0p0__l10p0,LOGIT,return_sortino_vs_bond,cash_allowed,345,1996-02-29,2024-10-31,0.08082996880235131,0.1043653750269161,0.7744902826392858,-0.1633682353450001,-0.09719675000000001,867.1985152095153,0.152231884057971,1.826782608695652,7.611594202898551e-05,0.0009133913043478262,0.6975072463768116,0.21768115942028984,0.08481159420289855,0.5,1.0,0.0005,0.0,36.0,z_smooth_only__LOGIT_return_sortino_vs_bond__cash_allowed__g0p5__tau1p0__c0p0005__phl0p0__l10p0,z_smooth_only,0.0,0.0005,2.0,149,107,55,34,0.8919463087248323,0.1080536912751678,-2.514766918194566e-18,0.997570093457944,0.0,0.002429906542056075,0.0,1.0,0.0,0.029411764705882353,0.11764705882352941,0.8529411764705882
z_plus_zsmooth,z_plus_zsmooth__RF_return_sortino_vs_bond__cash_allowed__g3p0__tau1p0__c0p0005__phl0p0__l10p0005,RF,return_sortino_vs_bond,cash_allowed,345,1996-02-29,2024-10-31,0.04524901846591655,0.058485726883074816,0.7736762604725557,-0.11692433001597125,-0.057778987545883,348.81898940043754,0.09785507246376814,1.1742608695652177,4.892753623188406e-05,0.0005871304347826087,0.34863768115942023,0.5794782608695652,0.0718840579710145,3.0,1.0,0.0005,0.0,36.0,z_plus_zsmooth__RF_return_sortino_vs_bond__cash_allowed__g3p0__tau1p0__c0p0005__phl0p0__l10p0005,z_plus_zsmooth,0.0005,0.001,1.0,165,83,72,25,0.44206060606060615,0.5579393939393938,3.0278809762504268e-18,0.5600000000000002,0.356144578313253,0.08385542168674699,0.005555555555555556,0.9944444444444444,0.0,0.0184,0.268,0.7136
z_plus_zsmooth,z_plus_zsmooth__LOGIT_return_sortino_vs_bond__cash_allowed__g3p0__tau1p0__c0p001__phl0p0__l10p0025,LOGIT,return_sortino_vs_bond,cash_allowed,345,1996-02-29,2024-10-31,0.05147960307732051,0.06657648342039925,0.7732400456216795,-0.11870041278989663,-0.06776175445073006,410.9277437056747,0.07431884057971015,0.8918260869565218,7.431884057971014e-05,0.0008918260869565217,0.3656231884057971,0.5477101449275362,0.08666666666666666,3.0,1.0,0.001,0.0,36.0,z_plus_zsmooth__LOGIT_return_sortino_vs_bond__cash_allowed__g3p0__tau1p0__c0p001__phl0p0__l10p0025,z_plus_zsmooth,0.0025,0.0035,1.1600000000000001,162,90,57,36,0.42567901234567906,0.5687654320987655,0.005555555555555552,0.6257777777777779,0.31022222222222223,0.06399999999999997,0.00456140350877193,0.9585964912280702,0.0368421052631579,0.016666666666666666,0.3961111111111112,0.5872222222222221
z_plus_zsmooth,z_plus_zsmooth__LOGIT_return_sortino_vs_bond__cash_allowed__g3p0__tau3p0__c0p001__phl0p0__l10p0005,LOGIT,return_sortino_vs_bond,cash_allowed,345,1996-02-29,2024-10-31,0.05147960307732051,0.06657648342039925,0.7732400456216795,-0.11870041278989663,-0.06776175445073006,410.9277437056747,0.07431884057971015,0.8918260869565218,7.431884057971014e-05,0.0008918260869565217,0.3656231884057971,0.5477101449275362,0.08666666666666666,3.0,3.0,0.001,0.0,36.0,z_plus_zsmooth__LOGIT_return_sortino_vs_bond__cash_allowed__g3p0__tau3p0__c0p001__phl0p0__l10p0005,z_plus_zsmooth,0.0005,0.0035,1.1600000000000001,162,90,57,36,0.42567901234567906,0.5687654320987655,0.005555555555555552,0.6257777777777779,0.31022222222222223,0.06399999999999997,0.00456140350877193,0.9585964912280702,0.0368421052631579,0.016666666666666666,0.3961111111111112,0.5872222222222221
z_plus_zsmooth,z_plus_zsmooth__LOGIT_return_sortino_vs_bond__cash_allowed__g3p0__tau3p0__c0p001__phl0p0__l10p001,LOGIT,return_sortino_vs_bond,cash_allowed,345,1996-02-29,2024-10-31,0.049057148748219245,0.06349527011201432,0.7726110726306973,-0.11870041278989663,-0.06408240651282827,385.59921112202187,0.06168115942028986,0.7401739130434783,6.168115942028986e-05,0.0007401739130434783,0.3232463768115942,0.5939130434782608,0.08284057971014493,3.0,3.0,0.001,0.0,36.0,z_plus_zsmooth__LOGIT_return_sortino_vs_bond__cash_allowed__g3p0__tau3p0__c0p001__phl0p0__l10p001,z_plus_zsmooth,0.001,0.004,1.12,162,90,57,36,0.37419753086419755,0.6112345679012345,0.014567901234567887,0.5517777777777778,0.39044444444444437,0.05777777777777777,0.008070175438596491,0.9466666666666667,0.045263157894736845,0.02166666666666667,0.46611111111111125,0.512222222222222
z_smooth_only,z_smooth_only__LOGIT_return_sortino_vs_bond__cash_allowed__g1p0__tau1p0__c0p0005__phl0p0__l10p0,LOGIT,return_sortino_vs_bond,cash_allowed,345,1996-02-29,2024-10-31,0.07968707162252663,0.10334451460114374,0.7710817737165577,-0.16336823534500022,-0.09719675000000001,841.8860569410244,0.15142028985507247,1.8170434782608695,7.571014492753623e-05,0.0009085217391304348,0.6832463768115942,0.22701449275362318,0.08973913043478261,1.0,1.0,0.0005,0.0,36.0,z_smooth_only__LOGIT_return_sortino_vs_bond__cash_allowed__g1p0__tau1p0__c0p0005__phl0p0__l10p0,z_smooth_only,0.0,0.0005,2.0,149,107,55,34,0.8707382550335571,0.12926174496644294,-7.916858816538449e-19,0.9852336448598131,0.0005607476635514019,0.014205607476635514,0.0,1.0,0.0,0.01647058823529412,0.11764705882352941,0.8658823529411764
z_plus_zsmooth,z_plus_zsmooth__LOGIT_return_sortino_vs_bond__cash_allowed__g3p0__tau3p0__c0p0005__phl0p0__l10p001,LOGIT,return_sortino_vs_bond,cash_allowed,345,1996-02-29,2024-10-31,0.05729407924950407,0.07434088109363157,0.7706941107859988,-0.11870041278989663,-0.07374833963314893,477.82967113762726,0.10388405797101448,1.2466086956521738,5.1942028985507244e-05,0.0006233043478260869,0.456463768115942,0.44834782608695656,0.09518840579710144,3.0,3.0,0.0005,0.0,36.0,z_plus_zsmooth__LOGIT_return_sortino_vs_bond__cash_allowed__g3p0__tau3p0__c0p0005__phl0p0__l10p001,z_plus_zsmooth,0.001,0.0025,1.48,162,90,57,36,0.5391358024691358,0.45864197530864204,0.002222222222222214,0.7757777777777777,0.15622222222222223,0.06799999999999999,0.0,0.9729824561403508,0.027017543859649124,0.008888888888888889,0.30166666666666664,0.6894444444444444
z_plus_zsmooth,z_plus_zsmooth__LOGIT_return_sortino_vs_bond__cash_allowed__g3p0__tau5p0__c0p0005__phl0p0__l10p0,LOGIT,return_sortino_vs_bond,cash_allowed,345,1996-02-29,2024-10-31,0.05729407924950407,0.07434088109363157,0.7706941107859988,-0.11870041278989663,-0.07374833963314893,477.82967113762726,0.10388405797101448,1.2466086956521738,5.1942028985507244e-05,0.0006233043478260869,0.456463768115942,0.44834782608695656,0.09518840579710144,3.0,5.0,0.0005,0.0,36.0,z_plus_zsmooth__LOGIT_return_sortino_vs_bond__cash_allowed__g3p0__tau5p0__c0p0005__phl0p0__l10p0,z_plus_zsmooth,0.0,0.0025,1.48,162,90,57,36,0.5391358024691358,0.45864197530864204,0.002222222222222214,0.7757777777777777,0.15622222222222223,0.06799999999999999,0.0,0.9729824561403508,0.027017543859649124,0.008888888888888889,0.30166666666666664,0.6894444444444444
z_smooth_only,z_smooth_only__LOGIT_return_sortino_vs_bond__cash_allowed__g0p25__tau1p0__c0p0005__phl0p0__l10p001,LOGIT,return_sortino_vs_bond,cash_allowed,345,1996-02-29,2024-10-31,0.08288474087368623,0.10780256892352313,0.7688568250399116,-0.20319350045081208,-0.11095075000000001,909.5821307357966,0.10527536231884058,1.2633043478260868,5.2637681159420295e-05,0.0006316521739130436,0.6965217391304348,0.23455072463768117,0.06892753623188407,0.25,1.0,0.0005,0.0,36.0,z_smooth_only__LOGIT_return_sortino_vs_bond__cash_allowed__g0p25__tau1p0__c0p0005__phl0p0__l10p001,z_smooth_only,0.001,0.0015,2.0,149,107,55,34,0.8918120805369127,0.10818791946308726,0.0,0.9914018691588785,0.007476635514018692,0.0011214953271028037,0.0,1.0,0.0,0.039411764705882354,0.2647058823529412,0.6958823529411765
z_smooth_only,z_smooth_only__LOGIT_return_sortino_vs_bond__cash_allowed__g0p25__tau3p0__c0p0005__phl0p0__l10p0,LOGIT,return_sortino_vs_bond,cash_allowed,345,1996-02-29,2024-10-31,0.08288474087368623,0.10780256892352313,0.7688568250399116,-0.20319350045081208,-0.11095075000000001,909.5821307357966,0.10527536231884058,1.2633043478260868,5.2637681159420295e-05,0.0006316521739130436,0.6965217391304348,0.23455072463768117,0.06892753623188407,0.25,3.0,0.0005,0.0,36.0,z_smooth_only__LOGIT_return_sortino_vs_bond__cash_allowed__g0p25__tau3p0__c0p0005__phl0p0__l10p0,z_smooth_only,0.0,0.0015,2.0,149,107,55,34,0.8918120805369127,0.10818791946308726,0.0,0.9914018691588785,0.007476635514018692,0.0011214953271028037,0.0,1.0,0.0,0.039411764705882354,0.2647058823529412,0.6958823529411765
z_plus_zsmooth,z_plus_zsmooth__RF_return_sortino_vs_bond__cash_allowed__g3p0__tau1p0__c0p0005__phl0p0__l10p0,RF,return_sortino_vs_bond,cash_allowed,345,1996-02-29,2024-10-31,0.04688168160254697,0.06135793074091746,0.764068817778485,-0.111801713357505,-0.061880854612120666,363.66178076785144,0.1569855072463768,1.8838260869565215,7.849275362318841e-05,0.0009419130434782609,0.3742608695652174,0.551304347826087,0.07443478260869563,3.0,1.0,0.0005,0.0,36.0,z_plus_zsmooth__RF_return_sortino_vs_bond__cash_allowed__g3p0__tau1p0__c0p0005__phl0p0__l10p0,z_plus_zsmooth,0.0,0.0005,1.0,165,83,72,25,0.4787878787878789,0.5212121212121212,-2.153159805333637e-17,0.597590361445783,0.30457831325301205,0.09783132530120481,0.002777777777777778,0.9972222222222222,0.0,0.0128,0.2848,0.7023999999999999
z_plus_zsmooth,z_plus_zsmooth__RF_return_sortino_vs_bond__cash_allowed__g3p0__tau1p0__c0p001__phl0p0__l10p0,RF,return_sortino_vs_bond,cash_allowed,345,1996-02-29,2024-10-31,0.04466188803113394,0.058476486977240276,0.7637580562682718,-0.11777852812382372,-0.057801487545883,343.0060505757715,0.09785507246376814,1.1742608695652177,9.785507246376812e-05,0.0011742608695652175,0.34863768115942023,0.5794782608695652,0.0718840579710145,3.0,1.0,0.001,0.0,36.0,z_plus_zsmooth__RF_return_sortino_vs_bond__cash_allowed__g3p0__tau1p0__c0p001__phl0p0__l10p0,z_plus_zsmooth,0.0,0.001,1.0,165,83,72,25,0.44206060606060615,0.5579393939393938,3.0278809762504268e-18,0.5600000000000002,0.356144578313253,0.08385542168674699,0.005555555555555556,0.9944444444444444,0.0,0.0184,0.268,0.7136
z_plus_zsmooth,z_plus_zsmooth__LOGIT_return_sortino_vs_bond__cash_allowed__g3p0__tau1p0__c0p0005__phl0p0__l10p0025,LOGIT,return_sortino_vs_bond,cash_allowed,345,1996-02-29,2024-10-31,0.0541437168710624,0.07090094842594347,0.7636529281073847,-0.11870041278989663,-0.07222520697833593,439.7425671880831,0.09043478260869565,1.085217391304348,4.521739130434782e-05,0.0005426086956521739,0.4115942028985507,0.4960579710144927,0.0923478260869565,3.0,1.0,0.0005,0.0,36.0,z_plus_zsmooth__LOGIT_return_sortino_vs_bond__cash_allowed__g3p0__tau1p0__c0p0005__phl0p0__l10p0025,z_plus_zsmooth,0.0025,0.003,1.3599999999999999,162,90,57,36,0.48024691358024696,0.5179012345679013,0.0018518518518518296,0.7082222222222222,0.2253333333333333,0.06644444444444442,0.00035087719298245617,0.9705263157894737,0.02912280701754386,0.012222222222222221,0.32333333333333325,0.6644444444444445
z_plus_zsmooth,z_plus_zsmooth__LOGIT_return_sortino_vs_bond__cash_allowed__g3p0__tau5p0__c0p0005__phl0p0__l10p0005,LOGIT,return_sortino_vs_bond,cash_allowed,345,1996-02-29,2024-10-31,0.0541437168710624,0.07090094842594347,0.7636529281073847,-0.11870041278989663,-0.07222520697833593,439.7425671880831,0.09043478260869565,1.085217391304348,4.521739130434782e-05,0.0005426086956521739,0.4115942028985507,0.4960579710144927,0.0923478260869565,3.0,5.0,0.0005,0.0,36.0,z_plus_zsmooth__LOGIT_return_sortino_vs_bond__cash_allowed__g3p0__tau5p0__c0p0005__phl0p0__l10p0005,z_plus_zsmooth,0.0005,0.003,1.3599999999999999,162,90,57,36,0.48024691358024696,0.5179012345679013,0.0018518518518518296,0.7082222222222222,0.2253333333333333,0.06644444444444442,0.00035087719298245617,0.9705263157894737,0.02912280701754386,0.012222222222222221,0.32333333333333325,0.6644444444444445
z_smooth_only,z_smooth_only__LOGIT_return_sortino_vs_bond__cash_allowed__g0p25__tau1p0__c0p001__phl0p0__l10p0005,LOGIT,return_sortino_vs_bond,cash_allowed,345,1996-02-29,2024-10-31,0.08225308869977319,0.1077517824123638,0.763357105175229,-0.20319350045081208,-0.11095075000000001,893.4577379229754,0.10527536231884058,1.2633043478260868,0.00010527536231884059,0.0012633043478260872,0.6965217391304348,0.23455072463768117,0.06892753623188407,0.25,1.0,0.001,0.0,36.0,z_smooth_only__LOGIT_return_sortino_vs_bond__cash_allowed__g0p25__tau1p0__c0p001__phl0p0__l10p0005,z_smooth_only,0.0005,0.0015,2.0,149,107,55,34,0.8918120805369127,0.10818791946308726,0.0,0.9914018691588785,0.007476635514018692,0.0011214953271028037,0.0,1.0,0.0,0.039411764705882354,0.2647058823529412,0.6958823529411765
z_plus_zsmooth,z_plus_zsmooth__LOGIT_return_sortino_vs_bond__cash_allowed__g5p0__tau1p0__c0p001__phl0p0__l10p0,LOGIT,return_sortino_vs_bond,cash_allowed,345,1996-02-29,2024-10-31,0.04279402774867062,0.05608462941979762,0.7630259518763,-0.07506178436139621,-0.051288919152274084,326.4718516190226,0.18156521739130435,2.178782608695652,0.00018156521739130435,0.0021787826086956522,0.3405217391304348,0.4742608695652174,0.18521739130434783,5.0,1.0,0.001,0.0,36.0,z_plus_zsmooth__LOGIT_return_sortino_vs_bond__cash_allowed__g5p0__tau1p0__c0p001__phl0p0__l10p0,z_plus_zsmooth,0.0,0.001,1.08,162,90,57,36,0.39987654320987653,0.5981481481481482,0.001975308641975284,0.585111111111111,0.082,0.33288888888888885,0.0,0.9915789473684211,0.008421052631578947,0.0011111111111111111,0.07833333333333334,0.9205555555555556
z_smooth_only,z_smooth_only__LOGIT_return_sortino_vs_bond__cash_allowed__g0p25__tau1p0__c0p0005__phl0p0__l10p0,LOGIT,return_sortino_vs_bond,cash_allowed,345,1996-02-29,2024-10-31,0.08009942352112326,0.1057138084227047,0.7577006704823235,-0.1665315586843249,-0.10090099451902418,845.7449953701523,0.15663768115942028,1.8796521739130434,7.831884057971016e-05,0.0009398260869565219,0.7057971014492753,0.21014492753623187,0.08405797101449275,0.25,1.0,0.0005,0.0,36.0,z_smooth_only__LOGIT_return_sortino_vs_bond__cash_allowed__g0p25__tau1p0__c0p0005__phl0p0__l10p0,z_smooth_only,0.0,0.0005,2.0,149,107,55,34,0.9093959731543624,0.09060402684563758,-2.56133667593891e-19,1.0,0.0,0.0,0.0,1.0,0.0,0.029411764705882353,0.11764705882352941,0.8529411764705882
z_plus_zsmooth,z_plus_zsmooth__LOGIT_return_sortino_vs_bond__cash_allowed__g0p25__tau1p0__c0p0005__phl0p0__l10p001,LOGIT,return_sortino_vs_bond,cash_allowed,345,1996-02-29,2024-10-31,0.08028985247023533,0.10602509910838023,0.7572721284434923,-0.165903599438041,-0.10066325000000001,849.5668804910733,0.17681159420289855,2.121739130434783,8.840579710144929e-05,0.0010608695652173914,0.7108985507246377,0.21988405797101448,0.06921739130434783,0.25,1.0,0.0005,0.0,36.0,z_plus_zsmooth__LOGIT_return_sortino_vs_bond__cash_allowed__g0p25__tau1p0__c0p0005__phl0p0__l10p001,z_plus_zsmooth,0.001,0.0015,2.0,162,90,57,36,0.9501234567901236,0.04987654320987654,-7.709882115452476e-19,0.9888888888888889,0.011111111111111112,0.0,0.0,1.0,0.0,0.065,0.2716666666666667,0.6633333333333333
z_plus_zsmooth,z_plus_zsmooth__LOGIT_return_sortino_vs_bond__cash_allowed__g0p25__tau3p0__c0p0005__phl0p0__l10p0,LOGIT,return_sortino_vs_bond,cash_allowed,345,1996-02-29,2024-10-31,0.08028985247023533,0.10602509910838023,0.7572721284434923,-0.165903599438041,-0.10066325000000001,849.5668804910733,0.17681159420289855,2.121739130434783,8.840579710144929e-05,0.0010608695652173914,0.7108985507246377,0.21988405797101448,0.06921739130434783,0.25,3.0,0.0005,0.0,36.0,z_plus_zsmooth__LOGIT_return_sortino_vs_bond__cash_allowed__g0p25__tau3p0__c0p0005__phl0p0__l10p0,z_plus_zsmooth,0.0,0.0015,2.0,162,90,57,36,0.9501234567901236,0.04987654320987654,-7.709882115452476e-19,0.9888888888888889,0.011111111111111112,0.0,0.0,1.0,0.0,0.065,0.2716666666666667,0.6633333333333333
z_plus_zsmooth,z_plus_zsmooth__LOGIT_return_sortino_vs_bond__cash_allowed__g3p0__tau3p0__c0p001__phl0p0__l10p0,LOGIT,return_sortino_vs_bond,cash_allowed,345,1996-02-29,2024-10-31,0.05360110817541022,0.07089664827461242,0.7560457296625741,-0.11870041278989663,-0.07222520697833593,432.9679616051026,0.09043478260869565,1.085217391304348,9.043478260869564e-05,0.0010852173913043477,0.4115942028985507,0.4960579710144927,0.0923478260869565,3.0,3.0,0.001,0.0,36.0,z_plus_zsmooth__LOGIT_return_sortino_vs_bond__cash_allowed__g3p0__tau3p0__c0p001__phl0p0__l10p0,z_plus_zsmooth,0.0,0.003,1.3599999999999999,162,90,57,36,0.48024691358024696,0.5179012345679013,0.0018518518518518296,0.7082222222222222,0.2253333333333333,0.06644444444444442,0.00035087719298245617,0.9705263157894737,0.02912280701754386,0.012222222222222221,0.32333333333333325,0.6644444444444445
z_smooth_only,z_smooth_only__LOGIT_return_sortino_vs_bond__cash_allowed__g1p0__tau1p0__c0p0005__phl0p0__l10p0005,LOGIT,return_sortino_vs_bond,cash_allowed,345,1996-02-29,2024-10-31,0.07807781919647178,0.103579366978201,0.7537970299905752,-0.1633682353450001,-0.09719675000000001,803.3947948947535,0.12997101449275364,1.5596521739130438,6.498550724637682e-05,0.0007798260869565218,0.6785507246376812,0.232,0.08944927536231884,1.0,1.0,0.0005,0.0,36.0,z_smooth_only__LOGIT_return_sortino_vs_bond__cash_allowed__g1p0__tau1p0__c0p0005__phl0p0__l10p0005,z_smooth_only,0.0005,0.001,2.0,149,107,55,34,0.8587919463087249,0.14120805369127515,-2.6079064336832537e-18,0.9856074766355141,0.0,0.014392523364485982,0.0,1.0,0.0,0.02,0.11764705882352941,0.8623529411764705
z_plus_zsmooth,z_plus_zsmooth__LOGIT_return_sortino_vs_bond__cash_allowed__g3p0__tau1p0__c0p0025__phl0p0__l10p001,LOGIT,return_sortino_vs_bond,cash_allowed,345,1996-02-29,2024-10-31,0.05014186394688573,0.06657191553171268,0.7531984553306084,-0.11870041278989651,-0.06776175445073006,395.48778795113765,0.07431884057971015,0.8918260869565218,0.00018579710144927533,0.002229565217391304,0.3656231884057971,0.5477101449275362,0.08666666666666666,3.0,1.0,0.0025,0.0,36.0,z_plus_zsmooth__LOGIT_return_sortino_vs_bond__cash_allowed__g3p0__tau1p0__c0p0025__phl0p0__l10p001,z_plus_zsmooth,0.001,0.0035,1.1600000000000001,162,90,57,36,0.42567901234567906,0.5687654320987655,0.005555555555555552,0.6257777777777779,0.31022222222222223,0.06399999999999997,0.00456140350877193,0.9585964912280702,0.0368421052631579,0.016666666666666666,0.3961111111111112,0.5872222222222221
z_plus_zsmooth,z_plus_zsmooth__LOGIT_return_sortino_vs_bond__cash_allowed__g3p0__tau3p0__c0p0005__phl0p0__l10p0005,LOGIT,return_sortino_vs_bond,cash_allowed,345,1996-02-29,2024-10-31,0.058141140275050726,0.07723189613741153,0.7528125448533025,-0.11870041278989663,-0.07646006581710196,486.51822511089904,0.1298550724637681,1.5582608695652171,6.492753623188405e-05,0.0007791304347826086,0.49089855072463773,0.4076521739130434,0.10144927536231882,3.0,3.0,0.0005,0.0,36.0,z_plus_zsmooth__LOGIT_return_sortino_vs_bond__cash_allowed__g3p0__tau3p0__c0p0005__phl0p0__l10p0005,z_plus_zsmooth,0.0005,0.002,1.52,162,90,57,36,0.5855555555555556,0.4124691358024691,0.001975308641975294,0.8244444444444444,0.10155555555555554,0.07399999999999998,0.0,0.9817543859649123,0.01824561403508772,0.008333333333333333,0.24222222222222223,0.7494444444444445
z_plus_zsmooth,z_plus_zsmooth__RF_return_sortino_vs_bond__cash_allowed__g2p0__tau1p0__c0p0005__phl0p0__l10p001,RF,return_sortino_vs_bond,cash_allowed,345,1996-02-29,2024-10-31,0.054137264721294785,0.0723270712572739,0.7485062478020664,-0.1394770517508802,-0.06997696011320861,438.3901888801428,0.08730434782608695,1.0476521739130433,4.365217391304349e-05,0.0005238260869565219,0.4652173913043478,0.46910144927536235,0.06568115942028983,2.0,1.0,0.0005,0.0,36.0,z_plus_zsmooth__RF_return_sortino_vs_bond__cash_allowed__g2p0__tau1p0__c0p0005__phl0p0__l10p001,z_plus_zsmooth,0.001,0.0015,1.04,165,83,72,25,0.5833939393939394,0.41660606060606065,-2.104797817518526e-17,0.7489156626506025,0.20120481927710843,0.04987951807228915,0.01638888888888889,0.983611111111111,-1.5419764230904951e-18,0.036000000000000004,0.2232,0.7408
z_plus_zsmooth,z_plus_zsmooth__RF_return_sortino_vs_bond__cash_allowed__g2p0__tau3p0__c0p0005__phl0p0__l10p0,RF,return_sortino_vs_bond,cash_allowed,345,1996-02-29,2024-10-31,0.054137264721294785,0.0723270712572739,0.7485062478020664,-0.1394770517508802,-0.06997696011320861,438.3901888801428,0.08730434782608695,1.0476521739130433,4.365217391304349e-05,0.0005238260869565219,0.4652173913043478,0.46910144927536235,0.06568115942028983,2.0,3.0,0.0005,0.0,36.0,z_plus_zsmooth__RF_return_sortino_vs_bond__cash_allowed__g2p0__tau3p0__c0p0005__phl0p0__l10p0,z_plus_zsmooth,0.0,0.0015,1.04,165,83,72,25,0.5833939393939394,0.41660606060606065,-2.104797817518526e-17,0.7489156626506025,0.20120481927710843,0.04987951807228915,0.01638888888888889,0.983611111111111,-1.5419764230904951e-18,0.036000000000000004,0.2232,0.7408
z_smooth_only,z_smooth_only__LOGIT_return_sortino_vs_bond__cash_allowed__g0p5__tau1p0__c0p0005__phl0p0__l10p0005,LOGIT,return_sortino_vs_bond,cash_allowed,345,1996-02-29,2024-10-31,0.07962278891585967,0.1065463192178296,0.7473068004636942,-0.19241057640184522,-0.10799493956441888,831.9298086787228,0.1267246376811594,1.520695652173913,6.336231884057972e-05,0.0007603478260869566,0.6960000000000001,0.2184927536231884,0.08550724637681159,0.5,1.0,0.0005,0.0,36.0,z_smooth_only__LOGIT_return_sortino_vs_bond__cash_allowed__g0p5__tau1p0__c0p0005__phl0p0__l10p0005,z_smooth_only,0.0005,0.001,2.0,149,107,55,34,0.8900671140939598,0.10993288590604026,-1.6765112787963774e-18,0.9953271028037384,0.0,0.004672897196261682,0.0,1.0,0.0,0.029411764705882353,0.11764705882352941,0.8529411764705882
z_smooth_only,z_smooth_only__LOGIT_return_sortino_vs_bond__cash_allowed__g0p5__tau1p0__c0p0005__phl0p0__l10p001,LOGIT,return_sortino_vs_bond,cash_allowed,345,1996-02-29,2024-10-31,0.07984698799927036,0.10684693411274485,0.7473025656966052,-0.20319350045081208,-0.11095075000000001,836.3126085056842,0.11292753623188406,1.3551304347826088,5.646376811594203e-05,0.0006775652173913044,0.691072463768116,0.2340289855072464,0.07489855072463768,0.5,1.0,0.0005,0.0,36.0,z_smooth_only__LOGIT_return_sortino_vs_bond__cash_allowed__g0p5__tau1p0__c0p0005__phl0p0__l10p001,z_smooth_only,0.001,0.0015,2.0,149,107,55,34,0.8806711409395973,0.11932885906040269,-1.6765112787963774e-18,0.9910280373831776,0.003738317757009346,0.005233644859813084,0.0,1.0,0.0,0.03411764705882353,0.22235294117647061,0.7435294117647058
z_smooth_only,z_smooth_only__LOGIT_return_sortino_vs_bond__cash_allowed__g0p5__tau3p0__c0p0005__phl0p0__l10p0,LOGIT,return_sortino_vs_bond,cash_allowed,345,1996-02-29,2024-10-31,0.07984698799927036,0.10684693411274485,0.7473025656966052,-0.20319350045081208,-0.11095075000000001,836.3126085056842,0.11292753623188406,1.3551304347826088,5.646376811594203e-05,0.0006775652173913044,0.691072463768116,0.2340289855072464,0.07489855072463768,0.5,3.0,0.0005,0.0,36.0,z_smooth_only__LOGIT_return_sortino_vs_bond__cash_allowed__g0p5__tau3p0__c0p0005__phl0p0__l10p0,z_smooth_only,0.0,0.0015,2.0,149,107,55,34,0.8806711409395973,0.11932885906040269,-1.6765112787963774e-18,0.9910280373831776,0.003738317757009346,0.005233644859813084,0.0,1.0,0.0,0.03411764705882353,0.22235294117647061,0.7435294117647058
z_plus_zsmooth,z_plus_zsmooth__LOGIT_return_sortino_vs_bond__cash_allowed__g0p25__tau1p0__c0p001__phl0p0__l10p0005,LOGIT,return_sortino_vs_bond,cash_allowed,345,1996-02-29,2024-10-31,0.07922898290501793,0.10603257078282738,0.7472136374708132,-0.168437996970751,-0.10066325000000001,824.1852057022094,0.17681159420289855,2.121739130434783,0.00017681159420289858,0.002121739130434783,0.7108985507246377,0.21988405797101448,0.06921739130434783,0.25,1.0,0.001,0.0,36.0,z_plus_zsmooth__LOGIT_return_sortino_vs_bond__cash_allowed__g0p25__tau1p0__c0p001__phl0p0__l10p0005,z_plus_zsmooth,0.0005,0.0015,2.0,162,90,57,36,0.9501234567901236,0.04987654320987654,-7.709882115452476e-19,0.9888888888888889,0.011111111111111112,0.0,0.0,1.0,0.0,0.065,0.2716666666666667,0.6633333333333333
z_smooth_only,z_smooth_only__RF_return_sortino_vs_bond__cash_allowed__g3p0__tau1p0__c0p0005__phl0p0__l10p0,RF,return_sortino_vs_bond,cash_allowed,345,1996-02-29,2024-10-31,0.048708545907836284,0.06523257305170627,0.7466905508882455,-0.11206843318332194,-0.06434110557548048,380.54856510697806,0.12023188405797103,1.4427826086956523,6.0115942028985515e-05,0.0007213913043478262,0.3982028985507246,0.5215072463768117,0.08028985507246376,3.0,1.0,0.0005,0.0,36.0,z_smooth_only__RF_return_sortino_vs_bond__cash_allowed__g3p0__tau1p0__c0p0005__phl0p0__l10p0,z_smooth_only,0.0,0.0005,1.0,163,88,69,25,0.49509202453987733,0.5049079754601227,-1.1408733535258511e-17,0.6395454545454545,0.25045454545454543,0.11,0.0,1.0,0.0,0.016,0.2632,0.7208
z_smooth_only,z_smooth_only__RF_return_sortino_vs_bond__cash_allowed__g2p0__tau1p0__c0p0005__phl0p0__l10p001,RF,return_sortino_vs_bond,cash_allowed,345,1996-02-29,2024-10-31,0.057115276699266616,0.07649169502966958,0.746685985676128,-0.13506525456114882,-0.0700609435624907,473.2309754545173,0.07907246376811594,0.9488695652173913,3.953623188405797e-05,0.00047443478260869565,0.4903188405797102,0.44052173913043485,0.06915942028985506,2.0,1.0,0.0005,0.0,36.0,z_smooth_only__RF_return_sortino_vs_bond__cash_allowed__g2p0__tau1p0__c0p0005__phl0p0__l10p001,z_smooth_only,0.001,0.0015,1.44,163,88,69,25,0.599877300613497,0.4001226993865031,-2.4179703910547887e-17,0.7968181818181819,0.1459090909090909,0.057272727272727246,0.003478260869565217,0.991304347826087,0.005217391304347826,0.0408,0.2208,0.7384000000000001
z_smooth_only,z_smooth_only__RF_return_sortino_vs_bond__cash_allowed__g2p0__tau3p0__c0p0005__phl0p0__l10p0,RF,return_sortino_vs_bond,cash_allowed,345,1996-02-29,2024-10-31,0.057115276699266616,0.07649169502966958,0.746685985676128,-0.13506525456114882,-0.0700609435624907,473.2309754545173,0.07907246376811594,0.9488695652173913,3.953623188405797e-05,0.00047443478260869565,0.4903188405797102,0.44052173913043485,0.06915942028985506,2.0,3.0,0.0005,0.0,36.0,z_smooth_only__RF_return_sortino_vs_bond__cash_allowed__g2p0__tau3p0__c0p0005__phl0p0__l10p0,z_smooth_only,0.0,0.0015,1.44,163,88,69,25,0.599877300613497,0.4001226993865031,-2.4179703910547887e-17,0.7968181818181819,0.1459090909090909,0.057272727272727246,0.003478260869565217,0.991304347826087,0.005217391304347826,0.0408,0.2208,0.7384000000000001
z_smooth_only,z_smooth_only__LOGIT_return_sortino_vs_bond__cash_allowed__g1p0__tau1p0__c0p001__phl0p0__l10p0,LOGIT,return_sortino_vs_bond,cash_allowed,345,1996-02-29,2024-10-31,0.07729799310951524,0.10353361213056542,0.7465980517712001,-0.1633682353450001,-0.09719675000000001,785.7936840479414,0.12997101449275364,1.5596521739130438,0.00012997101449275364,0.0015596521739130436,0.6785507246376812,0.232,0.08944927536231884,1.0,1.0,0.001,0.0,36.0,z_smooth_only__LOGIT_return_sortino_vs_bond__cash_allowed__g1p0__tau1p0__c0p001__phl0p0__l10p0,z_smooth_only,0.0,0.001,2.0,149,107,55,34,0.8587919463087249,0.14120805369127515,-2.6079064336832537e-18,0.9856074766355141,0.0,0.014392523364485982,0.0,1.0,0.0,0.02,0.11764705882352941,0.8623529411764705
z_smooth_only,z_smooth_only__LOGIT_return_sortino_vs_bond__cash_allowed__g0p25__tau1p0__c0p0005__phl0p0__l10p0005,LOGIT,return_sortino_vs_bond,cash_allowed,345,1996-02-29,2024-10-31,0.0799211947733254,0.10706025151669063,0.7465066973139487,-0.20319350045081197,-0.11095075000000001,837.569457791418,0.12811594202898552,1.5373913043478262,6.405797101449276e-05,0.0007686956521739131,0.6996521739130435,0.2162898550724638,0.08405797101449275,0.25,1.0,0.0005,0.0,36.0,z_smooth_only__LOGIT_return_sortino_vs_bond__cash_allowed__g0p25__tau1p0__c0p0005__phl0p0__l10p0005,z_smooth_only,0.0005,0.001,2.0,149,107,55,34,0.8951677852348993,0.10483221476510067,-7.45116123909501e-19,1.0,0.0,0.0,0.0,1.0,0.0,0.029411764705882353,0.11764705882352941,0.8529411764705882
z_plus_zsmooth,z_plus_zsmooth__LOGIT_return_sortino_vs_bond__cash_allowed__g2p0__tau5p0__c0p0005__phl0p0__l10p001,LOGIT,return_sortino_vs_bond,cash_allowed,345,1996-02-29,2024-10-31,0.06289870621648083,0.08458330061307541,0.7436303119005687,-0.1633682353450001,-0.0874665021984806,547.7265286084412,0.09066666666666666,1.0879999999999999,4.5333333333333335e-05,0.000544,0.488231884057971,0.42278260869565215,0.0889855072463768,2.0,5.0,0.0005,0.0,36.0,z_plus_zsmooth__LOGIT_return_sortino_vs_bond__cash_allowed__g2p0__tau5p0__c0p0005__phl0p0__l10p001,z_plus_zsmooth,0.001,0.0035,1.6,162,90,57,36,0.5690123456790124,0.43024691358024686,0.0007407407407407301,0.833111111111111,0.12222222222222222,0.04466666666666664,0.004912280701754386,0.9610526315789474,0.034035087719298245,0.027777777777777776,0.28833333333333333,0.6838888888888889
z_plus_zsmooth,z_plus_zsmooth__LOGIT_return_sortino_vs_bond__cash_allowed__g5p0__tau1p0__c0p0005__phl0p0__l10p0,LOGIT,return_sortino_vs_bond,cash_allowed,345,1996-02-29,2024-10-31,0.04397293375278785,0.059197918109596175,0.7428121656470837,-0.08066936769744293,-0.055746391835908245,335.9457220113667,0.23113043478260872,2.7735652173913046,0.00011556521739130436,0.0013867826086956523,0.35542028985507246,0.4564057971014493,0.18817391304347822,5.0,1.0,0.0005,0.0,36.0,z_plus_zsmooth__LOGIT_return_sortino_vs_bond__cash_allowed__g5p0__tau1p0__c0p0005__phl0p0__l10p0,z_plus_zsmooth,0.0,0.0005,1.52,162,90,57,36,0.41827160493827154,0.5817283950617284,-5.6539135513318154e-18,0.6095555555555556,0.04355555555555556,0.34688888888888886,0.0,0.9968421052631579,0.0031578947368421043,0.0,0.06888888888888889,0.931111111111111
z_plus_zsmooth,z_plus_zsmooth__LOGIT_return_sortino_vs_bond__cash_allowed__g3p0__tau1p0__c0p001__phl0p0__l10p001,LOGIT,return_sortino_vs_bond,cash_allowed,345,1996-02-29,2024-10-31,0.05736200984026811,0.07723312546645668,0.7427125277376112,-0.11870041278989663,-0.07646006581710196,475.7883959069761,0.1298550724637681,1.5582608695652171,0.0001298550724637681,0.0015582608695652173,0.49089855072463773,0.4076521739130434,0.10144927536231882,3.0,1.0,0.001,0.0,36.0,z_plus_zsmooth__LOGIT_return_sortino_vs_bond__cash_allowed__g3p0__tau1p0__c0p001__phl0p0__l10p001,z_plus_zsmooth,0.001,0.002,1.52,162,90,57,36,0.5855555555555556,0.4124691358024691,0.001975308641975294,0.8244444444444444,0.10155555555555554,0.07399999999999998,0.0,0.9817543859649123,0.01824561403508772,0.008333333333333333,0.24222222222222223,0.7494444444444445
z_plus_zsmooth,z_plus_zsmooth__RF_return_sortino_vs_bond__cash_allowed__g2p0__tau1p0__c0p001__phl0p0__l10p0005,RF,return_sortino_vs_bond,cash_allowed,345,1996-02-29,2024-10-31,0.05361343863433826,0.07231444084744339,0.7413932543216741,-0.1403336737388452,-0.06998196011320862,431.8764264710318,0.08730434782608695,1.0476521739130433,8.730434782608697e-05,0.0010476521739130437,0.4652173913043478,0.46910144927536235,0.06568115942028983,2.0,1.0,0.001,0.0,36.0,z_plus_zsmooth__RF_return_sortino_vs_bond__cash_allowed__g2p0__tau1p0__c0p001__phl0p0__l10p0005,z_plus_zsmooth,0.0005,0.0015,1.04,165,83,72,25,0.5833939393939394,0.41660606060606065,-2.104797817518526e-17,0.7489156626506025,0.20120481927710843,0.04987951807228915,0.01638888888888889,0.983611111111111,-1.5419764230904951e-18,0.036000000000000004,0.2232,0.7408
z_smooth_only,z_smooth_only__LOGIT_return_sortino_vs_bond__cash_allowed__g0p5__tau1p0__c0p001__phl0p0__l10p0005,LOGIT,return_sortino_vs_bond,cash_allowed,345,1996-02-29,2024-10-31,0.07916942278187906,0.10678980708378259,0.7413574847997074,-0.20319350045081197,-0.11095075000000001,820.4203662907156,0.11292753623188406,1.3551304347826088,0.00011292753623188406,0.0013551304347826088,0.691072463768116,0.2340289855072464,0.07489855072463768,0.5,1.0,0.001,0.0,36.0,z_smooth_only__LOGIT_return_sortino_vs_bond__cash_allowed__g0p5__tau1p0__c0p001__phl0p0__l10p0005,z_smooth_only,0.0005,0.0015,2.0,149,107,55,34,0.8806711409395973,0.11932885906040269,-1.6765112787963774e-18,0.9910280373831776,0.003738317757009346,0.005233644859813084,0.0,1.0,0.0,0.03411764705882353,0.22235294117647061,0.7435294117647058
z_plus_zsmooth,z_plus_zsmooth__LOGIT_return_sortino_vs_bond__cash_allowed__g0p5__tau1p0__c0p0005__phl0p0__l10p001,LOGIT,return_sortino_vs_bond,cash_allowed,345,1996-02-29,2024-10-31,0.07758620330251817,0.10470097984332853,0.7410265254309546,-0.163368235345,-0.10066325000000001,789.4492627521662,0.18295652173913043,2.195478260869565,9.147826086956523e-05,0.0010977391304347827,0.6987826086956521,0.228231884057971,0.0729855072463768,0.5,1.0,0.0005,0.0,36.0,z_plus_zsmooth__LOGIT_return_sortino_vs_bond__cash_allowed__g0p5__tau1p0__c0p0005__phl0p0__l10p001,z_plus_zsmooth,0.001,0.0015,2.0,162,90,57,36,0.9330864197530866,0.06691358024691357,-1.9703032072822993e-18,0.9853333333333334,0.011111111111111112,0.003555555555555555,0.0,1.0,0.0,0.034444444444444444,0.275,0.6905555555555556
z_plus_zsmooth,z_plus_zsmooth__LOGIT_return_sortino_vs_bond__cash_allowed__g0p5__tau3p0__c0p0005__phl0p0__l10p0,LOGIT,return_sortino_vs_bond,cash_allowed,345,1996-02-29,2024-10-31,0.07758620330251817,0.10470097984332853,0.7410265254309546,-0.163368235345,-0.10066325000000001,789.4492627521662,0.18295652173913043,2.195478260869565,9.147826086956523e-05,0.0010977391304347827,0.6987826086956521,0.228231884057971,0.0729855072463768,0.5,3.0,0.0005,0.0,36.0,z_plus_zsmooth__LOGIT_return_sortino_vs_bond__cash_allowed__g0p5__tau3p0__c0p0005__phl0p0__l10p0,z_plus_zsmooth,0.0,0.0015,2.0,162,90,57,36,0.9330864197530866,0.06691358024691357,-1.9703032072822993e-18,0.9853333333333334,0.011111111111111112,0.003555555555555555,0.0,1.0,0.0,0.034444444444444444,0.275,0.6905555555555556
z_smooth_only,z_smooth_only__RF_return_sortino_vs_bond__cash_allowed__g2p0__tau1p0__c0p001__phl0p0__l10p0005,RF,return_sortino_vs_bond,cash_allowed,345,1996-02-29,2024-10-31,0.05664084191665793,0.07647970076319352,0.7405996800646057,-0.13581152318751244,-0.07007844356249068,466.8605264212892,0.07907246376811594,0.9488695652173913,7.907246376811594e-05,0.0009488695652173913,0.4903188405797102,0.44052173913043485,0.06915942028985506,2.0,1.0,0.001,0.0,36.0,z_smooth_only__RF_return_sortino_vs_bond__cash_allowed__g2p0__tau1p0__c0p001__phl0p0__l10p0005,z_smooth_only,0.0005,0.0015,1.44,163,88,69,25,0.599877300613497,0.4001226993865031,-2.4179703910547887e-17,0.7968181818181819,0.1459090909090909,0.057272727272727246,0.003478260869565217,0.991304347826087,0.005217391304347826,0.0408,0.2208,0.7384000000000001
z_smooth_only,z_smooth_only__LOGIT_return_sortino_vs_bond__cash_allowed__g0p5__tau1p0__c0p001__phl0p0__l10p0,LOGIT,return_sortino_vs_bond,cash_allowed,345,1996-02-29,2024-10-31,0.07886244108977271,0.10649314722746789,0.7405400548574606,-0.19250177748090602,-0.1080199395644189,814.1814766411551,0.1267246376811594,1.520695652173913,0.00012672463768115944,0.0015206956521739133,0.6960000000000001,0.2184927536231884,0.08550724637681159,0.5,1.0,0.001,0.0,36.0,z_smooth_only__LOGIT_return_sortino_vs_bond__cash_allowed__g0p5__tau1p0__c0p001__phl0p0__l10p0,z_smooth_only,0.0,0.001,2.0,149,107,55,34,0.8900671140939598,0.10993288590604026,-1.6765112787963774e-18,0.9953271028037384,0.0,0.004672897196261682,0.0,1.0,0.0,0.029411764705882353,0.11764705882352941,0.8529411764705882
z_smooth_only,z_smooth_only__LOGIT_return_sortino_vs_bond__cash_allowed__g0p25__tau3p0__c0p0005__phl0p0__l10p0005,LOGIT,return_sortino_vs_bond,cash_allowed,345,1996-02-29,2024-10-31,0.07917384145339432,0.10697195474283737,0.740136437103816,-0.20319350045081208,-0.11095075000000001,820.1120938650888,0.10260869565217391,1.231304347826087,5.130434782608696e-05,0.0006156521739130435,0.6852753623188407,0.2474782608695652,0.0672463768115942,0.25,3.0,0.0005,0.0,36.0,z_smooth_only__LOGIT_return_sortino_vs_bond__cash_allowed__g0p25__tau3p0__c0p0005__phl0p0__l10p0005,z_smooth_only,0.0005,0.002,2.0,149,107,55,34,0.8699328859060403,0.1300671140939597,0.0,0.9813084112149533,0.018691588785046728,0.0,0.0,1.0,0.0,0.052941176470588235,0.2647058823529412,0.6823529411764706
z_smooth_only,z_smooth_only__LOGIT_return_sortino_vs_bond__cash_allowed__g0p25__tau1p0__c0p001__phl0p0__l10p0,LOGIT,return_sortino_vs_bond,cash_allowed,345,1996-02-29,2024-10-31,0.07915249912115149,0.10700229869851564,0.7397270907624856,-0.20319350045081208,-0.11095075000000001,819.5197816897338,0.12811594202898552,1.5373913043478262,0.00012811594202898551,0.0015373913043478262,0.6996521739130435,0.2162898550724638,0.08405797101449275,0.25,1.0,0.001,0.0,36.0,z_smooth_only__LOGIT_return_sortino_vs_bond__cash_allowed__g0p25__tau1p0__c0p001__phl0p0__l10p0,z_smooth_only,0.0,0.001,2.0,149,107,55,34,0.8951677852348993,0.10483221476510067,-7.45116123909501e-19,1.0,0.0,0.0,0.0,1.0,0.0,0.029411764705882353,0.11764705882352941,0.8529411764705882
z_plus_zsmooth,z_plus_zsmooth__LOGIT_return_sortino_vs_bond__cash_allowed__g0p25__tau3p0__c0p0005__phl0p0__l10p0005,LOGIT,return_sortino_vs_bond,cash_allowed,345,1996-02-29,2024-10-31,0.07752110251029101,0.10480810019157019,0.7396480078218811,-0.163368235345,-0.10066325000000001,787.8005061460765,0.1488695652173913,1.7864347826086957,7.443478260869566e-05,0.0008932173913043479,0.692231884057971,0.23559420289855074,0.07217391304347825,0.25,3.0,0.0005,0.0,36.0,z_plus_zsmooth__LOGIT_return_sortino_vs_bond__cash_allowed__g0p25__tau3p0__c0p0005__phl0p0__l10p0005,z_plus_zsmooth,0.0005,0.002,2.0,162,90,57,36,0.905679012345679,0.094320987654321,0.0,0.9873333333333333,0.011111111111111112,0.0015555555555555557,0.0,0.9824561403508771,0.017543859649122806,0.09000000000000001,0.25,0.6599999999999999
z_plus_zsmooth,z_plus_zsmooth__LOGIT_return_sortino_vs_bond__cash_allowed__g3p0__tau1p0__c0p0005__phl0p0__l10p001,LOGIT,return_sortino_vs_bond,cash_allowed,345,1996-02-29,2024-10-31,0.05900379929463595,0.07983371833360461,0.7390836920319083,-0.11870041278989651,-0.07691202018109414,495.81772553081447,0.16405797101449274,1.968695652173913,8.202898550724637e-05,0.0009843478260869564,0.5184347826086957,0.3671304347826087,0.11443478260869566,3.0,1.0,0.0005,0.0,36.0,z_plus_zsmooth__LOGIT_return_sortino_vs_bond__cash_allowed__g3p0__tau1p0__c0p0005__phl0p0__l10p001,z_plus_zsmooth,0.001,0.0015,1.66,162,90,57,36,0.6275308641975309,0.371358024691358,0.0011111111111111063,0.8557777777777779,0.052222222222222225,0.09200000000000001,0.0,0.9887719298245614,0.011228070175438597,0.005,0.1511111111111111,0.8438888888888889
z_plus_zsmooth,z_plus_zsmooth__LOGIT_return_sortino_vs_bond__cash_allowed__g3p0__tau3p0__c0p0005__phl0p0__l10p0,LOGIT,return_sortino_vs_bond,cash_allowed,345,1996-02-29,2024-10-31,0.05900379929463595,0.07983371833360461,0.7390836920319083,-0.11870041278989651,-0.07691202018109414,495.81772553081447,0.16405797101449274,1.968695652173913,8.202898550724637e-05,0.0009843478260869564,0.5184347826086957,0.3671304347826087,0.11443478260869566,3.0,3.0,0.0005,0.0,36.0,z_plus_zsmooth__LOGIT_return_sortino_vs_bond__cash_allowed__g3p0__tau3p0__c0p0005__phl0p0__l10p0,z_plus_zsmooth,0.0,0.0015,1.66,162,90,57,36,0.6275308641975309,0.371358024691358,0.0011111111111111063,0.8557777777777779,0.052222222222222225,0.09200000000000001,0.0,0.9887719298245614,0.011228070175438597,0.005,0.1511111111111111,0.8438888888888889
z_plus_zsmooth,z_plus_zsmooth__LOGIT_return_sortino_vs_bond__cash_allowed__g0p25__tau5p0__c0p0005__phl0p0__l10p001,LOGIT,return_sortino_vs_bond,cash_allowed,345,1996-02-29,2024-10-31,0.07569724987387356,0.10244765105084984,0.7388871203723477,-0.1633682353450001,-0.09716125,753.2701131385581,0.08544927536231885,1.0253913043478262,4.272463768115942e-05,0.000512695652173913,0.6378550724637682,0.2925797101449275,0.06956521739130435,0.25,5.0,0.0005,0.0,36.0,z_plus_zsmooth__LOGIT_return_sortino_vs_bond__cash_allowed__g0p25__tau5p0__c0p0005__phl0p0__l10p001,z_plus_zsmooth,0.001,0.0035,2.0,162,90,57,36,0.7816049382716049,0.21839506172839507,0.0,0.9802222222222222,0.01977777777777778,0.0,0.021403508771929824,0.9435087719298246,0.03508771929824561,0.1111111111111111,0.2777777777777778,0.6111111111111112
z_plus_zsmooth,z_plus_zsmooth__LOGIT_return_sortino_vs_bond__cash_allowed__g2p0__tau1p0__c0p001__phl0p0__l10p0025,LOGIT,return_sortino_vs_bond,cash_allowed,345,1996-02-29,2024-10-31,0.062354706216480836,0.08456787031090537,0.7373332920320679,-0.1633682353450001,-0.0874665021984806,539.2877608473035,0.09066666666666666,1.0879999999999999,9.066666666666667e-05,0.001088,0.488231884057971,0.42278260869565215,0.0889855072463768,2.0,1.0,0.001,0.0,36.0,z_plus_zsmooth__LOGIT_return_sortino_vs_bond__cash_allowed__g2p0__tau1p0__c0p001__phl0p0__l10p0025,z_plus_zsmooth,0.0025,0.0035,1.6,162,90,57,36,0.5690123456790124,0.43024691358024686,0.0007407407407407301,0.833111111111111,0.12222222222222222,0.04466666666666664,0.004912280701754386,0.9610526315789474,0.034035087719298245,0.027777777777777776,0.28833333333333333,0.6838888888888889
z_plus_zsmooth,z_plus_zsmooth__LOGIT_return_sortino_vs_bond__cash_allowed__g2p0__tau3p0__c0p001__phl0p0__l10p0005,LOGIT,return_sortino_vs_bond,cash_allowed,345,1996-02-29,2024-10-31,0.062354706216480836,0.08456787031090537,0.7373332920320679,-0.1633682353450001,-0.0874665021984806,539.2877608473035,0.09066666666666666,1.0879999999999999,9.066666666666667e-05,0.001088,0.488231884057971,0.42278260869565215,0.0889855072463768,2.0,3.0,0.001,0.0,36.0,z_plus_zsmooth__LOGIT_return_sortino_vs_bond__cash_allowed__g2p0__tau3p0__c0p001__phl0p0__l10p0005,z_plus_zsmooth,0.0005,0.0035,1.6,162,90,57,36,0.5690123456790124,0.43024691358024686,0.0007407407407407301,0.833111111111111,0.12222222222222222,0.04466666666666664,0.004912280701754386,0.9610526315789474,0.034035087719298245,0.027777777777777776,0.28833333333333333,0.6838888888888889
z_plus_zsmooth,z_plus_zsmooth__LOGIT_return_sortino_vs_bond__cash_allowed__g3p0__tau1p0__c0p0025__phl0p0__l10p0,LOGIT,return_sortino_vs_bond,cash_allowed,345,1996-02-29,2024-10-31,0.054800861858199705,0.07433534493863367,0.7372113750657868,-0.11870041278989663,-0.07374833963314893,444.9229936967457,0.10388405797101448,1.2466086956521738,0.00025971014492753625,0.003116521739130435,0.456463768115942,0.44834782608695656,0.09518840579710144,3.0,1.0,0.0025,0.0,36.0,z_plus_zsmooth__LOGIT_return_sortino_vs_bond__cash_allowed__g3p0__tau1p0__c0p0025__phl0p0__l10p0,z_plus_zsmooth,0.0,0.0025,1.48,162,90,57,36,0.5391358024691358,0.45864197530864204,0.002222222222222214,0.7757777777777777,0.15622222222222223,0.06799999999999999,0.0,0.9729824561403508,0.027017543859649124,0.008888888888888889,0.30166666666666664,0.6894444444444444
z_plus_zsmooth,z_plus_zsmooth__LOGIT_return_sortino_vs_bond__cash_allowed__g0p5__tau3p0__c0p0005__phl0p0__l10p0005,LOGIT,return_sortino_vs_bond,cash_allowed,345,1996-02-29,2024-10-31,0.0766613851078931,0.10410916755935007,0.7363557591044065,-0.16336823534500022,-0.10066325000000001,770.2691946518053,0.14446376811594203,1.7335652173913043,7.223188405797101e-05,0.0008667826086956522,0.6791304347826087,0.24498550724637685,0.0758840579710145,0.5,3.0,0.0005,0.0,36.0,z_plus_zsmooth__LOGIT_return_sortino_vs_bond__cash_allowed__g0p5__tau3p0__c0p0005__phl0p0__l10p0005,z_plus_zsmooth,0.0005,0.002,2.0,162,90,57,36,0.8880246913580248,0.11197530864197532,0.0,0.9826666666666667,0.011111111111111112,0.006222222222222223,0.0,0.9824561403508771,0.017543859649122806,0.05555555555555555,0.26055555555555554,0.6838888888888888
z_plus_zsmooth,z_plus_zsmooth__LOGIT_return_sortino_vs_bond__cash_allowed__g3p0__tau1p0__c0p0005__phl3p0__l10p001,LOGIT,return_sortino_vs_bond,cash_allowed,345,1996-02-29,2024-10-31,0.05318622885236658,0.07224092152023258,0.7362340863477309,-0.12214708983293177,-0.07161641927989279,426.74041662041765,0.04776811594202899,0.5732173913043479,2.3884057971014494e-05,0.00028660869565217393,0.4105507246376812,0.5028985507246376,0.08655072463768115,3.0,1.0,0.0005,3.0,36.0,z_plus_zsmooth__LOGIT_return_sortino_vs_bond__cash_allowed__g3p0__tau1p0__c0p0005__phl3p0__l10p001,z_plus_zsmooth,0.001,0.0015,1.0,175,92,48,30,0.46217142857142857,0.536,0.0018285714285714248,0.6580434782608695,0.25478260869565217,0.08717391304347825,0.00125,0.9987499999999999,0.0,0.005333333333333333,0.2773333333333333,0.7173333333333333
z_plus_zsmooth,z_plus_zsmooth__LOGIT_return_sortino_vs_bond__cash_allowed__g3p0__tau3p0__c0p0005__phl3p0__l10p0,LOGIT,return_sortino_vs_bond,cash_allowed,345,1996-02-29,2024-10-31,0.05318622885236658,0.07224092152023258,0.7362340863477309,-0.12214708983293177,-0.07161641927989279,426.74041662041765,0.04776811594202899,0.5732173913043479,2.3884057971014494e-05,0.00028660869565217393,0.4105507246376812,0.5028985507246376,0.08655072463768115,3.0,3.0,0.0005,3.0,36.0,z_plus_zsmooth__LOGIT_return_sortino_vs_bond__cash_allowed__g3p0__tau3p0__c0p0005__phl3p0__l10p0,z_plus_zsmooth,0.0,0.0015,1.0,175,92,48,30,0.46217142857142857,0.536,0.0018285714285714248,0.6580434782608695,0.25478260869565217,0.08717391304347825,0.00125,0.9987499999999999,0.0,0.005333333333333333,0.2773333333333333,0.7173333333333333
z_smooth_only,z_smooth_only__LOGIT_return_sortino_vs_bond__cash_allowed__g0p25__tau1p0__c0p001__phl0p0__l10p001,LOGIT,return_sortino_vs_bond,cash_allowed,345,1996-02-29,2024-10-31,0.07855818927948127,0.10691209451766298,0.7347923509860959,-0.20319350045081197,-0.11095075000000001,805.9574700177983,0.10260869565217391,1.231304347826087,0.00010260869565217392,0.001231304347826087,0.6852753623188407,0.2474782608695652,0.0672463768115942,0.25,1.0,0.001,0.0,36.0,z_smooth_only__LOGIT_return_sortino_vs_bond__cash_allowed__g0p25__tau1p0__c0p001__phl0p0__l10p001,z_smooth_only,0.001,0.002,2.0,149,107,55,34,0.8699328859060403,0.1300671140939597,0.0,0.9813084112149533,0.018691588785046728,0.0,0.0,1.0,0.0,0.052941176470588235,0.2647058823529412,0.6823529411764706
z_plus_zsmooth,z_plus_zsmooth__RF_return_sortino_vs_bond__cash_allowed__g2p0__tau3p0__c0p0005__phl0p0__l10p0005,RF,return_sortino_vs_bond,cash_allowed,345,1996-02-29,2024-10-31,0.04794139488008212,0.06525376728727787,0.7346916028467977,-0.16727035772030407,-0.06232217763488464,372.30771229279355,0.0655072463768116,0.7860869565217392,3.27536231884058e-05,0.00039304347826086964,0.4051014492753623,0.5427246376811594,0.05217391304347825,2.0,3.0,0.0005,0.0,36.0,z_plus_zsmooth__RF_return_sortino_vs_bond__cash_allowed__g2p0__tau3p0__c0p0005__phl0p0__l10p0005,z_plus_zsmooth,0.0005,0.002,1.0,165,83,72,25,0.4978181818181819,0.5021818181818182,-1.606459073510643e-17,0.6602409638554217,0.3091566265060241,0.030602409638554196,0.025833333333333333,0.9741666666666668,0.0,0.0384,0.34319999999999995,0.6184000000000001
z_plus_zsmooth,z_plus_zsmooth__LOGIT_return_sortino_vs_bond__cash_allowed__g0p25__tau1p0__c0p001__phl0p0__l10p0025,LOGIT,return_sortino_vs_bond,cash_allowed,345,1996-02-29,2024-10-31,0.07518455422169965,0.10247711663451836,0.7336716399803007,-0.1633682353450001,-0.09716125,742.2485843585604,0.08544927536231885,1.0253913043478262,8.544927536231884e-05,0.001025391304347826,0.6378550724637682,0.2925797101449275,0.06956521739130435,0.25,1.0,0.001,0.0,36.0,z_plus_zsmooth__LOGIT_return_sortino_vs_bond__cash_allowed__g0p25__tau1p0__c0p001__phl0p0__l10p0025,z_plus_zsmooth,0.0025,0.0035,2.0,162,90,57,36,0.7816049382716049,0.21839506172839507,0.0,0.9802222222222222,0.01977777777777778,0.0,0.021403508771929824,0.9435087719298246,0.03508771929824561,0.1111111111111111,0.2777777777777778,0.6111111111111112
z_plus_zsmooth,z_plus_zsmooth__LOGIT_return_sortino_vs_bond__cash_allowed__g0p25__tau3p0__c0p001__phl0p0__l10p0005,LOGIT,return_sortino_vs_bond,cash_allowed,345,1996-02-29,2024-10-31,0.07518455422169965,0.10247711663451836,0.7336716399803007,-0.1633682353450001,-0.09716125,742.2485843585604,0.08544927536231885,1.0253913043478262,8.544927536231884e-05,0.001025391304347826,0.6378550724637682,0.2925797101449275,0.06956521739130435,0.25,3.0,0.001,0.0,36.0,z_plus_zsmooth__LOGIT_return_sortino_vs_bond__cash_allowed__g0p25__tau3p0__c0p001__phl0p0__l10p0005,z_plus_zsmooth,0.0005,0.0035,2.0,162,90,57,36,0.7816049382716049,0.21839506172839507,0.0,0.9802222222222222,0.01977777777777778,0.0,0.021403508771929824,0.9435087719298246,0.03508771929824561,0.1111111111111111,0.2777777777777778,0.6111111111111112
z_plus_zsmooth,z_plus_zsmooth__LOGIT_return_sortino_vs_bond__cash_allowed__g3p0__tau1p0__c0p0025__phl0p0__l10p0005,LOGIT,return_sortino_vs_bond,cash_allowed,345,1996-02-29,2024-10-31,0.0519732820884537,0.07089844416146236,0.7330666096154527,-0.11870041278989651,-0.07222520697833593,413.2499339372307,0.09043478260869565,1.085217391304348,0.00022608695652173914,0.0027130434782608698,0.4115942028985507,0.4960579710144927,0.0923478260869565,3.0,1.0,0.0025,0.0,36.0,z_plus_zsmooth__LOGIT_return_sortino_vs_bond__cash_allowed__g3p0__tau1p0__c0p0025__phl0p0__l10p0005,z_plus_zsmooth,0.0005,0.003,1.3599999999999999,162,90,57,36,0.48024691358024696,0.5179012345679013,0.0018518518518518296,0.7082222222222222,0.2253333333333333,0.06644444444444442,0.00035087719298245617,0.9705263157894737,0.02912280701754386,0.012222222222222221,0.32333333333333325,0.6644444444444445
z_plus_zsmooth,z_plus_zsmooth__LOGIT_return_sortino_vs_bond__cash_allowed__g3p0__tau1p0__c0p001__phl3p0__l10p0005,LOGIT,return_sortino_vs_bond,cash_allowed,345,1996-02-29,2024-10-31,0.0528996201567144,0.07223622677570332,0.732314276615943,-0.12214708983293165,-0.07161641927989279,423.2566913805785,0.04776811594202899,0.5732173913043479,4.776811594202899e-05,0.0005732173913043479,0.4105507246376812,0.5028985507246376,0.08655072463768115,3.0,1.0,0.001,3.0,36.0,z_plus_zsmooth__LOGIT_return_sortino_vs_bond__cash_allowed__g3p0__tau1p0__c0p001__phl3p0__l10p0005,z_plus_zsmooth,0.0005,0.0015,1.0,175,92,48,30,0.46217142857142857,0.536,0.0018285714285714248,0.6580434782608695,0.25478260869565217,0.08717391304347825,0.00125,0.9987499999999999,0.0,0.005333333333333333,0.2773333333333333,0.7173333333333333
z_plus_zsmooth,z_plus_zsmooth__LOGIT_return_sortino_vs_bond__cash_allowed__g0p25__tau1p0__c0p001__phl0p0__l10p001,LOGIT,return_sortino_vs_bond,cash_allowed,345,1996-02-29,2024-10-31,0.07662788511898666,0.10483368626796526,0.7309471587512264,-0.1633682353450001,-0.10066325000000001,767.8869362188552,0.1488695652173913,1.7864347826086957,0.00014886956521739132,0.0017864347826086959,0.692231884057971,0.23559420289855074,0.07217391304347825,0.25,1.0,0.001,0.0,36.0,z_plus_zsmooth__LOGIT_return_sortino_vs_bond__cash_allowed__g0p25__tau1p0__c0p001__phl0p0__l10p001,z_plus_zsmooth,0.001,0.002,2.0,162,90,57,36,0.905679012345679,0.094320987654321,0.0,0.9873333333333333,0.011111111111111112,0.0015555555555555557,0.0,0.9824561403508771,0.017543859649122806,0.09000000000000001,0.25,0.6599999999999999
z_plus_zsmooth,z_plus_zsmooth__LOGIT_return_sortino_vs_bond__cash_allowed__g2p0__tau3p0__c0p0005__phl0p0__l10p0025,LOGIT,return_sortino_vs_bond,cash_allowed,345,1996-02-29,2024-10-31,0.06135984523807886,0.08395498319486519,0.7308660296632841,-0.163368235345,-0.08891280153893641,524.9741542568656,0.08475362318840579,1.0170434782608695,4.2376811594202903e-05,0.0005085217391304349,0.4577971014492754,0.4472463768115941,0.09495652173913043,2.0,3.0,0.0005,0.0,36.0,z_plus_zsmooth__LOGIT_return_sortino_vs_bond__cash_allowed__g2p0__tau3p0__c0p0005__phl0p0__l10p0025,z_plus_zsmooth,0.0025,0.004,1.72,162,90,57,36,0.5238271604938273,0.47271604938271605,0.0034567901234567725,0.7906666666666667,0.15844444444444447,0.05088888888888888,0.01263157894736842,0.9294736842105262,0.05789473684210526,0.03333333333333334,0.2911111111111111,0.6755555555555556
z_plus_zsmooth,z_plus_zsmooth__LOGIT_return_sortino_vs_bond__cash_allowed__g0p5__tau1p0__c0p001__phl0p0__l10p0005,LOGIT,return_sortino_vs_bond,cash_allowed,345,1996-02-29,2024-10-31,0.07648846417208337,0.10469290583039569,0.7305983491947008,-0.1633682353450001,-0.10066325000000001,765.0857922050618,0.18295652173913043,2.195478260869565,0.00018295652173913046,0.0021954782608695654,0.6987826086956521,0.228231884057971,0.0729855072463768,0.5,1.0,0.001,0.0,36.0,z_plus_zsmooth__LOGIT_return_sortino_vs_bond__cash_allowed__g0p5__tau1p0__c0p001__phl0p0__l10p0005,z_plus_zsmooth,0.0005,0.0015,2.0,162,90,57,36,0.9330864197530866,0.06691358024691357,-1.9703032072822993e-18,0.9853333333333334,0.011111111111111112,0.003555555555555555,0.0,1.0,0.0,0.034444444444444444,0.275,0.6905555555555556
z_smooth_only,z_smooth_only__RF_return_sortino_vs_bond__cash_allowed__g2p0__tau3p0__c0p0005__phl0p0__l10p0005,RF,return_sortino_vs_bond,cash_allowed,345,1996-02-29,2024-10-31,0.0557299006971758,0.07629206483892906,0.7304809591251076,-0.14544835023242064,-0.075140525167609,454.9415456801243,0.06492753623188405,0.7791304347826086,3.246376811594203e-05,0.00038956521739130437,0.4592463768115942,0.47657971014492756,0.06417391304347825,2.0,3.0,0.0005,0.0,36.0,z_smooth_only__RF_return_sortino_vs_bond__cash_allowed__g2p0__tau3p0__c0p0005__phl0p0__l10p0005,z_smooth_only,0.0005,0.002,1.04,163,88,69,25,0.5622085889570553,0.4377914110429448,-2.077411181047072e-17,0.7379545454545456,0.20795454545454548,0.054090909090909085,0.009855072463768117,0.9785507246376811,0.011594202898550725,0.047200000000000006,0.2896,0.6632000000000001
z_plus_zsmooth,z_plus_zsmooth__LOGIT_return_sortino_vs_bond__cash_allowed__g1p0__tau1p0__c0p0005__phl0p0__l10p001,LOGIT,return_sortino_vs_bond,cash_allowed,345,1996-02-29,2024-10-31,0.07448698924881036,0.10209909034774364,0.7295558559347782,-0.1633682353450001,-0.09719675000000001,728.1603031284876,0.18005797101449275,2.160695652173913,9.002898550724638e-05,0.0010803478260869566,0.6765797101449275,0.2418550724637681,0.08156521739130435,1.0,1.0,0.0005,0.0,36.0,z_plus_zsmooth__LOGIT_return_sortino_vs_bond__cash_allowed__g1p0__tau1p0__c0p0005__phl0p0__l10p001,z_plus_zsmooth,0.001,0.0015,2.0,162,90,57,36,0.8944444444444445,0.10555555555555557,-2.5913770443604155e-18,0.9768888888888889,0.011111111111111112,0.012,0.0,1.0,0.0,0.01666666666666667,0.23166666666666666,0.7516666666666666
z_plus_zsmooth,z_plus_zsmooth__LOGIT_return_sortino_vs_bond__cash_allowed__g1p0__tau3p0__c0p0005__phl0p0__l10p0,LOGIT,return_sortino_vs_bond,cash_allowed,345,1996-02-29,2024-10-31,0.07448698924881036,0.10209909034774364,0.7295558559347782,-0.1633682353450001,-0.09719675000000001,728.1603031284876,0.18005797101449275,2.160695652173913,9.002898550724638e-05,0.0010803478260869566,0.6765797101449275,0.2418550724637681,0.08156521739130435,1.0,3.0,0.0005,0.0,36.0,z_plus_zsmooth__LOGIT_return_sortino_vs_bond__cash_allowed__g1p0__tau3p0__c0p0005__phl0p0__l10p0,z_plus_zsmooth,0.0,0.0015,2.0,162,90,57,36,0.8944444444444445,0.10555555555555557,-2.5913770443604155e-18,0.9768888888888889,0.011111111111111112,0.012,0.0,1.0,0.0,0.01666666666666667,0.23166666666666666,0.7516666666666666
z_plus_zsmooth,z_plus_zsmooth__LOGIT_return_sortino_vs_bond__cash_allowed__g2p0__tau3p0__c0p0005__phl0p0__l10p0005,LOGIT,return_sortino_vs_bond,cash_allowed,345,1996-02-29,2024-10-31,0.06720717728257475,0.09215173010300244,0.7293099891608549,-0.163368235345,-0.09151425,607.9221823719344,0.13646376811594202,1.6375652173913042,6.823188405797103e-05,0.0008187826086956524,0.5895072463768116,0.32324637681159424,0.08724637681159418,2.0,3.0,0.0005,0.0,36.0,z_plus_zsmooth__LOGIT_return_sortino_vs_bond__cash_allowed__g2p0__tau3p0__c0p0005__phl0p0__l10p0005,z_plus_zsmooth,0.0005,0.002,1.8,162,90,57,36,0.7276543209876544,0.2697530864197531,0.002592592592592578,0.9444444444444444,0.022222222222222223,0.033333333333333326,0.0,0.9824561403508771,0.017543859649122806,0.013888888888888888,0.2727777777777778,0.7133333333333334
z_plus_zsmooth,z_plus_zsmooth__RF_return_sortino_vs_bond__cash_allowed__g2p0__tau1p0__c0p001__phl0p0__l10p001,RF,return_sortino_vs_bond,cash_allowed,345,1996-02-29,2024-10-31,0.047548351401821246,0.0652408468735654,0.7288126025397612,-0.16798178672934416,-0.06232717763488464,368.14893169149514,0.0655072463768116,0.7860869565217392,6.55072463768116e-05,0.0007860869565217393,0.4051014492753623,0.5427246376811594,0.05217391304347825,2.0,1.0,0.001,0.0,36.0,z_plus_zsmooth__RF_return_sortino_vs_bond__cash_allowed__g2p0__tau1p0__c0p001__phl0p0__l10p001,z_plus_zsmooth,0.001,0.002,1.0,165,83,72,25,0.4978181818181819,0.5021818181818182,-1.606459073510643e-17,0.6602409638554217,0.3091566265060241,0.030602409638554196,0.025833333333333333,0.9741666666666668,0.0,0.0384,0.34319999999999995,0.6184000000000001
z_plus_zsmooth,z_plus_zsmooth__LOGIT_return_sortino_vs_bond__cash_allowed__g0p5__tau1p0__c0p001__phl0p0__l10p001,LOGIT,return_sortino_vs_bond,cash_allowed,345,1996-02-29,2024-10-31,0.07579460249919744,0.10412373230292749,0.727928214085603,-0.163368235345,-0.10066325000000001,751.3885459535079,0.14446376811594203,1.7335652173913043,0.00014446376811594203,0.0017335652173913045,0.6791304347826087,0.24498550724637685,0.0758840579710145,0.5,1.0,0.001,0.0,36.0,z_plus_zsmooth__LOGIT_return_sortino_vs_bond__cash_allowed__g0p5__tau1p0__c0p001__phl0p0__l10p001,z_plus_zsmooth,0.001,0.002,2.0,162,90,57,36,0.8880246913580248,0.11197530864197532,0.0,0.9826666666666667,0.011111111111111112,0.006222222222222223,0.0,0.9824561403508771,0.017543859649122806,0.05555555555555555,0.26055555555555554,0.6838888888888888
z_plus_zsmooth,z_plus_zsmooth__LOGIT_return_sortino_vs_bond__cash_allowed__g3p0__tau1p0__c0p001__phl0p0__l10p0005,LOGIT,return_sortino_vs_bond,cash_allowed,345,1996-02-29,2024-10-31,0.05801945146854899,0.07983856158947211,0.7267096289495238,-0.11870041278989651,-0.07691202018109414,482.04012125426124,0.16405797101449274,1.968695652173913,0.00016405797101449275,0.001968695652173913,0.5184347826086957,0.3671304347826087,0.11443478260869566,3.0,1.0,0.001,0.0,36.0,z_plus_zsmooth__LOGIT_return_sortino_vs_bond__cash_allowed__g3p0__tau1p0__c0p001__phl0p0__l10p0005,z_plus_zsmooth,0.0005,0.0015,1.66,162,90,57,36,0.6275308641975309,0.371358024691358,0.0011111111111111063,0.8557777777777779,0.052222222222222225,0.09200000000000001,0.0,0.9887719298245614,0.011228070175438597,0.005,0.1511111111111111,0.8438888888888889
z_smooth_only,z_smooth_only__RF_return_sortino_vs_bond__cash_allowed__g2p0__tau1p0__c0p001__phl0p0__l10p001,RF,return_sortino_vs_bond,cash_allowed,345,1996-02-29,2024-10-31,0.055340335479784494,0.0762789873707205,0.725499084181953,-0.14605993198585598,-0.075158025167609,449.90928731210494,0.06492753623188405,0.7791304347826086,6.492753623188406e-05,0.0007791304347826087,0.4592463768115942,0.47657971014492756,0.06417391304347825,2.0,1.0,0.001,0.0,36.0,z_smooth_only__RF_return_sortino_vs_bond__cash_allowed__g2p0__tau1p0__c0p001__phl0p0__l10p001,z_smooth_only,0.001,0.002,1.04,163,88,69,25,0.5622085889570553,0.4377914110429448,-2.077411181047072e-17,0.7379545454545456,0.20795454545454548,0.054090909090909085,0.009855072463768117,0.9785507246376811,0.011594202898550725,0.047200000000000006,0.2896,0.6632000000000001
z_plus_zsmooth,z_plus_zsmooth__LOGIT_return_sortino_vs_bond__cash_allowed__g1p0__tau5p0__c0p0005__phl0p0__l10p001,LOGIT,return_sortino_vs_bond,cash_allowed,345,1996-02-29,2024-10-31,0.0689193041107405,0.09503459779323419,0.7252022496132148,-0.1633682353450001,-0.09716125,633.4441985543103,0.09472463768115942,1.136695652173913,4.736231884057971e-05,0.0005683478260869565,0.5733333333333334,0.34782608695652173,0.07884057971014492,1.0,5.0,0.0005,0.0,36.0,z_plus_zsmooth__LOGIT_return_sortino_vs_bond__cash_allowed__g1p0__tau5p0__c0p0005__phl0p0__l10p001,z_plus_zsmooth,0.001,0.0035,2.0,162,90,57,36,0.670246913580247,0.3297530864197531,4.454598555594764e-18,0.9653333333333333,0.021333333333333333,0.01333333333333333,0.005964912280701754,0.9589473684210525,0.03508771929824561,0.05555555555555555,0.2777777777777778,0.6666666666666666
z_plus_zsmooth,z_plus_zsmooth__LOGIT_return_sortino_vs_bond__cash_allowed__g2p0__tau1p0__c0p0005__phl0p0__l10p001,LOGIT,return_sortino_vs_bond,cash_allowed,345,1996-02-29,2024-10-31,0.06725037722685788,0.0927443520663456,0.7251156078889811,-0.14622393923517885,-0.08746246517577834,607.9655530351173,0.1708985507246377,2.0507826086956524,8.544927536231884e-05,0.001025391304347826,0.6111304347826088,0.29385507246376813,0.09501449275362317,2.0,1.0,0.0005,0.0,36.0,z_plus_zsmooth__LOGIT_return_sortino_vs_bond__cash_allowed__g2p0__tau1p0__c0p0005__phl0p0__l10p001,z_plus_zsmooth,0.001,0.0015,1.96,162,90,57,36,0.7707407407407406,0.22925925925925927,-1.0365508177441662e-17,0.9522222222222221,0.01622222222222222,0.03155555555555555,0.0,0.9919298245614034,0.008070175438596491,0.007777777777777778,0.1733333333333333,0.8188888888888889
z_plus_zsmooth,z_plus_zsmooth__LOGIT_return_sortino_vs_bond__cash_allowed__g2p0__tau3p0__c0p0005__phl0p0__l10p0,LOGIT,return_sortino_vs_bond,cash_allowed,345,1996-02-29,2024-10-31,0.06725037722685788,0.0927443520663456,0.7251156078889811,-0.14622393923517885,-0.08746246517577834,607.9655530351173,0.1708985507246377,2.0507826086956524,8.544927536231884e-05,0.001025391304347826,0.6111304347826088,0.29385507246376813,0.09501449275362317,2.0,3.0,0.0005,0.0,36.0,z_plus_zsmooth__LOGIT_return_sortino_vs_bond__cash_allowed__g2p0__tau3p0__c0p0005__phl0p0__l10p0,z_plus_zsmooth,0.0,0.0015,1.96,162,90,57,36,0.7707407407407406,0.22925925925925927,-1.0365508177441662e-17,0.9522222222222221,0.01622222222222222,0.03155555555555555,0.0,0.9919298245614034,0.008070175438596491,0.007777777777777778,0.1733333333333333,0.8188888888888889
z_plus_zsmooth,z_plus_zsmooth__LOGIT_return_sortino_vs_bond__cash_allowed__g2p0__tau3p0__c0p001__phl0p0__l10p001,LOGIT,return_sortino_vs_bond,cash_allowed,345,1996-02-29,2024-10-31,0.06085132349894844,0.0839458083886033,0.7248881709168193,-0.1633682353450001,-0.08891280153893641,517.402155998692,0.08475362318840579,1.0170434782608695,8.475362318840581e-05,0.0010170434782608697,0.4577971014492754,0.4472463768115941,0.09495652173913043,2.0,3.0,0.001,0.0,36.0,z_plus_zsmooth__LOGIT_return_sortino_vs_bond__cash_allowed__g2p0__tau3p0__c0p001__phl0p0__l10p001,z_plus_zsmooth,0.001,0.004,1.72,162,90,57,36,0.5238271604938273,0.47271604938271605,0.0034567901234567725,0.7906666666666667,0.15844444444444447,0.05088888888888888,0.01263157894736842,0.9294736842105262,0.05789473684210526,0.03333333333333334,0.2911111111111111,0.6755555555555556
z_plus_zsmooth,z_plus_zsmooth__LOGIT_return_sortino_vs_bond__cash_allowed__g1p0__tau1p0__c0p0005__phl0p0__l10p0005,LOGIT,return_sortino_vs_bond,cash_allowed,345,1996-02-29,2024-10-31,0.07410100677169089,0.10227219810733792,0.7245469261736167,-0.163368235345,-0.09719675000000001,719.8677839801229,0.2212173913043478,2.6546086956521737,0.00011060869565217391,0.001327304347826087,0.6864347826086957,0.22133333333333333,0.09223188405797102,1.0,1.0,0.0005,0.0,36.0,z_plus_zsmooth__LOGIT_return_sortino_vs_bond__cash_allowed__g1p0__tau1p0__c0p0005__phl0p0__l10p0005,z_plus_zsmooth,0.0005,0.001,2.0,162,90,57,36,0.9164197530864197,0.08358024691358024,-1.5419764230904951e-18,0.9791111111111112,0.011111111111111112,0.00977777777777778,0.0,1.0,0.0,0.006666666666666666,0.1338888888888889,0.8594444444444443
z_smooth_only,z_smooth_only__LOGIT_return_sortino_vs_bond__cash_allowed__g5p0__tau1p0__c0p0005__phl0p0__l10p0,LOGIT,return_sortino_vs_bond,cash_allowed,345,1996-02-29,2024-10-31,0.04237149536475042,0.058491291812801584,0.7244068997545522,-0.07720130926912283,-0.053462509793379215,321.26825251136273,0.15657971014492753,1.8789565217391302,7.828985507246377e-05,0.0009394782608695652,0.34336231884057966,0.45715942028985507,0.1994782608695652,5.0,1.0,0.0005,0.0,36.0,z_smooth_only__LOGIT_return_sortino_vs_bond__cash_allowed__g5p0__tau1p0__c0p0005__phl0p0__l10p0,z_smooth_only,0.0,0.0005,1.56,149,107,55,34,0.3861744966442953,0.6131543624161074,0.0006711409395973093,0.5682242990654205,0.07981308411214952,0.35196261682242985,0.0,1.0,0.0,0.003529411764705882,0.08294117647058824,0.9135294117647058
z_smooth_only,z_smooth_only__LOGIT_return_sortino_vs_bond__cash_allowed__g0p5__tau3p0__c0p0005__phl0p0__l10p0005,LOGIT,return_sortino_vs_bond,cash_allowed,345,1996-02-29,2024-10-31,0.07709879785670402,0.10661429681548172,0.7231562760305924,-0.2031935004508122,-0.11095075000000001,773.729996512933,0.10492753623188407,1.2591304347826089,5.246376811594202e-05,0.0006295652173913043,0.6804057971014493,0.25118840579710144,0.06840579710144928,0.5,3.0,0.0005,0.0,36.0,z_smooth_only__LOGIT_return_sortino_vs_bond__cash_allowed__g0p5__tau3p0__c0p0005__phl0p0__l10p0005,z_smooth_only,0.0005,0.002,2.0,149,107,55,34,0.8613422818791947,0.13865771812080538,-1.3039532168416269e-18,0.9813084112149533,0.018691588785046728,0.0,0.0,1.0,0.0,0.041176470588235294,0.2647058823529412,0.6941176470588236
z_plus_zsmooth,z_plus_zsmooth__LOGIT_return_sortino_vs_bond__cash_allowed__g0p5__tau5p0__c0p0005__phl0p0__l10p001,LOGIT,return_sortino_vs_bond,cash_allowed,345,1996-02-29,2024-10-31,0.07152511848823087,0.09913661186786667,0.7214803606921979,-0.1633682353450001,-0.09716125,674.8234968666854,0.0913623188405797,1.0963478260869564,4.5681159420289854e-05,0.0005481739130434783,0.6136231884057971,0.3144347826086957,0.07194202898550724,0.5,5.0,0.0005,0.0,36.0,z_plus_zsmooth__LOGIT_return_sortino_vs_bond__cash_allowed__g0p5__tau5p0__c0p0005__phl0p0__l10p001,z_plus_zsmooth,0.001,0.0035,2.0,162,90,57,36,0.7393827160493828,0.2606172839506173,-8.566535683836084e-19,0.9766666666666667,0.020888888888888887,0.002444444444444444,0.01087719298245614,0.9540350877192982,0.03508771929824561,0.09444444444444446,0.2777777777777778,0.6277777777777778
z_plus_zsmooth,z_plus_zsmooth__LOGIT_return_sortino_vs_bond__cash_allowed__g2p0__tau3p0__c0p0005__phl0p0__l10p001,LOGIT,return_sortino_vs_bond,cash_allowed,345,1996-02-29,2024-10-31,0.06528440654048495,0.0905030872466691,0.7213500503308818,-0.1633682353450001,-0.09106229563600783,577.825113219649,0.11930434782608694,1.4316521739130432,5.965217391304348e-05,0.0007158260869565218,0.5634202898550724,0.34857971014492756,0.088,2.0,3.0,0.0005,0.0,36.0,z_plus_zsmooth__LOGIT_return_sortino_vs_bond__cash_allowed__g2p0__tau3p0__c0p0005__phl0p0__l10p001,z_plus_zsmooth,0.001,0.0025,1.96,162,90,57,36,0.6783950617283951,0.3190123456790123,0.002592592592592591,0.9322222222222223,0.03222222222222223,0.035555555555555556,0.0,0.9771929824561404,0.022807017543859647,0.01611111111111111,0.27722222222222226,0.7066666666666666
z_plus_zsmooth,z_plus_zsmooth__LOGIT_return_sortino_vs_bond__cash_allowed__g2p0__tau5p0__c0p0005__phl0p0__l10p0,LOGIT,return_sortino_vs_bond,cash_allowed,345,1996-02-29,2024-10-31,0.06528440654048495,0.0905030872466691,0.7213500503308818,-0.1633682353450001,-0.09106229563600783,577.825113219649,0.11930434782608694,1.4316521739130432,5.965217391304348e-05,0.0007158260869565218,0.5634202898550724,0.34857971014492756,0.088,2.0,5.0,0.0005,0.0,36.0,z_plus_zsmooth__LOGIT_return_sortino_vs_bond__cash_allowed__g2p0__tau5p0__c0p0005__phl0p0__l10p0,z_plus_zsmooth,0.0,0.0025,1.96,162,90,57,36,0.6783950617283951,0.3190123456790123,0.002592592592592591,0.9322222222222223,0.03222222222222223,0.035555555555555556,0.0,0.9771929824561404,0.022807017543859647,0.01611111111111111,0.27722222222222226,0.7066666666666666
z_plus_zsmooth,z_plus_zsmooth__LOGIT_return_sortino_vs_bond__cash_allowed__g0p25__tau1p0__c0p0005__phl0p0__l10p0005,LOGIT,return_sortino_vs_bond,cash_allowed,345,1996-02-29,2024-10-31,0.07563735323829485,0.10492815254016287,0.7208489943568147,-0.16590359943804123,-0.10066325000000001,746.1951365821074,0.2257391304347826,2.708869565217391,0.00011286956521739132,0.0013544347826086958,0.7128115942028985,0.20144927536231885,0.08573913043478261,0.25,1.0,0.0005,0.0,36.0,z_plus_zsmooth__LOGIT_return_sortino_vs_bond__cash_allowed__g0p25__tau1p0__c0p0005__phl0p0__l10p0005,z_plus_zsmooth,0.0005,0.001,2.0,162,90,57,36,0.9587654320987654,0.041234567901234566,-6.853228547068867e-19,0.9964444444444445,0.0035555555555555557,-6.167905692361981e-19,0.0,1.0,0.0,0.025555555555555557,0.1527777777777778,0.8216666666666668
z_plus_zsmooth,z_plus_zsmooth__LOGIT_return_sortino_vs_bond__cash_allowed__g2p0__tau1p0__c0p001__phl0p0__l10p001,LOGIT,return_sortino_vs_bond,cash_allowed,345,1996-02-29,2024-10-31,0.06638839467387908,0.09214508073199466,0.7204768192343409,-0.163368235345,-0.09151425,593.8613690180749,0.13646376811594202,1.6375652173913042,0.00013646376811594205,0.0016375652173913047,0.5895072463768116,0.32324637681159424,0.08724637681159418,2.0,1.0,0.001,0.0,36.0,z_plus_zsmooth__LOGIT_return_sortino_vs_bond__cash_allowed__g2p0__tau1p0__c0p001__phl0p0__l10p001,z_plus_zsmooth,0.001,0.002,1.8,162,90,57,36,0.7276543209876544,0.2697530864197531,0.002592592592592578,0.9444444444444444,0.022222222222222223,0.033333333333333326,0.0,0.9824561403508771,0.017543859649122806,0.013888888888888888,0.2727777777777778,0.7133333333333334
z_smooth_only,z_smooth_only__LOGIT_return_sortino_vs_bond__cash_allowed__g3p0__tau1p0__c0p0005__phl3p0__l10p001,LOGIT,return_sortino_vs_bond,cash_allowed,345,1996-02-29,2024-10-31,0.051137970469024296,0.07098372086572312,0.7204182852820553,-0.10834969096814862,-0.06752830142051545,403.538955194521,0.04544927536231884,0.545391304347826,2.2724637681159424e-05,0.00027269565217391306,0.4,0.5135652173913043,0.08643478260869564,3.0,1.0,0.0005,3.0,36.0,z_smooth_only__LOGIT_return_sortino_vs_bond__cash_allowed__g3p0__tau1p0__c0p0005__phl3p0__l10p001,z_smooth_only,0.001,0.0015,1.0,148,118,49,30,0.42878378378378385,0.5671621621621621,0.004054054054054041,0.6264406779661018,0.30338983050847457,0.0701694915254237,0.00816326530612245,0.9918367346938776,-2.2657612747452172e-18,0.007333333333333334,0.2946666666666667,0.698
z_smooth_only,z_smooth_only__LOGIT_return_sortino_vs_bond__cash_allowed__g3p0__tau3p0__c0p0005__phl3p0__l10p0,LOGIT,return_sortino_vs_bond,cash_allowed,345,1996-02-29,2024-10-31,0.051137970469024296,0.07098372086572312,0.7204182852820553,-0.10834969096814862,-0.06752830142051545,403.538955194521,0.04544927536231884,0.545391304347826,2.2724637681159424e-05,0.00027269565217391306,0.4,0.5135652173913043,0.08643478260869564,3.0,3.0,0.0005,3.0,36.0,z_smooth_only__LOGIT_return_sortino_vs_bond__cash_allowed__g3p0__tau3p0__c0p0005__phl3p0__l10p0,z_smooth_only,0.0,0.0015,1.0,148,118,49,30,0.42878378378378385,0.5671621621621621,0.004054054054054041,0.6264406779661018,0.30338983050847457,0.0701694915254237,0.00816326530612245,0.9918367346938776,-2.2657612747452172e-18,0.007333333333333334,0.2946666666666667,0.698
z_plus_zsmooth,z_plus_zsmooth__LOGIT_return_sortino_vs_bond__cash_allowed__g1p0__tau1p0__c0p001__phl0p0__l10p0025,LOGIT,return_sortino_vs_bond,cash_allowed,345,1996-02-29,2024-10-31,0.06835095628465354,0.09502813633285885,0.7192707225703965,-0.16336823534500022,-0.09716125,623.2426024127682,0.09472463768115942,1.136695652173913,9.472463768115942e-05,0.001136695652173913,0.5733333333333334,0.34782608695652173,0.07884057971014492,1.0,1.0,0.001,0.0,36.0,z_plus_zsmooth__LOGIT_return_sortino_vs_bond__cash_allowed__g1p0__tau1p0__c0p001__phl0p0__l10p0025,z_plus_zsmooth,0.0025,0.0035,2.0,162,90,57,36,0.670246913580247,0.3297530864197531,4.454598555594764e-18,0.9653333333333333,0.021333333333333333,0.01333333333333333,0.005964912280701754,0.9589473684210525,0.03508771929824561,0.05555555555555555,0.2777777777777778,0.6666666666666666
z_plus_zsmooth,z_plus_zsmooth__LOGIT_return_sortino_vs_bond__cash_allowed__g1p0__tau3p0__c0p001__phl0p0__l10p0005,LOGIT,return_sortino_vs_bond,cash_allowed,345,1996-02-29,2024-10-31,0.06835095628465354,0.09502813633285885,0.7192707225703965,-0.16336823534500022,-0.09716125,623.2426024127682,0.09472463768115942,1.136695652173913,9.472463768115942e-05,0.001136695652173913,0.5733333333333334,0.34782608695652173,0.07884057971014492,1.0,3.0,0.001,0.0,36.0,z_plus_zsmooth__LOGIT_return_sortino_vs_bond__cash_allowed__g1p0__tau3p0__c0p001__phl0p0__l10p0005,z_plus_zsmooth,0.0005,0.0035,2.0,162,90,57,36,0.670246913580247,0.3297530864197531,4.454598555594764e-18,0.9653333333333333,0.021333333333333333,0.01333333333333333,0.005964912280701754,0.9589473684210525,0.03508771929824561,0.05555555555555555,0.2777777777777778,0.6666666666666666
z_plus_zsmooth,z_plus_zsmooth__LOGIT_return_sortino_vs_bond__cash_allowed__g1p0__tau1p0__c0p001__phl0p0__l10p0005,LOGIT,return_sortino_vs_bond,cash_allowed,345,1996-02-29,2024-10-31,0.0734066414227234,0.10209203478391546,0.719024178312181,-0.1633682353450001,-0.09719675000000001,706.0301497043585,0.18005797101449275,2.160695652173913,0.00018005797101449276,0.002160695652173913,0.6765797101449275,0.2418550724637681,0.08156521739130435,1.0,1.0,0.001,0.0,36.0,z_plus_zsmooth__LOGIT_return_sortino_vs_bond__cash_allowed__g1p0__tau1p0__c0p001__phl0p0__l10p0005,z_plus_zsmooth,0.0005,0.0015,2.0,162,90,57,36,0.8944444444444445,0.10555555555555557,-2.5913770443604155e-18,0.9768888888888889,0.011111111111111112,0.012,0.0,1.0,0.0,0.01666666666666667,0.23166666666666666,0.7516666666666666
z_smooth_only,z_smooth_only__LOGIT_return_sortino_vs_bond__cash_allowed__g1p0__tau1p0__c0p0005__phl0p0__l10p001,LOGIT,return_sortino_vs_bond,cash_allowed,345,1996-02-29,2024-10-31,0.07476084531896587,0.10405998994885006,0.718439866808694,-0.175157897923498,-0.10326564286748909,729.4913562019059,0.11976811594202899,1.437217391304348,5.9884057971014495e-05,0.0007186086956521739,0.6754202898550725,0.2419130434782609,0.08266666666666668,1.0,1.0,0.0005,0.0,36.0,z_smooth_only__LOGIT_return_sortino_vs_bond__cash_allowed__g1p0__tau1p0__c0p0005__phl0p0__l10p001,z_smooth_only,0.001,0.0015,2.0,149,107,55,34,0.8531543624161074,0.14684563758389263,-4.330987470223975e-18,0.9814953271028038,0.0031775700934579443,0.01532710280373832,0.0,1.0,0.0,0.02588235294117647,0.18352941176470589,0.7905882352941177
z_smooth_only,z_smooth_only__LOGIT_return_sortino_vs_bond__cash_allowed__g1p0__tau3p0__c0p0005__phl0p0__l10p0,LOGIT,return_sortino_vs_bond,cash_allowed,345,1996-02-29,2024-10-31,0.07476084531896587,0.10405998994885006,0.718439866808694,-0.175157897923498,-0.10326564286748909,729.4913562019059,0.11976811594202899,1.437217391304348,5.9884057971014495e-05,0.0007186086956521739,0.6754202898550725,0.2419130434782609,0.08266666666666668,1.0,3.0,0.0005,0.0,36.0,z_smooth_only__LOGIT_return_sortino_vs_bond__cash_allowed__g1p0__tau3p0__c0p0005__phl0p0__l10p0,z_smooth_only,0.0,0.0015,2.0,149,107,55,34,0.8531543624161074,0.14684563758389263,-4.330987470223975e-18,0.9814953271028038,0.0031775700934579443,0.01532710280373832,0.0,1.0,0.0,0.02588235294117647,0.18352941176470589,0.7905882352941177
z_plus_zsmooth,z_plus_zsmooth__LOGIT_return_sortino_vs_bond__cash_allowed__g2p0__tau1p0__c0p0025__phl0p0__l10p001,LOGIT,return_sortino_vs_bond,cash_allowed,345,1996-02-29,2024-10-31,0.06072270621648083,0.08453802293821044,0.7182886955005271,-0.1633682353450001,-0.0874665021984806,514.7210871185713,0.09066666666666666,1.0879999999999999,0.00022666666666666666,0.0027199999999999998,0.488231884057971,0.42278260869565215,0.0889855072463768,2.0,1.0,0.0025,0.0,36.0,z_plus_zsmooth__LOGIT_return_sortino_vs_bond__cash_allowed__g2p0__tau1p0__c0p0025__phl0p0__l10p001,z_plus_zsmooth,0.001,0.0035,1.6,162,90,57,36,0.5690123456790124,0.43024691358024686,0.0007407407407407301,0.833111111111111,0.12222222222222222,0.04466666666666664,0.004912280701754386,0.9610526315789474,0.034035087719298245,0.027777777777777776,0.28833333333333333,0.6838888888888889
z_plus_zsmooth,z_plus_zsmooth__LOGIT_return_sortino_vs_bond__cash_allowed__g0p5__tau3p0__c0p0005__phl0p0__l10p001,LOGIT,return_sortino_vs_bond,cash_allowed,345,1996-02-29,2024-10-31,0.07382706010829068,0.10283132846085069,0.7179432689756376,-0.1702962308074134,-0.09716125,713.140345576162,0.12695652173913044,1.5234782608695654,6.347826086956521e-05,0.0007617391304347825,0.6523478260869565,0.27391304347826084,0.07373913043478261,0.5,3.0,0.0005,0.0,36.0,z_plus_zsmooth__LOGIT_return_sortino_vs_bond__cash_allowed__g0p5__tau3p0__c0p0005__phl0p0__l10p001,z_plus_zsmooth,0.001,0.0025,2.0,162,90,57,36,0.8302469135802469,0.1697530864197531,-1.7133071367672168e-18,0.9815555555555556,0.011111111111111112,0.007333333333333332,0.0,0.9824561403508771,0.017543859649122806,0.061666666666666675,0.2777777777777778,0.6605555555555556
z_plus_zsmooth,z_plus_zsmooth__LOGIT_return_sortino_vs_bond__cash_allowed__g0p5__tau5p0__c0p0005__phl0p0__l10p0,LOGIT,return_sortino_vs_bond,cash_allowed,345,1996-02-29,2024-10-31,0.07382706010829068,0.10283132846085069,0.7179432689756376,-0.1702962308074134,-0.09716125,713.140345576162,0.12695652173913044,1.5234782608695654,6.347826086956521e-05,0.0007617391304347825,0.6523478260869565,0.27391304347826084,0.07373913043478261,0.5,5.0,0.0005,0.0,36.0,z_plus_zsmooth__LOGIT_return_sortino_vs_bond__cash_allowed__g0p5__tau5p0__c0p0005__phl0p0__l10p0,z_plus_zsmooth,0.0,0.0025,2.0,162,90,57,36,0.8302469135802469,0.1697530864197531,-1.7133071367672168e-18,0.9815555555555556,0.011111111111111112,0.007333333333333332,0.0,0.9824561403508771,0.017543859649122806,0.061666666666666675,0.2777777777777778,0.6605555555555556
z_plus_zsmooth,z_plus_zsmooth__LOGIT_return_sortino_vs_bond__cash_allowed__g0p25__tau1p0__c0p0025__phl0p0__l10p001,LOGIT,return_sortino_vs_bond,cash_allowed,345,1996-02-29,2024-10-31,0.07364646726517791,0.10258659572292857,0.7178956153695388,-0.163368235345,-0.09716125,710.0949561491329,0.08544927536231885,1.0253913043478262,0.00021362318840579712,0.0025634782608695656,0.6378550724637682,0.2925797101449275,0.06956521739130435,0.25,1.0,0.0025,0.0,36.0,z_plus_zsmooth__LOGIT_return_sortino_vs_bond__cash_allowed__g0p25__tau1p0__c0p0025__phl0p0__l10p001,z_plus_zsmooth,0.001,0.0035,2.0,162,90,57,36,0.7816049382716049,0.21839506172839507,0.0,0.9802222222222222,0.01977777777777778,0.0,0.021403508771929824,0.9435087719298246,0.03508771929824561,0.1111111111111111,0.2777777777777778,0.6111111111111112
z_plus_zsmooth,z_plus_zsmooth__LOGIT_return_sortino_vs_bond__cash_allowed__g0p5__tau1p0__c0p0005__phl0p0__l10p0005,LOGIT,return_sortino_vs_bond,cash_allowed,345,1996-02-29,2024-10-31,0.07482011606881768,0.10426096033246571,0.7176235076890953,-0.165903599438041,-0.09732355153893642,730.4790674226958,0.22968115942028983,2.7561739130434777,0.00011484057971014494,0.0013780869565217391,0.704927536231884,0.20707246376811594,0.088,0.5,1.0,0.0005,0.0,36.0,z_plus_zsmooth__LOGIT_return_sortino_vs_bond__cash_allowed__g0p5__tau1p0__c0p0005__phl0p0__l10p0005,z_plus_zsmooth,0.0005,0.001,2.0,162,90,57,36,0.9477777777777779,0.052222222222222225,-7.709882115452476e-19,0.9913333333333333,0.008,0.0006666666666666656,0.0,1.0,0.0,0.012222222222222225,0.1461111111111111,0.8416666666666667
z_smooth_only,z_smooth_only__LOGIT_return_sortino_vs_bond__cash_allowed__g0p5__tau1p0__c0p001__phl0p0__l10p001,LOGIT,return_sortino_vs_bond,cash_allowed,345,1996-02-29,2024-10-31,0.0764692326393127,0.10656328438992875,0.7175945549829522,-0.20319350045081208,-0.11095075000000001,760.0500851293925,0.10492753623188407,1.2591304347826089,0.00010492753623188404,0.0012591304347826086,0.6804057971014493,0.25118840579710144,0.06840579710144928,0.5,1.0,0.001,0.0,36.0,z_smooth_only__LOGIT_return_sortino_vs_bond__cash_allowed__g0p5__tau1p0__c0p001__phl0p0__l10p001,z_smooth_only,0.001,0.002,2.0,149,107,55,34,0.8613422818791947,0.13865771812080538,-1.3039532168416269e-18,0.9813084112149533,0.018691588785046728,0.0,0.0,1.0,0.0,0.041176470588235294,0.2647058823529412,0.6941176470588236
z_smooth_only,z_smooth_only__LOGIT_return_sortino_vs_bond__cash_allowed__g3p0__tau1p0__c0p001__phl3p0__l10p0005,LOGIT,return_sortino_vs_bond,cash_allowed,345,1996-02-29,2024-10-31,0.05086527481685038,0.07098187729938972,0.7165952317985214,-0.10834969096814884,-0.06753330142051546,400.4012843767512,0.04544927536231884,0.545391304347826,4.544927536231885e-05,0.0005453913043478261,0.4,0.5135652173913043,0.08643478260869564,3.0,1.0,0.001,3.0,36.0,z_smooth_only__LOGIT_return_sortino_vs_bond__cash_allowed__g3p0__tau1p0__c0p001__phl3p0__l10p0005,z_smooth_only,0.0005,0.0015,1.0,148,118,49,30,0.42878378378378385,0.5671621621621621,0.004054054054054041,0.6264406779661018,0.30338983050847457,0.0701694915254237,0.00816326530612245,0.9918367346938776,-2.2657612747452172e-18,0.007333333333333334,0.2946666666666667,0.698
z_plus_zsmooth,z_plus_zsmooth__LOGIT_return_sortino_vs_bond__cash_allowed__g0p5__tau1p0__c0p001__phl0p0__l10p0025,LOGIT,return_sortino_vs_bond,cash_allowed,345,1996-02-29,2024-10-31,0.07097694457518738,0.09914949981719438,0.7158578178008987,-0.163368235345,-0.09716125,664.3056854869377,0.0913623188405797,1.0963478260869564,9.136231884057971e-05,0.0010963478260869566,0.6136231884057971,0.3144347826086957,0.07194202898550724,0.5,1.0,0.001,0.0,36.0,z_plus_zsmooth__LOGIT_return_sortino_vs_bond__cash_allowed__g0p5__tau1p0__c0p001__phl0p0__l10p0025,z_plus_zsmooth,0.0025,0.0035,2.0,162,90,57,36,0.7393827160493828,0.2606172839506173,-8.566535683836084e-19,0.9766666666666667,0.020888888888888887,0.002444444444444444,0.01087719298245614,0.9540350877192982,0.03508771929824561,0.09444444444444446,0.2777777777777778,0.6277777777777778
z_plus_zsmooth,z_plus_zsmooth__LOGIT_return_sortino_vs_bond__cash_allowed__g0p5__tau3p0__c0p001__phl0p0__l10p0005,LOGIT,return_sortino_vs_bond,cash_allowed,345,1996-02-29,2024-10-31,0.07097694457518738,0.09914949981719438,0.7158578178008987,-0.163368235345,-0.09716125,664.3056854869377,0.0913623188405797,1.0963478260869564,9.136231884057971e-05,0.0010963478260869566,0.6136231884057971,0.3144347826086957,0.07194202898550724,0.5,3.0,0.001,0.0,36.0,z_plus_zsmooth__LOGIT_return_sortino_vs_bond__cash_allowed__g0p5__tau3p0__c0p001__phl0p0__l10p0005,z_plus_zsmooth,0.0005,0.0035,2.0,162,90,57,36,0.7393827160493828,0.2606172839506173,-8.566535683836084e-19,0.9766666666666667,0.020888888888888887,0.002444444444444444,0.01087719298245614,0.9540350877192982,0.03508771929824561,0.09444444444444446,0.2777777777777778,0.6277777777777778
z_plus_zsmooth,z_plus_zsmooth__LOGIT_return_sortino_vs_bond__cash_allowed__g0p25__tau3p0__c0p0005__phl0p0__l10p001,LOGIT,return_sortino_vs_bond,cash_allowed,345,1996-02-29,2024-10-31,0.07501868634689457,0.10485121160098348,0.71547753432151,-0.1633682353450001,-0.10066325000000001,733.3482344006541,0.12846376811594204,1.5415652173913044,6.423188405797101e-05,0.0007707826086956521,0.6725797101449276,0.2569855072463768,0.07043478260869565,0.25,3.0,0.0005,0.0,36.0,z_plus_zsmooth__LOGIT_return_sortino_vs_bond__cash_allowed__g0p25__tau3p0__c0p0005__phl0p0__l10p001,z_plus_zsmooth,0.001,0.0025,2.0,162,90,57,36,0.8662962962962963,0.1337037037037037,-1.02798428206033e-18,0.9853333333333334,0.011111111111111112,0.003555555555555555,0.0,0.9824561403508771,0.017543859649122806,0.08388888888888889,0.2777777777777778,0.6383333333333333
z_plus_zsmooth,z_plus_zsmooth__LOGIT_return_sortino_vs_bond__cash_allowed__g0p25__tau5p0__c0p0005__phl0p0__l10p0,LOGIT,return_sortino_vs_bond,cash_allowed,345,1996-02-29,2024-10-31,0.07501868634689457,0.10485121160098348,0.71547753432151,-0.1633682353450001,-0.10066325000000001,733.3482344006541,0.12846376811594204,1.5415652173913044,6.423188405797101e-05,0.0007707826086956521,0.6725797101449276,0.2569855072463768,0.07043478260869565,0.25,5.0,0.0005,0.0,36.0,z_plus_zsmooth__LOGIT_return_sortino_vs_bond__cash_allowed__g0p25__tau5p0__c0p0005__phl0p0__l10p0,z_plus_zsmooth,0.0,0.0025,2.0,162,90,57,36,0.8662962962962963,0.1337037037037037,-1.02798428206033e-18,0.9853333333333334,0.011111111111111112,0.003555555555555555,0.0,0.9824561403508771,0.017543859649122806,0.08388888888888889,0.2777777777777778,0.6383333333333333
z_plus_zsmooth,z_plus_zsmooth__LOGIT_return_sortino_vs_bond__cash_allowed__g1p0__tau1p0__c0p0005__phl0p0__l10p0,LOGIT,return_sortino_vs_bond,cash_allowed,345,1996-02-29,2024-10-31,0.07309644993453095,0.10226013056975274,0.7148088852152507,-0.1633682353450001,-0.09719675000000001,699.5545365285703,0.2622608695652174,3.147130434782609,0.0001311304347826087,0.0015735652173913045,0.6867826086956521,0.2194782608695652,0.0937391304347826,1.0,1.0,0.0005,0.0,36.0,z_plus_zsmooth__LOGIT_return_sortino_vs_bond__cash_allowed__g1p0__tau1p0__c0p0005__phl0p0__l10p0,z_plus_zsmooth,0.0,0.0005,2.0,162,90,57,36,0.9179012345679012,0.08209876543209876,-1.2849803525754126e-18,0.9799999999999999,0.012,0.008,0.0,1.0,0.0,0.0011111111111111111,0.12055555555555555,0.8783333333333334
z_plus_zsmooth,z_plus_zsmooth__LOGIT_return_sortino_vs_bond__cash_allowed__g2p0__tau1p0__c0p001__phl0p0__l10p0005,LOGIT,return_sortino_vs_bond,cash_allowed,345,1996-02-29,2024-10-31,0.06622498592251004,0.09274753917861886,0.7140349653371386,-0.14622393923517873,-0.08746246517577834,590.389805264939,0.1708985507246377,2.0507826086956524,0.0001708985507246377,0.002050782608695652,0.6111304347826088,0.29385507246376813,0.09501449275362317,2.0,1.0,0.001,0.0,36.0,z_plus_zsmooth__LOGIT_return_sortino_vs_bond__cash_allowed__g2p0__tau1p0__c0p001__phl0p0__l10p0005,z_plus_zsmooth,0.0005,0.0015,1.96,162,90,57,36,0.7707407407407406,0.22925925925925927,-1.0365508177441662e-17,0.9522222222222221,0.01622222222222222,0.03155555555555555,0.0,0.9919298245614034,0.008070175438596491,0.007777777777777778,0.1733333333333333,0.8188888888888889
z_plus_zsmooth,z_plus_zsmooth__LOGIT_return_sortino_vs_bond__cash_allowed__g3p0__tau1p0__c0p0005__phl3p0__l10p0,LOGIT,return_sortino_vs_bond,cash_allowed,345,1996-02-29,2024-10-31,0.052431419815837155,0.07344530572008615,0.7138838800081129,-0.1200945971387597,-0.06763105032441459,416.5987473877326,0.07797101449275362,0.9356521739130435,3.898550724637681e-05,0.00046782608695652175,0.45002898550724635,0.4568115942028985,0.09315942028985508,3.0,1.0,0.0005,3.0,36.0,z_plus_zsmooth__LOGIT_return_sortino_vs_bond__cash_allowed__g3p0__tau1p0__c0p0005__phl3p0__l10p0,z_plus_zsmooth,0.0,0.0005,1.0,175,92,48,30,0.4969142857142856,0.5030857142857144,-1.2846866427805383e-17,0.7423913043478261,0.13717391304347828,0.12043478260869564,0.0,1.0,0.0,0.0,0.298,0.7020000000000001
z_plus_zsmooth,z_plus_zsmooth__RF_return_sortino_vs_bond__cash_allowed__g1p0__tau1p0__c0p0005__phl0p0__l10p0,RF,return_sortino_vs_bond,cash_allowed,345,1996-02-29,2024-10-31,0.07030283154335076,0.09867031606055975,0.7125023446788373,-0.16510633179846412,-0.09785825000000001,652.3750127718932,0.16081159420289856,1.9297391304347826,8.040579710144927e-05,0.0009648695652173913,0.6504927536231885,0.2975072463768116,0.052000000000000005,1.0,1.0,0.0005,0.0,36.0,z_plus_zsmooth__RF_return_sortino_vs_bond__cash_allowed__g1p0__tau1p0__c0p0005__phl0p0__l10p0,z_plus_zsmooth,0.0,0.0005,2.0,165,83,72,25,0.8559999999999999,0.144,-1.8083178052606717e-18,0.9809638554216867,0.007710843373493976,0.011325301204819274,0.008888888888888889,0.991111111111111,0.0,0.044800000000000006,0.2752,0.68
z_plus_zsmooth,z_plus_zsmooth__LOGIT_return_sortino_vs_bond__cash_allowed__g1p0__tau3p0__c0p0005__phl0p0__l10p0005,LOGIT,return_sortino_vs_bond,cash_allowed,345,1996-02-29,2024-10-31,0.07166037060912038,0.10059577477159606,0.7123596470311613,-0.163368235345,-0.09668415021984805,674.5336181434302,0.1441159420289855,1.7293913043478262,7.205797101449275e-05,0.0008646956521739129,0.6499130434782608,0.27072463768115945,0.0793623188405797,1.0,3.0,0.0005,0.0,36.0,z_plus_zsmooth__LOGIT_return_sortino_vs_bond__cash_allowed__g1p0__tau3p0__c0p0005__phl0p0__l10p0005,z_plus_zsmooth,0.0005,0.002,2.0,162,90,57,36,0.835679012345679,0.164320987654321,-5.332668463187962e-18,0.9757777777777777,0.012222222222222223,0.012,0.0,0.9824561403508771,0.017543859649122806,0.028333333333333335,0.2688888888888889,0.7027777777777777
z_smooth_only,z_smooth_only__LOGIT_return_sortino_vs_bond__cash_allowed__g1p0__tau1p0__c0p001__phl0p0__l10p0005,LOGIT,return_sortino_vs_bond,cash_allowed,345,1996-02-29,2024-10-31,0.07404223662331372,0.10401877811735619,0.7118160582484221,-0.17539502072905622,-0.1033306428674891,714.7446891362796,0.11976811594202899,1.437217391304348,0.00011976811594202899,0.0014372173913043478,0.6754202898550725,0.2419130434782609,0.08266666666666668,1.0,1.0,0.001,0.0,36.0,z_smooth_only__LOGIT_return_sortino_vs_bond__cash_allowed__g1p0__tau1p0__c0p001__phl0p0__l10p0005,z_smooth_only,0.0005,0.0015,2.0,149,107,55,34,0.8531543624161074,0.14684563758389263,-4.330987470223975e-18,0.9814953271028038,0.0031775700934579443,0.01532710280373832,0.0,1.0,0.0,0.02588235294117647,0.18352941176470589,0.7905882352941177
z_plus_zsmooth,z_plus_zsmooth__LOGIT_return_sortino_vs_bond__cash_allowed__g1p0__tau1p0__c0p001__phl0p0__l10p0,LOGIT,return_sortino_vs_bond,cash_allowed,345,1996-02-29,2024-10-31,0.0727737024238648,0.10224674539178535,0.7117459058966931,-0.163368235345,-0.09719675000000001,693.1162434207322,0.2212173913043478,2.6546086956521737,0.00022121739130434782,0.002654608695652174,0.6864347826086957,0.22133333333333333,0.09223188405797102,1.0,1.0,0.001,0.0,36.0,z_plus_zsmooth__LOGIT_return_sortino_vs_bond__cash_allowed__g1p0__tau1p0__c0p001__phl0p0__l10p0,z_plus_zsmooth,0.0,0.001,2.0,162,90,57,36,0.9164197530864197,0.08358024691358024,-1.5419764230904951e-18,0.9791111111111112,0.011111111111111112,0.00977777777777778,0.0,1.0,0.0,0.006666666666666666,0.1338888888888889,0.8594444444444443
z_plus_zsmooth,z_plus_zsmooth__LOGIT_return_sortino_vs_bond__cash_allowed__g1p0__tau3p0__c0p0005__phl0p0__l10p001,LOGIT,return_sortino_vs_bond,cash_allowed,345,1996-02-29,2024-10-31,0.07050757638439259,0.09922781496679589,0.7105626220630393,-0.19591742244962973,-0.09716125,655.2906712903709,0.12544927536231884,1.505391304347826,6.272463768115941e-05,0.000752695652173913,0.627072463768116,0.29478260869565215,0.07814492753623188,1.0,3.0,0.0005,0.0,36.0,z_plus_zsmooth__LOGIT_return_sortino_vs_bond__cash_allowed__g1p0__tau3p0__c0p0005__phl0p0__l10p001,z_plus_zsmooth,0.001,0.0025,2.0,162,90,57,36,0.7881481481481482,0.21185185185185185,-4.625929269271485e-18,0.9728888888888889,0.015333333333333332,0.011777777777777778,0.0,0.9824561403508771,0.017543859649122806,0.03055555555555555,0.2777777777777778,0.6916666666666667
z_plus_zsmooth,z_plus_zsmooth__LOGIT_return_sortino_vs_bond__cash_allowed__g1p0__tau5p0__c0p0005__phl0p0__l10p0,LOGIT,return_sortino_vs_bond,cash_allowed,345,1996-02-29,2024-10-31,0.07050757638439259,0.09922781496679589,0.7105626220630393,-0.19591742244962973,-0.09716125,655.2906712903709,0.12544927536231884,1.505391304347826,6.272463768115941e-05,0.000752695652173913,0.627072463768116,0.29478260869565215,0.07814492753623188,1.0,5.0,0.0005,0.0,36.0,z_plus_zsmooth__LOGIT_return_sortino_vs_bond__cash_allowed__g1p0__tau5p0__c0p0005__phl0p0__l10p0,z_plus_zsmooth,0.0,0.0025,2.0,162,90,57,36,0.7881481481481482,0.21185185185185185,-4.625929269271485e-18,0.9728888888888889,0.015333333333333332,0.011777777777777778,0.0,0.9824561403508771,0.017543859649122806,0.03055555555555555,0.2777777777777778,0.6916666666666667
z_plus_zsmooth,z_plus_zsmooth__LOGIT_return_sortino_vs_bond__cash_allowed__g0p5__tau1p0__c0p0005__phl0p0__l10p0,LOGIT,return_sortino_vs_bond,cash_allowed,345,1996-02-29,2024-10-31,0.07330747266722365,0.1031923886125185,0.710396121776859,-0.16590359943804112,-0.09719675000000001,701.8672879205675,0.26005797101449274,3.1206956521739126,0.00013002898550724636,0.0015603478260869563,0.7015072463768117,0.20521739130434785,0.09327536231884058,0.5,1.0,0.0005,0.0,36.0,z_plus_zsmooth__LOGIT_return_sortino_vs_bond__cash_allowed__g0p5__tau1p0__c0p0005__phl0p0__l10p0,z_plus_zsmooth,0.0,0.0005,2.0,162,90,57,36,0.9409876543209876,0.05901234567901235,-1.02798428206033e-18,0.9940000000000001,0.0026666666666666666,0.0033333333333333327,0.0,1.0,0.0,0.003333333333333333,0.1111111111111111,0.8855555555555555
z_plus_zsmooth,z_plus_zsmooth__LOGIT_return_sortino_vs_bond__cash_allowed__g3p0__tau1p0__c0p0005__phl0p0__l10p0005,LOGIT,return_sortino_vs_bond,cash_allowed,345,1996-02-29,2024-10-31,0.05758307996834422,0.08115017199598866,0.7095866657089848,-0.11870041278989663,-0.07600811145310979,474.6412047801641,0.21414492753623188,2.5697391304347823,0.00010707246376811595,0.0012848695652173912,0.5254492753623189,0.354840579710145,0.11971014492753622,3.0,1.0,0.0005,0.0,36.0,z_plus_zsmooth__LOGIT_return_sortino_vs_bond__cash_allowed__g3p0__tau1p0__c0p0005__phl0p0__l10p0005,z_plus_zsmooth,0.0005,0.001,1.6400000000000001,162,90,57,36,0.635432098765432,0.3645679012345679,-1.923187261021201e-17,0.87,0.035111111111111114,0.09488888888888888,0.0,0.9975438596491228,0.002456140350877193,0.0011111111111111111,0.09277777777777779,0.9061111111111111
z_smooth_only,z_smooth_only__RF_return_sortino_vs_bond__cash_allowed__g3p0__tau1p0__c0p0005__phl3p0__l10p0,RF,return_sortino_vs_bond,cash_allowed,345,1996-02-29,2024-10-31,0.044454879389578594,0.06265689548121586,0.7094970002608233,-0.14547499629635152,-0.06585197033507842,338.48296133926056,0.04602898550724637,0.5523478260869564,2.301449275362319e-05,0.0002761739130434783,0.3462608695652174,0.5834202898550724,0.07031884057971013,3.0,1.0,0.0005,3.0,36.0,z_smooth_only__RF_return_sortino_vs_bond__cash_allowed__g3p0__tau1p0__c0p0005__phl3p0__l10p0,z_smooth_only,0.0,0.0005,1.0,178,82,67,18,0.4148314606741573,0.5851685393258427,1.5593020008780288e-19,0.5556097560975609,0.3529268292682927,0.09146341463414633,0.0,1.0,0.0,0.003333333333333333,0.06555555555555555,0.931111111111111
z_plus_zsmooth,z_plus_zsmooth__LOGIT_return_sortino_vs_bond__cash_allowed__g3p0__tau1p0__c0p0005__phl3p0__l10p0005,LOGIT,return_sortino_vs_bond,cash_allowed,345,1996-02-29,2024-10-31,0.05212623397046949,0.07360506302155902,0.7081881575891272,-0.12728397495118038,-0.07050780513035607,412.82284615691685,0.06231884057971015,0.7478260869565218,3.115942028985507e-05,0.00037391304347826084,0.43582608695652175,0.47124637681159415,0.09292753623188404,3.0,1.0,0.0005,3.0,36.0,z_plus_zsmooth__LOGIT_return_sortino_vs_bond__cash_allowed__g3p0__tau1p0__c0p0005__phl3p0__l10p0005,z_plus_zsmooth,0.0005,0.001,1.0,175,92,48,30,0.4834285714285714,0.5165714285714286,-1.3639882873966209e-17,0.714782608695652,0.17565217391304347,0.10956521739130434,0.0,1.0,0.0,0.0,0.2673333333333333,0.7326666666666667
z_plus_zsmooth,z_plus_zsmooth__LOGIT_return_sortino_vs_bond__cash_allowed__g0p25__tau1p0__c0p001__phl0p0__l10p0,LOGIT,return_sortino_vs_bond,cash_allowed,345,1996-02-29,2024-10-31,0.07428291845568616,0.10489542299138654,0.7081616750979293,-0.168437996970751,-0.10066325000000001,717.9297101238598,0.2257391304347826,2.708869565217391,0.00022573913043478263,0.0027088695652173916,0.7128115942028985,0.20144927536231885,0.08573913043478261,0.25,1.0,0.001,0.0,36.0,z_plus_zsmooth__LOGIT_return_sortino_vs_bond__cash_allowed__g0p25__tau1p0__c0p001__phl0p0__l10p0,z_plus_zsmooth,0.0,0.001,2.0,162,90,57,36,0.9587654320987654,0.041234567901234566,-6.853228547068867e-19,0.9964444444444445,0.0035555555555555557,-6.167905692361981e-19,0.0,1.0,0.0,0.025555555555555557,0.1527777777777778,0.8216666666666668
z_smooth_only,z_smooth_only__RF_return_sortino_vs_bond__cash_allowed__g2p0__tau1p0__c0p0005__phl0p0__l10p0005,RF,return_sortino_vs_bond,cash_allowed,345,1996-02-29,2024-10-31,0.05690206831365118,0.08036976101475571,0.7080034529803327,-0.14278973466689326,-0.07763292001596883,466.0478577930073,0.10469565217391305,1.2563478260869565,5.234782608695652e-05,0.0006281739130434783,0.5148985507246377,0.41913043478260875,0.06597101449275361,2.0,1.0,0.0005,0.0,36.0,z_smooth_only__RF_return_sortino_vs_bond__cash_allowed__g2p0__tau1p0__c0p0005__phl0p0__l10p0005,z_smooth_only,0.0005,0.001,1.3599999999999999,163,88,69,25,0.6477300613496932,0.35226993865030676,-1.715567020413873e-17,0.8093181818181818,0.14022727272727276,0.05045454545454544,0.0,1.0,0.0,0.033600000000000005,0.2336,0.7328
z_plus_zsmooth,z_plus_zsmooth__LOGIT_return_sortino_vs_bond__cash_allowed__g2p0__tau1p0__c0p0005__phl0p0__l10p0025,LOGIT,return_sortino_vs_bond,cash_allowed,345,1996-02-29,2024-10-31,0.06266959493976121,0.08863957979431039,0.7070159299625182,-0.163368235345,-0.08744666072407045,538.718486684753,0.10747826086956522,1.2897391304347825,5.373913043478261e-05,0.0006448695652173913,0.5355362318840581,0.37455072463768113,0.08991304347826087,2.0,1.0,0.0005,0.0,36.0,z_plus_zsmooth__LOGIT_return_sortino_vs_bond__cash_allowed__g2p0__tau1p0__c0p0005__phl0p0__l10p0025,z_plus_zsmooth,0.0025,0.003,2.0,162,90,57,36,0.6335802469135804,0.36432098765432097,0.0020987654320987685,0.9037777777777778,0.05733333333333333,0.03888888888888889,0.0,0.9649122807017544,0.03508771929824561,0.021666666666666667,0.27888888888888885,0.6994444444444444
z_plus_zsmooth,z_plus_zsmooth__LOGIT_return_sortino_vs_bond__cash_allowed__g2p0__tau5p0__c0p0005__phl0p0__l10p0005,LOGIT,return_sortino_vs_bond,cash_allowed,345,1996-02-29,2024-10-31,0.06266959493976121,0.08863957979431039,0.7070159299625182,-0.163368235345,-0.08744666072407045,538.718486684753,0.10747826086956522,1.2897391304347825,5.373913043478261e-05,0.0006448695652173913,0.5355362318840581,0.37455072463768113,0.08991304347826087,2.0,5.0,0.0005,0.0,36.0,z_plus_zsmooth__LOGIT_return_sortino_vs_bond__cash_allowed__g2p0__tau5p0__c0p0005__phl0p0__l10p0005,z_plus_zsmooth,0.0005,0.003,2.0,162,90,57,36,0.6335802469135804,0.36432098765432097,0.0020987654320987685,0.9037777777777778,0.05733333333333333,0.03888888888888889,0.0,0.9649122807017544,0.03508771929824561,0.021666666666666667,0.27888888888888885,0.6994444444444444
z_plus_zsmooth,z_plus_zsmooth__LOGIT_return_sortino_vs_bond__cash_allowed__g0p25__tau3p0__c0p0005__phl0p0__l10p0025,LOGIT,return_sortino_vs_bond,cash_allowed,345,1996-02-29,2024-10-31,0.07006586424293089,0.0992040098654136,0.7062805660576285,-0.1633682353450001,-0.09716125,647.1751589498426,0.0881159420289855,1.057391304347826,4.405797101449275e-05,0.000528695652173913,0.600231884057971,0.32817391304347826,0.07159420289855073,0.25,3.0,0.0005,0.0,36.0,z_plus_zsmooth__LOGIT_return_sortino_vs_bond__cash_allowed__g0p25__tau3p0__c0p0005__phl0p0__l10p0025,z_plus_zsmooth,0.0025,0.004,2.0,162,90,57,36,0.6937037037037037,0.30629629629629634,-1.3706457094137734e-18,0.9777777777777777,0.022222222222222223,0.0,0.04736842105263158,0.9052631578947369,0.04736842105263158,0.1111111111111111,0.2777777777777778,0.6111111111111112
z_plus_zsmooth,z_plus_zsmooth__LOGIT_return_sortino_vs_bond__cash_allowed__g1p0__tau3p0__c0p0005__phl0p0__l10p0025,LOGIT,return_sortino_vs_bond,cash_allowed,345,1996-02-29,2024-10-31,0.06682640975948376,0.09476042074405107,0.7052143630723486,-0.163368235345,-0.09444952381604696,597.148730696472,0.0941449275362319,1.1297391304347828,4.707246376811594e-05,0.0005648695652173913,0.564231884057971,0.3539130434782609,0.08185507246376812,1.0,3.0,0.0005,0.0,36.0,z_plus_zsmooth__LOGIT_return_sortino_vs_bond__cash_allowed__g1p0__tau3p0__c0p0005__phl0p0__l10p0025,z_plus_zsmooth,0.0025,0.004,2.0,162,90,57,36,0.6455555555555557,0.3544444444444444,-5.13992141030165e-19,0.9584444444444445,0.02577777777777778,0.015777777777777776,0.02421052631578947,0.9185964912280702,0.057192982456140344,0.06777777777777777,0.2777777777777778,0.6544444444444444
z_plus_zsmooth,z_plus_zsmooth__LOGIT_return_sortino_vs_bond__cash_allowed__g0p5__tau1p0__c0p001__phl0p0__l10p0,LOGIT,return_sortino_vs_bond,cash_allowed,345,1996-02-29,2024-10-31,0.07344202911229593,0.10422789890023516,0.7046292776427657,-0.16843799697075112,-0.09735855153893641,702.3313228704794,0.22968115942028983,2.7561739130434777,0.00022968115942028987,0.0027561739130434783,0.704927536231884,0.20707246376811594,0.088,0.5,1.0,0.001,0.0,36.0,z_plus_zsmooth__LOGIT_return_sortino_vs_bond__cash_allowed__g0p5__tau1p0__c0p001__phl0p0__l10p0,z_plus_zsmooth,0.0,0.001,2.0,162,90,57,36,0.9477777777777779,0.052222222222222225,-7.709882115452476e-19,0.9913333333333333,0.008,0.0006666666666666656,0.0,1.0,0.0,0.012222222222222225,0.1461111111111111,0.8416666666666667
z_plus_zsmooth,z_plus_zsmooth__LOGIT_return_sortino_vs_bond__cash_allowed__g1p0__tau1p0__c0p0005__phl0p0__l10p0025,LOGIT,return_sortino_vs_bond,cash_allowed,345,1996-02-29,2024-10-31,0.06837632546961503,0.09704158835996989,0.7046084738017394,-0.1890701202514672,-0.09716125,620.3277253627755,0.10666666666666666,1.2799999999999998,5.333333333333333e-05,0.0006399999999999999,0.5976231884057971,0.3224927536231884,0.07988405797101449,1.0,1.0,0.0005,0.0,36.0,z_plus_zsmooth__LOGIT_return_sortino_vs_bond__cash_allowed__g1p0__tau1p0__c0p0005__phl0p0__l10p0025,z_plus_zsmooth,0.0025,0.003,2.0,162,90,57,36,0.7245679012345678,0.2754320987654321,-4.882925339786568e-18,0.9695555555555555,0.018222222222222223,0.012222222222222223,0.0,0.9649122807017544,0.03508771929824561,0.042777777777777776,0.2777777777777778,0.6794444444444444
z_plus_zsmooth,z_plus_zsmooth__LOGIT_return_sortino_vs_bond__cash_allowed__g1p0__tau5p0__c0p0005__phl0p0__l10p0005,LOGIT,return_sortino_vs_bond,cash_allowed,345,1996-02-29,2024-10-31,0.06837632546961503,0.09704158835996989,0.7046084738017394,-0.1890701202514672,-0.09716125,620.3277253627755,0.10666666666666666,1.2799999999999998,5.333333333333333e-05,0.0006399999999999999,0.5976231884057971,0.3224927536231884,0.07988405797101449,1.0,5.0,0.0005,0.0,36.0,z_plus_zsmooth__LOGIT_return_sortino_vs_bond__cash_allowed__g1p0__tau5p0__c0p0005__phl0p0__l10p0005,z_plus_zsmooth,0.0005,0.003,2.0,162,90,57,36,0.7245679012345678,0.2754320987654321,-4.882925339786568e-18,0.9695555555555555,0.018222222222222223,0.012222222222222223,0.0,0.9649122807017544,0.03508771929824561,0.042777777777777776,0.2777777777777778,0.6794444444444444
z_smooth_only,z_smooth_only__LOGIT_return_sortino_vs_bond__cash_allowed__g1p0__tau3p0__c0p0005__phl0p0__l10p001,LOGIT,return_sortino_vs_bond,cash_allowed,345,1996-02-29,2024-10-31,0.06920389969809734,0.09829338145754497,0.7040545220024603,-0.17576890842113602,-0.09612167034479173,632.865032610118,0.09971014492753623,1.1965217391304348,4.9855072463768116e-05,0.0005982608695652173,0.6336811594202899,0.2911304347826087,0.07518840579710145,1.0,3.0,0.0005,0.0,36.0,z_smooth_only__LOGIT_return_sortino_vs_bond__cash_allowed__g1p0__tau3p0__c0p0005__phl0p0__l10p001,z_smooth_only,0.001,0.0025,2.0,149,107,55,34,0.7691275167785234,0.22805369127516775,0.0028187919463087204,0.9590654205607477,0.027289719626168222,0.013644859813084111,0.0007272727272727273,0.9916363636363636,0.007636363636363637,0.039999999999999994,0.2647058823529412,0.6952941176470588
z_smooth_only,z_smooth_only__LOGIT_return_sortino_vs_bond__cash_allowed__g1p0__tau5p0__c0p0005__phl0p0__l10p0,LOGIT,return_sortino_vs_bond,cash_allowed,345,1996-02-29,2024-10-31,0.06920389969809734,0.09829338145754497,0.7040545220024603,-0.17576890842113602,-0.09612167034479173,632.865032610118,0.09971014492753623,1.1965217391304348,4.9855072463768116e-05,0.0005982608695652173,0.6336811594202899,0.2911304347826087,0.07518840579710145,1.0,5.0,0.0005,0.0,36.0,z_smooth_only__LOGIT_return_sortino_vs_bond__cash_allowed__g1p0__tau5p0__c0p0005__phl0p0__l10p0,z_smooth_only,0.0,0.0025,2.0,149,107,55,34,0.7691275167785234,0.22805369127516775,0.0028187919463087204,0.9590654205607477,0.027289719626168222,0.013644859813084111,0.0007272727272727273,0.9916363636363636,0.007636363636363637,0.039999999999999994,0.2647058823529412,0.6952941176470588
z_plus_zsmooth,z_plus_zsmooth__LOGIT_return_sortino_vs_bond__cash_allowed__g1p0__tau1p0__c0p001__phl0p0__l10p001,LOGIT,return_sortino_vs_bond,cash_allowed,345,1996-02-29,2024-10-31,0.07079567495694647,0.10059668687900623,0.7037575207829334,-0.163368235345,-0.09668915021984806,658.0580817256348,0.1441159420289855,1.7293913043478262,0.0001441159420289855,0.0017293913043478258,0.6499130434782608,0.27072463768115945,0.0793623188405797,1.0,1.0,0.001,0.0,36.0,z_plus_zsmooth__LOGIT_return_sortino_vs_bond__cash_allowed__g1p0__tau1p0__c0p001__phl0p0__l10p001,z_plus_zsmooth,0.001,0.002,2.0,162,90,57,36,0.835679012345679,0.164320987654321,-5.332668463187962e-18,0.9757777777777777,0.012222222222222223,0.012,0.0,0.9824561403508771,0.017543859649122806,0.028333333333333335,0.2688888888888889,0.7027777777777777
z_plus_zsmooth,z_plus_zsmooth__LOGIT_return_sortino_vs_bond__cash_allowed__g3p0__tau1p0__c0p001__phl3p0__l10p0,LOGIT,return_sortino_vs_bond,cash_allowed,345,1996-02-29,2024-10-31,0.05175232092699121,0.07360422627687015,0.7031161598291834,-0.1275563857252553,-0.07053780513035605,408.42657831250466,0.06231884057971015,0.7478260869565218,6.231884057971013e-05,0.0007478260869565217,0.43582608695652175,0.47124637681159415,0.09292753623188404,3.0,1.0,0.001,3.0,36.0,z_plus_zsmooth__LOGIT_return_sortino_vs_bond__cash_allowed__g3p0__tau1p0__c0p001__phl3p0__l10p0,z_plus_zsmooth,0.0,0.001,1.0,175,92,48,30,0.4834285714285714,0.5165714285714286,-1.3639882873966209e-17,0.714782608695652,0.17565217391304347,0.10956521739130434,0.0,1.0,0.0,0.0,0.2673333333333333,0.7326666666666667
z_plus_zsmooth,z_plus_zsmooth__LOGIT_return_sortino_vs_bond__cash_allowed__g1p0__tau1p0__c0p0025__phl0p0__l10p001,LOGIT,return_sortino_vs_bond,cash_allowed,345,1996-02-29,2024-10-31,0.06664591280639268,0.09502903636928903,0.701321568151047,-0.1633682353450001,-0.09716125,593.5776516868674,0.09472463768115942,1.136695652173913,0.00023681159420289855,0.0028417391304347826,0.5733333333333334,0.34782608695652173,0.07884057971014492,1.0,1.0,0.0025,0.0,36.0,z_plus_zsmooth__LOGIT_return_sortino_vs_bond__cash_allowed__g1p0__tau1p0__c0p0025__phl0p0__l10p001,z_plus_zsmooth,0.001,0.0035,2.0,162,90,57,36,0.670246913580247,0.3297530864197531,4.454598555594764e-18,0.9653333333333333,0.021333333333333333,0.01333333333333333,0.005964912280701754,0.9589473684210525,0.03508771929824561,0.05555555555555555,0.2777777777777778,0.6666666666666666
z_plus_zsmooth,z_plus_zsmooth__RF_return_sortino_vs_bond__cash_allowed__g2p0__tau1p0__c0p0005__phl0p0__l10p0005,RF,return_sortino_vs_bond,cash_allowed,345,1996-02-29,2024-10-31,0.054282305756153955,0.0774312812103319,0.7010384551006357,-0.13935374831650094,-0.07844917102395041,435.24363396197214,0.1264927536231884,1.5179130434782608,6.32463768115942e-05,0.0007589565217391304,0.4904927536231885,0.4419130434782609,0.06759420289855071,2.0,1.0,0.0005,0.0,36.0,z_plus_zsmooth__RF_return_sortino_vs_bond__cash_allowed__g2p0__tau1p0__c0p0005__phl0p0__l10p0005,z_plus_zsmooth,0.0005,0.001,1.32,165,83,72,25,0.6271515151515151,0.3728484848484848,-1.2363847319689243e-17,0.7763855421686747,0.163855421686747,0.05975903614457829,0.008055555555555557,0.9919444444444445,0.0,0.0288,0.2368,0.7343999999999999
z_plus_zsmooth,z_plus_zsmooth__LOGIT_return_sortino_vs_bond__cash_allowed__g0p25__tau3p0__c0p001__phl0p0__l10p001,LOGIT,return_sortino_vs_bond,cash_allowed,345,1996-02-29,2024-10-31,0.06953716859075698,0.09920157602645535,0.7009683855447276,-0.1633682353450001,-0.09716125,637.4704782740635,0.0881159420289855,1.057391304347826,8.81159420289855e-05,0.001057391304347826,0.600231884057971,0.32817391304347826,0.07159420289855073,0.25,3.0,0.001,0.0,36.0,z_plus_zsmooth__LOGIT_return_sortino_vs_bond__cash_allowed__g0p25__tau3p0__c0p001__phl0p0__l10p001,z_plus_zsmooth,0.001,0.004,2.0,162,90,57,36,0.6937037037037037,0.30629629629629634,-1.3706457094137734e-18,0.9777777777777777,0.022222222222222223,0.0,0.04736842105263158,0.9052631578947369,0.04736842105263158,0.1111111111111111,0.2777777777777778,0.6111111111111112
z_smooth_only,z_smooth_only__RF_return_sortino_vs_bond__cash_allowed__g2p0__tau1p0__c0p001__phl0p0__l10p0,RF,return_sortino_vs_bond,cash_allowed,345,1996-02-29,2024-10-31,0.0562738944006077,0.08035742616935677,0.7002948835370612,-0.14278973466689338,-0.07766542001596882,457.7553290403081,0.10469565217391305,1.2563478260869565,0.00010469565217391305,0.0012563478260869565,0.5148985507246377,0.41913043478260875,0.06597101449275361,2.0,1.0,0.001,0.0,36.0,z_smooth_only__RF_return_sortino_vs_bond__cash_allowed__g2p0__tau1p0__c0p001__phl0p0__l10p0,z_smooth_only,0.0,0.001,1.3599999999999999,163,88,69,25,0.6477300613496932,0.35226993865030676,-1.715567020413873e-17,0.8093181818181818,0.14022727272727276,0.05045454545454544,0.0,1.0,0.0,0.033600000000000005,0.2336,0.7328
z_plus_zsmooth,z_plus_zsmooth__LOGIT_return_sortino_vs_bond__cash_allowed__g2p0__tau3p0__c0p001__phl0p0__l10p0,LOGIT,return_sortino_vs_bond,cash_allowed,345,1996-02-29,2024-10-31,0.062024725374543815,0.08862851739068851,0.6998280824345625,-0.163368235345,-0.08744666072407045,528.8840225274954,0.10747826086956522,1.2897391304347825,0.00010747826086956522,0.0012897391304347826,0.5355362318840581,0.37455072463768113,0.08991304347826087,2.0,3.0,0.001,0.0,36.0,z_plus_zsmooth__LOGIT_return_sortino_vs_bond__cash_allowed__g2p0__tau3p0__c0p001__phl0p0__l10p0,z_plus_zsmooth,0.0,0.003,2.0,162,90,57,36,0.6335802469135804,0.36432098765432097,0.0020987654320987685,0.9037777777777778,0.05733333333333333,0.03888888888888889,0.0,0.9649122807017544,0.03508771929824561,0.021666666666666667,0.27888888888888885,0.6994444444444444
z_plus_zsmooth,z_plus_zsmooth__LOGIT_return_sortino_vs_bond__cash_allowed__g1p0__tau3p0__c0p001__phl0p0__l10p001,LOGIT,return_sortino_vs_bond,cash_allowed,345,1996-02-29,2024-10-31,0.06626154019426635,0.09475016763121585,0.6993290022680254,-0.16336823534500022,-0.09444952381604696,587.594902189088,0.0941449275362319,1.1297391304347828,9.414492753623187e-05,0.0011297391304347826,0.564231884057971,0.3539130434782609,0.08185507246376812,1.0,3.0,0.001,0.0,36.0,z_plus_zsmooth__LOGIT_return_sortino_vs_bond__cash_allowed__g1p0__tau3p0__c0p001__phl0p0__l10p001,z_plus_zsmooth,0.001,0.004,2.0,162,90,57,36,0.6455555555555557,0.3544444444444444,-5.13992141030165e-19,0.9584444444444445,0.02577777777777778,0.015777777777777776,0.02421052631578947,0.9185964912280702,0.057192982456140344,0.06777777777777777,0.2777777777777778,0.6544444444444444
z_plus_zsmooth,z_plus_zsmooth__LOGIT_return_sortino_vs_bond__cash_allowed__g0p5__tau1p0__c0p0025__phl0p0__l10p001,LOGIT,return_sortino_vs_bond,cash_allowed,345,1996-02-29,2024-10-31,0.06933242283605695,0.09920931634634582,0.6988499204451041,-0.16336823534500022,-0.09716125,633.6847493622909,0.0913623188405797,1.0963478260869564,0.0002284057971014493,0.0027408695652173915,0.6136231884057971,0.3144347826086957,0.07194202898550724,0.5,1.0,0.0025,0.0,36.0,z_plus_zsmooth__LOGIT_return_sortino_vs_bond__cash_allowed__g0p5__tau1p0__c0p0025__phl0p0__l10p001,z_plus_zsmooth,0.001,0.0035,2.0,162,90,57,36,0.7393827160493828,0.2606172839506173,-8.566535683836084e-19,0.9766666666666667,0.020888888888888887,0.002444444444444444,0.01087719298245614,0.9540350877192982,0.03508771929824561,0.09444444444444446,0.2777777777777778,0.6277777777777778
z_plus_zsmooth,z_plus_zsmooth__LOGIT_return_sortino_vs_bond__cash_allowed__g1p0__tau3p0__c0p001__phl0p0__l10p0,LOGIT,return_sortino_vs_bond,cash_allowed,345,1996-02-29,2024-10-31,0.06773632546961504,0.09704064536761012,0.6980201462285804,-0.19178935988067558,-0.09716125,609.0788728018662,0.10666666666666666,1.2799999999999998,0.00010666666666666667,0.0012799999999999999,0.5976231884057971,0.3224927536231884,0.07988405797101449,1.0,3.0,0.001,0.0,36.0,z_plus_zsmooth__LOGIT_return_sortino_vs_bond__cash_allowed__g1p0__tau3p0__c0p001__phl0p0__l10p0,z_plus_zsmooth,0.0,0.003,2.0,162,90,57,36,0.7245679012345678,0.2754320987654321,-4.882925339786568e-18,0.9695555555555555,0.018222222222222223,0.012222222222222223,0.0,0.9649122807017544,0.03508771929824561,0.042777777777777776,0.2777777777777778,0.6794444444444444
z_smooth_only,z_smooth_only__LOGIT_return_sortino_vs_bond__cash_allowed__g3p0__tau3p0__c0p0005__phl3p0__l10p0005,LOGIT,return_sortino_vs_bond,cash_allowed,345,1996-02-29,2024-10-31,0.048250296797323,0.06919194562758522,0.6973397894752466,-0.11093085558356774,-0.06599747308373669,372.8528923347602,0.03878260869565217,0.46539130434782605,1.9391304347826087e-05,0.00023269565217391304,0.3695652173913043,0.5478840579710145,0.08255072463768115,3.0,3.0,0.0005,3.0,36.0,z_smooth_only__LOGIT_return_sortino_vs_bond__cash_allowed__g3p0__tau3p0__c0p0005__phl3p0__l10p0005,z_smooth_only,0.0005,0.002,1.0,148,118,49,30,0.3998648648648649,0.5937837837837839,0.006351351351351339,0.5698305084745763,0.3672881355932203,0.06288135593220337,0.014693877551020407,0.982857142857143,0.0024489795918367324,0.012,0.32133333333333336,0.6666666666666666
z_smooth_only,z_smooth_only__LOGIT_return_sortino_vs_bond__cash_allowed__g2p0__tau1p0__c0p0005__phl0p0__l10p0005,LOGIT,return_sortino_vs_bond,cash_allowed,345,1996-02-29,2024-10-31,0.06762684188507866,0.09708988034305754,0.6965385233365811,-0.1633682353450001,-0.09311732340494397,607.0589255819855,0.1470144927536232,1.7641739130434781,7.35072463768116e-05,0.0008820869565217392,0.6201159420289855,0.27217391304347827,0.10771014492753622,2.0,1.0,0.0005,0.0,36.0,z_smooth_only__LOGIT_return_sortino_vs_bond__cash_allowed__g2p0__tau1p0__c0p0005__phl0p0__l10p0005,z_smooth_only,0.0005,0.001,2.0,149,107,55,34,0.7668456375838926,0.2331543624161074,-1.2760113621950205e-17,0.9284112149532711,0.006168224299065421,0.06542056074766354,0.0,1.0,0.0,0.01,0.10294117647058823,0.8870588235294118
z_plus_zsmooth,z_plus_zsmooth__LOGIT_return_sortino_vs_bond__cash_allowed__g3p0__tau3p0__c0p0005__phl3p0__l10p0005,LOGIT,return_sortino_vs_bond,cash_allowed,345,1996-02-29,2024-10-31,0.04995286874568518,0.07172381033908375,0.6964614471753021,-0.1294586150669753,-0.0709956066156775,389.4428410438298,0.04284057971014493,0.5140869565217392,2.1420289855072464e-05,0.0002570434782608696,0.3801159420289856,0.535536231884058,0.08434782608695651,3.0,3.0,0.0005,3.0,36.0,z_plus_zsmooth__LOGIT_return_sortino_vs_bond__cash_allowed__g3p0__tau3p0__c0p0005__phl3p0__l10p0005,z_plus_zsmooth,0.0005,0.002,1.0,175,92,48,30,0.4213714285714286,0.5732571428571428,0.005371428571428549,0.6189130434782608,0.30043478260869566,0.08065217391304347,0.004583333333333333,0.9954166666666667,0.0,0.008,0.30066666666666664,0.6913333333333334
z_plus_zsmooth,z_plus_zsmooth__RF_return_sortino_vs_bond__cash_allowed__g2p0__tau1p0__c0p0005__phl0p0__l10p0,RF,return_sortino_vs_bond,cash_allowed,345,1996-02-29,2024-10-31,0.05689199186159847,0.08169711923565469,0.6963769640089018,-0.163368235345,-0.08720291072407045,464.26537908336275,0.19304347826086954,2.3165217391304345,9.652173913043477e-05,0.0011582608695652173,0.5219130434782608,0.4141449275362319,0.06394202898550724,2.0,1.0,0.0005,0.0,36.0,z_plus_zsmooth__RF_return_sortino_vs_bond__cash_allowed__g2p0__tau1p0__c0p0005__phl0p0__l10p0,z_plus_zsmooth,0.0,0.0005,1.48,165,83,72,25,0.679878787878788,0.32012121212121214,-1.5307620491043825e-17,0.8074698795180724,0.13734939759036144,0.05518072289156625,0.0044444444444444444,0.9955555555555556,-1.5419764230904951e-18,0.0216,0.2792,0.6992
z_plus_zsmooth,z_plus_zsmooth__LOGIT_return_sortino_vs_bond__cash_allowed__g2p0__tau1p0__c0p0005__phl0p0__l10p0005,LOGIT,return_sortino_vs_bond,cash_allowed,345,1996-02-29,2024-10-31,0.06681323159767572,0.09603143800361112,0.6957433210066406,-0.1633682353450001,-0.09155675,594.8812835521517,0.22110144927536232,2.6532173913043477,0.00011055072463768116,0.0013266086956521738,0.6274202898550725,0.2708405797101449,0.10173913043478261,2.0,1.0,0.0005,0.0,36.0,z_plus_zsmooth__LOGIT_return_sortino_vs_bond__cash_allowed__g2p0__tau1p0__c0p0005__phl0p0__l10p0005,z_plus_zsmooth,0.0005,0.001,2.0,162,90,57,36,0.8056790123456791,0.19432098765432096,-4.625929269271485e-18,0.954,0.010888888888888889,0.03511111111111111,0.0,1.0,0.0,0.0022222222222222222,0.11055555555555556,0.8872222222222221
z_smooth_only,z_smooth_only__LOGIT_return_sortino_vs_bond__cash_allowed__g2p0__tau1p0__c0p0005__phl0p0__l10p0,LOGIT,return_sortino_vs_bond,cash_allowed,345,1996-02-29,2024-10-31,0.06876057617344952,0.09888734852639239,0.6953425003108235,-0.163368235345,-0.09719675000000001,623.9130558007578,0.1788985507246377,2.1467826086956525,8.944927536231883e-05,0.001073391304347826,0.6292753623188405,0.26504347826086955,0.10568115942028986,2.0,1.0,0.0005,0.0,36.0,z_smooth_only__LOGIT_return_sortino_vs_bond__cash_allowed__g2p0__tau1p0__c0p0005__phl0p0__l10p0,z_smooth_only,0.0,0.0005,2.0,149,107,55,34,0.7868456375838927,0.21315436241610736,-5.00624895751696e-18,0.9306542056074766,0.009345794392523364,0.06,0.0,1.0,0.0,0.00823529411764706,0.10823529411764707,0.8835294117647059
z_plus_zsmooth,z_plus_zsmooth__LOGIT_return_sortino_vs_bond__cash_allowed__g0p25__tau1p0__c0p0005__phl0p0__l10p0,LOGIT,return_sortino_vs_bond,cash_allowed,345,1996-02-29,2024-10-31,0.07260903591826139,0.10451349229003021,0.6947336112046436,-0.1659035994380409,-0.09719675000000001,685.2774586167646,0.2570434782608696,3.084521739130435,0.0001285217391304348,0.0015422608695652175,0.7085217391304348,0.19942028985507249,0.09205797101449276,0.25,1.0,0.0005,0.0,36.0,z_plus_zsmooth__LOGIT_return_sortino_vs_bond__cash_allowed__g0p25__tau1p0__c0p0005__phl0p0__l10p0,z_plus_zsmooth,0.0,0.0005,2.0,162,90,57,36,0.9518518518518517,0.04814814814814815,-2.355797313054923e-19,1.0,0.0,0.0,0.0,1.0,0.0,0.006666666666666666,0.1111111111111111,0.8822222222222221
z_smooth_only,z_smooth_only__LOGIT_return_sortino_vs_bond__cash_allowed__g2p0__tau1p0__c0p0005__phl0p0__l10p001,LOGIT,return_sortino_vs_bond,cash_allowed,345,1996-02-29,2024-10-31,0.06581898534200807,0.09477313574005829,0.6944898976703163,-0.163368235345,-0.09151425,580.1193646766313,0.1260289855072464,1.5123478260869567,6.301449275362319e-05,0.0007561739130434782,0.6052753623188406,0.2925217391304348,0.1022028985507246,2.0,1.0,0.0005,0.0,36.0,z_smooth_only__LOGIT_return_sortino_vs_bond__cash_allowed__g2p0__tau1p0__c0p0005__phl0p0__l10p001,z_smooth_only,0.001,0.0015,2.0,149,107,55,34,0.7395973154362415,0.26040268456375837,-8.009998332027137e-18,0.9175700934579439,0.01775700934579439,0.06467289719626168,0.0,1.0,0.0,0.012941176470588235,0.15352941176470591,0.8335294117647057
z_smooth_only,z_smooth_only__LOGIT_return_sortino_vs_bond__cash_allowed__g2p0__tau3p0__c0p0005__phl0p0__l10p0,LOGIT,return_sortino_vs_bond,cash_allowed,345,1996-02-29,2024-10-31,0.06581898534200807,0.09477313574005829,0.6944898976703163,-0.163368235345,-0.09151425,580.1193646766313,0.1260289855072464,1.5123478260869567,6.301449275362319e-05,0.0007561739130434782,0.6052753623188406,0.2925217391304348,0.1022028985507246,2.0,3.0,0.0005,0.0,36.0,z_smooth_only__LOGIT_return_sortino_vs_bond__cash_allowed__g2p0__tau3p0__c0p0005__phl0p0__l10p0,z_smooth_only,0.0,0.0015,2.0,149,107,55,34,0.7395973154362415,0.26040268456375837,-8.009998332027137e-18,0.9175700934579439,0.01775700934579439,0.06467289719626168,0.0,1.0,0.0,0.012941176470588235,0.15352941176470591,0.8335294117647057
z_smooth_only,z_smooth_only__LOGIT_return_sortino_vs_bond__cash_allowed__g0p25__tau3p0__c0p0005__phl0p0__l10p001,LOGIT,return_sortino_vs_bond,cash_allowed,345,1996-02-29,2024-10-31,0.07394202180831777,0.10651652299938988,0.6941835851020155,-0.20319350045081208,-0.11095075000000001,707.1983540517767,0.10052173913043479,1.2062608695652175,5.0260869565217395e-05,0.0006031304347826087,0.6768695652173913,0.2569275362318841,0.06620289855072464,0.25,3.0,0.0005,0.0,36.0,z_smooth_only__LOGIT_return_sortino_vs_bond__cash_allowed__g0p25__tau3p0__c0p0005__phl0p0__l10p001,z_smooth_only,0.001,0.0025,2.0,149,107,55,34,0.8467114093959731,0.15328859060402683,0.0,0.9813084112149533,0.018691588785046728,0.0,0.0036363636363636364,0.9963636363636363,0.0,0.06352941176470589,0.2647058823529412,0.6717647058823529
z_smooth_only,z_smooth_only__LOGIT_return_sortino_vs_bond__cash_allowed__g0p25__tau5p0__c0p0005__phl0p0__l10p0,LOGIT,return_sortino_vs_bond,cash_allowed,345,1996-02-29,2024-10-31,0.07394202180831777,0.10651652299938988,0.6941835851020155,-0.20319350045081208,-0.11095075000000001,707.1983540517767,0.10052173913043479,1.2062608695652175,5.0260869565217395e-05,0.0006031304347826087,0.6768695652173913,0.2569275362318841,0.06620289855072464,0.25,5.0,0.0005,0.0,36.0,z_smooth_only__LOGIT_return_sortino_vs_bond__cash_allowed__g0p25__tau5p0__c0p0005__phl0p0__l10p0,z_smooth_only,0.0,0.0025,2.0,149,107,55,34,0.8467114093959731,0.15328859060402683,0.0,0.9813084112149533,0.018691588785046728,0.0,0.0036363636363636364,0.9963636363636363,0.0,0.06352941176470589,0.2647058823529412,0.6717647058823529
z_smooth_only,z_smooth_only__LOGIT_return_sortino_vs_bond__cash_allowed__g3p0__tau1p0__c0p001__phl3p0__l10p001,LOGIT,return_sortino_vs_bond,cash_allowed,345,1996-02-29,2024-10-31,0.048017601145149094,0.06919753287912593,0.6939207099915847,-0.11153722743656147,-0.06599747308373669,370.3719522643217,0.03878260869565217,0.46539130434782605,3.878260869565217e-05,0.0004653913043478261,0.3695652173913043,0.5478840579710145,0.08255072463768115,3.0,1.0,0.001,3.0,36.0,z_smooth_only__LOGIT_return_sortino_vs_bond__cash_allowed__g3p0__tau1p0__c0p001__phl3p0__l10p001,z_smooth_only,0.001,0.002,1.0,148,118,49,30,0.3998648648648649,0.5937837837837839,0.006351351351351339,0.5698305084745763,0.3672881355932203,0.06288135593220337,0.014693877551020407,0.982857142857143,0.0024489795918367324,0.012,0.32133333333333336,0.6666666666666666
z_plus_zsmooth,z_plus_zsmooth__LOGIT_return_sortino_vs_bond__cash_allowed__g3p0__tau1p0__c0p001__phl0p0__l10p0,LOGIT,return_sortino_vs_bond,cash_allowed,345,1996-02-29,2024-10-31,0.056298210403126825,0.08114392973940643,0.6938068021098857,-0.11870041278989663,-0.07600811145310979,457.5099437574064,0.21414492753623188,2.5697391304347823,0.0002141449275362319,0.0025697391304347825,0.5254492753623189,0.354840579710145,0.11971014492753622,3.0,1.0,0.001,0.0,36.0,z_plus_zsmooth__LOGIT_return_sortino_vs_bond__cash_allowed__g3p0__tau1p0__c0p001__phl0p0__l10p0,z_plus_zsmooth,0.0,0.001,1.6400000000000001,162,90,57,36,0.635432098765432,0.3645679012345679,-1.923187261021201e-17,0.87,0.035111111111111114,0.09488888888888888,0.0,0.9975438596491228,0.002456140350877193,0.0011111111111111111,0.09277777777777779,0.9061111111111111
z_plus_zsmooth,z_plus_zsmooth__LOGIT_return_sortino_vs_bond__cash_allowed__g0p25__tau5p0__c0p0005__phl0p0__l10p0025,LOGIT,return_sortino_vs_bond,cash_allowed,345,1996-02-29,2024-10-31,0.06607840003721545,0.09530191953222839,0.6933585426353307,-0.1633682353450001,-0.09361175,583.6587841766228,0.08626086956521739,1.0351304347826087,4.3130434782608695e-05,0.0005175652173913044,0.5886376811594203,0.324463768115942,0.08689855072463767,0.25,5.0,0.0005,0.0,36.0,z_plus_zsmooth__LOGIT_return_sortino_vs_bond__cash_allowed__g0p25__tau5p0__c0p0005__phl0p0__l10p0025,z_plus_zsmooth,0.0025,0.005,2.0,162,90,57,36,0.6696296296296296,0.3241975308641975,0.006172839506172834,0.9680000000000001,0.032,-1.2335811384723962e-18,0.05473684210526316,0.8403508771929825,0.10491228070175439,0.1211111111111111,0.24000000000000002,0.6388888888888888
z_plus_zsmooth,z_plus_zsmooth__LOGIT_return_sortino_vs_bond__cash_allowed__g0p5__tau3p0__c0p0005__phl0p0__l10p0025,LOGIT,return_sortino_vs_bond,cash_allowed,345,1996-02-29,2024-10-31,0.06834165807865258,0.09858096803587618,0.6932540777422806,-0.163368235345,-0.09716125,617.0876682337391,0.08985507246376812,1.0782608695652174,4.492753623188406e-05,0.0005391304347826088,0.5933333333333333,0.33420289855072466,0.07246376811594203,0.5,3.0,0.0005,0.0,36.0,z_plus_zsmooth__LOGIT_return_sortino_vs_bond__cash_allowed__g0p5__tau3p0__c0p0005__phl0p0__l10p0025,z_plus_zsmooth,0.0025,0.004,2.0,162,90,57,36,0.6818518518518518,0.3181481481481482,-1.5419764230904951e-18,0.9777777777777777,0.022222222222222223,0.0,0.042105263157894736,0.9080701754385966,0.04982456140350877,0.10666666666666666,0.2777777777777778,0.6155555555555555
z_plus_zsmooth,z_plus_zsmooth__LOGIT_return_sortino_vs_bond__cash_allowed__g3p0__tau1p0__c0p001__phl3p0__l10p001,LOGIT,return_sortino_vs_bond,cash_allowed,345,1996-02-29,2024-10-31,0.049695825267424304,0.07172776021139456,0.6928394964649921,-0.13010062733914285,-0.0709956066156775,386.58339193197315,0.04284057971014493,0.5140869565217392,4.284057971014493e-05,0.0005140869565217392,0.3801159420289856,0.535536231884058,0.08434782608695651,3.0,1.0,0.001,3.0,36.0,z_plus_zsmooth__LOGIT_return_sortino_vs_bond__cash_allowed__g3p0__tau1p0__c0p001__phl3p0__l10p001,z_plus_zsmooth,0.001,0.002,1.0,175,92,48,30,0.4213714285714286,0.5732571428571428,0.005371428571428549,0.6189130434782608,0.30043478260869566,0.08065217391304347,0.004583333333333333,0.9954166666666667,0.0,0.008,0.30066666666666664,0.6913333333333334
z_plus_zsmooth,z_plus_zsmooth__LOGIT_return_sortino_vs_bond__cash_allowed__g2p0__tau1p0__c0p0005__phl0p0__l10p0,LOGIT,return_sortino_vs_bond,cash_allowed,345,1996-02-29,2024-10-31,0.06766957148117372,0.09784294579722883,0.6916142081557229,-0.163368235345,-0.095670090026854,606.5510711995694,0.2765217391304348,3.3182608695652176,0.00013826086956521738,0.0016591304347826086,0.6398840579710144,0.259768115942029,0.10034782608695654,2.0,1.0,0.0005,0.0,36.0,z_plus_zsmooth__LOGIT_return_sortino_vs_bond__cash_allowed__g2p0__tau1p0__c0p0005__phl0p0__l10p0,z_plus_zsmooth,0.0,0.0005,2.0,162,90,57,36,0.8329629629629629,0.16703703703703704,-6.788979529440097e-18,0.9533333333333335,0.016666666666666666,0.029999999999999995,0.0,1.0,0.0,0.0005555555555555556,0.1127777777777778,0.8866666666666667
z_plus_zsmooth,z_plus_zsmooth__RF_return_sortino_vs_bond__cash_allowed__g2p0__tau1p0__c0p001__phl0p0__l10p0,RF,return_sortino_vs_bond,cash_allowed,345,1996-02-29,2024-10-31,0.05352334923441482,0.07744181781866678,0.6911427280767344,-0.13935374831650083,-0.07845417102395041,425.8781889666948,0.1264927536231884,1.5179130434782608,0.0001264927536231884,0.0015179130434782608,0.4904927536231885,0.4419130434782609,0.06759420289855071,2.0,1.0,0.001,0.0,36.0,z_plus_zsmooth__RF_return_sortino_vs_bond__cash_allowed__g2p0__tau1p0__c0p001__phl0p0__l10p0,z_plus_zsmooth,0.0,0.001,1.32,165,83,72,25,0.6271515151515151,0.3728484848484848,-1.2363847319689243e-17,0.7763855421686747,0.163855421686747,0.05975903614457829,0.008055555555555557,0.9919444444444445,0.0,0.0288,0.2368,0.7343999999999999
z_plus_zsmooth,z_plus_zsmooth__LOGIT_return_sortino_vs_bond__cash_allowed__g0p5__tau1p0__c0p0005__phl0p0__l10p0025,LOGIT,return_sortino_vs_bond,cash_allowed,345,1996-02-29,2024-10-31,0.06941448093999711,0.1005305264162433,0.6904816219959771,-0.22516026375488063,-0.09716125,632.8532464193864,0.10434782608695652,1.2521739130434781,5.217391304347827e-05,0.0006260869565217393,0.6253333333333334,0.30075362318840576,0.07391304347826087,0.5,1.0,0.0005,0.0,36.0,z_plus_zsmooth__LOGIT_return_sortino_vs_bond__cash_allowed__g0p5__tau1p0__c0p0005__phl0p0__l10p0025,z_plus_zsmooth,0.0025,0.003,2.0,162,90,57,36,0.768888888888889,0.2311111111111111,2.3986299914741035e-18,0.9804444444444446,0.014666666666666668,0.004888888888888888,0.0,0.9649122807017544,0.03508771929824561,0.08166666666666667,0.2777777777777778,0.6405555555555555
z_plus_zsmooth,z_plus_zsmooth__LOGIT_return_sortino_vs_bond__cash_allowed__g0p5__tau5p0__c0p0005__phl0p0__l10p0005,LOGIT,return_sortino_vs_bond,cash_allowed,345,1996-02-29,2024-10-31,0.06941448093999711,0.1005305264162433,0.6904816219959771,-0.22516026375488063,-0.09716125,632.8532464193864,0.10434782608695652,1.2521739130434781,5.217391304347827e-05,0.0006260869565217393,0.6253333333333334,0.30075362318840576,0.07391304347826087,0.5,5.0,0.0005,0.0,36.0,z_plus_zsmooth__LOGIT_return_sortino_vs_bond__cash_allowed__g0p5__tau5p0__c0p0005__phl0p0__l10p0005,z_plus_zsmooth,0.0005,0.003,2.0,162,90,57,36,0.768888888888889,0.2311111111111111,2.3986299914741035e-18,0.9804444444444446,0.014666666666666668,0.004888888888888888,0.0,0.9649122807017544,0.03508771929824561,0.08166666666666667,0.2777777777777778,0.6405555555555555
z_plus_zsmooth,z_plus_zsmooth__LOGIT_return_sortino_vs_bond__cash_allowed__g2p0__tau1p0__c0p0025__phl0p0__l10p0,LOGIT,return_sortino_vs_bond,cash_allowed,345,1996-02-29,2024-10-31,0.06242110219265887,0.09048463195272162,0.6898530816290881,-0.163368235345,-0.09106229563600783,532.4031003966973,0.11930434782608694,1.4316521739130432,0.00029826086956521737,0.003579130434782608,0.5634202898550724,0.34857971014492756,0.088,2.0,1.0,0.0025,0.0,36.0,z_plus_zsmooth__LOGIT_return_sortino_vs_bond__cash_allowed__g2p0__tau1p0__c0p0025__phl0p0__l10p0,z_plus_zsmooth,0.0,0.0025,1.96,162,90,57,36,0.6783950617283951,0.3190123456790123,0.002592592592592591,0.9322222222222223,0.03222222222222223,0.035555555555555556,0.0,0.9771929824561404,0.022807017543859647,0.01611111111111111,0.27722222222222226,0.7066666666666666
z_smooth_only,z_smooth_only__LOGIT_return_sortino_vs_bond__cash_allowed__g0p5__tau3p0__c0p0005__phl0p0__l10p001,LOGIT,return_sortino_vs_bond,cash_allowed,345,1996-02-29,2024-10-31,0.07325384592002528,0.10622300739620798,0.6896231590091503,-0.20319350045081208,-0.11095075000000001,694.0159640641978,0.10318840579710144,1.2382608695652173,5.1594202898550725e-05,0.0006191304347826086,0.6734492753623188,0.2590144927536232,0.06753623188405797,0.5,3.0,0.0005,0.0,36.0,z_smooth_only__LOGIT_return_sortino_vs_bond__cash_allowed__g0p5__tau3p0__c0p0005__phl0p0__l10p001,z_smooth_only,0.001,0.0025,2.0,149,107,55,34,0.8448322147651006,0.15516778523489932,0.0,0.9781308411214953,0.02186915887850467,-5.187958058996058e-19,0.0018181818181818182,0.9981818181818182,0.0,0.049999999999999996,0.2647058823529412,0.6852941176470588
z_smooth_only,z_smooth_only__LOGIT_return_sortino_vs_bond__cash_allowed__g0p5__tau5p0__c0p0005__phl0p0__l10p0,LOGIT,return_sortino_vs_bond,cash_allowed,345,1996-02-29,2024-10-31,0.07325384592002528,0.10622300739620798,0.6896231590091503,-0.20319350045081208,-0.11095075000000001,694.0159640641978,0.10318840579710144,1.2382608695652173,5.1594202898550725e-05,0.0006191304347826086,0.6734492753623188,0.2590144927536232,0.06753623188405797,0.5,5.0,0.0005,0.0,36.0,z_smooth_only__LOGIT_return_sortino_vs_bond__cash_allowed__g0p5__tau5p0__c0p0005__phl0p0__l10p0,z_smooth_only,0.0,0.0025,2.0,149,107,55,34,0.8448322147651006,0.15516778523489932,0.0,0.9781308411214953,0.02186915887850467,-5.187958058996058e-19,0.0018181818181818182,0.9981818181818182,0.0,0.049999999999999996,0.2647058823529412,0.6852941176470588
z_plus_zsmooth,z_plus_zsmooth__RF_return_sortino_vs_bond__cash_allowed__g2p0__tau3p0__c0p0005__phl0p0__l10p001,RF,return_sortino_vs_bond,cash_allowed,345,1996-02-29,2024-10-31,0.04515097087884043,0.06555429444712195,0.688756873361829,-0.1786082838866262,-0.06502380914070718,343.4946531996617,0.050318840579710145,0.6038260869565217,2.5159420289855074e-05,0.0003019130434782609,0.3631884057971015,0.5955942028985508,0.041217391304347824,2.0,3.0,0.0005,0.0,36.0,z_plus_zsmooth__RF_return_sortino_vs_bond__cash_allowed__g2p0__tau3p0__c0p0005__phl0p0__l10p001,z_plus_zsmooth,0.001,0.0025,1.0,165,83,72,25,0.4506666666666666,0.5490909090909091,0.0002424242424242366,0.5645783132530121,0.41349397590361453,0.021927710843373475,0.04083333333333334,0.9586111111111113,0.0005555555555555552,0.0456,0.46159999999999995,0.4928
z_plus_zsmooth,z_plus_zsmooth__RF_return_sortino_vs_bond__cash_allowed__g2p0__tau5p0__c0p0005__phl0p0__l10p0,RF,return_sortino_vs_bond,cash_allowed,345,1996-02-29,2024-10-31,0.04515097087884043,0.06555429444712195,0.688756873361829,-0.1786082838866262,-0.06502380914070718,343.4946531996617,0.050318840579710145,0.6038260869565217,2.5159420289855074e-05,0.0003019130434782609,0.3631884057971015,0.5955942028985508,0.041217391304347824,2.0,5.0,0.0005,0.0,36.0,z_plus_zsmooth__RF_return_sortino_vs_bond__cash_allowed__g2p0__tau5p0__c0p0005__phl0p0__l10p0,z_plus_zsmooth,0.0,0.0025,1.0,165,83,72,25,0.4506666666666666,0.5490909090909091,0.0002424242424242366,0.5645783132530121,0.41349397590361453,0.021927710843373475,0.04083333333333334,0.9586111111111113,0.0005555555555555552,0.0456,0.46159999999999995,0.4928
z_plus_zsmooth,z_plus_zsmooth__LOGIT_return_sortino_vs_bond__cash_allowed__g0p25__tau5p0__c0p001__phl0p0__l10p0,LOGIT,return_sortino_vs_bond,cash_allowed,345,1996-02-29,2024-10-31,0.06556083481982414,0.09529317054052451,0.6879909068818698,-0.1633682353450001,-0.09361175,575.0968130189214,0.08626086956521739,1.0351304347826087,8.626086956521739e-05,0.0010351304347826088,0.5886376811594203,0.324463768115942,0.08689855072463767,0.25,5.0,0.001,0.0,36.0,z_plus_zsmooth__LOGIT_return_sortino_vs_bond__cash_allowed__g0p25__tau5p0__c0p001__phl0p0__l10p0,z_plus_zsmooth,0.0,0.005,2.0,162,90,57,36,0.6696296296296296,0.3241975308641975,0.006172839506172834,0.9680000000000001,0.032,-1.2335811384723962e-18,0.05473684210526316,0.8403508771929825,0.10491228070175439,0.1211111111111111,0.24000000000000002,0.6388888888888888
z_plus_zsmooth,z_plus_zsmooth__LOGIT_return_sortino_vs_bond__cash_allowed__g0p5__tau3p0__c0p001__phl0p0__l10p001,LOGIT,return_sortino_vs_bond,cash_allowed,345,1996-02-29,2024-10-31,0.06780252764386996,0.09858188378572176,0.6877787788195039,-0.163368235345,-0.09716125,607.6454309676359,0.08985507246376812,1.0782608695652174,8.985507246376813e-05,0.0010782608695652175,0.5933333333333333,0.33420289855072466,0.07246376811594203,0.5,3.0,0.001,0.0,36.0,z_plus_zsmooth__LOGIT_return_sortino_vs_bond__cash_allowed__g0p5__tau3p0__c0p001__phl0p0__l10p001,z_plus_zsmooth,0.001,0.004,2.0,162,90,57,36,0.6818518518518518,0.3181481481481482,-1.5419764230904951e-18,0.9777777777777777,0.022222222222222223,0.0,0.042105263157894736,0.9080701754385966,0.04982456140350877,0.10666666666666666,0.2777777777777778,0.6155555555555555
z_plus_zsmooth,z_plus_zsmooth__LOGIT_return_sortino_vs_bond__cash_allowed__g0p5__tau1p0__c0p0025__phl0p0__l10p0,LOGIT,return_sortino_vs_bond,cash_allowed,345,1996-02-29,2024-10-31,0.07078010358655154,0.1029211049997295,0.6877122392607189,-0.17768300211283627,-0.097555,653.4666160588325,0.12695652173913044,1.5234782608695654,0.0003173913043478261,0.0038086956521739134,0.6523478260869565,0.27391304347826084,0.07373913043478261,0.5,1.0,0.0025,0.0,36.0,z_plus_zsmooth__LOGIT_return_sortino_vs_bond__cash_allowed__g0p5__tau1p0__c0p0025__phl0p0__l10p0,z_plus_zsmooth,0.0,0.0025,2.0,162,90,57,36,0.8302469135802469,0.1697530864197531,-1.7133071367672168e-18,0.9815555555555556,0.011111111111111112,0.007333333333333332,0.0,0.9824561403508771,0.017543859649122806,0.061666666666666675,0.2777777777777778,0.6605555555555556
z_smooth_only,z_smooth_only__LOGIT_return_sortino_vs_bond__cash_allowed__g2p0__tau1p0__c0p001__phl0p0__l10p0,LOGIT,return_sortino_vs_bond,cash_allowed,345,1996-02-29,2024-10-31,0.06674475492855692,0.09706738737680366,0.6876125620798053,-0.1633682353450001,-0.09312232340494397,591.9724997418089,0.1470144927536232,1.7641739130434781,0.0001470144927536232,0.0017641739130434785,0.6201159420289855,0.27217391304347827,0.10771014492753622,2.0,1.0,0.001,0.0,36.0,z_smooth_only__LOGIT_return_sortino_vs_bond__cash_allowed__g2p0__tau1p0__c0p001__phl0p0__l10p0,z_smooth_only,0.0,0.001,2.0,149,107,55,34,0.7668456375838926,0.2331543624161074,-1.2760113621950205e-17,0.9284112149532711,0.006168224299065421,0.06542056074766354,0.0,1.0,0.0,0.01,0.10294117647058823,0.8870588235294118
z_plus_zsmooth,z_plus_zsmooth__LOGIT_return_sortino_vs_bond__cash_allowed__g1p0__tau5p0__c0p0005__phl0p0__l10p0025,LOGIT,return_sortino_vs_bond,cash_allowed,345,1996-02-29,2024-10-31,0.06250249980639296,0.09092908580345833,0.6873763136857115,-0.163368235345,-0.09361175,533.0155919340406,0.07918840579710144,0.9502608695652173,3.959420289855072e-05,0.0004751304347826086,0.5278840579710145,0.37095652173913046,0.10115942028985507,1.0,5.0,0.0005,0.0,36.0,z_plus_zsmooth__LOGIT_return_sortino_vs_bond__cash_allowed__g1p0__tau5p0__c0p0005__phl0p0__l10p0025,z_plus_zsmooth,0.0025,0.005,2.0,162,90,57,36,0.6202469135802469,0.3735802469135803,0.006172839506172834,0.8417777777777776,0.13555555555555554,0.02266666666666667,0.030877192982456142,0.8196491228070175,0.14947368421052631,0.11444444444444445,0.2372222222222222,0.6483333333333333
z_smooth_only,z_smooth_only__LOGIT_return_sortino_vs_bond__cash_allowed__g2p0__tau1p0__c0p001__phl0p0__l10p0005,LOGIT,return_sortino_vs_bond,cash_allowed,345,1996-02-29,2024-10-31,0.0650628114289646,0.09475153406377952,0.6866676309976075,-0.1633682353450001,-0.09151425,567.7396978914327,0.1260289855072464,1.5123478260869567,0.00012602898550724637,0.0015123478260869565,0.6052753623188406,0.2925217391304348,0.1022028985507246,2.0,1.0,0.001,0.0,36.0,z_smooth_only__LOGIT_return_sortino_vs_bond__cash_allowed__g2p0__tau1p0__c0p001__phl0p0__l10p0005,z_smooth_only,0.0005,0.0015,2.0,149,107,55,34,0.7395973154362415,0.26040268456375837,-8.009998332027137e-18,0.9175700934579439,0.01775700934579439,0.06467289719626168,0.0,1.0,0.0,0.012941176470588235,0.15352941176470591,0.8335294117647057
z_smooth_only,z_smooth_only__LOGIT_return_sortino_vs_bond__cash_allowed__g3p0__tau3p0__c0p0005__phl0p0__l10p0005,LOGIT,return_sortino_vs_bond,cash_allowed,345,1996-02-29,2024-10-31,0.05370542364303607,0.07829871797897943,0.685904252703782,-0.1316273733679999,-0.08017925249217935,427.45842495817135,0.0992463768115942,1.1909565217391305,4.962318840579711e-05,0.0005954782608695653,0.4683478260869566,0.43547826086956526,0.09617391304347823,3.0,3.0,0.0005,0.0,36.0,z_smooth_only__LOGIT_return_sortino_vs_bond__cash_allowed__g3p0__tau3p0__c0p0005__phl0p0__l10p0005,z_smooth_only,0.0005,0.002,2.0,149,107,55,34,0.5429530201342281,0.4536912751677852,0.003355704697986574,0.7506542056074765,0.18523364485981308,0.06411214953271027,0.0,0.9956363636363637,0.004363636363636364,0.010588235294117647,0.23705882352941177,0.7523529411764706
z_smooth_only,z_smooth_only__LOGIT_return_sortino_vs_bond__cash_allowed__g3p0__tau1p0__c0p0005__phl0p0__l10p0,LOGIT,return_sortino_vs_bond,cash_allowed,345,1996-02-29,2024-10-31,0.058771922653874806,0.08571098155139152,0.6856988636705285,-0.13591598018400108,-0.08051185064132362,485.6644768394812,0.18284057971014492,2.194086956521739,9.142028985507245e-05,0.0010970434782608695,0.5296231884057971,0.34539130434782606,0.1249855072463768,3.0,1.0,0.0005,0.0,36.0,z_smooth_only__LOGIT_return_sortino_vs_bond__cash_allowed__g3p0__tau1p0__c0p0005__phl0p0__l10p0,z_smooth_only,0.0,0.0005,2.0,149,107,55,34,0.6163758389261745,0.3836241610738256,-1.5787147875332554e-17,0.8476635514018692,0.033644859813084106,0.11869158878504672,0.0,1.0,0.0,0.005294117647058823,0.1,0.8947058823529412
z_plus_zsmooth,z_plus_zsmooth__LOGIT_return_sortino_vs_bond__cash_allowed__g0p25__tau1p0__c0p0025__phl0p0__l10p0,LOGIT,return_sortino_vs_bond,cash_allowed,345,1996-02-29,2024-10-31,0.07193555591211195,0.1049373959620306,0.685509252946779,-0.163368235345,-0.10066325000000001,671.3015504813851,0.12846376811594204,1.5415652173913044,0.00032115942028985506,0.0038539130434782605,0.6725797101449276,0.2569855072463768,0.07043478260869565,0.25,1.0,0.0025,0.0,36.0,z_plus_zsmooth__LOGIT_return_sortino_vs_bond__cash_allowed__g0p25__tau1p0__c0p0025__phl0p0__l10p0,z_plus_zsmooth,0.0,0.0025,2.0,162,90,57,36,0.8662962962962963,0.1337037037037037,-1.02798428206033e-18,0.9853333333333334,0.011111111111111112,0.003555555555555555,0.0,0.9824561403508771,0.017543859649122806,0.08388888888888889,0.2777777777777778,0.6383333333333333
z_plus_zsmooth,z_plus_zsmooth__LOGIT_return_sortino_vs_bond__cash_allowed__g2p0__tau1p0__c0p0005__phl3p0__l10p001,LOGIT,return_sortino_vs_bond,cash_allowed,345,1996-02-29,2024-10-31,0.06216957595129487,0.09072836025054562,0.6852275934406186,-0.17661421525418486,-0.08984824999999999,528.384785693687,0.05472463768115943,0.6566956521739131,2.736231884057971e-05,0.00032834782608695654,0.5354202898550725,0.3842898550724638,0.08028985507246376,2.0,1.0,0.0005,3.0,36.0,z_plus_zsmooth__LOGIT_return_sortino_vs_bond__cash_allowed__g2p0__tau1p0__c0p0005__phl3p0__l10p001,z_plus_zsmooth,0.001,0.0015,1.08,175,92,48,30,0.6150857142857143,0.3849142857142857,-4.758098676964957e-18,0.8345652173913044,0.10543478260869564,0.059999999999999984,0.0016666666666666668,0.9983333333333334,-2.3129646346357427e-18,0.007333333333333333,0.25333333333333335,0.7393333333333333
z_plus_zsmooth,z_plus_zsmooth__LOGIT_return_sortino_vs_bond__cash_allowed__g2p0__tau3p0__c0p0005__phl3p0__l10p0,LOGIT,return_sortino_vs_bond,cash_allowed,345,1996-02-29,2024-10-31,0.06216957595129487,0.09072836025054562,0.6852275934406186,-0.17661421525418486,-0.08984824999999999,528.384785693687,0.05472463768115943,0.6566956521739131,2.736231884057971e-05,0.00032834782608695654,0.5354202898550725,0.3842898550724638,0.08028985507246376,2.0,3.0,0.0005,3.0,36.0,z_plus_zsmooth__LOGIT_return_sortino_vs_bond__cash_allowed__g2p0__tau3p0__c0p0005__phl3p0__l10p0,z_plus_zsmooth,0.0,0.0015,1.08,175,92,48,30,0.6150857142857143,0.3849142857142857,-4.758098676964957e-18,0.8345652173913044,0.10543478260869564,0.059999999999999984,0.0016666666666666668,0.9983333333333334,-2.3129646346357427e-18,0.007333333333333333,0.25333333333333335,0.7393333333333333
z_plus_zsmooth,z_plus_zsmooth__LOGIT_return_sortino_vs_bond__cash_allowed__g0p25__tau1p0__c0p0005__phl0p0__l10p0025,LOGIT,return_sortino_vs_bond,cash_allowed,345,1996-02-29,2024-10-31,0.07009497178734783,0.1024326019953698,0.6843033411424645,-0.216632156939631,-0.09716125,641.7505795536559,0.10655072463768116,1.2786086956521738,5.327536231884058e-05,0.000639304347826087,0.6386666666666667,0.2911884057971015,0.07014492753623189,0.25,1.0,0.0005,0.0,36.0,z_plus_zsmooth__LOGIT_return_sortino_vs_bond__cash_allowed__g0p25__tau1p0__c0p0005__phl0p0__l10p0025,z_plus_zsmooth,0.0025,0.003,2.0,162,90,57,36,0.787283950617284,0.21271604938271604,-1.02798428206033e-18,0.9888888888888889,0.011111111111111112,0.0,0.0,0.9649122807017544,0.03508771929824561,0.10555555555555556,0.2777777777777778,0.6166666666666667
z_plus_zsmooth,z_plus_zsmooth__LOGIT_return_sortino_vs_bond__cash_allowed__g0p25__tau5p0__c0p0005__phl0p0__l10p0005,LOGIT,return_sortino_vs_bond,cash_allowed,345,1996-02-29,2024-10-31,0.07009497178734783,0.1024326019953698,0.6843033411424645,-0.216632156939631,-0.09716125,641.7505795536559,0.10655072463768116,1.2786086956521738,5.327536231884058e-05,0.000639304347826087,0.6386666666666667,0.2911884057971015,0.07014492753623189,0.25,5.0,0.0005,0.0,36.0,z_plus_zsmooth__LOGIT_return_sortino_vs_bond__cash_allowed__g0p25__tau5p0__c0p0005__phl0p0__l10p0005,z_plus_zsmooth,0.0005,0.003,2.0,162,90,57,36,0.787283950617284,0.21271604938271604,-1.02798428206033e-18,0.9888888888888889,0.011111111111111112,0.0,0.0,0.9649122807017544,0.03508771929824561,0.10555555555555556,0.2777777777777778,0.6166666666666667
z_plus_zsmooth,z_plus_zsmooth__LOGIT_return_sortino_vs_bond__cash_allowed__g0p5__tau3p0__c0p001__phl0p0__l10p0,LOGIT,return_sortino_vs_bond,cash_allowed,345,1996-02-29,2024-10-31,0.06878839398347536,0.10055124657678721,0.6841127914902998,-0.2282417740314484,-0.09716125,621.5876123512173,0.10434782608695652,1.2521739130434781,0.00010434782608695654,0.0012521739130434786,0.6253333333333334,0.30075362318840576,0.07391304347826087,0.5,3.0,0.001,0.0,36.0,z_plus_zsmooth__LOGIT_return_sortino_vs_bond__cash_allowed__g0p5__tau3p0__c0p001__phl0p0__l10p0,z_plus_zsmooth,0.0,0.003,2.0,162,90,57,36,0.768888888888889,0.2311111111111111,2.3986299914741035e-18,0.9804444444444446,0.014666666666666668,0.004888888888888888,0.0,0.9649122807017544,0.03508771929824561,0.08166666666666667,0.2777777777777778,0.6405555555555555
z_smooth_only,z_smooth_only__RF_return_sortino_vs_bond__cash_allowed__g0p5__tau1p0__c0p0005__phl0p0__l10p0,RF,return_sortino_vs_bond,cash_allowed,345,1996-02-29,2024-10-31,0.07281781403154644,0.10672511617557703,0.6822931343710268,-0.18652310036185848,-0.10136025000000001,684.5646083837476,0.11652173913043479,1.3982608695652174,5.826086956521739e-05,0.0006991304347826087,0.6829565217391305,0.2664927536231884,0.050550724637681156,0.5,1.0,0.0005,0.0,36.0,z_smooth_only__RF_return_sortino_vs_bond__cash_allowed__g0p5__tau1p0__c0p0005__phl0p0__l10p0,z_smooth_only,0.0,0.0005,2.0,163,88,69,25,0.8960736196319019,0.10392638036809816,-1.0216776300231503e-18,0.995,0.0,0.004999999999999999,0.0,1.0,0.0,0.08,0.24,0.68
z_plus_zsmooth,z_plus_zsmooth__LOGIT_return_sortino_vs_bond__cash_allowed__g1p0__tau5p0__c0p001__phl0p0__l10p0,LOGIT,return_sortino_vs_bond,cash_allowed,345,1996-02-29,2024-10-31,0.06202736937161034,0.09092392324269057,0.6821897599606356,-0.163368235345,-0.09361175,525.8262939068035,0.07918840579710144,0.9502608695652173,7.918840579710144e-05,0.0009502608695652172,0.5278840579710145,0.37095652173913046,0.10115942028985507,1.0,5.0,0.001,0.0,36.0,z_plus_zsmooth__LOGIT_return_sortino_vs_bond__cash_allowed__g1p0__tau5p0__c0p001__phl0p0__l10p0,z_plus_zsmooth,0.0,0.005,2.0,162,90,57,36,0.6202469135802469,0.3735802469135803,0.006172839506172834,0.8417777777777776,0.13555555555555554,0.02266666666666667,0.030877192982456142,0.8196491228070175,0.14947368421052631,0.11444444444444445,0.2372222222222222,0.6483333333333333
z_plus_zsmooth,z_plus_zsmooth__LOGIT_return_sortino_vs_bond__cash_allowed__g2p0__tau1p0__c0p001__phl0p0__l10p0,LOGIT,return_sortino_vs_bond,cash_allowed,345,1996-02-29,2024-10-31,0.06548662290202353,0.09601455170354294,0.6820489367509807,-0.1633682353450001,-0.09155675,572.7581009230784,0.22110144927536232,2.6532173913043477,0.00022110144927536232,0.0026532173913043477,0.6274202898550725,0.2708405797101449,0.10173913043478261,2.0,1.0,0.001,0.0,36.0,z_plus_zsmooth__LOGIT_return_sortino_vs_bond__cash_allowed__g2p0__tau1p0__c0p001__phl0p0__l10p0,z_plus_zsmooth,0.0,0.001,2.0,162,90,57,36,0.8056790123456791,0.19432098765432096,-4.625929269271485e-18,0.954,0.010888888888888889,0.03511111111111111,0.0,1.0,0.0,0.0022222222222222222,0.11055555555555556,0.8872222222222221
z_plus_zsmooth,z_plus_zsmooth__LOGIT_return_sortino_vs_bond__cash_allowed__g2p0__tau1p0__c0p001__phl3p0__l10p0005,LOGIT,return_sortino_vs_bond,cash_allowed,345,1996-02-29,2024-10-31,0.06184122812520791,0.0907388932968818,0.6815294509144408,-0.1774331234413733,-0.08984824999999999,523.4298183991316,0.05472463768115943,0.6566956521739131,5.472463768115942e-05,0.0006566956521739131,0.5354202898550725,0.3842898550724638,0.08028985507246376,2.0,1.0,0.001,3.0,36.0,z_plus_zsmooth__LOGIT_return_sortino_vs_bond__cash_allowed__g2p0__tau1p0__c0p001__phl3p0__l10p0005,z_plus_zsmooth,0.0005,0.0015,1.08,175,92,48,30,0.6150857142857143,0.3849142857142857,-4.758098676964957e-18,0.8345652173913044,0.10543478260869564,0.059999999999999984,0.0016666666666666668,0.9983333333333334,-2.3129646346357427e-18,0.007333333333333333,0.25333333333333335,0.7393333333333333
z_smooth_only,z_smooth_only__LOGIT_return_sortino_vs_bond__cash_allowed__g1p0__tau3p0__c0p0005__phl0p0__l10p0005,LOGIT,return_sortino_vs_bond,cash_allowed,345,1996-02-29,2024-10-31,0.070993088958054,0.10421058501699085,0.6812464294915821,-0.19889953282573025,-0.10984403458850178,654.4141131781511,0.11049275362318842,1.3259130434782609,5.52463768115942e-05,0.0006629565217391304,0.6653913043478261,0.2631304347826087,0.07147826086956523,1.0,3.0,0.0005,0.0,36.0,z_smooth_only__LOGIT_return_sortino_vs_bond__cash_allowed__g1p0__tau3p0__c0p0005__phl0p0__l10p0005,z_smooth_only,0.0005,0.002,2.0,149,107,55,34,0.8363758389261745,0.16362416107382552,-6.519766084208134e-19,0.9702803738317757,0.022429906542056073,0.007289719626168225,0.0,1.0,0.0,0.03294117647058824,0.2647058823529412,0.7023529411764705
z_plus_zsmooth,z_plus_zsmooth__LOGIT_return_sortino_vs_bond__cash_allowed__g3p0__tau1p0__c0p0005__phl0p0__l10p0,LOGIT,return_sortino_vs_bond,cash_allowed,345,1996-02-29,2024-10-31,0.05846752497270776,0.08582838688980472,0.6812143055627313,-0.13935374831650083,-0.08358197942612881,481.3075671855997,0.2769855072463768,3.323826086956522,0.00013849275362318842,0.001661913043478261,0.5417971014492753,0.3390144927536232,0.11918840579710144,3.0,1.0,0.0005,0.0,36.0,z_plus_zsmooth__LOGIT_return_sortino_vs_bond__cash_allowed__g3p0__tau1p0__c0p0005__phl0p0__l10p0,z_plus_zsmooth,0.0,0.0005,1.84,162,90,57,36,0.6649382716049382,0.3350617283950617,-1.2485725759191093e-17,0.8799999999999999,0.025333333333333333,0.09466666666666666,0.0,1.0,0.0,0.0,0.09444444444444446,0.9055555555555556
z_smooth_only,z_smooth_only__RF_return_sortino_vs_bond__cash_allowed__g1p0__tau1p0__c0p0005__phl0p0__l10p0,RF,return_sortino_vs_bond,cash_allowed,345,1996-02-29,2024-10-31,0.06932913649553345,0.10187342430498304,0.6805419270876739,-0.17816816501135035,-0.10136025000000001,628.5241067760371,0.12417391304347827,1.4900869565217394,6.208695652173914e-05,0.0007450434782608696,0.6582608695652173,0.2872463768115942,0.05449275362318841,1.0,1.0,0.0005,0.0,36.0,z_smooth_only__RF_return_sortino_vs_bond__cash_allowed__g1p0__tau1p0__c0p0005__phl0p0__l10p0,z_smooth_only,0.0,0.0005,2.0,163,88,69,25,0.8574233128834357,0.14257668711656443,2.7670435813126983e-19,0.9774999999999999,0.007727272727272728,0.014772727272727272,0.0,1.0,0.0,0.05279999999999999,0.24719999999999998,0.7
z_plus_zsmooth,z_plus_zsmooth__LOGIT_return_sortino_vs_bond__cash_allowed__g1p0__tau1p0__c0p0025__phl0p0__l10p0,LOGIT,return_sortino_vs_bond,cash_allowed,345,1996-02-29,2024-10-31,0.06749679377569695,0.09925821128377557,0.6800121914621863,-0.20861205995461585,-0.09716125,601.1820299462631,0.12544927536231884,1.505391304347826,0.00031362318840579706,0.0037634782608695645,0.627072463768116,0.29478260869565215,0.07814492753623188,1.0,1.0,0.0025,0.0,36.0,z_plus_zsmooth__LOGIT_return_sortino_vs_bond__cash_allowed__g1p0__tau1p0__c0p0025__phl0p0__l10p0,z_plus_zsmooth,0.0,0.0025,2.0,162,90,57,36,0.7881481481481482,0.21185185185185185,-4.625929269271485e-18,0.9728888888888889,0.015333333333333332,0.011777777777777778,0.0,0.9824561403508771,0.017543859649122806,0.03055555555555555,0.2777777777777778,0.6916666666666667
z_smooth_only,z_smooth_only__LOGIT_return_sortino_vs_bond__cash_allowed__g2p0__tau3p0__c0p0005__phl0p0__l10p0005,LOGIT,return_sortino_vs_bond,cash_allowed,345,1996-02-29,2024-10-31,0.06328300190792896,0.09306777203758232,0.6799668727685263,-0.163368235345,-0.09314085990921062,541.9576851273247,0.11130434782608695,1.3356521739130434,5.565217391304348e-05,0.0006678260869565218,0.5839420289855073,0.3287536231884058,0.08730434782608695,2.0,3.0,0.0005,0.0,36.0,z_smooth_only__LOGIT_return_sortino_vs_bond__cash_allowed__g2p0__tau3p0__c0p0005__phl0p0__l10p0005,z_smooth_only,0.0005,0.002,2.0,149,107,55,34,0.6985234899328858,0.30134228187919465,0.00013422818791945882,0.9048598130841122,0.04710280373831777,0.04803738317757008,0.0,1.0,0.0,0.01647058823529412,0.24941176470588236,0.7341176470588235
z_smooth_only,z_smooth_only__LOGIT_return_sortino_vs_bond__cash_allowed__g1p0__tau1p0__c0p0025__phl0p0__l10p0,LOGIT,return_sortino_vs_bond,cash_allowed,345,1996-02-29,2024-10-31,0.06681085621983646,0.09825856137491566,0.6799494648096134,-0.18806243710430703,-0.09612167034479173,591.0654206088124,0.09971014492753623,1.1965217391304348,0.0002492753623188406,0.002991304347826087,0.6336811594202899,0.2911304347826087,0.07518840579710145,1.0,1.0,0.0025,0.0,36.0,z_smooth_only__LOGIT_return_sortino_vs_bond__cash_allowed__g1p0__tau1p0__c0p0025__phl0p0__l10p0,z_smooth_only,0.0,0.0025,2.0,149,107,55,34,0.7691275167785234,0.22805369127516775,0.0028187919463087204,0.9590654205607477,0.027289719626168222,0.013644859813084111,0.0007272727272727273,0.9916363636363636,0.007636363636363637,0.039999999999999994,0.2647058823529412,0.6952941176470588
z_smooth_only,z_smooth_only__RF_return_sortino_vs_bond__cash_allowed__g0p25__tau1p0__c0p0005__phl0p0__l10p0,RF,return_sortino_vs_bond,cash_allowed,345,1996-02-29,2024-10-31,0.07308064783349412,0.1076423267213872,0.6789211090043623,-0.17711699972271,-0.1021335,687.7273472903051,0.11953623188405797,1.4344347826086956,5.9768115942028996e-05,0.0007172173913043479,0.6903768115942029,0.2603478260869565,0.04927536231884058,0.25,1.0,0.0005,0.0,36.0,z_smooth_only__RF_return_sortino_vs_bond__cash_allowed__g0p25__tau1p0__c0p0005__phl0p0__l10p0,z_smooth_only,0.0,0.0005,2.0,163,88,69,25,0.909079754601227,0.09092024539877301,-5.108388150115751e-19,1.0,0.0,0.0,0.0,1.0,0.0,0.08,0.24,0.68
z_smooth_only,z_smooth_only__LOGIT_return_sortino_vs_bond__cash_allowed__g3p0__tau1p0__c0p001__phl0p0__l10p001,LOGIT,return_sortino_vs_bond,cash_allowed,345,1996-02-29,2024-10-31,0.0531099453821665,0.07829575076975152,0.678324747639878,-0.131627373368,-0.08018925249217934,420.2354287267683,0.0992463768115942,1.1909565217391305,9.924637681159422e-05,0.0011909565217391306,0.4683478260869566,0.43547826086956526,0.09617391304347823,3.0,1.0,0.001,0.0,36.0,z_smooth_only__LOGIT_return_sortino_vs_bond__cash_allowed__g3p0__tau1p0__c0p001__phl0p0__l10p001,z_smooth_only,0.001,0.002,2.0,149,107,55,34,0.5429530201342281,0.4536912751677852,0.003355704697986574,0.7506542056074765,0.18523364485981308,0.06411214953271027,0.0,0.9956363636363637,0.004363636363636364,0.010588235294117647,0.23705882352941177,0.7523529411764706
z_plus_zsmooth,z_plus_zsmooth__LOGIT_return_sortino_vs_bond__cash_allowed__g2p0__tau1p0__c0p0025__phl0p0__l10p0005,LOGIT,return_sortino_vs_bond,cash_allowed,345,1996-02-29,2024-10-31,0.06009011667889165,0.08861455035739534,0.6781066589689784,-0.1633682353450001,-0.08755846336224715,500.4176102743996,0.10747826086956522,1.2897391304347825,0.0002686956521739131,0.003224347826086957,0.5355362318840581,0.37455072463768113,0.08991304347826087,2.0,1.0,0.0025,0.0,36.0,z_plus_zsmooth__LOGIT_return_sortino_vs_bond__cash_allowed__g2p0__tau1p0__c0p0025__phl0p0__l10p0005,z_plus_zsmooth,0.0005,0.003,2.0,162,90,57,36,0.6335802469135804,0.36432098765432097,0.0020987654320987685,0.9037777777777778,0.05733333333333333,0.03888888888888889,0.0,0.9649122807017544,0.03508771929824561,0.021666666666666667,0.27888888888888885,0.6994444444444444
z_plus_zsmooth,z_plus_zsmooth__LOGIT_return_sortino_vs_bond__cash_allowed__g1p0__tau1p0__c0p0025__phl0p0__l10p0005,LOGIT,return_sortino_vs_bond,cash_allowed,345,1996-02-29,2024-10-31,0.06581632546961502,0.0970595320270559,0.6781026458201791,-0.19990290388429888,-0.09716125,576.5034824375716,0.10666666666666666,1.2799999999999998,0.0002666666666666667,0.0032,0.5976231884057971,0.3224927536231884,0.07988405797101449,1.0,1.0,0.0025,0.0,36.0,z_plus_zsmooth__LOGIT_return_sortino_vs_bond__cash_allowed__g1p0__tau1p0__c0p0025__phl0p0__l10p0005,z_plus_zsmooth,0.0005,0.003,2.0,162,90,57,36,0.7245679012345678,0.2754320987654321,-4.882925339786568e-18,0.9695555555555555,0.018222222222222223,0.012222222222222223,0.0,0.9649122807017544,0.03508771929824561,0.042777777777777776,0.2777777777777778,0.6794444444444444
z_smooth_only,z_smooth_only__LOGIT_return_sortino_vs_bond__cash_allowed__g3p0__tau1p0__c0p0005__phl0p0__l10p001,LOGIT,return_sortino_vs_bond,cash_allowed,345,1996-02-29,2024-10-31,0.05648019788962681,0.08331629892077771,0.6779009464082373,-0.13591598018400097,-0.08503139428124534,457.41058215937994,0.12255072463768116,1.470608695652174,6.127536231884058e-05,0.0007353043478260869,0.5067826086956522,0.37495652173913047,0.11826086956521738,3.0,1.0,0.0005,0.0,36.0,z_smooth_only__LOGIT_return_sortino_vs_bond__cash_allowed__g3p0__tau1p0__c0p0005__phl0p0__l10p001,z_smooth_only,0.001,0.0015,2.0,149,107,55,34,0.5943624161073826,0.40469798657718126,0.0009395973154362301,0.8037383177570093,0.0863551401869159,0.10990654205607475,0.0,1.0,0.0,0.00823529411764706,0.14176470588235296,0.85
z_smooth_only,z_smooth_only__LOGIT_return_sortino_vs_bond__cash_allowed__g3p0__tau3p0__c0p0005__phl0p0__l10p0,LOGIT,return_sortino_vs_bond,cash_allowed,345,1996-02-29,2024-10-31,0.05648019788962681,0.08331629892077771,0.6779009464082373,-0.13591598018400097,-0.08503139428124534,457.41058215937994,0.12255072463768116,1.470608695652174,6.127536231884058e-05,0.0007353043478260869,0.5067826086956522,0.37495652173913047,0.11826086956521738,3.0,3.0,0.0005,0.0,36.0,z_smooth_only__LOGIT_return_sortino_vs_bond__cash_allowed__g3p0__tau3p0__c0p0005__phl0p0__l10p0,z_smooth_only,0.0,0.0015,2.0,149,107,55,34,0.5943624161073826,0.40469798657718126,0.0009395973154362301,0.8037383177570093,0.0863551401869159,0.10990654205607475,0.0,1.0,0.0,0.00823529411764706,0.14176470588235296,0.85
z_plus_zsmooth,z_plus_zsmooth__LOGIT_return_sortino_vs_bond__cash_allowed__g0p25__tau3p0__c0p001__phl0p0__l10p0,LOGIT,return_sortino_vs_bond,cash_allowed,345,1996-02-29,2024-10-31,0.06945566743952175,0.10246328652524143,0.6778590634257238,-0.21974559456439047,-0.09716125,630.0690245590124,0.10655072463768116,1.2786086956521738,0.00010655072463768116,0.001278608695652174,0.6386666666666667,0.2911884057971015,0.07014492753623189,0.25,3.0,0.001,0.0,36.0,z_plus_zsmooth__LOGIT_return_sortino_vs_bond__cash_allowed__g0p25__tau3p0__c0p001__phl0p0__l10p0,z_plus_zsmooth,0.0,0.003,2.0,162,90,57,36,0.787283950617284,0.21271604938271604,-1.02798428206033e-18,0.9888888888888889,0.011111111111111112,0.0,0.0,0.9649122807017544,0.03508771929824561,0.10555555555555556,0.2777777777777778,0.6166666666666667
z_smooth_only,z_smooth_only__LOGIT_return_sortino_vs_bond__cash_allowed__g3p0__tau3p0__c0p0005__phl0p0__l10p001,LOGIT,return_sortino_vs_bond,cash_allowed,345,1996-02-29,2024-10-31,0.05043455173904858,0.07462965030401425,0.6757977765351495,-0.12564269903813163,-0.07494104892341155,392.39559433813184,0.08614492753623187,1.0337391304347825,4.307246376811595e-05,0.0005168695652173914,0.439072463768116,0.4714202898550725,0.08950724637681158,3.0,3.0,0.0005,0.0,36.0,z_smooth_only__LOGIT_return_sortino_vs_bond__cash_allowed__g3p0__tau3p0__c0p0005__phl0p0__l10p001,z_smooth_only,0.001,0.0025,2.0,149,107,55,34,0.5118120805369127,0.481744966442953,0.006442953020134216,0.6992523364485981,0.24747663551401872,0.053271028037383164,0.0,0.9854545454545455,0.014545454545454545,0.011764705882352941,0.2994117647058823,0.6888235294117647
z_smooth_only,z_smooth_only__LOGIT_return_sortino_vs_bond__cash_allowed__g3p0__tau5p0__c0p0005__phl0p0__l10p0,LOGIT,return_sortino_vs_bond,cash_allowed,345,1996-02-29,2024-10-31,0.05043455173904858,0.07462965030401425,0.6757977765351495,-0.12564269903813163,-0.07494104892341155,392.39559433813184,0.08614492753623187,1.0337391304347825,4.307246376811595e-05,0.0005168695652173914,0.439072463768116,0.4714202898550725,0.08950724637681158,3.0,5.0,0.0005,0.0,36.0,z_smooth_only__LOGIT_return_sortino_vs_bond__cash_allowed__g3p0__tau5p0__c0p0005__phl0p0__l10p0,z_smooth_only,0.0,0.0025,2.0,149,107,55,34,0.5118120805369127,0.481744966442953,0.006442953020134216,0.6992523364485981,0.24747663551401872,0.053271028037383164,0.0,0.9854545454545455,0.014545454545454545,0.011764705882352941,0.2994117647058823,0.6888235294117647
z_plus_zsmooth,z_plus_zsmooth__LOGIT_return_sortino_vs_bond__cash_allowed__g0p5__tau5p0__c0p0005__phl0p0__l10p0025,LOGIT,return_sortino_vs_bond,cash_allowed,345,1996-02-29,2024-10-31,0.06315053967183464,0.09347312325886387,0.6756010441305779,-0.1633682353450001,-0.09361175,539.362784278359,0.08544927536231883,1.025391304347826,4.272463768115942e-05,0.000512695652173913,0.580231884057971,0.3271304347826087,0.0926376811594203,0.5,5.0,0.0005,0.0,36.0,z_plus_zsmooth__LOGIT_return_sortino_vs_bond__cash_allowed__g0p5__tau5p0__c0p0005__phl0p0__l10p0025,z_plus_zsmooth,0.0025,0.005,2.0,162,90,57,36,0.6709876543209877,0.3228395061728395,0.006172839506172826,0.9357777777777778,0.05355555555555556,0.010666666666666665,0.045263157894736845,0.8319298245614035,0.12280701754385964,0.13,0.23111111111111113,0.6388888888888888
z_smooth_only,z_smooth_only__LOGIT_return_sortino_vs_bond__cash_allowed__g1p0__tau1p0__c0p001__phl0p0__l10p001,LOGIT,return_sortino_vs_bond,cash_allowed,345,1996-02-29,2024-10-31,0.07033013243631486,0.1041800027303806,0.6750828430896694,-0.19889953282573025,-0.10984403458850178,642.1829094064974,0.11049275362318842,1.3259130434782609,0.0001104927536231884,0.0013259130434782609,0.6653913043478261,0.2631304347826087,0.07147826086956523,1.0,1.0,0.001,0.0,36.0,z_smooth_only__LOGIT_return_sortino_vs_bond__cash_allowed__g1p0__tau1p0__c0p001__phl0p0__l10p001,z_smooth_only,0.001,0.002,2.0,149,107,55,34,0.8363758389261745,0.16362416107382552,-6.519766084208134e-19,0.9702803738317757,0.022429906542056073,0.007289719626168225,0.0,1.0,0.0,0.03294117647058824,0.2647058823529412,0.7023529411764705
z_plus_zsmooth,z_plus_zsmooth__RF_return_sortino_vs_bond__cash_allowed__g0p5__tau1p0__c0p0005__phl0p0__l10p0005,RF,return_sortino_vs_bond,cash_allowed,345,1996-02-29,2024-10-31,0.07118537879827026,0.1055284778008164,0.6745608416017497,-0.18053788015933092,-0.1021335,655.7043533054575,0.1118840579710145,1.342608695652174,5.594202898550724e-05,0.0006713043478260869,0.6737391304347826,0.27362318840579714,0.05263768115942029,0.5,1.0,0.0005,0.0,36.0,z_plus_zsmooth__RF_return_sortino_vs_bond__cash_allowed__g0p5__tau1p0__c0p0005__phl0p0__l10p0005,z_plus_zsmooth,0.0005,0.001,2.0,165,83,72,25,0.8833939393939393,0.11660606060606062,-2.6493958542191237e-18,0.9980722891566266,0.0,0.0019277108433734943,0.025555555555555554,0.9744444444444444,3.854941057726238e-19,0.08,0.2,0.72
z_smooth_only,z_smooth_only__LOGIT_return_sortino_vs_bond__cash_allowed__g3p0__tau1p0__c0p0005__phl0p0__l10p0005,LOGIT,return_sortino_vs_bond,cash_allowed,345,1996-02-29,2024-10-31,0.05750272100110951,0.08530614671051077,0.6740747673933378,-0.14278973466689338,-0.08484429075496532,468.71901814652955,0.14782608695652175,1.7739130434782608,7.391304347826088e-05,0.0008869565217391306,0.5219710144927536,0.3515942028985507,0.12643478260869567,3.0,1.0,0.0005,0.0,36.0,z_smooth_only__LOGIT_return_sortino_vs_bond__cash_allowed__g3p0__tau1p0__c0p0005__phl0p0__l10p0005,z_smooth_only,0.0005,0.001,2.0,149,107,55,34,0.6088590604026846,0.39114093959731544,-6.985463661651573e-18,0.8330841121495327,0.04336448598130842,0.12355140186915889,0.0,1.0,0.0,0.006470588235294118,0.09941176470588235,0.8941176470588236
z_smooth_only,z_smooth_only__LOGIT_return_sortino_vs_bond__cash_allowed__g2p0__tau1p0__c0p001__phl0p0__l10p001,LOGIT,return_sortino_vs_bond,cash_allowed,345,1996-02-29,2024-10-31,0.06261517582097244,0.09305140731803659,0.6729094983696763,-0.1633682353450001,-0.09314085990921062,531.7250225642147,0.11130434782608695,1.3356521739130434,0.00011130434782608696,0.0013356521739130436,0.5839420289855073,0.3287536231884058,0.08730434782608695,2.0,1.0,0.001,0.0,36.0,z_smooth_only__LOGIT_return_sortino_vs_bond__cash_allowed__g2p0__tau1p0__c0p001__phl0p0__l10p001,z_smooth_only,0.001,0.002,2.0,149,107,55,34,0.6985234899328858,0.30134228187919465,0.00013422818791945882,0.9048598130841122,0.04710280373831777,0.04803738317757008,0.0,1.0,0.0,0.01647058823529412,0.24941176470588236,0.7341176470588235
z_plus_zsmooth,z_plus_zsmooth__LOGIT_return_sortino_vs_bond__cash_allowed__g2p0__tau1p0__c0p0005__phl3p0__l10p0005,LOGIT,return_sortino_vs_bond,cash_allowed,345,1996-02-29,2024-10-31,0.061679272189819945,0.09169316427450301,0.6726703421987914,-0.1633682353450001,-0.09169247996687639,519.6322215380297,0.06747826086956522,0.8097391304347827,3.3739130434782614e-05,0.00040486956521739137,0.5540289855072463,0.3660289855072464,0.07994202898550724,2.0,1.0,0.0005,3.0,36.0,z_plus_zsmooth__LOGIT_return_sortino_vs_bond__cash_allowed__g2p0__tau1p0__c0p0005__phl3p0__l10p0005,z_plus_zsmooth,0.0005,0.001,1.04,175,92,48,30,0.6369142857142858,0.3630857142857143,-2.1094237467877975e-17,0.8654347826086957,0.07021739130434783,0.06434782608695652,0.0,1.0,0.0,0.002,0.276,0.722
z_smooth_only,z_smooth_only__LOGIT_return_sortino_vs_bond__cash_allowed__g0p25__tau1p0__c0p0025__phl0p0__l10p0,LOGIT,return_sortino_vs_bond,cash_allowed,345,1996-02-29,2024-10-31,0.07152950006918735,0.10640855422892548,0.6722156934422775,-0.20319350045081208,-0.11095075000000001,660.2677864945636,0.10052173913043479,1.2062608695652175,0.00025130434782608693,0.0030156521739130434,0.6768695652173913,0.2569275362318841,0.06620289855072464,0.25,1.0,0.0025,0.0,36.0,z_smooth_only__LOGIT_return_sortino_vs_bond__cash_allowed__g0p25__tau1p0__c0p0025__phl0p0__l10p0,z_smooth_only,0.0,0.0025,2.0,149,107,55,34,0.8467114093959731,0.15328859060402683,0.0,0.9813084112149533,0.018691588785046728,0.0,0.0036363636363636364,0.9963636363636363,0.0,0.06352941176470589,0.2647058823529412,0.6717647058823529
z_plus_zsmooth,z_plus_zsmooth__LOGIT_return_sortino_vs_bond__cash_allowed__g0p25__tau1p0__c0p0025__phl0p0__l10p0025,LOGIT,return_sortino_vs_bond,cash_allowed,345,1996-02-29,2024-10-31,0.06400813916765022,0.09528667927704358,0.6717427834959825,-0.163368235345,-0.09361175,550.1257055068874,0.08626086956521739,1.0351304347826087,0.00021565217391304351,0.0025878260869565224,0.5886376811594203,0.324463768115942,0.08689855072463767,0.25,1.0,0.0025,0.0,36.0,z_plus_zsmooth__LOGIT_return_sortino_vs_bond__cash_allowed__g0p25__tau1p0__c0p0025__phl0p0__l10p0025,z_plus_zsmooth,0.0025,0.005,2.0,162,90,57,36,0.6696296296296296,0.3241975308641975,0.006172839506172834,0.9680000000000001,0.032,-1.2335811384723962e-18,0.05473684210526316,0.8403508771929825,0.10491228070175439,0.1211111111111111,0.24000000000000002,0.6388888888888888
z_plus_zsmooth,z_plus_zsmooth__LOGIT_return_sortino_vs_bond__cash_allowed__g2p0__tau5p0__c0p0005__phl0p0__l10p0025,LOGIT,return_sortino_vs_bond,cash_allowed,345,1996-02-29,2024-10-31,0.053754163624013224,0.08013857414032738,0.6707651614799947,-0.1633682353450001,-0.08669247000000001,426.10905773022694,0.05866666666666667,0.7040000000000001,2.9333333333333336e-05,0.00035200000000000005,0.42771014492753623,0.4228985507246378,0.14939130434782602,2.0,5.0,0.0005,0.0,36.0,z_plus_zsmooth__LOGIT_return_sortino_vs_bond__cash_allowed__g2p0__tau5p0__c0p0005__phl0p0__l10p0025,z_plus_zsmooth,0.0025,0.005,1.24,162,90,57,36,0.5471604938271606,0.43308641975308637,0.019753086419753034,0.6177777777777778,0.32999999999999996,0.05222222222222218,0.020000000000000004,0.5757894736842105,0.4042105263157894,0.06055555555555556,0.3672222222222223,0.5722222222222222
z_plus_zsmooth,z_plus_zsmooth__RF_return_sortino_vs_bond__cash_allowed__g2p0__tau1p0__c0p0025__phl0p0__l10p0,RF,return_sortino_vs_bond,cash_allowed,345,1996-02-29,2024-10-31,0.043943318704927375,0.06554250984425863,0.6704552329372948,-0.18084988024262338,-0.06502380914070718,331.8213120042816,0.050318840579710145,0.6038260869565217,0.00012579710144927536,0.0015095652173913042,0.3631884057971015,0.5955942028985508,0.041217391304347824,2.0,1.0,0.0025,0.0,36.0,z_plus_zsmooth__RF_return_sortino_vs_bond__cash_allowed__g2p0__tau1p0__c0p0025__phl0p0__l10p0,z_plus_zsmooth,0.0,0.0025,1.0,165,83,72,25,0.4506666666666666,0.5490909090909091,0.0002424242424242366,0.5645783132530121,0.41349397590361453,0.021927710843373475,0.04083333333333334,0.9586111111111113,0.0005555555555555552,0.0456,0.46159999999999995,0.4928
z_smooth_only,z_smooth_only__RF_return_sortino_vs_bond__cash_allowed__g2p0__tau1p0__c0p0005__phl0p0__l10p0,RF,return_sortino_vs_bond,cash_allowed,345,1996-02-29,2024-10-31,0.056938589677450385,0.0849466602393286,0.6702863834438184,-0.163368235345,-0.08495925,461.30812944715797,0.1474782608695652,1.7697391304347825,7.373913043478262e-05,0.0008848695652173915,0.5434202898550725,0.39066666666666666,0.06591304347826085,2.0,1.0,0.0005,0.0,36.0,z_smooth_only__RF_return_sortino_vs_bond__cash_allowed__g2p0__tau1p0__c0p0005__phl0p0__l10p0,z_smooth_only,0.0,0.0005,1.4,163,88,69,25,0.6899386503067484,0.31006134969325155,-1.453762127720441e-17,0.8452272727272727,0.10227272727272728,0.05249999999999999,0.0,1.0,0.0,0.0256,0.24960000000000002,0.7248
z_plus_zsmooth,z_plus_zsmooth__LOGIT_return_sortino_vs_bond__cash_allowed__g0p5__tau5p0__c0p001__phl0p0__l10p0,LOGIT,return_sortino_vs_bond,cash_allowed,345,1996-02-29,2024-10-31,0.06263784401966072,0.09346254121516209,0.6701919635959909,-0.1633682353450001,-0.09361175,531.524949950586,0.08544927536231883,1.025391304347826,8.544927536231884e-05,0.001025391304347826,0.580231884057971,0.3271304347826087,0.0926376811594203,0.5,5.0,0.001,0.0,36.0,z_plus_zsmooth__LOGIT_return_sortino_vs_bond__cash_allowed__g0p5__tau5p0__c0p001__phl0p0__l10p0,z_plus_zsmooth,0.0,0.005,2.0,162,90,57,36,0.6709876543209877,0.3228395061728395,0.006172839506172826,0.9357777777777778,0.05355555555555556,0.010666666666666665,0.045263157894736845,0.8319298245614035,0.12280701754385964,0.13,0.23111111111111113,0.6388888888888888
z_smooth_only,z_smooth_only__RF_return_sortino_vs_bond__cash_allowed__g0p5__tau1p0__c0p0005__phl0p0__l10p0005,RF,return_sortino_vs_bond,cash_allowed,345,1996-02-29,2024-10-31,0.07061889853551628,0.10550964975584741,0.6693122259331786,-0.1912245943053097,-0.1021335,645.1616165782702,0.10307246376811595,1.2368695652173913,5.153623188405797e-05,0.0006184347826086957,0.6682898550724637,0.2776231884057971,0.05408695652173913,0.5,1.0,0.0005,0.0,36.0,z_smooth_only__RF_return_sortino_vs_bond__cash_allowed__g0p5__tau1p0__c0p0005__phl0p0__l10p0005,z_smooth_only,0.0005,0.001,2.0,163,88,69,25,0.8663803680981595,0.1336196319018405,-1.7027960500385836e-18,0.9925,0.0,0.007499999999999999,0.0,1.0,0.0,0.08,0.2,0.72
z_smooth_only,z_smooth_only__LOGIT_return_sortino_vs_bond__cash_allowed__g3p0__tau1p0__c0p001__phl0p0__l10p0005,LOGIT,return_sortino_vs_bond,cash_allowed,345,1996-02-29,2024-10-31,0.05574489354180072,0.08331288842786207,0.6691028794430579,-0.13591598018400097,-0.08503139428124534,447.88756203426703,0.12255072463768116,1.470608695652174,0.00012255072463768116,0.0014706086956521739,0.5067826086956522,0.37495652173913047,0.11826086956521738,3.0,1.0,0.001,0.0,36.0,z_smooth_only__LOGIT_return_sortino_vs_bond__cash_allowed__g3p0__tau1p0__c0p001__phl0p0__l10p0005,z_smooth_only,0.0005,0.0015,2.0,149,107,55,34,0.5943624161073826,0.40469798657718126,0.0009395973154362301,0.8037383177570093,0.0863551401869159,0.10990654205607475,0.0,1.0,0.0,0.00823529411764706,0.14176470588235296,0.85
z_plus_zsmooth,z_plus_zsmooth__LOGIT_return_sortino_vs_bond__cash_allowed__g2p0__tau1p0__c0p0005__phl3p0__l10p0,LOGIT,return_sortino_vs_bond,cash_allowed,345,1996-02-29,2024-10-31,0.06143010235145753,0.09182596355732321,0.6689840212034279,-0.163368235345,-0.09182540021984806,515.7050415057566,0.08533333333333333,1.024,4.266666666666667e-05,0.0005120000000000001,0.5739130434782609,0.3497971014492754,0.07628985507246377,2.0,1.0,0.0005,3.0,36.0,z_plus_zsmooth__LOGIT_return_sortino_vs_bond__cash_allowed__g2p0__tau1p0__c0p0005__phl3p0__l10p0,z_plus_zsmooth,0.0,0.0005,1.12,175,92,48,30,0.6658285714285714,0.3341714285714286,-6.126052046592382e-18,0.8856521739130434,0.05608695652173913,0.058260869565217394,0.0,1.0,0.0,0.0,0.3013333333333333,0.6986666666666667
z_plus_zsmooth,z_plus_zsmooth__LOGIT_return_sortino_vs_bond__cash_allowed__g2p0__tau1p0__c0p001__phl3p0__l10p0,LOGIT,return_sortino_vs_bond,cash_allowed,345,1996-02-29,2024-10-31,0.06127440262460257,0.09169194385490609,0.6682637541370435,-0.1633682353450001,-0.0917124799668764,513.6483888074227,0.06747826086956522,0.8097391304347827,6.747826086956523e-05,0.0008097391304347827,0.5540289855072463,0.3660289855072464,0.07994202898550724,2.0,1.0,0.001,3.0,36.0,z_plus_zsmooth__LOGIT_return_sortino_vs_bond__cash_allowed__g2p0__tau1p0__c0p001__phl3p0__l10p0,z_plus_zsmooth,0.0,0.001,1.04,175,92,48,30,0.6369142857142858,0.3630857142857143,-2.1094237467877975e-17,0.8654347826086957,0.07021739130434783,0.06434782608695652,0.0,1.0,0.0,0.002,0.276,0.722
z_plus_zsmooth,z_plus_zsmooth__RF_return_sortino_vs_bond__cash_allowed__g0p5__tau1p0__c0p001__phl0p0__l10p0,RF,return_sortino_vs_bond,cash_allowed,345,1996-02-29,2024-10-31,0.07051407445044419,0.10552086288019256,0.6682477050107638,-0.18176094714671553,-0.1021335,643.2515124956701,0.1118840579710145,1.342608695652174,0.00011188405797101448,0.0013426086956521738,0.6737391304347826,0.27362318840579714,0.05263768115942029,0.5,1.0,0.001,0.0,36.0,z_plus_zsmooth__RF_return_sortino_vs_bond__cash_allowed__g0p5__tau1p0__c0p001__phl0p0__l10p0,z_plus_zsmooth,0.0,0.001,2.0,165,83,72,25,0.8833939393939393,0.11660606060606062,-2.6493958542191237e-18,0.9980722891566266,0.0,0.0019277108433734943,0.025555555555555554,0.9744444444444444,3.854941057726238e-19,0.08,0.2,0.72
z_smooth_only,z_smooth_only__RF_return_sortino_vs_bond__cash_allowed__g1p0__tau1p0__c0p0005__phl0p0__l10p0005,RF,return_sortino_vs_bond,cash_allowed,345,1996-02-29,2024-10-31,0.0677573614009582,0.10143245628006464,0.6680047381863028,-0.18343699562082716,-0.10136525,601.576749114431,0.10121739130434783,1.214608695652174,5.0608695652173914e-05,0.000607304347826087,0.6468405797101449,0.2961159420289855,0.057043478260869564,1.0,1.0,0.0005,0.0,36.0,z_smooth_only__RF_return_sortino_vs_bond__cash_allowed__g1p0__tau1p0__c0p0005__phl0p0__l10p0005,z_smooth_only,0.0005,0.001,2.0,163,88,69,25,0.8336196319018404,0.1663803680981595,-1.936930506918889e-18,0.9722727272727273,0.010454545454545454,0.017272727272727276,0.0,1.0,0.0,0.0688,0.2048,0.7264
z_smooth_only,z_smooth_only__RF_return_sortino_vs_bond__cash_allowed__g0p25__tau1p0__c0p0005__phl0p0__l10p0005,RF,return_sortino_vs_bond,cash_allowed,345,1996-02-29,2024-10-31,0.07127021565737578,0.10675184497513346,0.6676251419727435,-0.18395821179114813,-0.1021335,654.8271259801315,0.10956521739130434,1.3147826086956522,5.4782608695652176e-05,0.0006573913043478261,0.6783768115942029,0.26852173913043476,0.05310144927536232,0.25,1.0,0.0005,0.0,36.0,z_smooth_only__RF_return_sortino_vs_bond__cash_allowed__g0p25__tau1p0__c0p0005__phl0p0__l10p0005,z_smooth_only,0.0005,0.001,2.0,163,88,69,25,0.8856441717791412,0.1143558282208589,-4.682689137606105e-19,0.9963636363636365,0.0,0.003636363636363636,0.0,1.0,0.0,0.08,0.2,0.72
z_plus_zsmooth,z_plus_zsmooth__RF_return_sortino_vs_bond__cash_allowed__g0p25__tau1p0__c0p0005__phl0p0__l10p0,RF,return_sortino_vs_bond,cash_allowed,345,1996-02-29,2024-10-31,0.07115969577861235,0.10665965459571278,0.6671660061936168,-0.17711699972270978,-0.1021335,652.9359781591091,0.13994202898550726,1.6793043478260872,6.997101449275363e-05,0.0008396521739130437,0.6896811594202898,0.2610434782608696,0.04927536231884058,0.25,1.0,0.0005,0.0,36.0,z_plus_zsmooth__RF_return_sortino_vs_bond__cash_allowed__g0p25__tau1p0__c0p0005__phl0p0__l10p0,z_plus_zsmooth,0.0,0.0005,2.0,165,83,72,25,0.9175757575757576,0.08242424242424243,-1.345724878333523e-18,1.0,0.0,0.0,0.021388888888888888,0.9786111111111112,-7.709882115452476e-19,0.08,0.24,0.68
z_smooth_only,z_smooth_only__LOGIT_return_sortino_vs_bond__cash_allowed__g0p5__tau1p0__c0p0025__phl0p0__l10p0,LOGIT,return_sortino_vs_bond,cash_allowed,345,1996-02-29,2024-10-31,0.07077732418089486,0.10616664186934965,0.6666625498807295,-0.20319350045081197,-0.11095075000000001,646.6753326191349,0.10318840579710144,1.2382608695652173,0.00025797101449275364,0.0030956521739130436,0.6734492753623188,0.2590144927536232,0.06753623188405797,0.5,1.0,0.0025,0.0,36.0,z_smooth_only__LOGIT_return_sortino_vs_bond__cash_allowed__g0p5__tau1p0__c0p0025__phl0p0__l10p0,z_smooth_only,0.0,0.0025,2.0,149,107,55,34,0.8448322147651006,0.15516778523489932,0.0,0.9781308411214953,0.02186915887850467,-5.187958058996058e-19,0.0018181818181818182,0.9981818181818182,0.0,0.049999999999999996,0.2647058823529412,0.6852941176470588
z_plus_zsmooth,z_plus_zsmooth__LOGIT_return_sortino_vs_bond__cash_allowed__g1p0__tau1p0__c0p0025__phl0p0__l10p0025,LOGIT,return_sortino_vs_bond,cash_allowed,345,1996-02-29,2024-10-31,0.0606019780672625,0.09092166933295683,0.6665295359386434,-0.1633682353450001,-0.09361175,504.8160654117502,0.07918840579710144,0.9502608695652173,0.00019797101449275361,0.0023756521739130435,0.5278840579710145,0.37095652173913046,0.10115942028985507,1.0,1.0,0.0025,0.0,36.0,z_plus_zsmooth__LOGIT_return_sortino_vs_bond__cash_allowed__g1p0__tau1p0__c0p0025__phl0p0__l10p0025,z_plus_zsmooth,0.0025,0.005,2.0,162,90,57,36,0.6202469135802469,0.3735802469135803,0.006172839506172834,0.8417777777777776,0.13555555555555554,0.02266666666666667,0.030877192982456142,0.8196491228070175,0.14947368421052631,0.11444444444444445,0.2372222222222222,0.6483333333333333
z_smooth_only,z_smooth_only__LOGIT_return_sortino_vs_bond__cash_allowed__g3p0__tau1p0__c0p0005__phl0p0__l10p0025,LOGIT,return_sortino_vs_bond,cash_allowed,345,1996-02-29,2024-10-31,0.047115705114890404,0.07068874285019745,0.6665234550108962,-0.1128180237023032,-0.07262203463641453,359.74803019537507,0.07559420289855072,0.9071304347826086,3.779710144927536e-05,0.00045356521739130435,0.40191304347826085,0.5064927536231885,0.09159420289855072,3.0,1.0,0.0005,0.0,36.0,z_smooth_only__LOGIT_return_sortino_vs_bond__cash_allowed__g3p0__tau1p0__c0p0005__phl0p0__l10p0025,z_smooth_only,0.0025,0.003,1.68,149,107,55,34,0.4720805369127517,0.5163758389261747,0.011543624161073808,0.6327102803738319,0.31252336448598134,0.05476635514018689,0.0018181818181818182,0.9694545454545456,0.02872727272727273,0.015294117647058824,0.3247058823529412,0.6599999999999999
z_smooth_only,z_smooth_only__LOGIT_return_sortino_vs_bond__cash_allowed__g3p0__tau5p0__c0p0005__phl0p0__l10p0005,LOGIT,return_sortino_vs_bond,cash_allowed,345,1996-02-29,2024-10-31,0.047115705114890404,0.07068874285019745,0.6665234550108962,-0.1128180237023032,-0.07262203463641453,359.74803019537507,0.07559420289855072,0.9071304347826086,3.779710144927536e-05,0.00045356521739130435,0.40191304347826085,0.5064927536231885,0.09159420289855072,3.0,5.0,0.0005,0.0,36.0,z_smooth_only__LOGIT_return_sortino_vs_bond__cash_allowed__g3p0__tau5p0__c0p0005__phl0p0__l10p0005,z_smooth_only,0.0005,0.003,1.68,149,107,55,34,0.4720805369127517,0.5163758389261747,0.011543624161073808,0.6327102803738319,0.31252336448598134,0.05476635514018689,0.0018181818181818182,0.9694545454545456,0.02872727272727273,0.015294117647058824,0.3247058823529412,0.6599999999999999
z_plus_zsmooth,z_plus_zsmooth__LOGIT_return_sortino_vs_bond__cash_allowed__g2p0__tau5p0__c0p001__phl0p0__l10p0,LOGIT,return_sortino_vs_bond,cash_allowed,345,1996-02-29,2024-10-31,0.05340216362401321,0.08013655924192757,0.6663895246961528,-0.1633682353450001,-0.08669247000000001,421.8385482566687,0.05866666666666667,0.7040000000000001,5.866666666666667e-05,0.0007040000000000001,0.42771014492753623,0.4228985507246378,0.14939130434782602,2.0,5.0,0.001,0.0,36.0,z_plus_zsmooth__LOGIT_return_sortino_vs_bond__cash_allowed__g2p0__tau5p0__c0p001__phl0p0__l10p0,z_plus_zsmooth,0.0,0.005,1.24,162,90,57,36,0.5471604938271606,0.43308641975308637,0.019753086419753034,0.6177777777777778,0.32999999999999996,0.05222222222222218,0.020000000000000004,0.5757894736842105,0.4042105263157894,0.06055555555555556,0.3672222222222223,0.5722222222222222
z_plus_zsmooth,z_plus_zsmooth__RF_return_sortino_vs_bond__cash_allowed__g1p0__tau1p0__c0p0005__phl0p0__l10p0005,RF,return_sortino_vs_bond,cash_allowed,345,1996-02-29,2024-10-31,0.06641937081184819,0.09974963833569347,0.665860768219761,-0.17318456253221215,-0.09933803670247199,581.9141775104616,0.1246376811594203,1.4956521739130435,6.231884057971015e-05,0.0007478260869565218,0.6446376811594203,0.3001159420289855,0.05524637681159421,1.0,1.0,0.0005,0.0,36.0,z_plus_zsmooth__RF_return_sortino_vs_bond__cash_allowed__g1p0__tau1p0__c0p0005__phl0p0__l10p0005,z_plus_zsmooth,0.0005,0.001,2.0,165,83,72,25,0.8401212121212122,0.15987878787878787,-1.0513475611980649e-19,0.9763855421686748,0.010843373493975903,0.012771084337349399,0.016666666666666666,0.9833333333333333,1.1564823173178713e-18,0.0616,0.2184,0.72
z_plus_zsmooth,z_plus_zsmooth__LOGIT_return_sortino_vs_bond__cash_allowed__g0p5__tau1p0__c0p0025__phl0p0__l10p0005,LOGIT,return_sortino_vs_bond,cash_allowed,345,1996-02-29,2024-10-31,0.06691013311391014,0.10063638127532493,0.6648702215439841,-0.2374272634972,-0.09716125,588.9374015429514,0.10434782608695652,1.2521739130434781,0.00026086956521739134,0.0031304347826086962,0.6253333333333334,0.30075362318840576,0.07391304347826087,0.5,1.0,0.0025,0.0,36.0,z_plus_zsmooth__LOGIT_return_sortino_vs_bond__cash_allowed__g0p5__tau1p0__c0p0025__phl0p0__l10p0005,z_plus_zsmooth,0.0005,0.003,2.0,162,90,57,36,0.768888888888889,0.2311111111111111,2.3986299914741035e-18,0.9804444444444446,0.014666666666666668,0.004888888888888888,0.0,0.9649122807017544,0.03508771929824561,0.08166666666666667,0.2777777777777778,0.6405555555555555
z_smooth_only,z_smooth_only__RF_return_sortino_vs_bond__cash_allowed__g1p0__tau1p0__c0p0005__phl0p0__l10p001,RF,return_sortino_vs_bond,cash_allowed,345,1996-02-29,2024-10-31,0.0657549710208618,0.0990566378406414,0.663811860106194,-0.1792003144083616,-0.09731495065954418,572.0429869710118,0.08753623188405796,1.0504347826086955,4.3768115942028986e-05,0.0005252173913043478,0.628231884057971,0.3137391304347826,0.058028985507246375,1.0,1.0,0.0005,0.0,36.0,z_smooth_only__RF_return_sortino_vs_bond__cash_allowed__g1p0__tau1p0__c0p0005__phl0p0__l10p001,z_smooth_only,0.001,0.0015,2.0,163,88,69,25,0.796441717791411,0.20355828220858896,-6.938893903907228e-18,0.9600000000000001,0.0175,0.022499999999999996,0.006956521739130434,0.9930434782608695,0.0,0.0784,0.2,0.7216
z_smooth_only,z_smooth_only__RF_return_sortino_vs_bond__cash_allowed__g1p0__tau3p0__c0p0005__phl0p0__l10p0,RF,return_sortino_vs_bond,cash_allowed,345,1996-02-29,2024-10-31,0.0657549710208618,0.0990566378406414,0.663811860106194,-0.1792003144083616,-0.09731495065954418,572.0429869710118,0.08753623188405796,1.0504347826086955,4.3768115942028986e-05,0.0005252173913043478,0.628231884057971,0.3137391304347826,0.058028985507246375,1.0,3.0,0.0005,0.0,36.0,z_smooth_only__RF_return_sortino_vs_bond__cash_allowed__g1p0__tau3p0__c0p0005__phl0p0__l10p0,z_smooth_only,0.0,0.0015,2.0,163,88,69,25,0.796441717791411,0.20355828220858896,-6.938893903907228e-18,0.9600000000000001,0.0175,0.022499999999999996,0.006956521739130434,0.9930434782608695,0.0,0.0784,0.2,0.7216
z_smooth_only,z_smooth_only__LOGIT_return_sortino_vs_bond__cash_allowed__g3p0__tau1p0__c0p001__phl0p0__l10p0,LOGIT,return_sortino_vs_bond,cash_allowed,345,1996-02-29,2024-10-31,0.05661576447937039,0.08529279195707626,0.6637813486966444,-0.1427897346668935,-0.08484429075496532,456.9843878836352,0.14782608695652175,1.7739130434782608,0.00014782608695652175,0.0017739130434782611,0.5219710144927536,0.3515942028985507,0.12643478260869567,3.0,1.0,0.001,0.0,36.0,z_smooth_only__LOGIT_return_sortino_vs_bond__cash_allowed__g3p0__tau1p0__c0p001__phl0p0__l10p0,z_smooth_only,0.0,0.001,2.0,149,107,55,34,0.6088590604026846,0.39114093959731544,-6.985463661651573e-18,0.8330841121495327,0.04336448598130842,0.12355140186915889,0.0,1.0,0.0,0.006470588235294118,0.09941176470588235,0.8941176470588236
z_smooth_only,z_smooth_only__LOGIT_return_sortino_vs_bond__cash_allowed__g3p0__tau1p0__c0p0005__phl3p0__l10p0005,LOGIT,return_sortino_vs_bond,cash_allowed,345,1996-02-29,2024-10-31,0.04851436160901572,0.07310201032665346,0.6636529062912386,-0.12318650986913782,-0.06785376856249069,372.6776123451551,0.06156521739130434,0.7387826086956522,3.0782608695652175e-05,0.0003693913043478261,0.42602898550724644,0.4766376811594203,0.09733333333333333,3.0,1.0,0.0005,3.0,36.0,z_smooth_only__LOGIT_return_sortino_vs_bond__cash_allowed__g3p0__tau1p0__c0p0005__phl3p0__l10p0005,z_smooth_only,0.0005,0.001,1.0,148,118,49,30,0.4483783783783783,0.5516216216216218,-2.1754370077114553e-17,0.6805084745762711,0.22016949152542376,0.09932203389830505,0.0036734693877551023,0.9963265306122449,0.0,0.004666666666666667,0.26666666666666666,0.7286666666666667
z_smooth_only,z_smooth_only__RF_return_sortino_vs_bond__cash_allowed__g0p5__tau1p0__c0p001__phl0p0__l10p0,RF,return_sortino_vs_bond,cash_allowed,345,1996-02-29,2024-10-31,0.07000046375290758,0.10550777505503457,0.663462609427544,-0.19244244928000254,-0.1021335,633.8568160409553,0.10307246376811595,1.2368695652173913,0.00010307246376811594,0.0012368695652173914,0.6682898550724637,0.2776231884057971,0.05408695652173913,0.5,1.0,0.001,0.0,36.0,z_smooth_only__RF_return_sortino_vs_bond__cash_allowed__g0p5__tau1p0__c0p001__phl0p0__l10p0,z_smooth_only,0.0,0.001,2.0,163,88,69,25,0.8663803680981595,0.1336196319018405,-1.7027960500385836e-18,0.9925,0.0,0.007499999999999999,0.0,1.0,0.0,0.08,0.2,0.72
z_smooth_only,z_smooth_only__RF_return_sortino_vs_bond__cash_allowed__g1p0__tau1p0__c0p001__phl0p0__l10p0,RF,return_sortino_vs_bond,cash_allowed,345,1996-02-29,2024-10-31,0.0671500570531321,0.10143328381178138,0.662012058859645,-0.18453625516629202,-0.10137025000000001,591.2173839557119,0.10121739130434783,1.214608695652174,0.00010121739130434783,0.001214608695652174,0.6468405797101449,0.2961159420289855,0.057043478260869564,1.0,1.0,0.001,0.0,36.0,z_smooth_only__RF_return_sortino_vs_bond__cash_allowed__g1p0__tau1p0__c0p001__phl0p0__l10p0,z_smooth_only,0.0,0.001,2.0,163,88,69,25,0.8336196319018404,0.1663803680981595,-1.936930506918889e-18,0.9722727272727273,0.010454545454545454,0.017272727272727276,0.0,1.0,0.0,0.0688,0.2048,0.7264
z_smooth_only,z_smooth_only__RF_return_sortino_vs_bond__cash_allowed__g0p25__tau1p0__c0p001__phl0p0__l10p0,RF,return_sortino_vs_bond,cash_allowed,345,1996-02-29,2024-10-31,0.07061282435302797,0.10674201716345952,0.6615279177729511,-0.1851801705875289,-0.1021335,642.6494357696229,0.10956521739130434,1.3147826086956522,0.00010956521739130435,0.0013147826086956523,0.6783768115942029,0.26852173913043476,0.05310144927536232,0.25,1.0,0.001,0.0,36.0,z_smooth_only__RF_return_sortino_vs_bond__cash_allowed__g0p25__tau1p0__c0p001__phl0p0__l10p0,z_smooth_only,0.0,0.001,2.0,163,88,69,25,0.8856441717791412,0.1143558282208589,-4.682689137606105e-19,0.9963636363636365,0.0,0.003636363636363636,0.0,1.0,0.0,0.08,0.2,0.72
z_smooth_only,z_smooth_only__LOGIT_return_sortino_vs_bond__cash_allowed__g3p0__tau5p0__c0p0005__phl0p0__l10p001,LOGIT,return_sortino_vs_bond,cash_allowed,345,1996-02-29,2024-10-31,0.044011778566139824,0.0665368664248389,0.6614645523749788,-0.1237519072113289,-0.07043489670155559,331.81823968293713,0.06255072463768116,0.7506086956521739,3.127536231884058e-05,0.00037530434782608697,0.35298550724637684,0.5671304347826087,0.07988405797101447,3.0,5.0,0.0005,0.0,36.0,z_smooth_only__LOGIT_return_sortino_vs_bond__cash_allowed__g3p0__tau5p0__c0p0005__phl0p0__l10p001,z_smooth_only,0.001,0.0035,1.56,149,107,55,34,0.4116778523489933,0.5720805369127517,0.016241610738255006,0.5575700934579441,0.4063551401869159,0.036074766355140155,0.0029090909090909093,0.9625454545454545,0.034545454545454546,0.018235294117647058,0.41176470588235303,0.57
z_smooth_only,z_smooth_only__RF_return_sortino_vs_bond__cash_allowed__g2p0__tau3p0__c0p0005__phl0p0__l10p001,RF,return_sortino_vs_bond,cash_allowed,345,1996-02-29,2024-10-31,0.05161297100642555,0.07809441603345238,0.6609047564209547,-0.16554708700448095,-0.08281956837099784,402.6302086214505,0.05344927536231883,0.641391304347826,2.6724637681159416e-05,0.000320695652173913,0.4184347826086957,0.5173913043478261,0.06417391304347825,2.0,3.0,0.0005,0.0,36.0,z_smooth_only__RF_return_sortino_vs_bond__cash_allowed__g2p0__tau3p0__c0p0005__phl0p0__l10p001,z_smooth_only,0.001,0.0025,1.0,163,88,69,25,0.5192638036809816,0.4763190184049081,0.00441717791411041,0.6468181818181818,0.3025,0.05068181818181817,0.020869565217391306,0.9327536231884058,0.04637681159420289,0.054400000000000004,0.39520000000000005,0.5504
z_smooth_only,z_smooth_only__RF_return_sortino_vs_bond__cash_allowed__g2p0__tau5p0__c0p0005__phl0p0__l10p0,RF,return_sortino_vs_bond,cash_allowed,345,1996-02-29,2024-10-31,0.05161297100642555,0.07809441603345238,0.6609047564209547,-0.16554708700448095,-0.08281956837099784,402.6302086214505,0.05344927536231883,0.641391304347826,2.6724637681159416e-05,0.000320695652173913,0.4184347826086957,0.5173913043478261,0.06417391304347825,2.0,5.0,0.0005,0.0,36.0,z_smooth_only__RF_return_sortino_vs_bond__cash_allowed__g2p0__tau5p0__c0p0005__phl0p0__l10p0,z_smooth_only,0.0,0.0025,1.0,163,88,69,25,0.5192638036809816,0.4763190184049081,0.00441717791411041,0.6468181818181818,0.3025,0.05068181818181817,0.020869565217391306,0.9327536231884058,0.04637681159420289,0.054400000000000004,0.39520000000000005,0.5504
z_plus_zsmooth,z_plus_zsmooth__RF_return_sortino_vs_bond__cash_allowed__g0p5__tau1p0__c0p0005__phl0p0__l10p0,RF,return_sortino_vs_bond,cash_allowed,345,1996-02-29,2024-10-31,0.06946320082794463,0.10518516467735167,0.6603897140915095,-0.17711699972271,-0.1021335,624.8123693155146,0.1501449275362319,1.801739130434783,7.507246376811595e-05,0.0009008695652173914,0.6785507246376812,0.27217391304347827,0.04927536231884058,0.5,1.0,0.0005,0.0,36.0,z_plus_zsmooth__RF_return_sortino_vs_bond__cash_allowed__g0p5__tau1p0__c0p0005__phl0p0__l10p0,z_plus_zsmooth,0.0,0.0005,2.0,165,83,72,25,0.8989090909090909,0.10109090909090909,-1.4298326832293682e-18,1.0,0.0,0.0,0.0175,0.9825000000000002,0.0,0.0608,0.25920000000000004,0.68
z_smooth_only,z_smooth_only__LOGIT_return_sortino_vs_bond__cash_allowed__g3p0__tau3p0__c0p001__phl0p0__l10p0,LOGIT,return_sortino_vs_bond,cash_allowed,345,1996-02-29,2024-10-31,0.046662139897499094,0.07068872780450285,0.6601072242599721,-0.11287535569826024,-0.07267203463641453,355.1039812987754,0.07559420289855072,0.9071304347826086,7.559420289855073e-05,0.0009071304347826087,0.40191304347826085,0.5064927536231885,0.09159420289855072,3.0,3.0,0.001,0.0,36.0,z_smooth_only__LOGIT_return_sortino_vs_bond__cash_allowed__g3p0__tau3p0__c0p001__phl0p0__l10p0,z_smooth_only,0.0,0.003,1.68,149,107,55,34,0.4720805369127517,0.5163758389261747,0.011543624161073808,0.6327102803738319,0.31252336448598134,0.05476635514018689,0.0018181818181818182,0.9694545454545456,0.02872727272727273,0.015294117647058824,0.3247058823529412,0.6599999999999999
z_smooth_only,z_smooth_only__LOGIT_return_sortino_vs_bond__cash_allowed__g2p0__tau5p0__c0p0005__phl0p0__l10p0025,LOGIT,return_sortino_vs_bond,cash_allowed,345,1996-02-29,2024-10-31,0.05264037144627893,0.0797554032981508,0.6600226350745497,-0.163368235345,-0.08542452199632683,413.1600765793407,0.03733333333333334,0.4480000000000001,1.866666666666667e-05,0.00022400000000000002,0.4051594202898551,0.449159420289855,0.14568115942028984,2.0,5.0,0.0005,0.0,36.0,z_smooth_only__LOGIT_return_sortino_vs_bond__cash_allowed__g2p0__tau5p0__c0p0005__phl0p0__l10p0025,z_smooth_only,0.0025,0.005,0.78,149,107,55,34,0.49221476510067114,0.4685906040268455,0.0391946308724832,0.5921495327102805,0.3633644859813083,0.04448598130841118,0.02909090909090909,0.5701818181818183,0.40072727272727265,0.04352941176470588,0.4382352941176471,0.5182352941176471
z_smooth_only,z_smooth_only__RF_return_sortino_vs_bond__cash_allowed__g1p0__tau3p0__c0p0005__phl0p0__l10p0005,RF,return_sortino_vs_bond,cash_allowed,345,1996-02-29,2024-10-31,0.06386859600791084,0.09677045456065292,0.6600009920164202,-0.17452028015474275,-0.09874625000000001,545.5150919928325,0.07594202898550724,0.9113043478260869,3.797101449275362e-05,0.00045565217391304344,0.6075362318840579,0.3306666666666667,0.06179710144927536,1.0,3.0,0.0005,0.0,36.0,z_smooth_only__RF_return_sortino_vs_bond__cash_allowed__g1p0__tau3p0__c0p0005__phl0p0__l10p0005,z_smooth_only,0.0005,0.002,1.88,163,88,69,25,0.7560736196319018,0.24392638036809813,-2.511624173806911e-18,0.9422727272727273,0.030454545454545453,0.02727272727272727,0.01971014492753623,0.9657971014492753,0.01449275362318841,0.0832,0.2,0.7168000000000001
z_plus_zsmooth,z_plus_zsmooth__RF_return_sortino_vs_bond__cash_allowed__g0p25__tau1p0__c0p0005__phl0p0__l10p0005,RF,return_sortino_vs_bond,cash_allowed,345,1996-02-29,2024-10-31,0.07064939322078494,0.10706849438591994,0.6598523088046309,-0.17711699972270967,-0.1021335,642.6605607314948,0.11652173913043479,1.3982608695652174,5.826086956521739e-05,0.0006991304347826087,0.6822028985507247,0.26562318840579713,0.05217391304347826,0.25,1.0,0.0005,0.0,36.0,z_plus_zsmooth__RF_return_sortino_vs_bond__cash_allowed__g0p25__tau1p0__c0p0005__phl0p0__l10p0005,z_plus_zsmooth,0.0005,0.001,2.0,165,83,72,25,0.8991515151515153,0.10084848484848485,-5.046468293750711e-19,1.0,0.0,0.0,0.027777777777777776,0.9722222222222222,0.0,0.08,0.2,0.72
z_smooth_only,z_smooth_only__LOGIT_return_sortino_vs_bond__cash_allowed__g3p0__tau1p0__c0p001__phl3p0__l10p0,LOGIT,return_sortino_vs_bond,cash_allowed,345,1996-02-29,2024-10-31,0.0481449703046679,0.07310354361329709,0.6585859990501283,-0.12335194711898934,-0.06787876856249069,368.7536817523469,0.06156521739130434,0.7387826086956522,6.156521739130435e-05,0.0007387826086956522,0.42602898550724644,0.4766376811594203,0.09733333333333333,3.0,1.0,0.001,3.0,36.0,z_smooth_only__LOGIT_return_sortino_vs_bond__cash_allowed__g3p0__tau1p0__c0p001__phl3p0__l10p0,z_smooth_only,0.0,0.001,1.0,148,118,49,30,0.4483783783783783,0.5516216216216218,-2.1754370077114553e-17,0.6805084745762711,0.22016949152542376,0.09932203389830505,0.0036734693877551023,0.9963265306122449,0.0,0.004666666666666667,0.26666666666666666,0.7286666666666667
z_smooth_only,z_smooth_only__RF_return_sortino_vs_bond__cash_allowed__g1p0__tau1p0__c0p001__phl0p0__l10p0005,RF,return_sortino_vs_bond,cash_allowed,345,1996-02-29,2024-10-31,0.06522975362955744,0.09904733053359197,0.6585715463319299,-0.18020604444225452,-0.09732995065954418,563.5289693833951,0.08753623188405796,1.0504347826086955,8.753623188405797e-05,0.0010504347826086956,0.628231884057971,0.3137391304347826,0.058028985507246375,1.0,1.0,0.001,0.0,36.0,z_smooth_only__RF_return_sortino_vs_bond__cash_allowed__g1p0__tau1p0__c0p001__phl0p0__l10p0005,z_smooth_only,0.0005,0.0015,2.0,163,88,69,25,0.796441717791411,0.20355828220858896,-6.938893903907228e-18,0.9600000000000001,0.0175,0.022499999999999996,0.006956521739130434,0.9930434782608695,0.0,0.0784,0.2,0.7216
z_plus_zsmooth,z_plus_zsmooth__LOGIT_return_sortino_vs_bond__cash_allowed__g0p25__tau1p0__c0p0025__phl0p0__l10p0005,LOGIT,return_sortino_vs_bond,cash_allowed,345,1996-02-29,2024-10-31,0.0675377543960435,0.10258189374501403,0.6583789003147171,-0.22902867233707058,-0.09716125,596.2344842534291,0.10655072463768116,1.2786086956521738,0.0002663768115942029,0.0031965217391304347,0.6386666666666667,0.2911884057971015,0.07014492753623189,0.25,1.0,0.0025,0.0,36.0,z_plus_zsmooth__LOGIT_return_sortino_vs_bond__cash_allowed__g0p25__tau1p0__c0p0025__phl0p0__l10p0005,z_plus_zsmooth,0.0005,0.003,2.0,162,90,57,36,0.787283950617284,0.21271604938271604,-1.02798428206033e-18,0.9888888888888889,0.011111111111111112,0.0,0.0,0.9649122807017544,0.03508771929824561,0.10555555555555556,0.2777777777777778,0.6166666666666667
z_smooth_only,z_smooth_only__LOGIT_return_sortino_vs_bond__cash_allowed__g2p0__tau1p0__c0p0005__phl3p0__l10p001,LOGIT,return_sortino_vs_bond,cash_allowed,345,1996-02-29,2024-10-31,0.06057115085544128,0.09201504146454689,0.6582744504742646,-0.1633682353450001,-0.0901849298840674,503.0588707139426,0.053913043478260876,0.6469565217391305,2.695652173913044e-05,0.0003234782608695653,0.5376231884057971,0.38237681159420284,0.07999999999999999,2.0,1.0,0.0005,3.0,36.0,z_smooth_only__LOGIT_return_sortino_vs_bond__cash_allowed__g2p0__tau1p0__c0p0005__phl3p0__l10p001,z_smooth_only,0.001,0.0015,1.04,148,118,49,30,0.5771621621621621,0.4210810810810811,0.0017567567567567486,0.8391525423728813,0.10966101694915255,0.05118644067796608,0.012653061224489798,0.9873469387755102,-2.2657612747452172e-18,0.014000000000000002,0.276,0.7100000000000001
z_smooth_only,z_smooth_only__LOGIT_return_sortino_vs_bond__cash_allowed__g2p0__tau3p0__c0p0005__phl3p0__l10p0,LOGIT,return_sortino_vs_bond,cash_allowed,345,1996-02-29,2024-10-31,0.06057115085544128,0.09201504146454689,0.6582744504742646,-0.1633682353450001,-0.0901849298840674,503.0588707139426,0.053913043478260876,0.6469565217391305,2.695652173913044e-05,0.0003234782608695653,0.5376231884057971,0.38237681159420284,0.07999999999999999,2.0,3.0,0.0005,3.0,36.0,z_smooth_only__LOGIT_return_sortino_vs_bond__cash_allowed__g2p0__tau3p0__c0p0005__phl3p0__l10p0,z_smooth_only,0.0,0.0015,1.04,148,118,49,30,0.5771621621621621,0.4210810810810811,0.0017567567567567486,0.8391525423728813,0.10966101694915255,0.05118644067796608,0.012653061224489798,0.9873469387755102,-2.2657612747452172e-18,0.014000000000000002,0.276,0.7100000000000001
z_plus_zsmooth,z_plus_zsmooth__RF_return_sortino_vs_bond__cash_allowed__g1p0__tau1p0__c0p001__phl0p0__l10p0,RF,return_sortino_vs_bond,cash_allowed,345,1996-02-29,2024-10-31,0.06567154472489167,0.09976592436273009,0.658256264795606,-0.17443323906674713,-0.099358036702472,569.572015880204,0.1246376811594203,1.4956521739130435,0.0001246376811594203,0.0014956521739130436,0.6446376811594203,0.3001159420289855,0.05524637681159421,1.0,1.0,0.001,0.0,36.0,z_plus_zsmooth__RF_return_sortino_vs_bond__cash_allowed__g1p0__tau1p0__c0p001__phl0p0__l10p0,z_plus_zsmooth,0.0,0.001,2.0,165,83,72,25,0.8401212121212122,0.15987878787878787,-1.0513475611980649e-19,0.9763855421686748,0.010843373493975903,0.012771084337349399,0.016666666666666666,0.9833333333333333,1.1564823173178713e-18,0.0616,0.2184,0.72
z_smooth_only,z_smooth_only__LOGIT_return_sortino_vs_bond__cash_allowed__g2p0__tau5p0__c0p001__phl0p0__l10p0,LOGIT,return_sortino_vs_bond,cash_allowed,345,1996-02-29,2024-10-31,0.05241637144627893,0.07976375739551855,0.6571452142903172,-0.1633682353450001,-0.08542452199632683,410.51110886542494,0.03733333333333334,0.4480000000000001,3.733333333333334e-05,0.00044800000000000005,0.4051594202898551,0.449159420289855,0.14568115942028984,2.0,5.0,0.001,0.0,36.0,z_smooth_only__LOGIT_return_sortino_vs_bond__cash_allowed__g2p0__tau5p0__c0p001__phl0p0__l10p0,z_smooth_only,0.0,0.005,0.78,149,107,55,34,0.49221476510067114,0.4685906040268455,0.0391946308724832,0.5921495327102805,0.3633644859813083,0.04448598130841118,0.02909090909090909,0.5701818181818183,0.40072727272727265,0.04352941176470588,0.4382352941176471,0.5182352941176471
z_smooth_only,z_smooth_only__LOGIT_return_sortino_vs_bond__cash_allowed__g3p0__tau1p0__c0p001__phl0p0__l10p0025,LOGIT,return_sortino_vs_bond,cash_allowed,345,1996-02-29,2024-10-31,0.04363647421831374,0.06653316407407259,0.6558604994305163,-0.1237519072113289,-0.0704698967015556,328.27148264331936,0.06255072463768116,0.7506086956521739,6.255072463768116e-05,0.0007506086956521739,0.35298550724637684,0.5671304347826087,0.07988405797101447,3.0,1.0,0.001,0.0,36.0,z_smooth_only__LOGIT_return_sortino_vs_bond__cash_allowed__g3p0__tau1p0__c0p001__phl0p0__l10p0025,z_smooth_only,0.0025,0.0035,1.56,149,107,55,34,0.4116778523489933,0.5720805369127517,0.016241610738255006,0.5575700934579441,0.4063551401869159,0.036074766355140155,0.0029090909090909093,0.9625454545454545,0.034545454545454546,0.018235294117647058,0.41176470588235303,0.57
z_smooth_only,z_smooth_only__LOGIT_return_sortino_vs_bond__cash_allowed__g3p0__tau3p0__c0p001__phl0p0__l10p0005,LOGIT,return_sortino_vs_bond,cash_allowed,345,1996-02-29,2024-10-31,0.04363647421831374,0.06653316407407259,0.6558604994305163,-0.1237519072113289,-0.0704698967015556,328.27148264331936,0.06255072463768116,0.7506086956521739,6.255072463768116e-05,0.0007506086956521739,0.35298550724637684,0.5671304347826087,0.07988405797101447,3.0,3.0,0.001,0.0,36.0,z_smooth_only__LOGIT_return_sortino_vs_bond__cash_allowed__g3p0__tau3p0__c0p001__phl0p0__l10p0005,z_smooth_only,0.0005,0.0035,1.56,149,107,55,34,0.4116778523489933,0.5720805369127517,0.016241610738255006,0.5575700934579441,0.4063551401869159,0.036074766355140155,0.0029090909090909093,0.9625454545454545,0.034545454545454546,0.018235294117647058,0.41176470588235303,0.57
z_smooth_only,z_smooth_only__RF_return_sortino_vs_bond__cash_allowed__g1p0__tau1p0__c0p001__phl0p0__l10p001,RF,return_sortino_vs_bond,cash_allowed,345,1996-02-29,2024-10-31,0.06341294383399779,0.09675783536232087,0.6553778678133995,-0.1754321189223853,-0.09874625000000001,538.4699477750725,0.07594202898550724,0.9113043478260869,7.594202898550724e-05,0.0009113043478260869,0.6075362318840579,0.3306666666666667,0.06179710144927536,1.0,1.0,0.001,0.0,36.0,z_smooth_only__RF_return_sortino_vs_bond__cash_allowed__g1p0__tau1p0__c0p001__phl0p0__l10p001,z_smooth_only,0.001,0.002,1.88,163,88,69,25,0.7560736196319018,0.24392638036809813,-2.511624173806911e-18,0.9422727272727273,0.030454545454545453,0.02727272727272727,0.01971014492753623,0.9657971014492753,0.01449275362318841,0.0832,0.2,0.7168000000000001
z_smooth_only,z_smooth_only__LOGIT_return_sortino_vs_bond__cash_allowed__g2p0__tau1p0__c0p001__phl3p0__l10p0005,LOGIT,return_sortino_vs_bond,cash_allowed,345,1996-02-29,2024-10-31,0.060247672594571706,0.0920253367034718,0.6546857067060181,-0.1633682353450001,-0.0902349298840674,498.40957201357867,0.053913043478260876,0.6469565217391305,5.391304347826088e-05,0.0006469565217391306,0.5376231884057971,0.38237681159420284,0.07999999999999999,2.0,1.0,0.001,3.0,36.0,z_smooth_only__LOGIT_return_sortino_vs_bond__cash_allowed__g2p0__tau1p0__c0p001__phl3p0__l10p0005,z_smooth_only,0.0005,0.0015,1.04,148,118,49,30,0.5771621621621621,0.4210810810810811,0.0017567567567567486,0.8391525423728813,0.10966101694915255,0.05118644067796608,0.012653061224489798,0.9873469387755102,-2.2657612747452172e-18,0.014000000000000002,0.276,0.7100000000000001
z_plus_zsmooth,z_plus_zsmooth__LOGIT_return_sortino_vs_bond__cash_allowed__g0p5__tau1p0__c0p0025__phl0p0__l10p0025,LOGIT,return_sortino_vs_bond,cash_allowed,345,1996-02-29,2024-10-31,0.061099757063138985,0.093448075686548,0.6538364392658583,-0.163368235345,-0.09361175,508.6630382809207,0.08544927536231883,1.025391304347826,0.00021362318840579706,0.0025634782608695648,0.580231884057971,0.3271304347826087,0.0926376811594203,0.5,1.0,0.0025,0.0,36.0,z_plus_zsmooth__LOGIT_return_sortino_vs_bond__cash_allowed__g0p5__tau1p0__c0p0025__phl0p0__l10p0025,z_plus_zsmooth,0.0025,0.005,2.0,162,90,57,36,0.6709876543209877,0.3228395061728395,0.006172839506172826,0.9357777777777778,0.05355555555555556,0.010666666666666665,0.045263157894736845,0.8319298245614035,0.12280701754385964,0.13,0.23111111111111113,0.6388888888888888
z_plus_zsmooth,z_plus_zsmooth__RF_return_sortino_vs_bond__cash_allowed__g0p25__tau1p0__c0p001__phl0p0__l10p0,RF,return_sortino_vs_bond,cash_allowed,345,1996-02-29,2024-10-31,0.06995026278600232,0.1070756595932861,0.6532788408840992,-0.17834064816880912,-0.1021335,629.9230115230438,0.11652173913043479,1.3982608695652174,0.00011652173913043479,0.0013982608695652175,0.6822028985507247,0.26562318840579713,0.05217391304347826,0.25,1.0,0.001,0.0,36.0,z_plus_zsmooth__RF_return_sortino_vs_bond__cash_allowed__g0p25__tau1p0__c0p001__phl0p0__l10p0,z_plus_zsmooth,0.0,0.001,2.0,165,83,72,25,0.8991515151515153,0.10084848484848485,-5.046468293750711e-19,1.0,0.0,0.0,0.027777777777777776,0.9722222222222222,0.0,0.08,0.2,0.72
z_plus_zsmooth,z_plus_zsmooth__LOGIT_return_sortino_vs_bond__cash_allowed__g2p0__tau1p0__c0p0025__phl0p0__l10p0025,LOGIT,return_sortino_vs_bond,cash_allowed,345,1996-02-29,2024-10-31,0.05234616362401322,0.08013697493008559,0.65320863021947,-0.1633682353450001,-0.08669247000000001,409.27534409848613,0.05866666666666667,0.7040000000000001,0.00014666666666666666,0.0017599999999999998,0.42771014492753623,0.4228985507246378,0.14939130434782602,2.0,1.0,0.0025,0.0,36.0,z_plus_zsmooth__LOGIT_return_sortino_vs_bond__cash_allowed__g2p0__tau1p0__c0p0025__phl0p0__l10p0025,z_plus_zsmooth,0.0025,0.005,1.24,162,90,57,36,0.5471604938271606,0.43308641975308637,0.019753086419753034,0.6177777777777778,0.32999999999999996,0.05222222222222218,0.020000000000000004,0.5757894736842105,0.4042105263157894,0.06055555555555556,0.3672222222222223,0.5722222222222222
z_plus_zsmooth,z_plus_zsmooth__LOGIT_return_sortino_vs_bond__cash_allowed__g3p0__tau1p0__c0p0005__phl6p0__l10p0005,LOGIT,return_sortino_vs_bond,cash_allowed,345,1996-02-29,2024-10-31,0.045615149044945354,0.07021496340978331,0.6496499724528748,-0.1425484272713753,-0.06683941535828099,344.99257801129005,0.03947826086956522,0.47373913043478266,1.973913043478261e-05,0.0002368695652173913,0.38086956521739124,0.5368695652173913,0.08226086956521737,3.0,1.0,0.0005,6.0,36.0,z_plus_zsmooth__LOGIT_return_sortino_vs_bond__cash_allowed__g3p0__tau1p0__c0p0005__phl6p0__l10p0005,z_plus_zsmooth,0.0005,0.001,1.0,200,74,50,21,0.42629999999999996,0.5737000000000001,-2.6645352591003756e-17,0.6216216216216216,0.24405405405405403,0.1343243243243243,0.0004,0.9996,0.0,0.005714285714285714,0.11619047619047619,0.878095238095238
z_smooth_only,z_smooth_only__LOGIT_return_sortino_vs_bond__cash_allowed__g2p0__tau1p0__c0p0025__phl0p0__l10p0025,LOGIT,return_sortino_vs_bond,cash_allowed,345,1996-02-29,2024-10-31,0.05174437144627894,0.07979200677969937,0.648490663847343,-0.1633682353450001,-0.08542452199632683,402.6624413949229,0.03733333333333334,0.4480000000000001,9.333333333333336e-05,0.0011200000000000003,0.4051594202898551,0.449159420289855,0.14568115942028984,2.0,1.0,0.0025,0.0,36.0,z_smooth_only__LOGIT_return_sortino_vs_bond__cash_allowed__g2p0__tau1p0__c0p0025__phl0p0__l10p0025,z_smooth_only,0.0025,0.005,0.78,149,107,55,34,0.49221476510067114,0.4685906040268455,0.0391946308724832,0.5921495327102805,0.3633644859813083,0.04448598130841118,0.02909090909090909,0.5701818181818183,0.40072727272727265,0.04352941176470588,0.4382352941176471,0.5182352941176471
z_smooth_only,z_smooth_only__LOGIT_return_sortino_vs_bond__cash_allowed__g3p0__tau1p0__c0p0025__phl0p0__l10p0,LOGIT,return_sortino_vs_bond,cash_allowed,345,1996-02-29,2024-10-31,0.04836707347817902,0.07464422508004348,0.6479680568230616,-0.12564269903813152,-0.07508104892341155,369.8227097526047,0.08614492753623187,1.0337391304347825,0.00021536231884057973,0.0025843478260869565,0.439072463768116,0.4714202898550725,0.08950724637681158,3.0,1.0,0.0025,0.0,36.0,z_smooth_only__LOGIT_return_sortino_vs_bond__cash_allowed__g3p0__tau1p0__c0p0025__phl0p0__l10p0,z_smooth_only,0.0,0.0025,2.0,149,107,55,34,0.5118120805369127,0.481744966442953,0.006442953020134216,0.6992523364485981,0.24747663551401872,0.053271028037383164,0.0,0.9854545454545455,0.014545454545454545,0.011764705882352941,0.2994117647058823,0.6888235294117647
z_smooth_only,z_smooth_only__LOGIT_return_sortino_vs_bond__cash_allowed__g2p0__tau3p0__c0p0005__phl0p0__l10p001,LOGIT,return_sortino_vs_bond,cash_allowed,345,1996-02-29,2024-10-31,0.05935184404879494,0.09159916549263536,0.6479517987919537,-0.15308700302542855,-0.09489792362449119,486.1883547671875,0.09936231884057971,1.1923478260869564,4.968115942028985e-05,0.0005961739130434783,0.5627246376811594,0.3497391304347826,0.08753623188405797,2.0,3.0,0.0005,0.0,36.0,z_smooth_only__LOGIT_return_sortino_vs_bond__cash_allowed__g2p0__tau3p0__c0p0005__phl0p0__l10p001,z_smooth_only,0.001,0.0025,2.0,149,107,55,34,0.6634899328859061,0.33127516778523497,0.005234899328859054,0.88392523364486,0.0725233644859813,0.04355140186915887,0.00036363636363636367,0.9865454545454546,0.01309090909090909,0.02,0.27294117647058824,0.7070588235294117
z_smooth_only,z_smooth_only__LOGIT_return_sortino_vs_bond__cash_allowed__g2p0__tau5p0__c0p0005__phl0p0__l10p0,LOGIT,return_sortino_vs_bond,cash_allowed,345,1996-02-29,2024-10-31,0.05935184404879494,0.09159916549263536,0.6479517987919537,-0.15308700302542855,-0.09489792362449119,486.1883547671875,0.09936231884057971,1.1923478260869564,4.968115942028985e-05,0.0005961739130434783,0.5627246376811594,0.3497391304347826,0.08753623188405797,2.0,5.0,0.0005,0.0,36.0,z_smooth_only__LOGIT_return_sortino_vs_bond__cash_allowed__g2p0__tau5p0__c0p0005__phl0p0__l10p0,z_smooth_only,0.0,0.0025,2.0,149,107,55,34,0.6634899328859061,0.33127516778523497,0.005234899328859054,0.88392523364486,0.0725233644859813,0.04355140186915887,0.00036363636363636367,0.9865454545454546,0.01309090909090909,0.02,0.27294117647058824,0.7070588235294117
z_smooth_only,z_smooth_only__RF_return_sortino_vs_bond__cash_allowed__g1p0__tau3p0__c0p0005__phl0p0__l10p001,RF,return_sortino_vs_bond,cash_allowed,345,1996-02-29,2024-10-31,0.06083642806501537,0.09398193125046789,0.6473204716647328,-0.20096163029950542,-0.0986315,504.0197533121562,0.06376811594202898,0.7652173913043478,3.18840579710145e-05,0.000382608695652174,0.5671304347826087,0.37020289855072464,0.06266666666666666,1.0,3.0,0.0005,0.0,36.0,z_smooth_only__RF_return_sortino_vs_bond__cash_allowed__g1p0__tau3p0__c0p0005__phl0p0__l10p001,z_smooth_only,0.001,0.0025,1.4,163,88,69,25,0.6809815950920245,0.31901840490797545,-8.003141435181343e-18,0.9063636363636364,0.06181818181818182,0.031818181818181815,0.03942028985507247,0.9460869565217391,0.014492753623188403,0.0872,0.2,0.7128
z_smooth_only,z_smooth_only__RF_return_sortino_vs_bond__cash_allowed__g1p0__tau5p0__c0p0005__phl0p0__l10p0,RF,return_sortino_vs_bond,cash_allowed,345,1996-02-29,2024-10-31,0.06083642806501537,0.09398193125046789,0.6473204716647328,-0.20096163029950542,-0.0986315,504.0197533121562,0.06376811594202898,0.7652173913043478,3.18840579710145e-05,0.000382608695652174,0.5671304347826087,0.37020289855072464,0.06266666666666666,1.0,5.0,0.0005,0.0,36.0,z_smooth_only__RF_return_sortino_vs_bond__cash_allowed__g1p0__tau5p0__c0p0005__phl0p0__l10p0,z_smooth_only,0.0,0.0025,1.4,163,88,69,25,0.6809815950920245,0.31901840490797545,-8.003141435181343e-18,0.9063636363636364,0.06181818181818182,0.031818181818181815,0.03942028985507247,0.9460869565217391,0.014492753623188403,0.0872,0.2,0.7128
z_plus_zsmooth,z_plus_zsmooth__RF_return_sortino_vs_bond__cash_allowed__g0p25__tau1p0__c0p0005__phl0p0__l10p001,RF,return_sortino_vs_bond,cash_allowed,345,1996-02-29,2024-10-31,0.0688741098429845,0.10642597838591711,0.6471550545040449,-0.20771851983882572,-0.1021335,611.9800648643109,0.0977391304347826,1.1728695652173913,4.8869565217391305e-05,0.0005864347826086957,0.6761159420289856,0.2692173913043478,0.05466666666666666,0.25,1.0,0.0005,0.0,36.0,z_plus_zsmooth__RF_return_sortino_vs_bond__cash_allowed__g0p25__tau1p0__c0p0005__phl0p0__l10p001,z_plus_zsmooth,0.001,0.0015,2.0,165,83,72,25,0.8715151515151516,0.12848484848484848,-6.728624391667615e-19,1.0,0.0,0.0,0.06194444444444444,0.9380555555555554,-2.3129646346357427e-18,0.08,0.16560000000000002,0.7544
z_plus_zsmooth,z_plus_zsmooth__RF_return_sortino_vs_bond__cash_allowed__g0p25__tau3p0__c0p0005__phl0p0__l10p0,RF,return_sortino_vs_bond,cash_allowed,345,1996-02-29,2024-10-31,0.0688741098429845,0.10642597838591711,0.6471550545040449,-0.20771851983882572,-0.1021335,611.9800648643109,0.0977391304347826,1.1728695652173913,4.8869565217391305e-05,0.0005864347826086957,0.6761159420289856,0.2692173913043478,0.05466666666666666,0.25,3.0,0.0005,0.0,36.0,z_plus_zsmooth__RF_return_sortino_vs_bond__cash_allowed__g0p25__tau3p0__c0p0005__phl0p0__l10p0,z_plus_zsmooth,0.0,0.0015,2.0,165,83,72,25,0.8715151515151516,0.12848484848484848,-6.728624391667615e-19,1.0,0.0,0.0,0.06194444444444444,0.9380555555555554,-2.3129646346357427e-18,0.08,0.16560000000000002,0.7544
z_plus_zsmooth,z_plus_zsmooth__LOGIT_return_sortino_vs_bond__cash_allowed__g3p0__tau3p0__c0p0005__phl3p0__l10p001,LOGIT,return_sortino_vs_bond,cash_allowed,345,1996-02-29,2024-10-31,0.045701737626443764,0.0706305456302874,0.6470534415190217,-0.14746990062459764,-0.07018093411109369,345.5648117082389,0.035710144927536235,0.4285217391304348,1.7855072463768118e-05,0.0002142608695652174,0.34057971014492755,0.5922898550724638,0.06713043478260868,3.0,3.0,0.0005,3.0,36.0,z_plus_zsmooth__LOGIT_return_sortino_vs_bond__cash_allowed__g3p0__tau3p0__c0p0005__phl3p0__l10p001,z_plus_zsmooth,0.001,0.0025,1.0,175,92,48,30,0.3742857142857143,0.6176,0.008114285714285687,0.555,0.38934782608695667,0.05565217391304346,0.011250000000000001,0.98875,0.0,0.013333333333333334,0.4326666666666665,0.5540000000000002
z_plus_zsmooth,z_plus_zsmooth__LOGIT_return_sortino_vs_bond__cash_allowed__g3p0__tau5p0__c0p0005__phl3p0__l10p0,LOGIT,return_sortino_vs_bond,cash_allowed,345,1996-02-29,2024-10-31,0.045701737626443764,0.0706305456302874,0.6470534415190217,-0.14746990062459764,-0.07018093411109369,345.5648117082389,0.035710144927536235,0.4285217391304348,1.7855072463768118e-05,0.0002142608695652174,0.34057971014492755,0.5922898550724638,0.06713043478260868,3.0,5.0,0.0005,3.0,36.0,z_plus_zsmooth__LOGIT_return_sortino_vs_bond__cash_allowed__g3p0__tau5p0__c0p0005__phl3p0__l10p0,z_plus_zsmooth,0.0,0.0025,1.0,175,92,48,30,0.3742857142857143,0.6176,0.008114285714285687,0.555,0.38934782608695667,0.05565217391304346,0.011250000000000001,0.98875,0.0,0.013333333333333334,0.4326666666666665,0.5540000000000002
z_plus_zsmooth,z_plus_zsmooth__LOGIT_return_sortino_vs_bond__cash_allowed__g3p0__tau1p0__c0p001__phl6p0__l10p0,LOGIT,return_sortino_vs_bond,cash_allowed,345,1996-02-29,2024-10-31,0.04537827947972796,0.07021900375049243,0.6462392950058014,-0.14296246391787892,-0.066859415358281,342.65629250319023,0.03947826086956522,0.47373913043478266,3.947826086956522e-05,0.0004737391304347826,0.38086956521739124,0.5368695652173913,0.08226086956521737,3.0,1.0,0.001,6.0,36.0,z_plus_zsmooth__LOGIT_return_sortino_vs_bond__cash_allowed__g3p0__tau1p0__c0p001__phl6p0__l10p0,z_plus_zsmooth,0.0,0.001,1.0,200,74,50,21,0.42629999999999996,0.5737000000000001,-2.6645352591003756e-17,0.6216216216216216,0.24405405405405403,0.1343243243243243,0.0004,0.9996,0.0,0.005714285714285714,0.11619047619047619,0.878095238095238
z_plus_zsmooth,z_plus_zsmooth__RF_return_sortino_vs_bond__cash_allowed__g0p5__tau1p0__c0p0005__phl0p0__l10p001,RF,return_sortino_vs_bond,cash_allowed,345,1996-02-29,2024-10-31,0.06747994677508534,0.10443432837669787,0.6461471799931825,-0.1856681718052553,-0.1021335,591.6214447431311,0.09681159420289857,1.1617391304347828,4.840579710144927e-05,0.0005808695652173913,0.6635942028985508,0.28040579710144925,0.05599999999999999,0.5,1.0,0.0005,0.0,36.0,z_plus_zsmooth__RF_return_sortino_vs_bond__cash_allowed__g0p5__tau1p0__c0p0005__phl0p0__l10p001,z_plus_zsmooth,0.001,0.0015,2.0,165,83,72,25,0.8553939393939395,0.1446060606060606,-1.345724878333523e-18,0.9951807228915662,0.0,0.004819277108433735,0.04444444444444444,0.9555555555555557,0.0,0.08,0.1632,0.7568
z_plus_zsmooth,z_plus_zsmooth__RF_return_sortino_vs_bond__cash_allowed__g0p5__tau3p0__c0p0005__phl0p0__l10p0,RF,return_sortino_vs_bond,cash_allowed,345,1996-02-29,2024-10-31,0.06747994677508534,0.10443432837669787,0.6461471799931825,-0.1856681718052553,-0.1021335,591.6214447431311,0.09681159420289857,1.1617391304347828,4.840579710144927e-05,0.0005808695652173913,0.6635942028985508,0.28040579710144925,0.05599999999999999,0.5,3.0,0.0005,0.0,36.0,z_plus_zsmooth__RF_return_sortino_vs_bond__cash_allowed__g0p5__tau3p0__c0p0005__phl0p0__l10p0,z_plus_zsmooth,0.0,0.0015,2.0,165,83,72,25,0.8553939393939395,0.1446060606060606,-1.345724878333523e-18,0.9951807228915662,0.0,0.004819277108433735,0.04444444444444444,0.9555555555555557,0.0,0.08,0.1632,0.7568
z_smooth_only,z_smooth_only__RF_return_sortino_vs_bond__cash_allowed__g2p0__tau1p0__c0p0025__phl0p0__l10p0,RF,return_sortino_vs_bond,cash_allowed,345,1996-02-29,2024-10-31,0.0503301883977299,0.07810780545992875,0.6443682305675652,-0.16738503867516774,-0.08299956837099783,388.09572567933833,0.05344927536231883,0.641391304347826,0.0001336231884057971,0.0016034782608695653,0.4184347826086957,0.5173913043478261,0.06417391304347825,2.0,1.0,0.0025,0.0,36.0,z_smooth_only__RF_return_sortino_vs_bond__cash_allowed__g2p0__tau1p0__c0p0025__phl0p0__l10p0,z_smooth_only,0.0,0.0025,1.0,163,88,69,25,0.5192638036809816,0.4763190184049081,0.00441717791411041,0.6468181818181818,0.3025,0.05068181818181817,0.020869565217391306,0.9327536231884058,0.04637681159420289,0.054400000000000004,0.39520000000000005,0.5504
z_smooth_only,z_smooth_only__RF_return_sortino_vs_bond__cash_allowed__g0p5__tau1p0__c0p0005__phl0p0__l10p001,RF,return_sortino_vs_bond,cash_allowed,345,1996-02-29,2024-10-31,0.06644502023089283,0.10328167213519188,0.6433379597487418,-0.1959250506646789,-0.1021335,576.2258326843544,0.09495652173913043,1.139478260869565,4.7478260869565216e-05,0.0005697391304347826,0.6535072463768116,0.29176811594202895,0.05472463768115942,0.5,1.0,0.0005,0.0,36.0,z_smooth_only__RF_return_sortino_vs_bond__cash_allowed__g0p5__tau1p0__c0p0005__phl0p0__l10p001,z_smooth_only,0.001,0.0015,2.0,163,88,69,25,0.8336196319018404,0.16638036809815948,-2.3839144700540172e-18,0.9843181818181819,0.005681818181818182,0.01,0.013913043478260868,0.986086956521739,-4.827056628805028e-18,0.08,0.2,0.72
z_smooth_only,z_smooth_only__RF_return_sortino_vs_bond__cash_allowed__g0p5__tau3p0__c0p0005__phl0p0__l10p0,RF,return_sortino_vs_bond,cash_allowed,345,1996-02-29,2024-10-31,0.06644502023089283,0.10328167213519188,0.6433379597487418,-0.1959250506646789,-0.1021335,576.2258326843544,0.09495652173913043,1.139478260869565,4.7478260869565216e-05,0.0005697391304347826,0.6535072463768116,0.29176811594202895,0.05472463768115942,0.5,3.0,0.0005,0.0,36.0,z_smooth_only__RF_return_sortino_vs_bond__cash_allowed__g0p5__tau3p0__c0p0005__phl0p0__l10p0,z_smooth_only,0.0,0.0015,2.0,163,88,69,25,0.8336196319018404,0.16638036809815948,-2.3839144700540172e-18,0.9843181818181819,0.005681818181818182,0.01,0.013913043478260868,0.986086956521739,-4.827056628805028e-18,0.08,0.2,0.72
z_smooth_only,z_smooth_only__RF_return_sortino_vs_bond__cash_allowed__g0p25__tau3p0__c0p0005__phl0p0__l10p001,RF,return_sortino_vs_bond,cash_allowed,345,1996-02-29,2024-10-31,0.06677868676406204,0.10384105395809709,0.6430856026462249,-0.24869585576156072,-0.1048285,580.9555721498982,0.06133333333333334,0.736,3.066666666666667e-05,0.00036800000000000005,0.6462608695652173,0.29791304347826086,0.055826086956521734,0.25,3.0,0.0005,0.0,36.0,z_smooth_only__RF_return_sortino_vs_bond__cash_allowed__g0p25__tau3p0__c0p0005__phl0p0__l10p001,z_smooth_only,0.001,0.0025,2.0,163,88,69,25,0.7998773006134969,0.2001226993865031,0.0,0.9581818181818181,0.030454545454545456,0.011363636363636362,0.08,0.9055072463768116,0.014492753623188406,0.1096,0.2,0.6903999999999999
z_smooth_only,z_smooth_only__RF_return_sortino_vs_bond__cash_allowed__g0p25__tau5p0__c0p0005__phl0p0__l10p0,RF,return_sortino_vs_bond,cash_allowed,345,1996-02-29,2024-10-31,0.06677868676406204,0.10384105395809709,0.6430856026462249,-0.24869585576156072,-0.1048285,580.9555721498982,0.06133333333333334,0.736,3.066666666666667e-05,0.00036800000000000005,0.6462608695652173,0.29791304347826086,0.055826086956521734,0.25,5.0,0.0005,0.0,36.0,z_smooth_only__RF_return_sortino_vs_bond__cash_allowed__g0p25__tau5p0__c0p0005__phl0p0__l10p0,z_smooth_only,0.0,0.0025,2.0,163,88,69,25,0.7998773006134969,0.2001226993865031,0.0,0.9581818181818181,0.030454545454545456,0.011363636363636362,0.08,0.9055072463768116,0.014492753623188406,0.1096,0.2,0.6903999999999999
z_smooth_only,z_smooth_only__RF_return_sortino_vs_bond__cash_allowed__g0p5__tau3p0__c0p0005__phl0p0__l10p001,RF,return_sortino_vs_bond,cash_allowed,345,1996-02-29,2024-10-31,0.06407486862424,0.0998291738030541,0.6418451258611912,-0.23579014925131636,-0.1048285,543.9139090020029,0.06631884057971014,0.7958260869565217,3.315942028985507e-05,0.0003979130434782608,0.6222028985507247,0.31930434782608696,0.058492753623188405,0.5,3.0,0.0005,0.0,36.0,z_smooth_only__RF_return_sortino_vs_bond__cash_allowed__g0p5__tau3p0__c0p0005__phl0p0__l10p001,z_smooth_only,0.001,0.0025,2.0,163,88,69,25,0.7624539877300612,0.23754601226993866,-6.811184200154335e-19,0.9504545454545453,0.03204545454545455,0.0175,0.06347826086956522,0.9220289855072463,0.014492753623188406,0.0944,0.2,0.7056
z_smooth_only,z_smooth_only__RF_return_sortino_vs_bond__cash_allowed__g0p5__tau5p0__c0p0005__phl0p0__l10p0,RF,return_sortino_vs_bond,cash_allowed,345,1996-02-29,2024-10-31,0.06407486862424,0.0998291738030541,0.6418451258611912,-0.23579014925131636,-0.1048285,543.9139090020029,0.06631884057971014,0.7958260869565217,3.315942028985507e-05,0.0003979130434782608,0.6222028985507247,0.31930434782608696,0.058492753623188405,0.5,5.0,0.0005,0.0,36.0,z_smooth_only__RF_return_sortino_vs_bond__cash_allowed__g0p5__tau5p0__c0p0005__phl0p0__l10p0,z_smooth_only,0.0,0.0025,2.0,163,88,69,25,0.7624539877300612,0.23754601226993866,-6.811184200154335e-19,0.9504545454545453,0.03204545454545455,0.0175,0.06347826086956522,0.9220289855072463,0.014492753623188406,0.0944,0.2,0.7056
z_plus_zsmooth,z_plus_zsmooth__RF_return_sortino_vs_bond__cash_allowed__g0p25__tau1p0__c0p001__phl0p0__l10p0005,RF,return_sortino_vs_bond,cash_allowed,345,1996-02-29,2024-10-31,0.06828767506037581,0.10641367043342394,0.6417190083025932,-0.20851047329318673,-0.1021335,601.8258454015739,0.0977391304347826,1.1728695652173913,9.773913043478261e-05,0.0011728695652173913,0.6761159420289856,0.2692173913043478,0.05466666666666666,0.25,1.0,0.001,0.0,36.0,z_plus_zsmooth__RF_return_sortino_vs_bond__cash_allowed__g0p25__tau1p0__c0p001__phl0p0__l10p0005,z_plus_zsmooth,0.0005,0.0015,2.0,165,83,72,25,0.8715151515151516,0.12848484848484848,-6.728624391667615e-19,1.0,0.0,0.0,0.06194444444444444,0.9380555555555554,-2.3129646346357427e-18,0.08,0.16560000000000002,0.7544
z_smooth_only,z_smooth_only__LOGIT_return_sortino_vs_bond__cash_allowed__g0p25__tau1p0__c0p0005__phl0p0__l10p0025,LOGIT,return_sortino_vs_bond,cash_allowed,345,1996-02-29,2024-10-31,0.0676997792595307,0.10560229207514876,0.6410824796430947,-0.20319350045081197,-0.111724,592.9294331990687,0.09217391304347826,1.106086956521739,4.6086956521739126e-05,0.0005530434782608695,0.6704927536231884,0.25878260869565217,0.07072463768115941,0.25,1.0,0.0005,0.0,36.0,z_smooth_only__LOGIT_return_sortino_vs_bond__cash_allowed__g0p25__tau1p0__c0p0005__phl0p0__l10p0025,z_smooth_only,0.0025,0.003,2.0,149,107,55,34,0.828724832214765,0.16456375838926177,0.006711409395973153,0.9742056074766356,0.025794392523364483,0.0,0.01818181818181818,0.9636363636363636,0.01818181818181818,0.07647058823529412,0.2647058823529412,0.6588235294117647
z_smooth_only,z_smooth_only__LOGIT_return_sortino_vs_bond__cash_allowed__g0p25__tau5p0__c0p0005__phl0p0__l10p0005,LOGIT,return_sortino_vs_bond,cash_allowed,345,1996-02-29,2024-10-31,0.0676997792595307,0.10560229207514876,0.6410824796430947,-0.20319350045081197,-0.111724,592.9294331990687,0.09217391304347826,1.106086956521739,4.6086956521739126e-05,0.0005530434782608695,0.6704927536231884,0.25878260869565217,0.07072463768115941,0.25,5.0,0.0005,0.0,36.0,z_smooth_only__LOGIT_return_sortino_vs_bond__cash_allowed__g0p25__tau5p0__c0p0005__phl0p0__l10p0005,z_smooth_only,0.0005,0.003,2.0,149,107,55,34,0.828724832214765,0.16456375838926177,0.006711409395973153,0.9742056074766356,0.025794392523364483,0.0,0.01818181818181818,0.9636363636363636,0.01818181818181818,0.07647058823529412,0.2647058823529412,0.6588235294117647
z_smooth_only,z_smooth_only__LOGIT_return_sortino_vs_bond__cash_allowed__g3p0__tau1p0__c0p0025__phl0p0__l10p0005,LOGIT,return_sortino_vs_bond,cash_allowed,345,1996-02-29,2024-10-31,0.04530144424532519,0.07070238003398285,0.6407343603362602,-0.11304735168613134,-0.07282203463641454,341.5180493608424,0.07559420289855072,0.9071304347826086,0.00018898550724637684,0.002267826086956522,0.40191304347826085,0.5064927536231885,0.09159420289855072,3.0,1.0,0.0025,0.0,36.0,z_smooth_only__LOGIT_return_sortino_vs_bond__cash_allowed__g3p0__tau1p0__c0p0025__phl0p0__l10p0005,z_smooth_only,0.0005,0.003,1.68,149,107,55,34,0.4720805369127517,0.5163758389261747,0.011543624161073808,0.6327102803738319,0.31252336448598134,0.05476635514018689,0.0018181818181818182,0.9694545454545456,0.02872727272727273,0.015294117647058824,0.3247058823529412,0.6599999999999999
z_plus_zsmooth,z_plus_zsmooth__RF_return_sortino_vs_bond__cash_allowed__g0p5__tau1p0__c0p001__phl0p0__l10p0005,RF,return_sortino_vs_bond,cash_allowed,345,1996-02-29,2024-10-31,0.06689907720986796,0.1044391420970346,0.6405555988549955,-0.1868893789815257,-0.1021335,581.8673007071224,0.09681159420289857,1.1617391304347828,9.681159420289855e-05,0.0011617391304347825,0.6635942028985508,0.28040579710144925,0.05599999999999999,0.5,1.0,0.001,0.0,36.0,z_plus_zsmooth__RF_return_sortino_vs_bond__cash_allowed__g0p5__tau1p0__c0p001__phl0p0__l10p0005,z_plus_zsmooth,0.0005,0.0015,2.0,165,83,72,25,0.8553939393939395,0.1446060606060606,-1.345724878333523e-18,0.9951807228915662,0.0,0.004819277108433735,0.04444444444444444,0.9555555555555557,0.0,0.08,0.1632,0.7568
z_plus_zsmooth,z_plus_zsmooth__LOGIT_return_sortino_vs_bond__cash_allowed__g3p0__tau1p0__c0p0005__phl6p0__l10p0,LOGIT,return_sortino_vs_bond,cash_allowed,345,1996-02-29,2024-10-31,0.046322286238335175,0.07231966967781221,0.6405212640586344,-0.15532906905245947,-0.07036304650829302,350.5232290450092,0.051536231884057974,0.6184347826086957,2.5768115942028986e-05,0.00030921739130434784,0.4072463768115942,0.5097971014492755,0.08295652173913041,3.0,1.0,0.0005,6.0,36.0,z_plus_zsmooth__LOGIT_return_sortino_vs_bond__cash_allowed__g3p0__tau1p0__c0p0005__phl6p0__l10p0,z_plus_zsmooth,0.0,0.0005,1.0,200,74,50,21,0.4534,0.5466,-1.8596235662471373e-17,0.6724324324324324,0.19675675675675677,0.1308108108108108,0.0,1.0,0.0,0.002857142857142857,0.09523809523809523,0.9019047619047618
z_plus_zsmooth,z_plus_zsmooth__LOGIT_return_sortino_vs_bond__cash_allowed__g2p0__tau3p0__c0p0005__phl3p0__l10p0005,LOGIT,return_sortino_vs_bond,cash_allowed,345,1996-02-29,2024-10-31,0.057202459036384906,0.08931522852253715,0.6404558324782302,-0.19613624518519723,-0.08984824999999999,460.05401233870157,0.051130434782608696,0.6135652173913043,2.5565217391304346e-05,0.00030678260869565217,0.49414492753623196,0.4274202898550724,0.07843478260869566,2.0,3.0,0.0005,3.0,36.0,z_plus_zsmooth__LOGIT_return_sortino_vs_bond__cash_allowed__g2p0__tau3p0__c0p0005__phl3p0__l10p0005,z_plus_zsmooth,0.0005,0.002,1.08,175,92,48,30,0.5517714285714286,0.4456,0.002628571428571429,0.7947826086956522,0.15,0.05521739130434783,0.007083333333333334,0.9929166666666666,0.0,0.015333333333333332,0.2673333333333333,0.7173333333333333
z_smooth_only,z_smooth_only__LOGIT_return_sortino_vs_bond__cash_allowed__g0p25__tau1p0__c0p0005__phl3p0__l10p0005,LOGIT,return_sortino_vs_bond,cash_allowed,345,1996-02-29,2024-10-31,0.07620672750553092,0.11917805356154677,0.6394359131413041,-0.20319350045081197,-0.1145125,724.6026048323592,0.0527536231884058,0.6330434782608696,2.63768115942029e-05,0.0003165217391304348,0.7262028985507246,0.21356521739130438,0.060231884057971016,0.25,1.0,0.0005,3.0,36.0,z_smooth_only__LOGIT_return_sortino_vs_bond__cash_allowed__g0p25__tau1p0__c0p0005__phl3p0__l10p0005,z_smooth_only,0.0005,0.001,2.0,148,118,49,30,0.8856756756756757,0.11432432432432434,-4.219597644267909e-18,0.985593220338983,0.010847457627118645,0.0035593220338983045,0.031020408163265307,0.9689795918367348,0.0,0.05466666666666667,0.26666666666666666,0.6786666666666666
z_plus_zsmooth,z_plus_zsmooth__LOGIT_return_sortino_vs_bond__cash_allowed__g0p25__tau1p0__c0p0005__phl3p0__l10p0025,LOGIT,return_sortino_vs_bond,cash_allowed,345,1996-02-29,2024-10-31,0.0733046300266538,0.11468513396942666,0.6391816226695581,-0.2700305337947526,-0.11654600000000001,676.7286864743103,0.03188405797101449,0.3826086956521739,1.5942028985507246e-05,0.00019130434782608694,0.671304347826087,0.27165217391304347,0.057043478260869564,0.25,1.0,0.0005,3.0,36.0,z_plus_zsmooth__LOGIT_return_sortino_vs_bond__cash_allowed__g0p25__tau1p0__c0p0005__phl3p0__l10p0025,z_plus_zsmooth,0.0025,0.003,1.6,175,92,48,30,0.761942857142857,0.23805714285714283,-6.344131569286609e-19,0.9530434782608697,0.034782608695652174,0.012173913043478262,0.12791666666666665,0.8720833333333333,-3.469446951953614e-18,0.148,0.23333333333333334,0.6186666666666667
z_plus_zsmooth,z_plus_zsmooth__LOGIT_return_sortino_vs_bond__cash_allowed__g0p25__tau5p0__c0p0005__phl3p0__l10p0005,LOGIT,return_sortino_vs_bond,cash_allowed,345,1996-02-29,2024-10-31,0.0733046300266538,0.11468513396942666,0.6391816226695581,-0.2700305337947526,-0.11654600000000001,676.7286864743103,0.03188405797101449,0.3826086956521739,1.5942028985507246e-05,0.00019130434782608694,0.671304347826087,0.27165217391304347,0.057043478260869564,0.25,5.0,0.0005,3.0,36.0,z_plus_zsmooth__LOGIT_return_sortino_vs_bond__cash_allowed__g0p25__tau5p0__c0p0005__phl3p0__l10p0005,z_plus_zsmooth,0.0005,0.003,1.6,175,92,48,30,0.761942857142857,0.23805714285714283,-6.344131569286609e-19,0.9530434782608697,0.034782608695652174,0.012173913043478262,0.12791666666666665,0.8720833333333333,-3.469446951953614e-18,0.148,0.23333333333333334,0.6186666666666667
z_smooth_only,z_smooth_only__LOGIT_return_sortino_vs_bond__cash_allowed__g3p0__tau1p0__c0p0025__phl0p0__l10p001,LOGIT,return_sortino_vs_bond,cash_allowed,345,1996-02-29,2024-10-31,0.04251056117483548,0.06653417332358273,0.6389282236676983,-0.123751907211329,-0.07057489670155559,317.849148000607,0.06255072463768116,0.7506086956521739,0.0001563768115942029,0.0018765217391304347,0.35298550724637684,0.5671304347826087,0.07988405797101447,3.0,1.0,0.0025,0.0,36.0,z_smooth_only__LOGIT_return_sortino_vs_bond__cash_allowed__g3p0__tau1p0__c0p0025__phl0p0__l10p001,z_smooth_only,0.001,0.0035,1.56,149,107,55,34,0.4116778523489933,0.5720805369127517,0.016241610738255006,0.5575700934579441,0.4063551401869159,0.036074766355140155,0.0029090909090909093,0.9625454545454545,0.034545454545454546,0.018235294117647058,0.41176470588235303,0.57
z_smooth_only,z_smooth_only__LOGIT_return_sortino_vs_bond__cash_allowed__g0p5__tau1p0__c0p0005__phl0p0__l10p0025,LOGIT,return_sortino_vs_bond,cash_allowed,345,1996-02-29,2024-10-31,0.06595880362998113,0.10331768770251455,0.6384076637477422,-0.20319350045081208,-0.11095075000000001,568.0686266600809,0.09484057971014492,1.138086956521739,4.742028985507246e-05,0.0005690434782608696,0.6533333333333334,0.2742608695652174,0.07240579710144927,0.5,1.0,0.0005,0.0,36.0,z_smooth_only__LOGIT_return_sortino_vs_bond__cash_allowed__g0p5__tau1p0__c0p0005__phl0p0__l10p0025,z_smooth_only,0.0025,0.003,2.0,149,107,55,34,0.7974496644295302,0.19583892617449666,0.0067114093959731525,0.9704672897196261,0.028411214953271025,0.001121495327102803,0.010909090909090908,0.9709090909090908,0.01818181818181818,0.06294117647058822,0.2647058823529412,0.6723529411764706
z_smooth_only,z_smooth_only__LOGIT_return_sortino_vs_bond__cash_allowed__g0p5__tau5p0__c0p0005__phl0p0__l10p0005,LOGIT,return_sortino_vs_bond,cash_allowed,345,1996-02-29,2024-10-31,0.06595880362998113,0.10331768770251455,0.6384076637477422,-0.20319350045081208,-0.11095075000000001,568.0686266600809,0.09484057971014492,1.138086956521739,4.742028985507246e-05,0.0005690434782608696,0.6533333333333334,0.2742608695652174,0.07240579710144927,0.5,5.0,0.0005,0.0,36.0,z_smooth_only__LOGIT_return_sortino_vs_bond__cash_allowed__g0p5__tau5p0__c0p0005__phl0p0__l10p0005,z_smooth_only,0.0005,0.003,2.0,149,107,55,34,0.7974496644295302,0.19583892617449666,0.0067114093959731525,0.9704672897196261,0.028411214953271025,0.001121495327102803,0.010909090909090908,0.9709090909090908,0.01818181818181818,0.06294117647058822,0.2647058823529412,0.6723529411764706
z_smooth_only,z_smooth_only__RF_return_sortino_vs_bond__cash_allowed__g0p5__tau1p0__c0p001__phl0p0__l10p0005,RF,return_sortino_vs_bond,cash_allowed,345,1996-02-29,2024-10-31,0.06587528110045804,0.10326909281530286,0.6378992911100344,-0.1971389827757669,-0.1021335,566.9332522227147,0.09495652173913043,1.139478260869565,9.495652173913043e-05,0.0011394782608695653,0.6535072463768116,0.29176811594202895,0.05472463768115942,0.5,1.0,0.001,0.0,36.0,z_smooth_only__RF_return_sortino_vs_bond__cash_allowed__g0p5__tau1p0__c0p001__phl0p0__l10p0005,z_smooth_only,0.0005,0.0015,2.0,163,88,69,25,0.8336196319018404,0.16638036809815948,-2.3839144700540172e-18,0.9843181818181819,0.005681818181818182,0.01,0.013913043478260868,0.986086956521739,-4.827056628805028e-18,0.08,0.2,0.72
z_plus_zsmooth,z_plus_zsmooth__LOGIT_return_sortino_vs_bond__cash_allowed__g0p25__tau3p0__c0p001__phl3p0__l10p0,LOGIT,return_sortino_vs_bond,cash_allowed,345,1996-02-29,2024-10-31,0.07311332567882772,0.11468798056878429,0.6374977161183677,-0.27003053379475284,-0.11654600000000001,673.0316511277837,0.03188405797101449,0.3826086956521739,3.188405797101449e-05,0.0003826086956521739,0.671304347826087,0.27165217391304347,0.057043478260869564,0.25,3.0,0.001,3.0,36.0,z_plus_zsmooth__LOGIT_return_sortino_vs_bond__cash_allowed__g0p25__tau3p0__c0p001__phl3p0__l10p0,z_plus_zsmooth,0.0,0.003,1.6,175,92,48,30,0.761942857142857,0.23805714285714283,-6.344131569286609e-19,0.9530434782608697,0.034782608695652174,0.012173913043478262,0.12791666666666665,0.8720833333333333,-3.469446951953614e-18,0.148,0.23333333333333334,0.6186666666666667
z_smooth_only,z_smooth_only__RF_return_sortino_vs_bond__cash_allowed__g2p0__tau1p0__c0p0005__phl3p0__l10p0,RF,return_sortino_vs_bond,cash_allowed,345,1996-02-29,2024-10-31,0.0539734943843572,0.08467982634707244,0.6373831491238429,-0.1671567321119377,-0.08975303978669445,424.0700151549139,0.059246376811594205,0.7109565217391305,2.9623188405797102e-05,0.0003554782608695652,0.49466666666666664,0.4401739130434783,0.06515942028985507,2.0,1.0,0.0005,3.0,36.0,z_smooth_only__RF_return_sortino_vs_bond__cash_allowed__g2p0__tau1p0__c0p0005__phl3p0__l10p0,z_smooth_only,0.0,0.0005,1.14,178,82,67,18,0.5991011235955056,0.4008988764044944,-3.956728827227998e-18,0.7797560975609756,0.1529268292682927,0.0673170731707317,0.0,1.0,0.0,0.0044444444444444444,0.05333333333333333,0.9422222222222223
z_smooth_only,z_smooth_only__RF_return_sortino_vs_bond__cash_allowed__g0p25__tau1p0__c0p0005__phl0p0__l10p001,RF,return_sortino_vs_bond,cash_allowed,345,1996-02-29,2024-10-31,0.06747865401905474,0.10589873676672225,0.6371998012374714,-0.19336129400387614,-0.1021335,589.01546886286,0.09472463768115942,1.136695652173913,4.736231884057971e-05,0.0005683478260869565,0.666840579710145,0.27878260869565213,0.05437681159420289,0.25,1.0,0.0005,0.0,36.0,z_smooth_only__RF_return_sortino_vs_bond__cash_allowed__g0p25__tau1p0__c0p0005__phl0p0__l10p001,z_smooth_only,0.001,0.0015,2.0,163,88,69,25,0.8521472392638035,0.14785276073619633,-6.811184200154335e-19,0.9913636363636364,0.0,0.008636363636363636,0.027826086956521737,0.9721739130434782,0.0,0.08,0.2,0.72
z_smooth_only,z_smooth_only__RF_return_sortino_vs_bond__cash_allowed__g0p25__tau3p0__c0p0005__phl0p0__l10p0,RF,return_sortino_vs_bond,cash_allowed,345,1996-02-29,2024-10-31,0.06747865401905474,0.10589873676672225,0.6371998012374714,-0.19336129400387614,-0.1021335,589.01546886286,0.09472463768115942,1.136695652173913,4.736231884057971e-05,0.0005683478260869565,0.666840579710145,0.27878260869565213,0.05437681159420289,0.25,3.0,0.0005,0.0,36.0,z_smooth_only__RF_return_sortino_vs_bond__cash_allowed__g0p25__tau3p0__c0p0005__phl0p0__l10p0,z_smooth_only,0.0,0.0015,2.0,163,88,69,25,0.8521472392638035,0.14785276073619633,-6.811184200154335e-19,0.9913636363636364,0.0,0.008636363636363636,0.027826086956521737,0.9721739130434782,0.0,0.08,0.2,0.72
z_plus_zsmooth,z_plus_zsmooth__LOGIT_return_sortino_vs_bond__cash_allowed__g1p0__tau1p0__c0p0005__phl3p0__l10p001,LOGIT,return_sortino_vs_bond,cash_allowed,345,1996-02-29,2024-10-31,0.06560752699697046,0.10299636531517019,0.6369887597121567,-0.20916929279900998,-0.09680030499999999,563.3794966545703,0.05681159420289855,0.6817391304347826,2.8405797101449275e-05,0.0003408695652173913,0.6464927536231885,0.2823768115942029,0.07113043478260869,1.0,1.0,0.0005,3.0,36.0,z_plus_zsmooth__LOGIT_return_sortino_vs_bond__cash_allowed__g1p0__tau1p0__c0p0005__phl3p0__l10p001,z_plus_zsmooth,0.001,0.0015,1.52,175,92,48,30,0.7745142857142858,0.2254857142857143,5.15460690004537e-19,0.9441304347826087,0.03347826086956522,0.022391304347826088,0.0025,0.9974999999999999,0.0,0.017333333333333333,0.23333333333333334,0.7493333333333332
z_plus_zsmooth,z_plus_zsmooth__LOGIT_return_sortino_vs_bond__cash_allowed__g1p0__tau3p0__c0p0005__phl3p0__l10p0,LOGIT,return_sortino_vs_bond,cash_allowed,345,1996-02-29,2024-10-31,0.06560752699697046,0.10299636531517019,0.6369887597121567,-0.20916929279900998,-0.09680030499999999,563.3794966545703,0.05681159420289855,0.6817391304347826,2.8405797101449275e-05,0.0003408695652173913,0.6464927536231885,0.2823768115942029,0.07113043478260869,1.0,3.0,0.0005,3.0,36.0,z_plus_zsmooth__LOGIT_return_sortino_vs_bond__cash_allowed__g1p0__tau3p0__c0p0005__phl3p0__l10p0,z_plus_zsmooth,0.0,0.0015,1.52,175,92,48,30,0.7745142857142858,0.2254857142857143,5.15460690004537e-19,0.9441304347826087,0.03347826086956522,0.022391304347826088,0.0025,0.9974999999999999,0.0,0.017333333333333333,0.23333333333333334,0.7493333333333332
z_plus_zsmooth,z_plus_zsmooth__LOGIT_return_sortino_vs_bond__cash_allowed__g2p0__tau1p0__c0p001__phl3p0__l10p001,LOGIT,return_sortino_vs_bond,cash_allowed,345,1996-02-29,2024-10-31,0.05689567642768925,0.08932457125405448,0.6369543746912385,-0.19693896007188227,-0.08984824999999999,456.0208735802014,0.051130434782608696,0.6135652173913043,5.113043478260869e-05,0.0006135652173913043,0.49414492753623196,0.4274202898550724,0.07843478260869566,2.0,1.0,0.001,3.0,36.0,z_plus_zsmooth__LOGIT_return_sortino_vs_bond__cash_allowed__g2p0__tau1p0__c0p001__phl3p0__l10p001,z_plus_zsmooth,0.001,0.002,1.08,175,92,48,30,0.5517714285714286,0.4456,0.002628571428571429,0.7947826086956522,0.15,0.05521739130434783,0.007083333333333334,0.9929166666666666,0.0,0.015333333333333332,0.2673333333333333,0.7173333333333333
z_smooth_only,z_smooth_only__LOGIT_return_sortino_vs_bond__cash_allowed__g0p25__tau1p0__c0p001__phl3p0__l10p0,LOGIT,return_sortino_vs_bond,cash_allowed,345,1996-02-29,2024-10-31,0.07589020576640047,0.11918825316843142,0.6367255476020433,-0.20319350045081197,-0.1145125,718.0505021113987,0.0527536231884058,0.6330434782608696,5.27536231884058e-05,0.0006330434782608696,0.7262028985507246,0.21356521739130438,0.060231884057971016,0.25,1.0,0.001,3.0,36.0,z_smooth_only__LOGIT_return_sortino_vs_bond__cash_allowed__g0p25__tau1p0__c0p001__phl3p0__l10p0,z_smooth_only,0.0,0.001,2.0,148,118,49,30,0.8856756756756757,0.11432432432432434,-4.219597644267909e-18,0.985593220338983,0.010847457627118645,0.0035593220338983045,0.031020408163265307,0.9689795918367348,0.0,0.05466666666666667,0.26666666666666666,0.6786666666666666
z_smooth_only,z_smooth_only__LOGIT_return_sortino_vs_bond__cash_allowed__g0p25__tau3p0__c0p001__phl0p0__l10p0,LOGIT,return_sortino_vs_bond,cash_allowed,345,1996-02-29,2024-10-31,0.06714673578126984,0.10557425036677333,0.6360143268647114,-0.20319350045081208,-0.111724,583.6747390755255,0.09217391304347826,1.106086956521739,9.217391304347825e-05,0.001106086956521739,0.6704927536231884,0.25878260869565217,0.07072463768115941,0.25,3.0,0.001,0.0,36.0,z_smooth_only__LOGIT_return_sortino_vs_bond__cash_allowed__g0p25__tau3p0__c0p001__phl0p0__l10p0,z_smooth_only,0.0,0.003,2.0,149,107,55,34,0.828724832214765,0.16456375838926177,0.006711409395973153,0.9742056074766356,0.025794392523364483,0.0,0.01818181818181818,0.9636363636363636,0.01818181818181818,0.07647058823529412,0.2647058823529412,0.6588235294117647
z_plus_zsmooth,z_plus_zsmooth__RF_return_sortino_vs_bond__cash_allowed__g1p0__tau1p0__c0p0005__phl0p0__l10p001,RF,return_sortino_vs_bond,cash_allowed,345,1996-02-29,2024-10-31,0.06349154301137755,0.0999585054191217,0.6351789949755675,-0.18032293473122563,-0.10060184002685399,534.6930973940754,0.10284057971014494,1.2340869565217394,5.142028985507246e-05,0.0006170434782608696,0.6358840579710144,0.3054492753623188,0.05866666666666667,1.0,1.0,0.0005,0.0,36.0,z_plus_zsmooth__RF_return_sortino_vs_bond__cash_allowed__g1p0__tau1p0__c0p0005__phl0p0__l10p001,z_plus_zsmooth,0.001,0.0015,1.92,165,83,72,25,0.8143030303030304,0.1856969696969697,-4.4577136594797954e-18,0.974698795180723,0.010843373493975903,0.014457831325301203,0.03194444444444445,0.9680555555555556,-7.709882115452476e-19,0.0728,0.16560000000000002,0.7615999999999999
z_plus_zsmooth,z_plus_zsmooth__RF_return_sortino_vs_bond__cash_allowed__g1p0__tau3p0__c0p0005__phl0p0__l10p0,RF,return_sortino_vs_bond,cash_allowed,345,1996-02-29,2024-10-31,0.06349154301137755,0.0999585054191217,0.6351789949755675,-0.18032293473122563,-0.10060184002685399,534.6930973940754,0.10284057971014494,1.2340869565217394,5.142028985507246e-05,0.0006170434782608696,0.6358840579710144,0.3054492753623188,0.05866666666666667,1.0,3.0,0.0005,0.0,36.0,z_plus_zsmooth__RF_return_sortino_vs_bond__cash_allowed__g1p0__tau3p0__c0p0005__phl0p0__l10p0,z_plus_zsmooth,0.0,0.0015,1.92,165,83,72,25,0.8143030303030304,0.1856969696969697,-4.4577136594797954e-18,0.974698795180723,0.010843373493975903,0.014457831325301203,0.03194444444444445,0.9680555555555556,-7.709882115452476e-19,0.0728,0.16560000000000002,0.7615999999999999
z_plus_zsmooth,z_plus_zsmooth__LOGIT_return_sortino_vs_bond__cash_allowed__g3p0__tau1p0__c0p0025__phl3p0__l10p0,LOGIT,return_sortino_vs_bond,cash_allowed,345,1996-02-29,2024-10-31,0.044844694148182894,0.07065076477472168,0.6347375614570557,-0.1499876913828745,-0.07018093411109369,337.1696481819297,0.035710144927536235,0.4285217391304348,8.927536231884058e-05,0.0010713043478260869,0.34057971014492755,0.5922898550724638,0.06713043478260868,3.0,1.0,0.0025,3.0,36.0,z_plus_zsmooth__LOGIT_return_sortino_vs_bond__cash_allowed__g3p0__tau1p0__c0p0025__phl3p0__l10p0,z_plus_zsmooth,0.0,0.0025,1.0,175,92,48,30,0.3742857142857143,0.6176,0.008114285714285687,0.555,0.38934782608695667,0.05565217391304346,0.011250000000000001,0.98875,0.0,0.013333333333333334,0.4326666666666665,0.5540000000000002
z_plus_zsmooth,z_plus_zsmooth__LOGIT_return_sortino_vs_bond__cash_allowed__g1p0__tau1p0__c0p001__phl3p0__l10p0005,LOGIT,return_sortino_vs_bond,cash_allowed,345,1996-02-29,2024-10-31,0.06526665743175307,0.1030016166778557,0.6336469226097567,-0.20995940333394625,-0.09681780499999999,557.9038180421887,0.05681159420289855,0.6817391304347826,5.681159420289855e-05,0.0006817391304347825,0.6464927536231885,0.2823768115942029,0.07113043478260869,1.0,1.0,0.001,3.0,36.0,z_plus_zsmooth__LOGIT_return_sortino_vs_bond__cash_allowed__g1p0__tau1p0__c0p001__phl3p0__l10p0005,z_plus_zsmooth,0.0005,0.0015,1.52,175,92,48,30,0.7745142857142858,0.2254857142857143,5.15460690004537e-19,0.9441304347826087,0.03347826086956522,0.022391304347826088,0.0025,0.9974999999999999,0.0,0.017333333333333333,0.23333333333333334,0.7493333333333332
z_plus_zsmooth,z_plus_zsmooth__LOGIT_return_sortino_vs_bond__cash_allowed__g0p25__tau3p0__c0p0005__phl3p0__l10p001,LOGIT,return_sortino_vs_bond,cash_allowed,345,1996-02-29,2024-10-31,0.07122228855878343,0.1125137948302732,0.633009389348409,-0.2700305337947526,-0.11654600000000001,641.8516422108968,0.03930434782608696,0.4716521739130435,1.965217391304348e-05,0.00023582608695652175,0.6899710144927537,0.2521159420289855,0.05791304347826087,0.25,3.0,0.0005,3.0,36.0,z_plus_zsmooth__LOGIT_return_sortino_vs_bond__cash_allowed__g0p25__tau3p0__c0p0005__phl3p0__l10p001,z_plus_zsmooth,0.001,0.0025,2.0,175,92,48,30,0.8173714285714286,0.1826285714285714,0.0,0.9536956521739132,0.035434782608695654,0.010869565217391302,0.06749999999999999,0.9325000000000001,0.0,0.13399999999999998,0.23333333333333334,0.6326666666666667
z_plus_zsmooth,z_plus_zsmooth__LOGIT_return_sortino_vs_bond__cash_allowed__g0p25__tau5p0__c0p0005__phl3p0__l10p0,LOGIT,return_sortino_vs_bond,cash_allowed,345,1996-02-29,2024-10-31,0.07122228855878343,0.1125137948302732,0.633009389348409,-0.2700305337947526,-0.11654600000000001,641.8516422108968,0.03930434782608696,0.4716521739130435,1.965217391304348e-05,0.00023582608695652175,0.6899710144927537,0.2521159420289855,0.05791304347826087,0.25,5.0,0.0005,3.0,36.0,z_plus_zsmooth__LOGIT_return_sortino_vs_bond__cash_allowed__g0p25__tau5p0__c0p0005__phl3p0__l10p0,z_plus_zsmooth,0.0,0.0025,2.0,175,92,48,30,0.8173714285714286,0.1826285714285714,0.0,0.9536956521739132,0.035434782608695654,0.010869565217391302,0.06749999999999999,0.9325000000000001,0.0,0.13399999999999998,0.23333333333333334,0.6326666666666667
z_smooth_only,z_smooth_only__LOGIT_return_sortino_vs_bond__cash_allowed__g0p5__tau3p0__c0p001__phl0p0__l10p0,LOGIT,return_sortino_vs_bond,cash_allowed,345,1996-02-29,2024-10-31,0.06538976015172027,0.10330087674757255,0.6330029541908689,-0.20319350045081197,-0.11095075000000001,558.9250991658012,0.09484057971014492,1.138086956521739,9.484057971014493e-05,0.0011380869565217392,0.6533333333333334,0.2742608695652174,0.07240579710144927,0.5,3.0,0.001,0.0,36.0,z_smooth_only__LOGIT_return_sortino_vs_bond__cash_allowed__g0p5__tau3p0__c0p001__phl0p0__l10p0,z_smooth_only,0.0,0.003,2.0,149,107,55,34,0.7974496644295302,0.19583892617449666,0.0067114093959731525,0.9704672897196261,0.028411214953271025,0.001121495327102803,0.010909090909090908,0.9709090909090908,0.01818181818181818,0.06294117647058822,0.2647058823529412,0.6723529411764706
z_smooth_only,z_smooth_only__LOGIT_return_sortino_vs_bond__cash_allowed__g2p0__tau3p0__c0p0005__phl3p0__l10p0005,LOGIT,return_sortino_vs_bond,cash_allowed,345,1996-02-29,2024-10-31,0.05683643627124628,0.08984425726404782,0.6326106754292242,-0.17251021748443673,-0.08984824999999999,454.6146440486139,0.04660869565217392,0.5593043478260871,2.3304347826086956e-05,0.0002796521739130435,0.4955942028985508,0.426376811594203,0.07802898550724637,2.0,3.0,0.0005,3.0,36.0,z_smooth_only__LOGIT_return_sortino_vs_bond__cash_allowed__g2p0__tau3p0__c0p0005__phl3p0__l10p0005,z_smooth_only,0.0005,0.002,1.04,148,118,49,30,0.5247297297297298,0.4693243243243243,0.005945945945945944,0.7767796610169492,0.1789830508474576,0.04423728813559321,0.022040816326530613,0.9779591836734695,-4.5315225494904345e-18,0.019333333333333334,0.2866666666666667,0.6940000000000001
z_plus_zsmooth,z_plus_zsmooth__LOGIT_return_sortino_vs_bond__cash_allowed__g0p25__tau1p0__c0p0025__phl3p0__l10p0005,LOGIT,return_sortino_vs_bond,cash_allowed,345,1996-02-29,2024-10-31,0.07253941263534947,0.11470181315666168,0.6324173144174616,-0.2700305337947527,-0.11654600000000001,662.0494931538487,0.03188405797101449,0.3826086956521739,7.971014492753625e-05,0.0009565217391304349,0.671304347826087,0.27165217391304347,0.057043478260869564,0.25,1.0,0.0025,3.0,36.0,z_plus_zsmooth__LOGIT_return_sortino_vs_bond__cash_allowed__g0p25__tau1p0__c0p0025__phl3p0__l10p0005,z_plus_zsmooth,0.0005,0.003,1.6,175,92,48,30,0.761942857142857,0.23805714285714283,-6.344131569286609e-19,0.9530434782608697,0.034782608695652174,0.012173913043478262,0.12791666666666665,0.8720833333333333,-3.469446951953614e-18,0.148,0.23333333333333334,0.6186666666666667
z_smooth_only,z_smooth_only__RF_return_sortino_vs_bond__cash_allowed__g0p25__tau1p0__c0p001__phl0p0__l10p0005,RF,return_sortino_vs_bond,cash_allowed,345,1996-02-29,2024-10-31,0.06691030619296778,0.10590729875921875,0.6317818221866748,-0.19457748931162866,-0.1021335,579.5031479120554,0.09472463768115942,1.136695652173913,9.472463768115942e-05,0.001136695652173913,0.666840579710145,0.27878260869565213,0.05437681159420289,0.25,1.0,0.001,0.0,36.0,z_smooth_only__RF_return_sortino_vs_bond__cash_allowed__g0p25__tau1p0__c0p001__phl0p0__l10p0005,z_smooth_only,0.0005,0.0015,2.0,163,88,69,25,0.8521472392638035,0.14785276073619633,-6.811184200154335e-19,0.9913636363636364,0.0,0.008636363636363636,0.027826086956521737,0.9721739130434782,0.0,0.08,0.2,0.72
z_smooth_only,z_smooth_only__RF_return_sortino_vs_bond__cash_allowed__g1p0__tau1p0__c0p0025__phl0p0__l10p0,RF,return_sortino_vs_bond,cash_allowed,345,1996-02-29,2024-10-31,0.059305993282406676,0.09396840305309266,0.63112696774147,-0.20416724299419564,-0.0986315,482.4414301305861,0.06376811594202898,0.7652173913043478,0.00015942028985507247,0.0019130434782608696,0.5671304347826087,0.37020289855072464,0.06266666666666666,1.0,1.0,0.0025,0.0,36.0,z_smooth_only__RF_return_sortino_vs_bond__cash_allowed__g1p0__tau1p0__c0p0025__phl0p0__l10p0,z_smooth_only,0.0,0.0025,1.4,163,88,69,25,0.6809815950920245,0.31901840490797545,-8.003141435181343e-18,0.9063636363636364,0.06181818181818182,0.031818181818181815,0.03942028985507247,0.9460869565217391,0.014492753623188403,0.0872,0.2,0.7128
z_smooth_only,z_smooth_only__LOGIT_return_sortino_vs_bond__cash_allowed__g2p0__tau1p0__c0p001__phl3p0__l10p001,LOGIT,return_sortino_vs_bond,cash_allowed,345,1996-02-29,2024-10-31,0.05655678409733323,0.08985289445200768,0.6294375316706285,-0.17333532377655048,-0.08984824999999999,450.9797226944493,0.04660869565217392,0.5593043478260871,4.660869565217391e-05,0.000559304347826087,0.4955942028985508,0.426376811594203,0.07802898550724637,2.0,1.0,0.001,3.0,36.0,z_smooth_only__LOGIT_return_sortino_vs_bond__cash_allowed__g2p0__tau1p0__c0p001__phl3p0__l10p001,z_smooth_only,0.001,0.002,1.04,148,118,49,30,0.5247297297297298,0.4693243243243243,0.005945945945945944,0.7767796610169492,0.1789830508474576,0.04423728813559321,0.022040816326530613,0.9779591836734695,-4.5315225494904345e-18,0.019333333333333334,0.2866666666666667,0.6940000000000001
z_plus_zsmooth,z_plus_zsmooth__RF_return_sortino_vs_bond__cash_allowed__g2p0__tau1p0__c0p0005__phl3p0__l10p0,RF,return_sortino_vs_bond,cash_allowed,345,1996-02-29,2024-10-31,0.04984917656942722,0.07922567970869125,0.629204782498807,-0.16361156153046474,-0.08592960820222596,381.690681794536,0.0591304347826087,0.7095652173913044,2.956521739130435e-05,0.0003547826086956522,0.46133333333333343,0.47339130434782617,0.06527536231884058,2.0,1.0,0.0005,3.0,36.0,z_plus_zsmooth__RF_return_sortino_vs_bond__cash_allowed__g2p0__tau1p0__c0p0005__phl3p0__l10p0,z_plus_zsmooth,0.0,0.0005,1.14,190,72,66,17,0.5638947368421052,0.43610526315789483,-2.9398997856027993e-18,0.7219444444444444,0.2002777777777778,0.07777777777777777,0.0,1.0,0.0,0.0023529411764705885,0.0023529411764705885,0.9952941176470589
z_plus_zsmooth,z_plus_zsmooth__RF_return_sortino_vs_bond__cash_allowed__g1p0__tau1p0__c0p001__phl0p0__l10p0005,RF,return_sortino_vs_bond,cash_allowed,345,1996-02-29,2024-10-31,0.06287449953311669,0.09995707981444879,0.629014969723317,-0.18156209105705456,-0.10060184002685399,525.3396448011403,0.10284057971014494,1.2340869565217394,0.00010284057971014492,0.0012340869565217391,0.6358840579710144,0.3054492753623188,0.05866666666666667,1.0,1.0,0.001,0.0,36.0,z_plus_zsmooth__RF_return_sortino_vs_bond__cash_allowed__g1p0__tau1p0__c0p001__phl0p0__l10p0005,z_plus_zsmooth,0.0005,0.0015,1.92,165,83,72,25,0.8143030303030304,0.1856969696969697,-4.4577136594797954e-18,0.974698795180723,0.010843373493975903,0.014457831325301203,0.03194444444444445,0.9680555555555556,-7.709882115452476e-19,0.0728,0.16560000000000002,0.7615999999999999
z_smooth_only,z_smooth_only__RF_return_sortino_vs_bond__cash_allowed__g0p25__tau1p0__c0p0025__phl0p0__l10p0,RF,return_sortino_vs_bond,cash_allowed,345,1996-02-29,2024-10-31,0.06530668676406205,0.10385105647401248,0.6288495175819833,-0.25176356304051295,-0.1048285,556.9834958487263,0.06133333333333334,0.736,0.00015333333333333334,0.00184,0.6462608695652173,0.29791304347826086,0.055826086956521734,0.25,1.0,0.0025,0.0,36.0,z_smooth_only__RF_return_sortino_vs_bond__cash_allowed__g0p25__tau1p0__c0p0025__phl0p0__l10p0,z_smooth_only,0.0,0.0025,2.0,163,88,69,25,0.7998773006134969,0.2001226993865031,0.0,0.9581818181818181,0.030454545454545456,0.011363636363636362,0.08,0.9055072463768116,0.014492753623188406,0.1096,0.2,0.6903999999999999
z_plus_zsmooth,z_plus_zsmooth__LOGIT_return_sortino_vs_bond__cash_allowed__g1p0__tau1p0__c0p0005__phl3p0__l10p0,LOGIT,return_sortino_vs_bond,cash_allowed,345,1996-02-29,2024-10-31,0.06600913492842629,0.10524615983834981,0.6271880611113161,-0.17186763851142206,-0.10068325,566.080704379037,0.08243478260869565,0.9892173913043478,4.1217391304347827e-05,0.0004946086956521739,0.663536231884058,0.27055072463768115,0.06591304347826088,1.0,1.0,0.0005,3.0,36.0,z_plus_zsmooth__LOGIT_return_sortino_vs_bond__cash_allowed__g1p0__tau1p0__c0p0005__phl3p0__l10p0,z_plus_zsmooth,0.0,0.0005,1.84,175,92,48,30,0.8010285714285714,0.19897142857142858,8.326672684688674e-19,0.9645652173913044,0.015652173913043476,0.019782608695652175,0.0,1.0,0.0,0.0,0.3026666666666667,0.6973333333333334
z_smooth_only,z_smooth_only__LOGIT_return_sortino_vs_bond__cash_allowed__g0p25__tau1p0__c0p0005__phl3p0__l10p001,LOGIT,return_sortino_vs_bond,cash_allowed,345,1996-02-29,2024-10-31,0.07642414625139154,0.12193906137069761,0.6267404832571273,-0.22287828424004796,-0.11654600000000001,722.0907494641347,0.0447536231884058,0.5370434782608695,2.23768115942029e-05,0.0002685217391304348,0.7387826086956522,0.20168115942028986,0.05953623188405797,0.25,1.0,0.0005,3.0,36.0,z_smooth_only__LOGIT_return_sortino_vs_bond__cash_allowed__g0p25__tau1p0__c0p0005__phl3p0__l10p001,z_smooth_only,0.001,0.0015,2.0,148,118,49,30,0.91,0.09,-3.750753461571475e-19,0.9764406779661017,0.014237288135593221,0.009322033898305083,0.04938775510204081,0.9506122448979591,2.2657612747452172e-18,0.08533333333333333,0.26666666666666666,0.6479999999999999
z_smooth_only,z_smooth_only__LOGIT_return_sortino_vs_bond__cash_allowed__g0p25__tau3p0__c0p0005__phl3p0__l10p0,LOGIT,return_sortino_vs_bond,cash_allowed,345,1996-02-29,2024-10-31,0.07642414625139154,0.12193906137069761,0.6267404832571273,-0.22287828424004796,-0.11654600000000001,722.0907494641347,0.0447536231884058,0.5370434782608695,2.23768115942029e-05,0.0002685217391304348,0.7387826086956522,0.20168115942028986,0.05953623188405797,0.25,3.0,0.0005,3.0,36.0,z_smooth_only__LOGIT_return_sortino_vs_bond__cash_allowed__g0p25__tau3p0__c0p0005__phl3p0__l10p0,z_smooth_only,0.0,0.0015,2.0,148,118,49,30,0.91,0.09,-3.750753461571475e-19,0.9764406779661017,0.014237288135593221,0.009322033898305083,0.04938775510204081,0.9506122448979591,2.2657612747452172e-18,0.08533333333333333,0.26666666666666666,0.6479999999999999
z_smooth_only,z_smooth_only__RF_return_sortino_vs_bond__cash_allowed__g0p5__tau1p0__c0p0025__phl0p0__l10p0,RF,return_sortino_vs_bond,cash_allowed,345,1996-02-29,2024-10-31,0.06248321645032695,0.09978220121110085,0.6261960118331769,-0.2388899401125002,-0.1048285,519.7663621732279,0.06631884057971014,0.7958260869565217,0.00016579710144927536,0.001989565217391304,0.6222028985507247,0.31930434782608696,0.058492753623188405,0.5,1.0,0.0025,0.0,36.0,z_smooth_only__RF_return_sortino_vs_bond__cash_allowed__g0p5__tau1p0__c0p0025__phl0p0__l10p0,z_smooth_only,0.0,0.0025,2.0,163,88,69,25,0.7624539877300612,0.23754601226993866,-6.811184200154335e-19,0.9504545454545453,0.03204545454545455,0.0175,0.06347826086956522,0.9220289855072463,0.014492753623188406,0.0944,0.2,0.7056
z_plus_zsmooth,z_plus_zsmooth__LOGIT_return_sortino_vs_bond__cash_allowed__g0p25__tau1p0__c0p0025__phl3p0__l10p0,LOGIT,return_sortino_vs_bond,cash_allowed,345,1996-02-29,2024-10-31,0.07027898421095735,0.11246598510340024,0.6248910205725176,-0.2700305337947527,-0.11654600000000001,624.8645517899315,0.03930434782608696,0.4716521739130435,9.82608695652174e-05,0.0011791304347826088,0.6899710144927537,0.2521159420289855,0.05791304347826087,0.25,1.0,0.0025,3.0,36.0,z_plus_zsmooth__LOGIT_return_sortino_vs_bond__cash_allowed__g0p25__tau1p0__c0p0025__phl3p0__l10p0,z_plus_zsmooth,0.0,0.0025,2.0,175,92,48,30,0.8173714285714286,0.1826285714285714,0.0,0.9536956521739132,0.035434782608695654,0.010869565217391302,0.06749999999999999,0.9325000000000001,0.0,0.13399999999999998,0.23333333333333334,0.6326666666666667
z_plus_zsmooth,z_plus_zsmooth__RF_return_sortino_vs_bond__cash_allowed__g2p0__tau1p0__c0p0005__phl3p0__l10p0005,RF,return_sortino_vs_bond,cash_allowed,345,1996-02-29,2024-10-31,0.047220375823430416,0.07556855152279802,0.6248680816541079,-0.17051180996066095,-0.07617581418868495,357.112881951664,0.04556521739130435,0.5467826086956522,2.278260869565217e-05,0.000273391304347826,0.42127536231884066,0.5184927536231884,0.060231884057971016,2.0,1.0,0.0005,3.0,36.0,z_plus_zsmooth__RF_return_sortino_vs_bond__cash_allowed__g2p0__tau1p0__c0p0005__phl3p0__l10p0005,z_plus_zsmooth,0.0005,0.001,1.0,190,72,66,17,0.5161052631578946,0.4838947368421053,-1.5082964117440448e-17,0.6544444444444445,0.27055555555555555,0.075,0.0012121212121212121,0.9987878787878788,0.0,0.004705882352941177,0.09058823529411765,0.9047058823529412
z_smooth_only,z_smooth_only__LOGIT_return_sortino_vs_bond__cash_allowed__g1p0__tau1p0__c0p0005__phl3p0__l10p001,LOGIT,return_sortino_vs_bond,cash_allowed,345,1996-02-29,2024-10-31,0.06463153648340186,0.10344793881604784,0.6247735549214788,-0.1737667579618989,-0.104225,546.9714907691925,0.05657971014492755,0.6789565217391306,2.8289855072463765e-05,0.0003394782608695652,0.6387826086956522,0.29089855072463766,0.07031884057971013,1.0,1.0,0.0005,3.0,36.0,z_smooth_only__LOGIT_return_sortino_vs_bond__cash_allowed__g1p0__tau1p0__c0p0005__phl3p0__l10p001,z_smooth_only,0.001,0.0015,1.56,148,118,49,30,0.7266216216216216,0.27337837837837836,-4.454019735616126e-18,0.9393220338983052,0.03457627118644068,0.02610169491525424,0.02408163265306123,0.9759183673469388,-1.1328806373726086e-18,0.027333333333333334,0.26666666666666666,0.706
z_smooth_only,z_smooth_only__LOGIT_return_sortino_vs_bond__cash_allowed__g1p0__tau3p0__c0p0005__phl3p0__l10p0,LOGIT,return_sortino_vs_bond,cash_allowed,345,1996-02-29,2024-10-31,0.06463153648340186,0.10344793881604784,0.6247735549214788,-0.1737667579618989,-0.104225,546.9714907691925,0.05657971014492755,0.6789565217391306,2.8289855072463765e-05,0.0003394782608695652,0.6387826086956522,0.29089855072463766,0.07031884057971013,1.0,3.0,0.0005,3.0,36.0,z_smooth_only__LOGIT_return_sortino_vs_bond__cash_allowed__g1p0__tau3p0__c0p0005__phl3p0__l10p0,z_smooth_only,0.0,0.0015,1.56,148,118,49,30,0.7266216216216216,0.27337837837837836,-4.454019735616126e-18,0.9393220338983052,0.03457627118644068,0.02610169491525424,0.02408163265306123,0.9759183673469388,-1.1328806373726086e-18,0.027333333333333334,0.26666666666666666,0.706
z_smooth_only,z_smooth_only__LOGIT_return_sortino_vs_bond__cash_allowed__g0p25__tau1p0__c0p001__phl3p0__l10p0005,LOGIT,return_sortino_vs_bond,cash_allowed,345,1996-02-29,2024-10-31,0.0761556245122611,0.12192574675581504,0.624606586702156,-0.22365554568593282,-0.11654600000000001,716.6024701316577,0.0447536231884058,0.5370434782608695,4.47536231884058e-05,0.0005370434782608696,0.7387826086956522,0.20168115942028986,0.05953623188405797,0.25,1.0,0.001,3.0,36.0,z_smooth_only__LOGIT_return_sortino_vs_bond__cash_allowed__g0p25__tau1p0__c0p001__phl3p0__l10p0005,z_smooth_only,0.0005,0.0015,2.0,148,118,49,30,0.91,0.09,-3.750753461571475e-19,0.9764406779661017,0.014237288135593221,0.009322033898305083,0.04938775510204081,0.9506122448979591,2.2657612747452172e-18,0.08533333333333333,0.26666666666666666,0.6479999999999999
z_plus_zsmooth,z_plus_zsmooth__LOGIT_return_sortino_vs_bond__cash_allowed__g3p0__tau1p0__c0p0005__phl6p0__l10p001,LOGIT,return_sortino_vs_bond,cash_allowed,345,1996-02-29,2024-10-31,0.04319577560463644,0.06918910274236455,0.6243147243212857,-0.14832217577717421,-0.06667037752739455,322.54725847841945,0.03240579710144927,0.38886956521739124,1.620289855072464e-05,0.00019443478260869568,0.3525217391304348,0.5703768115942028,0.07710144927536229,3.0,1.0,0.0005,6.0,36.0,z_plus_zsmooth__LOGIT_return_sortino_vs_bond__cash_allowed__g3p0__tau1p0__c0p0005__phl6p0__l10p001,z_plus_zsmooth,0.001,0.0015,1.0,200,74,50,21,0.39730000000000004,0.6021,0.0005999999999999713,0.565135135135135,0.31405405405405407,0.12081081081081078,0.0032,0.9968,0.0,0.008571428571428572,0.1561904761904762,0.8352380952380952
z_plus_zsmooth,z_plus_zsmooth__LOGIT_return_sortino_vs_bond__cash_allowed__g3p0__tau3p0__c0p0005__phl6p0__l10p0,LOGIT,return_sortino_vs_bond,cash_allowed,345,1996-02-29,2024-10-31,0.04319577560463644,0.06918910274236455,0.6243147243212857,-0.14832217577717421,-0.06667037752739455,322.54725847841945,0.03240579710144927,0.38886956521739124,1.620289855072464e-05,0.00019443478260869568,0.3525217391304348,0.5703768115942028,0.07710144927536229,3.0,3.0,0.0005,6.0,36.0,z_plus_zsmooth__LOGIT_return_sortino_vs_bond__cash_allowed__g3p0__tau3p0__c0p0005__phl6p0__l10p0,z_plus_zsmooth,0.0,0.0015,1.0,200,74,50,21,0.39730000000000004,0.6021,0.0005999999999999713,0.565135135135135,0.31405405405405407,0.12081081081081078,0.0032,0.9968,0.0,0.008571428571428572,0.1561904761904762,0.8352380952380952
z_smooth_only,z_smooth_only__RF_return_sortino_vs_bond__cash_allowed__g0p5__tau3p0__c0p0005__phl0p0__l10p0005,RF,return_sortino_vs_bond,cash_allowed,345,1996-02-29,2024-10-31,0.06352499809368878,0.10182580024419138,0.6238595517182054,-0.20771851983882572,-0.10028339738820172,532.3080821676936,0.08359420289855071,1.0031304347826087,4.1797101449275365e-05,0.0005015652173913044,0.6417391304347826,0.300231884057971,0.058028985507246375,0.5,3.0,0.0005,0.0,36.0,z_smooth_only__RF_return_sortino_vs_bond__cash_allowed__g0p5__tau3p0__c0p0005__phl0p0__l10p0005,z_smooth_only,0.0005,0.002,1.88,163,88,69,25,0.8079754601226993,0.19202453987730062,-2.894753285065592e-18,0.9652272727272727,0.021363636363636366,0.013409090909090905,0.03768115942028986,0.9478260869565218,0.014492753623188403,0.0864,0.2,0.7136
z_smooth_only,z_smooth_only__LOGIT_return_sortino_vs_bond__cash_allowed__g1p0__tau1p0__c0p0005__phl0p0__l10p0025,LOGIT,return_sortino_vs_bond,cash_allowed,345,1996-02-29,2024-10-31,0.06267137723838671,0.10061963050616643,0.6228543766571069,-0.20319350045081197,-0.11095075000000001,521.1849629593428,0.09576811594202898,1.1492173913043477,4.7884057971014495e-05,0.000574608695652174,0.6183188405797101,0.30179710144927535,0.0798840579710145,1.0,1.0,0.0005,0.0,36.0,z_smooth_only__LOGIT_return_sortino_vs_bond__cash_allowed__g1p0__tau1p0__c0p0005__phl0p0__l10p0025,z_smooth_only,0.0025,0.003,2.0,149,107,55,34,0.7402684563758388,0.2530201342281879,0.006711409395973151,0.9454205607476636,0.03457943925233645,0.019999999999999997,0.005090909090909091,0.9767272727272727,0.01818181818181818,0.04647058823529412,0.2647058823529412,0.6888235294117647
z_smooth_only,z_smooth_only__LOGIT_return_sortino_vs_bond__cash_allowed__g1p0__tau5p0__c0p0005__phl0p0__l10p0005,LOGIT,return_sortino_vs_bond,cash_allowed,345,1996-02-29,2024-10-31,0.06267137723838671,0.10061963050616643,0.6228543766571069,-0.20319350045081197,-0.11095075000000001,521.1849629593428,0.09576811594202898,1.1492173913043477,4.7884057971014495e-05,0.000574608695652174,0.6183188405797101,0.30179710144927535,0.0798840579710145,1.0,5.0,0.0005,0.0,36.0,z_smooth_only__LOGIT_return_sortino_vs_bond__cash_allowed__g1p0__tau5p0__c0p0005__phl0p0__l10p0005,z_smooth_only,0.0005,0.003,2.0,149,107,55,34,0.7402684563758388,0.2530201342281879,0.006711409395973151,0.9454205607476636,0.03457943925233645,0.019999999999999997,0.005090909090909091,0.9767272727272727,0.01818181818181818,0.04647058823529412,0.2647058823529412,0.6888235294117647
z_smooth_only,z_smooth_only__LOGIT_return_sortino_vs_bond__cash_allowed__g0p5__tau1p0__c0p0005__phl3p0__l10p001,LOGIT,return_sortino_vs_bond,cash_allowed,345,1996-02-29,2024-10-31,0.0740365192706525,0.11889567213684023,0.6227015495184877,-0.2037885353576272,-0.11272401373865133,681.5999303086245,0.04823188405797102,0.5787826086956522,2.411594202898551e-05,0.00028939130434782614,0.7220289855072464,0.21356521739130438,0.06440579710144927,0.5,1.0,0.0005,3.0,36.0,z_smooth_only__LOGIT_return_sortino_vs_bond__cash_allowed__g0p5__tau1p0__c0p0005__phl3p0__l10p001,z_smooth_only,0.001,0.0015,1.92,148,118,49,30,0.8910810810810811,0.10891891891891893,-7.032662740446516e-19,0.9627118644067796,0.02169491525423729,0.015593220338983051,0.04081632653061224,0.9591836734693877,-5.664403186863043e-19,0.054000000000000006,0.26666666666666666,0.6793333333333335
z_smooth_only,z_smooth_only__LOGIT_return_sortino_vs_bond__cash_allowed__g0p5__tau3p0__c0p0005__phl3p0__l10p0,LOGIT,return_sortino_vs_bond,cash_allowed,345,1996-02-29,2024-10-31,0.0740365192706525,0.11889567213684023,0.6227015495184877,-0.2037885353576272,-0.11272401373865133,681.5999303086245,0.04823188405797102,0.5787826086956522,2.411594202898551e-05,0.00028939130434782614,0.7220289855072464,0.21356521739130438,0.06440579710144927,0.5,3.0,0.0005,3.0,36.0,z_smooth_only__LOGIT_return_sortino_vs_bond__cash_allowed__g0p5__tau3p0__c0p0005__phl3p0__l10p0,z_smooth_only,0.0,0.0015,1.92,148,118,49,30,0.8910810810810811,0.10891891891891893,-7.032662740446516e-19,0.9627118644067796,0.02169491525423729,0.015593220338983051,0.04081632653061224,0.9591836734693877,-5.664403186863043e-19,0.054000000000000006,0.26666666666666666,0.6793333333333335
z_smooth_only,z_smooth_only__LOGIT_return_sortino_vs_bond__cash_allowed__g2p0__tau1p0__c0p0025__phl0p0__l10p0,LOGIT,return_sortino_vs_bond,cash_allowed,345,1996-02-29,2024-10-31,0.05696714839662102,0.09155441839732627,0.6222217277313256,-0.15308700302542844,-0.09495792362449118,454.16582724937615,0.09936231884057971,1.1923478260869564,0.0002484057971014493,0.0029808695652173917,0.5627246376811594,0.3497391304347826,0.08753623188405797,2.0,1.0,0.0025,0.0,36.0,z_smooth_only__LOGIT_return_sortino_vs_bond__cash_allowed__g2p0__tau1p0__c0p0025__phl0p0__l10p0,z_smooth_only,0.0,0.0025,2.0,149,107,55,34,0.6634899328859061,0.33127516778523497,0.005234899328859054,0.88392523364486,0.0725233644859813,0.04355140186915887,0.00036363636363636367,0.9865454545454546,0.01309090909090909,0.02,0.27294117647058824,0.7070588235294117
z_smooth_only,z_smooth_only__LOGIT_return_sortino_vs_bond__cash_allowed__g1p0__tau1p0__c0p001__phl3p0__l10p0005,LOGIT,return_sortino_vs_bond,cash_allowed,345,1996-02-29,2024-10-31,0.0642920582225323,0.10344477952323174,0.6215109019406195,-0.17459527913830064,-0.104225,541.6901142548534,0.05657971014492755,0.6789565217391306,5.657971014492753e-05,0.0006789565217391304,0.6387826086956522,0.29089855072463766,0.07031884057971013,1.0,1.0,0.001,3.0,36.0,z_smooth_only__LOGIT_return_sortino_vs_bond__cash_allowed__g1p0__tau1p0__c0p001__phl3p0__l10p0005,z_smooth_only,0.0005,0.0015,1.56,148,118,49,30,0.7266216216216216,0.27337837837837836,-4.454019735616126e-18,0.9393220338983052,0.03457627118644068,0.02610169491525424,0.02408163265306123,0.9759183673469388,-1.1328806373726086e-18,0.027333333333333334,0.26666666666666666,0.706
z_smooth_only,z_smooth_only__RF_return_sortino_vs_bond__cash_allowed__g0p25__tau3p0__c0p0005__phl0p0__l10p0005,RF,return_sortino_vs_bond,cash_allowed,345,1996-02-29,2024-10-31,0.06602337939792838,0.10623059232040051,0.6215100373232997,-0.22287828424004796,-0.10486400000000001,564.2337831308624,0.08266666666666667,0.992,4.133333333333333e-05,0.000496,0.6613333333333333,0.2816811594202899,0.05698550724637681,0.25,3.0,0.0005,0.0,36.0,z_smooth_only__RF_return_sortino_vs_bond__cash_allowed__g0p25__tau3p0__c0p0005__phl0p0__l10p0005,z_smooth_only,0.0005,0.002,2.0,163,88,69,25,0.8400000000000001,0.16,-6.811184200154335e-19,0.9736363636363637,0.015000000000000001,0.011363636363636364,0.04666666666666667,0.9388405797101449,0.014492753623188406,0.09359999999999999,0.2,0.7064
z_plus_zsmooth,z_plus_zsmooth__LOGIT_return_sortino_vs_bond__cash_allowed__g3p0__tau1p0__c0p001__phl6p0__l10p0005,LOGIT,return_sortino_vs_bond,cash_allowed,345,1996-02-29,2024-10-31,0.04300134082202774,0.0691960180915681,0.6214424183357407,-0.14858036334071845,-0.06669037752739455,320.75072388874906,0.03240579710144927,0.38886956521739124,3.240579710144928e-05,0.00038886956521739136,0.3525217391304348,0.5703768115942028,0.07710144927536229,3.0,1.0,0.001,6.0,36.0,z_plus_zsmooth__LOGIT_return_sortino_vs_bond__cash_allowed__g3p0__tau1p0__c0p001__phl6p0__l10p0005,z_plus_zsmooth,0.0005,0.0015,1.0,200,74,50,21,0.39730000000000004,0.6021,0.0005999999999999713,0.565135135135135,0.31405405405405407,0.12081081081081078,0.0032,0.9968,0.0,0.008571428571428572,0.1561904761904762,0.8352380952380952
z_plus_zsmooth,z_plus_zsmooth__RF_return_sortino_vs_bond__cash_allowed__g2p0__tau1p0__c0p001__phl3p0__l10p0,RF,return_sortino_vs_bond,cash_allowed,345,1996-02-29,2024-10-31,0.04694698451908259,0.07557489731044362,0.6211981251689378,-0.1711528849554057,-0.07617581418868495,354.32225879888546,0.04556521739130435,0.5467826086956522,4.556521739130434e-05,0.000546782608695652,0.42127536231884066,0.5184927536231884,0.060231884057971016,2.0,1.0,0.001,3.0,36.0,z_plus_zsmooth__RF_return_sortino_vs_bond__cash_allowed__g2p0__tau1p0__c0p001__phl3p0__l10p0,z_plus_zsmooth,0.0,0.001,1.0,190,72,66,17,0.5161052631578946,0.4838947368421053,-1.5082964117440448e-17,0.6544444444444445,0.27055555555555555,0.075,0.0012121212121212121,0.9987878787878788,0.0,0.004705882352941177,0.09058823529411765,0.9047058823529412
z_smooth_only,z_smooth_only__RF_return_sortino_vs_bond__cash_allowed__g2p0__tau1p0__c0p0005__phl3p0__l10p0005,RF,return_sortino_vs_bond,cash_allowed,345,1996-02-29,2024-10-31,0.052973916454622086,0.08531744240588333,0.6209037092627274,-0.1715565997373354,-0.08791147455895132,411.6291474689943,0.04904347826086956,0.5885217391304347,2.4521739130434782e-05,0.0002942608695652174,0.47240579710144925,0.45947826086956517,0.0681159420289855,2.0,1.0,0.0005,3.0,36.0,z_smooth_only__RF_return_sortino_vs_bond__cash_allowed__g2p0__tau1p0__c0p0005__phl3p0__l10p0005,z_smooth_only,0.0005,0.001,1.0,178,82,67,18,0.5725842696629213,0.42741573033707875,-2.155735016213875e-17,0.7419512195121951,0.18121951219512195,0.07682926829268291,0.0,1.0,0.0,0.012222222222222225,0.03222222222222222,0.9555555555555555
z_smooth_only,z_smooth_only__LOGIT_return_sortino_vs_bond__cash_allowed__g0p25__tau1p0__c0p0025__phl0p0__l10p0005,LOGIT,return_sortino_vs_bond,cash_allowed,345,1996-02-29,2024-10-31,0.06548760534648723,0.10551297055430992,0.6206592895873334,-0.2038659070522829,-0.111724,556.7282370522839,0.09217391304347826,1.106086956521739,0.00023043478260869569,0.0027652173913043482,0.6704927536231884,0.25878260869565217,0.07072463768115941,0.25,1.0,0.0025,0.0,36.0,z_smooth_only__LOGIT_return_sortino_vs_bond__cash_allowed__g0p25__tau1p0__c0p0025__phl0p0__l10p0005,z_smooth_only,0.0005,0.003,2.0,149,107,55,34,0.828724832214765,0.16456375838926177,0.006711409395973153,0.9742056074766356,0.025794392523364483,0.0,0.01818181818181818,0.9636363636363636,0.01818181818181818,0.07647058823529412,0.2647058823529412,0.6588235294117647
z_smooth_only,z_smooth_only__LOGIT_return_sortino_vs_bond__cash_allowed__g0p5__tau1p0__c0p001__phl3p0__l10p0005,LOGIT,return_sortino_vs_bond,cash_allowed,345,1996-02-29,2024-10-31,0.07374712796630468,0.1188951418334034,0.6202703224799513,-0.20459859096069166,-0.11272401373865133,675.98426698448,0.04823188405797102,0.5787826086956522,4.823188405797102e-05,0.0005787826086956523,0.7220289855072464,0.21356521739130438,0.06440579710144927,0.5,1.0,0.001,3.0,36.0,z_smooth_only__LOGIT_return_sortino_vs_bond__cash_allowed__g0p5__tau1p0__c0p001__phl3p0__l10p0005,z_smooth_only,0.0005,0.0015,1.92,148,118,49,30,0.8910810810810811,0.10891891891891893,-7.032662740446516e-19,0.9627118644067796,0.02169491525423729,0.015593220338983051,0.04081632653061224,0.9591836734693877,-5.664403186863043e-19,0.054000000000000006,0.26666666666666666,0.6793333333333335
z_smooth_only,z_smooth_only__RF_return_sortino_vs_bond__cash_allowed__g0p5__tau1p0__c0p001__phl0p0__l10p001,RF,return_sortino_vs_bond,cash_allowed,345,1996-02-29,2024-10-31,0.06302343287629747,0.10180945168163139,0.6190332217226571,-0.20851047329318673,-0.10028339738820172,524.7492946890534,0.08359420289855071,1.0031304347826087,8.359420289855073e-05,0.0010031304347826089,0.6417391304347826,0.300231884057971,0.058028985507246375,0.5,1.0,0.001,0.0,36.0,z_smooth_only__RF_return_sortino_vs_bond__cash_allowed__g0p5__tau1p0__c0p001__phl0p0__l10p001,z_smooth_only,0.001,0.002,1.88,163,88,69,25,0.8079754601226993,0.19202453987730062,-2.894753285065592e-18,0.9652272727272727,0.021363636363636366,0.013409090909090905,0.03768115942028986,0.9478260869565218,0.014492753623188403,0.0864,0.2,0.7136
z_smooth_only,z_smooth_only__LOGIT_return_sortino_vs_bond__cash_allowed__g3p0__tau1p0__c0p0005__phl3p0__l10p0,LOGIT,return_sortino_vs_bond,cash_allowed,345,1996-02-29,2024-10-31,0.04772327233145728,0.07726784303177346,0.6176343283173169,-0.12903509857268047,-0.07251755554567582,361.0123094496017,0.0822608695652174,0.9871304347826089,4.11304347826087e-05,0.0004935652173913045,0.4498550724637681,0.4474202898550725,0.10272463768115941,3.0,1.0,0.0005,3.0,36.0,z_smooth_only__LOGIT_return_sortino_vs_bond__cash_allowed__g3p0__tau1p0__c0p0005__phl3p0__l10p0,z_smooth_only,0.0,0.0005,1.0,148,118,49,30,0.47297297297297297,0.527027027027027,-1.80270588246779e-17,0.721186440677966,0.16813559322033897,0.11067796610169489,0.0008163265306122449,0.9991836734693877,0.0,0.002,0.252,0.746
z_smooth_only,z_smooth_only__RF_return_sortino_vs_bond__cash_allowed__g2p0__tau1p0__c0p001__phl3p0__l10p0,RF,return_sortino_vs_bond,cash_allowed,345,1996-02-29,2024-10-31,0.05267965558505687,0.08532913931250725,0.6173700568117094,-0.17177789218384532,-0.08791647455895132,408.1637673018693,0.04904347826086956,0.5885217391304347,4.9043478260869565e-05,0.0005885217391304348,0.47240579710144925,0.45947826086956517,0.0681159420289855,2.0,1.0,0.001,3.0,36.0,z_smooth_only__RF_return_sortino_vs_bond__cash_allowed__g2p0__tau1p0__c0p001__phl3p0__l10p0,z_smooth_only,0.0,0.001,1.0,178,82,67,18,0.5725842696629213,0.42741573033707875,-2.155735016213875e-17,0.7419512195121951,0.18121951219512195,0.07682926829268291,0.0,1.0,0.0,0.012222222222222225,0.03222222222222222,0.9555555555555555
z_smooth_only,z_smooth_only__LOGIT_return_sortino_vs_bond__cash_allowed__g1p0__tau3p0__c0p001__phl0p0__l10p0,LOGIT,return_sortino_vs_bond,cash_allowed,345,1996-02-29,2024-10-31,0.06209676854273455,0.10061315938439767,0.6171833676894163,-0.20319350045081208,-0.11095075000000001,512.6968143432093,0.09576811594202898,1.1492173913043477,9.576811594202899e-05,0.001149217391304348,0.6183188405797101,0.30179710144927535,0.0798840579710145,1.0,3.0,0.001,0.0,36.0,z_smooth_only__LOGIT_return_sortino_vs_bond__cash_allowed__g1p0__tau3p0__c0p001__phl0p0__l10p0,z_smooth_only,0.0,0.003,2.0,149,107,55,34,0.7402684563758388,0.2530201342281879,0.006711409395973151,0.9454205607476636,0.03457943925233645,0.019999999999999997,0.005090909090909091,0.9767272727272727,0.01818181818181818,0.04647058823529412,0.2647058823529412,0.6888235294117647
z_smooth_only,z_smooth_only__LOGIT_return_sortino_vs_bond__cash_allowed__g2p0__tau1p0__c0p0005__phl3p0__l10p0005,LOGIT,return_sortino_vs_bond,cash_allowed,345,1996-02-29,2024-10-31,0.057463833096454864,0.09313801473260441,0.6169750693251437,-0.1633682353450001,-0.09233749999999999,458.80714721374017,0.06979710144927535,0.8375652173913042,3.4898550724637684e-05,0.0004187826086956522,0.5580289855072463,0.3606956521739131,0.08127536231884058,2.0,1.0,0.0005,3.0,36.0,z_smooth_only__LOGIT_return_sortino_vs_bond__cash_allowed__g2p0__tau1p0__c0p0005__phl3p0__l10p0005,z_smooth_only,0.0005,0.001,1.0,148,118,49,30,0.5991891891891892,0.4008108108108108,-7.548391341412594e-18,0.8757627118644068,0.07101694915254238,0.05322033898305085,0.005306122448979592,0.9946938775510203,-2.2657612747452172e-18,0.008,0.26666666666666666,0.7253333333333333
z_smooth_only,z_smooth_only__RF_return_sortino_vs_bond__cash_allowed__g0p25__tau1p0__c0p001__phl0p0__l10p001,RF,return_sortino_vs_bond,cash_allowed,345,1996-02-29,2024-10-31,0.06552737939792837,0.10621925571792018,0.6169067835679937,-0.22365554568593282,-0.10486400000000001,556.3053139845063,0.08266666666666667,0.992,8.266666666666667e-05,0.000992,0.6613333333333333,0.2816811594202899,0.05698550724637681,0.25,1.0,0.001,0.0,36.0,z_smooth_only__RF_return_sortino_vs_bond__cash_allowed__g0p25__tau1p0__c0p001__phl0p0__l10p001,z_smooth_only,0.001,0.002,2.0,163,88,69,25,0.8400000000000001,0.16,-6.811184200154335e-19,0.9736363636363637,0.015000000000000001,0.011363636363636364,0.04666666666666667,0.9388405797101449,0.014492753623188406,0.09359999999999999,0.2,0.7064
z_plus_zsmooth,z_plus_zsmooth__RF_return_sortino_vs_bond__cash_allowed__g1p0__tau3p0__c0p0005__phl0p0__l10p0005,RF,return_sortino_vs_bond,cash_allowed,345,1996-02-29,2024-10-31,0.06076733113094591,0.09852583082999858,0.6167654778349132,-0.18640423565453534,-0.0986315,496.72689324517177,0.08626086956521739,1.0351304347826087,4.3130434782608695e-05,0.0005175652173913044,0.6204057971014494,0.32028985507246377,0.059304347826086956,1.0,3.0,0.0005,0.0,36.0,z_plus_zsmooth__RF_return_sortino_vs_bond__cash_allowed__g1p0__tau3p0__c0p0005__phl0p0__l10p0005,z_plus_zsmooth,0.0005,0.002,1.88,165,83,72,25,0.7832727272727273,0.2167272727272727,-2.6704228054430847e-18,0.9534939759036145,0.028915662650602414,0.01759036144578313,0.05138888888888889,0.9486111111111113,0.0,0.0784,0.1616,0.76
z_smooth_only,z_smooth_only__LOGIT_return_sortino_vs_bond__cash_allowed__g0p5__tau1p0__c0p0025__phl0p0__l10p0005,LOGIT,return_sortino_vs_bond,cash_allowed,345,1996-02-29,2024-10-31,0.06368262971693767,0.10327125942655678,0.6166539468052745,-0.2042392909876778,-0.11095075000000001,532.3333348611038,0.09484057971014492,1.138086956521739,0.00023710144927536236,0.0028452173913043484,0.6533333333333334,0.2742608695652174,0.07240579710144927,0.5,1.0,0.0025,0.0,36.0,z_smooth_only__LOGIT_return_sortino_vs_bond__cash_allowed__g0p5__tau1p0__c0p0025__phl0p0__l10p0005,z_smooth_only,0.0005,0.003,2.0,149,107,55,34,0.7974496644295302,0.19583892617449666,0.0067114093959731525,0.9704672897196261,0.028411214953271025,0.001121495327102803,0.010909090909090908,0.9709090909090908,0.01818181818181818,0.06294117647058822,0.2647058823529412,0.6723529411764706
z_plus_zsmooth,z_plus_zsmooth__RF_return_sortino_vs_bond__cash_allowed__g1p0__tau3p0__c0p0005__phl0p0__l10p001,RF,return_sortino_vs_bond,cash_allowed,345,1996-02-29,2024-10-31,0.058751146512495155,0.09558287443609702,0.6146618508713491,-0.21482572602615013,-0.0986315,472.7432523664995,0.07176811594202899,0.8612173913043479,3.5884057971014495e-05,0.00043060869565217396,0.5857971014492753,0.3536811594202898,0.06052173913043479,1.0,3.0,0.0005,0.0,36.0,z_plus_zsmooth__RF_return_sortino_vs_bond__cash_allowed__g1p0__tau3p0__c0p0005__phl0p0__l10p001,z_plus_zsmooth,0.001,0.0025,1.4,165,83,72,25,0.721090909090909,0.2789090909090909,-1.1228391953595333e-17,0.9139759036144578,0.06313253012048194,0.02289156626506024,0.07277777777777777,0.9272222222222221,0.0,0.0808,0.16,0.7592
z_plus_zsmooth,z_plus_zsmooth__RF_return_sortino_vs_bond__cash_allowed__g1p0__tau5p0__c0p0005__phl0p0__l10p0,RF,return_sortino_vs_bond,cash_allowed,345,1996-02-29,2024-10-31,0.058751146512495155,0.09558287443609702,0.6146618508713491,-0.21482572602615013,-0.0986315,472.7432523664995,0.07176811594202899,0.8612173913043479,3.5884057971014495e-05,0.00043060869565217396,0.5857971014492753,0.3536811594202898,0.06052173913043479,1.0,5.0,0.0005,0.0,36.0,z_plus_zsmooth__RF_return_sortino_vs_bond__cash_allowed__g1p0__tau5p0__c0p0005__phl0p0__l10p0,z_plus_zsmooth,0.0,0.0025,1.4,165,83,72,25,0.721090909090909,0.2789090909090909,-1.1228391953595333e-17,0.9139759036144578,0.06313253012048194,0.02289156626506024,0.07277777777777777,0.9272222222222221,0.0,0.0808,0.16,0.7592
z_plus_zsmooth,z_plus_zsmooth__LOGIT_return_sortino_vs_bond__cash_allowed__g0p5__tau1p0__c0p0005__phl6p0__l10p001,LOGIT,return_sortino_vs_bond,cash_allowed,345,1996-02-29,2024-10-31,0.07137306674872304,0.11626917108358611,0.6138606311849665,-0.2700305337947526,-0.11654600000000001,636.8416346082561,0.03489855072463768,0.4187826086956521,1.7449275362318842e-05,0.0002093913043478261,0.7008695652173913,0.2427246376811594,0.05640579710144928,0.5,1.0,0.0005,6.0,36.0,z_plus_zsmooth__LOGIT_return_sortino_vs_bond__cash_allowed__g0p5__tau1p0__c0p0005__phl6p0__l10p001,z_plus_zsmooth,0.001,0.0015,1.08,200,74,50,21,0.8369000000000001,0.1631,-1.2143064331837649e-18,0.9770270270270272,0.0,0.022972972972972974,0.0176,0.9824,-1.1102230246251566e-18,0.05904761904761905,0.09523809523809523,0.8457142857142856
z_plus_zsmooth,z_plus_zsmooth__LOGIT_return_sortino_vs_bond__cash_allowed__g0p5__tau3p0__c0p0005__phl6p0__l10p0,LOGIT,return_sortino_vs_bond,cash_allowed,345,1996-02-29,2024-10-31,0.07137306674872304,0.11626917108358611,0.6138606311849665,-0.2700305337947526,-0.11654600000000001,636.8416346082561,0.03489855072463768,0.4187826086956521,1.7449275362318842e-05,0.0002093913043478261,0.7008695652173913,0.2427246376811594,0.05640579710144928,0.5,3.0,0.0005,6.0,36.0,z_plus_zsmooth__LOGIT_return_sortino_vs_bond__cash_allowed__g0p5__tau3p0__c0p0005__phl6p0__l10p0,z_plus_zsmooth,0.0,0.0015,1.08,200,74,50,21,0.8369000000000001,0.1631,-1.2143064331837649e-18,0.9770270270270272,0.0,0.022972972972972974,0.0176,0.9824,-1.1102230246251566e-18,0.05904761904761905,0.09523809523809523,0.8457142857142856
z_smooth_only,z_smooth_only__LOGIT_return_sortino_vs_bond__cash_allowed__g2p0__tau1p0__c0p001__phl3p0__l10p0,LOGIT,return_sortino_vs_bond,cash_allowed,345,1996-02-29,2024-10-31,0.057045050487759215,0.09314428094709844,0.6124374991971661,-0.1633682353450001,-0.0923875,453.3320843654994,0.06979710144927535,0.8375652173913042,6.979710144927537e-05,0.0008375652173913044,0.5580289855072463,0.3606956521739131,0.08127536231884058,2.0,1.0,0.001,3.0,36.0,z_smooth_only__LOGIT_return_sortino_vs_bond__cash_allowed__g2p0__tau1p0__c0p001__phl3p0__l10p0,z_smooth_only,0.0,0.001,1.0,148,118,49,30,0.5991891891891892,0.4008108108108108,-7.548391341412594e-18,0.8757627118644068,0.07101694915254238,0.05322033898305085,0.005306122448979592,0.9946938775510203,-2.2657612747452172e-18,0.008,0.26666666666666666,0.7253333333333333
z_plus_zsmooth,z_plus_zsmooth__LOGIT_return_sortino_vs_bond__cash_allowed__g0p5__tau1p0__c0p001__phl6p0__l10p0005,LOGIT,return_sortino_vs_bond,cash_allowed,345,1996-02-29,2024-10-31,0.07116367544437521,0.11626824921126672,0.6120645655811531,-0.27003053379475284,-0.11654600000000001,633.0422872657434,0.03489855072463768,0.4187826086956521,3.4898550724637684e-05,0.0004187826086956522,0.7008695652173913,0.2427246376811594,0.05640579710144928,0.5,1.0,0.001,6.0,36.0,z_plus_zsmooth__LOGIT_return_sortino_vs_bond__cash_allowed__g0p5__tau1p0__c0p001__phl6p0__l10p0005,z_plus_zsmooth,0.0005,0.0015,1.08,200,74,50,21,0.8369000000000001,0.1631,-1.2143064331837649e-18,0.9770270270270272,0.0,0.022972972972972974,0.0176,0.9824,-1.1102230246251566e-18,0.05904761904761905,0.09523809523809523,0.8457142857142856
z_plus_zsmooth,z_plus_zsmooth__LOGIT_return_sortino_vs_bond__cash_allowed__g0p5__tau3p0__c0p0005__phl6p0__l10p0005,LOGIT,return_sortino_vs_bond,cash_allowed,345,1996-02-29,2024-10-31,0.07088962457134762,0.11586697497142025,0.6118190674161749,-0.2700305337947526,-0.11654600000000001,629.139243878379,0.03188405797101449,0.3826086956521739,1.5942028985507246e-05,0.00019130434782608694,0.6532753623188405,0.2900869565217391,0.056637681159420285,0.5,3.0,0.0005,6.0,36.0,z_plus_zsmooth__LOGIT_return_sortino_vs_bond__cash_allowed__g0p5__tau3p0__c0p0005__phl6p0__l10p0005,z_plus_zsmooth,0.0005,0.002,1.0,200,74,50,21,0.7465,0.2535,-1.0234868508263161e-18,0.9675675675675675,0.0,0.032432432432432434,0.0524,0.9475999999999999,0.0,0.08857142857142858,0.09523809523809523,0.8161904761904762
z_plus_zsmooth,z_plus_zsmooth__RF_return_sortino_vs_bond__cash_allowed__g1p0__tau1p0__c0p001__phl0p0__l10p001,RF,return_sortino_vs_bond,cash_allowed,345,1996-02-29,2024-10-31,0.060249765913554604,0.09852289389398736,0.6115306151926939,-0.1875495727206471,-0.0986315,489.42953780571276,0.08626086956521739,1.0351304347826087,8.626086956521739e-05,0.0010351304347826088,0.6204057971014494,0.32028985507246377,0.059304347826086956,1.0,1.0,0.001,0.0,36.0,z_plus_zsmooth__RF_return_sortino_vs_bond__cash_allowed__g1p0__tau1p0__c0p001__phl0p0__l10p001,z_plus_zsmooth,0.001,0.002,1.88,165,83,72,25,0.7832727272727273,0.2167272727272727,-2.6704228054430847e-18,0.9534939759036145,0.028915662650602414,0.01759036144578313,0.05138888888888889,0.9486111111111113,0.0,0.0784,0.1616,0.76
z_smooth_only,z_smooth_only__LOGIT_return_sortino_vs_bond__cash_allowed__g1p0__tau3p0__c0p0005__phl3p0__l10p0025,LOGIT,return_sortino_vs_bond,cash_allowed,345,1996-02-29,2024-10-31,0.062343973790091045,0.10200225667529446,0.6112019069200761,-0.2647097048290896,-0.10915437912883776,514.5453736976864,0.02539130434782609,0.3046956521739131,1.2695652173913043e-05,0.00015234782608695651,0.5020869565217391,0.4295652173913044,0.06834782608695651,1.0,3.0,0.0005,3.0,36.0,z_smooth_only__LOGIT_return_sortino_vs_bond__cash_allowed__g1p0__tau3p0__c0p0005__phl3p0__l10p0025,z_smooth_only,0.0025,0.004,1.0,148,118,49,30,0.5613513513513513,0.43702702702702706,0.0016216216216216077,0.6730508474576271,0.2950847457627119,0.03186440677966101,0.15632653061224488,0.8224489795918369,0.02122448979591837,0.10200000000000001,0.28,0.618
z_smooth_only,z_smooth_only__LOGIT_return_sortino_vs_bond__cash_allowed__g0p5__tau3p0__c0p0005__phl3p0__l10p0005,LOGIT,return_sortino_vs_bond,cash_allowed,345,1996-02-29,2024-10-31,0.0690572578246283,0.11318264422931759,0.6101399935904701,-0.22718292352169567,-0.10998821704172154,602.3495451426382,0.04695652173913043,0.5634782608695652,2.3478260869565215e-05,0.0002817391304347826,0.691768115942029,0.24568115942028984,0.06255072463768116,0.5,3.0,0.0005,3.0,36.0,z_smooth_only__LOGIT_return_sortino_vs_bond__cash_allowed__g0p5__tau3p0__c0p0005__phl3p0__l10p0005,z_smooth_only,0.0005,0.002,1.84,148,118,49,30,0.8204054054054053,0.1781081081081081,0.0014864864864864826,0.9483050847457628,0.03677966101694915,0.014915254237288136,0.060000000000000005,0.9400000000000001,0.0,0.08,0.26666666666666666,0.6533333333333334
z_plus_zsmooth,z_plus_zsmooth__LOGIT_return_sortino_vs_bond__cash_allowed__g0p5__tau1p0__c0p001__phl6p0__l10p001,LOGIT,return_sortino_vs_bond,cash_allowed,345,1996-02-29,2024-10-31,0.07069832022352154,0.11587573926809304,0.6101218483702797,-0.27003053379475284,-0.11654600000000001,625.6896600215559,0.03188405797101449,0.3826086956521739,3.188405797101449e-05,0.0003826086956521739,0.6532753623188405,0.2900869565217391,0.056637681159420285,0.5,1.0,0.001,6.0,36.0,z_plus_zsmooth__LOGIT_return_sortino_vs_bond__cash_allowed__g0p5__tau1p0__c0p001__phl6p0__l10p001,z_plus_zsmooth,0.001,0.002,1.0,200,74,50,21,0.7465,0.2535,-1.0234868508263161e-18,0.9675675675675675,0.0,0.032432432432432434,0.0524,0.9475999999999999,0.0,0.08857142857142858,0.09523809523809523,0.8161904761904762
z_smooth_only,z_smooth_only__LOGIT_return_sortino_vs_bond__cash_allowed__g1p0__tau3p0__c0p001__phl3p0__l10p001,LOGIT,return_sortino_vs_bond,cash_allowed,345,1996-02-29,2024-10-31,0.06219162596400408,0.10200562161383339,0.6096882209045822,-0.26474888330612145,-0.10915437912883776,512.3021418382264,0.02539130434782609,0.3046956521739131,2.5391304347826087e-05,0.00030469565217391303,0.5020869565217391,0.4295652173913044,0.06834782608695651,1.0,3.0,0.001,3.0,36.0,z_smooth_only__LOGIT_return_sortino_vs_bond__cash_allowed__g1p0__tau3p0__c0p001__phl3p0__l10p001,z_smooth_only,0.001,0.004,1.0,148,118,49,30,0.5613513513513513,0.43702702702702706,0.0016216216216216077,0.6730508474576271,0.2950847457627119,0.03186440677966101,0.15632653061224488,0.8224489795918369,0.02122448979591837,0.10200000000000001,0.28,0.618
z_smooth_only,z_smooth_only__LOGIT_return_sortino_vs_bond__cash_allowed__g1p0__tau3p0__c0p0005__phl3p0__l10p0005,LOGIT,return_sortino_vs_bond,cash_allowed,345,1996-02-29,2024-10-31,0.060846562480004515,0.10000248290519777,0.608450517550519,-0.19645866341183182,-0.104225,495.74871282837256,0.051130434782608696,0.6135652173913043,2.5565217391304346e-05,0.00030678260869565217,0.6020289855072464,0.32684057971014496,0.07113043478260869,1.0,3.0,0.0005,3.0,36.0,z_smooth_only__LOGIT_return_sortino_vs_bond__cash_allowed__g1p0__tau3p0__c0p0005__phl3p0__l10p0005,z_smooth_only,0.0005,0.002,1.36,148,118,49,30,0.6532432432432433,0.34256756756756757,0.004189189189189188,0.9127118644067798,0.060677966101694916,0.02661016949152542,0.04285714285714286,0.9571428571428573,-2.2657612747452172e-18,0.04066666666666666,0.26666666666666666,0.6926666666666667
z_plus_zsmooth,z_plus_zsmooth__LOGIT_return_sortino_vs_bond__cash_allowed__g1p0__tau1p0__c0p0005__phl3p0__l10p0005,LOGIT,return_sortino_vs_bond,cash_allowed,345,1996-02-29,2024-10-31,0.06444753922720059,0.10592373246672185,0.6084334239963469,-0.18673337887615438,-0.10202781869325663,540.1181205620619,0.07107246376811593,0.8528695652173912,3.553623188405797e-05,0.0004264347826086956,0.6547826086956522,0.2793623188405797,0.06585507246376811,1.0,1.0,0.0005,3.0,36.0,z_plus_zsmooth__LOGIT_return_sortino_vs_bond__cash_allowed__g1p0__tau1p0__c0p0005__phl3p0__l10p0005,z_plus_zsmooth,0.0005,0.001,1.68,175,92,48,30,0.7874285714285715,0.21257142857142858,-6.740639792367022e-19,0.9569565217391304,0.0241304347826087,0.018913043478260866,0.0,1.0,0.0,0.002,0.2986666666666667,0.6993333333333334
z_smooth_only,z_smooth_only__LOGIT_return_sortino_vs_bond__cash_allowed__g0p5__tau1p0__c0p001__phl3p0__l10p001,LOGIT,return_sortino_vs_bond,cash_allowed,345,1996-02-29,2024-10-31,0.06877551869419353,0.11318560289351903,0.6076348664140179,-0.2279602208656466,-0.10998821704172154,597.510619926073,0.04695652173913043,0.5634782608695652,4.695652173913043e-05,0.0005634782608695652,0.691768115942029,0.24568115942028984,0.06255072463768116,0.5,1.0,0.001,3.0,36.0,z_smooth_only__LOGIT_return_sortino_vs_bond__cash_allowed__g0p5__tau1p0__c0p001__phl3p0__l10p001,z_smooth_only,0.001,0.002,1.84,148,118,49,30,0.8204054054054053,0.1781081081081081,0.0014864864864864826,0.9483050847457628,0.03677966101694915,0.014915254237288136,0.060000000000000005,0.9400000000000001,0.0,0.08,0.26666666666666666,0.6533333333333334
z_smooth_only,z_smooth_only__LOGIT_return_sortino_vs_bond__cash_allowed__g0p5__tau1p0__c0p0005__phl6p0__l10p001,LOGIT,return_sortino_vs_bond,cash_allowed,345,1996-02-29,2024-10-31,0.07134057095528866,0.11758333267923915,0.6067234983881754,-0.2700305337947526,-0.11654600000000001,633.658286028113,0.03350724637681159,0.4020869565217391,1.6753623188405797e-05,0.00020104347826086958,0.6995942028985508,0.24504347826086953,0.05536231884057972,0.5,1.0,0.0005,6.0,36.0,z_smooth_only__LOGIT_return_sortino_vs_bond__cash_allowed__g0p5__tau1p0__c0p0005__phl6p0__l10p001,z_smooth_only,0.001,0.0015,1.0,172,101,48,24,0.8338372093023256,0.16616279069767442,-7.987796470776926e-18,0.9390099009900991,0.04930693069306931,0.011683168316831683,0.04208333333333334,0.9579166666666667,-2.3129646346357427e-18,0.045000000000000005,0.20833333333333334,0.7466666666666667
z_smooth_only,z_smooth_only__LOGIT_return_sortino_vs_bond__cash_allowed__g0p5__tau3p0__c0p0005__phl6p0__l10p0,LOGIT,return_sortino_vs_bond,cash_allowed,345,1996-02-29,2024-10-31,0.07134057095528866,0.11758333267923915,0.6067234983881754,-0.2700305337947526,-0.11654600000000001,633.658286028113,0.03350724637681159,0.4020869565217391,1.6753623188405797e-05,0.00020104347826086958,0.6995942028985508,0.24504347826086953,0.05536231884057972,0.5,3.0,0.0005,6.0,36.0,z_smooth_only__LOGIT_return_sortino_vs_bond__cash_allowed__g0p5__tau3p0__c0p0005__phl6p0__l10p0,z_smooth_only,0.0,0.0015,1.0,172,101,48,24,0.8338372093023256,0.16616279069767442,-7.987796470776926e-18,0.9390099009900991,0.04930693069306931,0.011683168316831683,0.04208333333333334,0.9579166666666667,-2.3129646346357427e-18,0.045000000000000005,0.20833333333333334,0.7466666666666667
z_smooth_only,z_smooth_only__LOGIT_return_sortino_vs_bond__cash_allowed__g1p0__tau1p0__c0p001__phl3p0__l10p001,LOGIT,return_sortino_vs_bond,cash_allowed,345,1996-02-29,2024-10-31,0.060539779871308846,0.10000790736835159,0.6053499314641914,-0.1972770884303935,-0.104225,491.40762659794433,0.051130434782608696,0.6135652173913043,5.113043478260869e-05,0.0006135652173913043,0.6020289855072464,0.32684057971014496,0.07113043478260869,1.0,1.0,0.001,3.0,36.0,z_smooth_only__LOGIT_return_sortino_vs_bond__cash_allowed__g1p0__tau1p0__c0p001__phl3p0__l10p001,z_smooth_only,0.001,0.002,1.36,148,118,49,30,0.6532432432432433,0.34256756756756757,0.004189189189189188,0.9127118644067798,0.060677966101694916,0.02661016949152542,0.04285714285714286,0.9571428571428573,-2.2657612747452172e-18,0.04066666666666666,0.26666666666666666,0.6926666666666667
z_smooth_only,z_smooth_only__LOGIT_return_sortino_vs_bond__cash_allowed__g0p5__tau1p0__c0p001__phl6p0__l10p0005,LOGIT,return_sortino_vs_bond,cash_allowed,345,1996-02-29,2024-10-31,0.07113952747702779,0.11759073181232241,0.6049756335437061,-0.27003053379475284,-0.11654600000000001,630.0107981057656,0.03350724637681159,0.4020869565217391,3.3507246376811594e-05,0.00040208695652173916,0.6995942028985508,0.24504347826086953,0.05536231884057972,0.5,1.0,0.001,6.0,36.0,z_smooth_only__LOGIT_return_sortino_vs_bond__cash_allowed__g0p5__tau1p0__c0p001__phl6p0__l10p0005,z_smooth_only,0.0005,0.0015,1.0,172,101,48,24,0.8338372093023256,0.16616279069767442,-7.987796470776926e-18,0.9390099009900991,0.04930693069306931,0.011683168316831683,0.04208333333333334,0.9579166666666667,-2.3129646346357427e-18,0.045000000000000005,0.20833333333333334,0.7466666666666667
z_plus_zsmooth,z_plus_zsmooth__LOGIT_return_sortino_vs_bond__cash_allowed__g1p0__tau1p0__c0p001__phl3p0__l10p0,LOGIT,return_sortino_vs_bond,cash_allowed,345,1996-02-29,2024-10-31,0.0640211044445919,0.10591641895568996,0.6044492919589273,-0.1881629862267702,-0.10208281869325662,533.5783508488028,0.07107246376811593,0.8528695652173912,7.107246376811594e-05,0.0008528695652173913,0.6547826086956522,0.2793623188405797,0.06585507246376811,1.0,1.0,0.001,3.0,36.0,z_plus_zsmooth__LOGIT_return_sortino_vs_bond__cash_allowed__g1p0__tau1p0__c0p001__phl3p0__l10p0,z_plus_zsmooth,0.0,0.001,1.68,175,92,48,30,0.7874285714285715,0.21257142857142858,-6.740639792367022e-19,0.9569565217391304,0.0241304347826087,0.018913043478260866,0.0,1.0,0.0,0.002,0.2986666666666667,0.6993333333333334
z_plus_zsmooth,z_plus_zsmooth__LOGIT_return_sortino_vs_bond__cash_allowed__g2p0__tau3p0__c0p0005__phl3p0__l10p001,LOGIT,return_sortino_vs_bond,cash_allowed,345,1996-02-29,2024-10-31,0.05314399718313423,0.08801411773539287,0.6038121900273684,-0.21304076053915644,-0.08984824999999999,410.92929712543247,0.044405797101449276,0.5328695652173914,2.220289855072464e-05,0.0002664347826086957,0.4480579710144928,0.4747246376811594,0.07721739130434782,2.0,3.0,0.0005,3.0,36.0,z_plus_zsmooth__LOGIT_return_sortino_vs_bond__cash_allowed__g2p0__tau3p0__c0p0005__phl3p0__l10p001,z_plus_zsmooth,0.001,0.0025,1.08,175,92,48,30,0.48800000000000004,0.5081142857142857,0.0038857142857142662,0.7367391304347828,0.20782608695652174,0.05543478260869565,0.015833333333333335,0.9841666666666665,-2.3129646346357427e-18,0.021333333333333333,0.2833333333333333,0.6953333333333334
z_plus_zsmooth,z_plus_zsmooth__LOGIT_return_sortino_vs_bond__cash_allowed__g2p0__tau5p0__c0p0005__phl3p0__l10p0,LOGIT,return_sortino_vs_bond,cash_allowed,345,1996-02-29,2024-10-31,0.05314399718313423,0.08801411773539287,0.6038121900273684,-0.21304076053915644,-0.08984824999999999,410.92929712543247,0.044405797101449276,0.5328695652173914,2.220289855072464e-05,0.0002664347826086957,0.4480579710144928,0.4747246376811594,0.07721739130434782,2.0,5.0,0.0005,3.0,36.0,z_plus_zsmooth__LOGIT_return_sortino_vs_bond__cash_allowed__g2p0__tau5p0__c0p0005__phl3p0__l10p0,z_plus_zsmooth,0.0,0.0025,1.08,175,92,48,30,0.48800000000000004,0.5081142857142857,0.0038857142857142662,0.7367391304347828,0.20782608695652174,0.05543478260869565,0.015833333333333335,0.9841666666666665,-2.3129646346357427e-18,0.021333333333333333,0.2833333333333333,0.6953333333333334
z_plus_zsmooth,z_plus_zsmooth__LOGIT_return_sortino_vs_bond__cash_allowed__g2p0__tau1p0__c0p0005__phl6p0__l10p0,LOGIT,return_sortino_vs_bond,cash_allowed,345,1996-02-29,2024-10-31,0.05539542933137126,0.09175271530075343,0.6037470297177829,-0.20318580424778276,-0.0904724399006292,433.98626189313,0.05884057971014493,0.7060869565217391,2.9420289855072466e-05,0.0003530434782608696,0.5339130434782609,0.38979710144927543,0.07628985507246376,2.0,1.0,0.0005,6.0,36.0,z_plus_zsmooth__LOGIT_return_sortino_vs_bond__cash_allowed__g2p0__tau1p0__c0p0005__phl6p0__l10p0,z_plus_zsmooth,0.0,0.0005,1.0,200,74,50,21,0.6112,0.3888,-8.066464163292154e-18,0.8362162162162162,0.06378378378378378,0.09999999999999998,0.0,1.0,0.0,0.0038095238095238095,0.09523809523809523,0.9009523809523811
z_plus_zsmooth,z_plus_zsmooth__LOGIT_return_sortino_vs_bond__cash_allowed__g0p25__tau1p0__c0p0005__phl6p0__l10p0005,LOGIT,return_sortino_vs_bond,cash_allowed,345,1996-02-29,2024-10-31,0.07235153837827617,0.11989957590364127,0.6034344811729971,-0.2700305337947526,-0.11654600000000001,647.049555923846,0.03791304347826087,0.4549565217391304,1.8956521739130438e-05,0.00022747826086956524,0.7370434782608697,0.21002898550724636,0.05292753623188405,0.25,1.0,0.0005,6.0,36.0,z_plus_zsmooth__LOGIT_return_sortino_vs_bond__cash_allowed__g0p25__tau1p0__c0p0005__phl6p0__l10p0005,z_plus_zsmooth,0.0005,0.001,2.0,200,74,50,21,0.8961000000000001,0.1039,-9.367506770274759e-19,0.9899999999999999,0.0,0.01,0.0064,0.9936,-2.220446049250313e-18,0.07047619047619047,0.09523809523809523,0.8342857142857143
z_plus_zsmooth,z_plus_zsmooth__LOGIT_return_sortino_vs_bond__cash_allowed__g0p5__tau3p0__c0p0005__phl3p0__l10p001,LOGIT,return_sortino_vs_bond,cash_allowed,345,1996-02-29,2024-10-31,0.06353445628802964,0.10549785206948786,0.6022345956975659,-0.2700305337947526,-0.10879589286748909,526.5707996170476,0.04672463768115942,0.560695652173913,2.3362318840579712e-05,0.00028034782608695656,0.6324057971014493,0.3038840579710145,0.06371014492753622,0.5,3.0,0.0005,3.0,36.0,z_plus_zsmooth__LOGIT_return_sortino_vs_bond__cash_allowed__g0p5__tau3p0__c0p0005__phl3p0__l10p001,z_plus_zsmooth,0.001,0.0025,2.0,175,92,48,30,0.7254857142857144,0.27302857142857134,0.0014857142857142788,0.9319565217391306,0.0508695652173913,0.01717391304347826,0.05458333333333334,0.9454166666666666,0.0,0.09533333333333334,0.23333333333333334,0.6713333333333333
z_plus_zsmooth,z_plus_zsmooth__LOGIT_return_sortino_vs_bond__cash_allowed__g0p5__tau5p0__c0p0005__phl3p0__l10p0,LOGIT,return_sortino_vs_bond,cash_allowed,345,1996-02-29,2024-10-31,0.06353445628802964,0.10549785206948786,0.6022345956975659,-0.2700305337947526,-0.10879589286748909,526.5707996170476,0.04672463768115942,0.560695652173913,2.3362318840579712e-05,0.00028034782608695656,0.6324057971014493,0.3038840579710145,0.06371014492753622,0.5,5.0,0.0005,3.0,36.0,z_plus_zsmooth__LOGIT_return_sortino_vs_bond__cash_allowed__g0p5__tau5p0__c0p0005__phl3p0__l10p0,z_plus_zsmooth,0.0,0.0025,2.0,175,92,48,30,0.7254857142857144,0.27302857142857134,0.0014857142857142788,0.9319565217391306,0.0508695652173913,0.01717391304347826,0.05458333333333334,0.9454166666666666,0.0,0.09533333333333334,0.23333333333333334,0.6713333333333333
z_plus_zsmooth,z_plus_zsmooth__LOGIT_return_sortino_vs_bond__cash_allowed__g0p5__tau1p0__c0p0005__phl3p0__l10p0,LOGIT,return_sortino_vs_bond,cash_allowed,345,1996-02-29,2024-10-31,0.06708689558989092,0.11146418583946477,0.6018695160660141,-0.24649820184138016,-0.10793937912883776,572.4244770983383,0.07710144927536232,0.9252173913043478,3.855072463768116e-05,0.0004626086956521739,0.6935072463768116,0.24510144927536232,0.06139130434782609,0.5,1.0,0.0005,3.0,36.0,z_plus_zsmooth__LOGIT_return_sortino_vs_bond__cash_allowed__g0p5__tau1p0__c0p0005__phl3p0__l10p0,z_plus_zsmooth,0.0,0.0005,2.0,175,92,48,30,0.8491428571428571,0.15085714285714286,1.3481279584734044e-18,0.9854347826086957,0.010869565217391304,0.003695652173913043,0.0,1.0,0.0,0.0,0.30533333333333335,0.6946666666666667
z_plus_zsmooth,z_plus_zsmooth__LOGIT_return_sortino_vs_bond__cash_allowed__g0p25__tau1p0__c0p001__phl6p0__l10p0,LOGIT,return_sortino_vs_bond,cash_allowed,345,1996-02-29,2024-10-31,0.0721240601174066,0.11989269530486316,0.6015717632672243,-0.27003053379475284,-0.11654600000000001,642.8698220306015,0.03791304347826087,0.4549565217391304,3.7913043478260876e-05,0.0004549565217391305,0.7370434782608697,0.21002898550724636,0.05292753623188405,0.25,1.0,0.001,6.0,36.0,z_plus_zsmooth__LOGIT_return_sortino_vs_bond__cash_allowed__g0p25__tau1p0__c0p001__phl6p0__l10p0,z_plus_zsmooth,0.0,0.001,2.0,200,74,50,21,0.8961000000000001,0.1039,-9.367506770274759e-19,0.9899999999999999,0.0,0.01,0.0064,0.9936,-2.220446049250313e-18,0.07047619047619047,0.09523809523809523,0.8342857142857143
z_smooth_only,z_smooth_only__LOGIT_return_sortino_vs_bond__cash_allowed__g2p0__tau3p0__c0p0005__phl3p0__l10p001,LOGIT,return_sortino_vs_bond,cash_allowed,345,1996-02-29,2024-10-31,0.05331424967574959,0.0886599906955784,0.6013338063479905,-0.19259262336770222,-0.08984824999999999,412.27449909488917,0.041391304347826084,0.496695652173913,2.0695652173913046e-05,0.00024834782608695654,0.45171014492753614,0.4707826086956522,0.07750724637681158,2.0,3.0,0.0005,3.0,36.0,z_smooth_only__LOGIT_return_sortino_vs_bond__cash_allowed__g2p0__tau3p0__c0p0005__phl3p0__l10p001,z_smooth_only,0.001,0.0025,1.0,148,118,49,30,0.47000000000000003,0.5235135135135135,0.006486486486486464,0.7084745762711864,0.24762711864406778,0.04389830508474575,0.037959183673469385,0.9551020408163264,0.0069387755102040755,0.027333333333333334,0.29733333333333334,0.6753333333333332
z_smooth_only,z_smooth_only__LOGIT_return_sortino_vs_bond__cash_allowed__g2p0__tau5p0__c0p0005__phl3p0__l10p0,LOGIT,return_sortino_vs_bond,cash_allowed,345,1996-02-29,2024-10-31,0.05331424967574959,0.0886599906955784,0.6013338063479905,-0.19259262336770222,-0.08984824999999999,412.27449909488917,0.041391304347826084,0.496695652173913,2.0695652173913046e-05,0.00024834782608695654,0.45171014492753614,0.4707826086956522,0.07750724637681158,2.0,5.0,0.0005,3.0,36.0,z_smooth_only__LOGIT_return_sortino_vs_bond__cash_allowed__g2p0__tau5p0__c0p0005__phl3p0__l10p0,z_smooth_only,0.0,0.0025,1.0,148,118,49,30,0.47000000000000003,0.5235135135135135,0.006486486486486464,0.7084745762711864,0.24762711864406778,0.04389830508474575,0.037959183673469385,0.9551020408163264,0.0069387755102040755,0.027333333333333334,0.29733333333333334,0.6753333333333332
z_plus_zsmooth,z_plus_zsmooth__LOGIT_return_sortino_vs_bond__cash_allowed__g0p25__tau1p0__c0p0005__phl6p0__l10p001,LOGIT,return_sortino_vs_bond,cash_allowed,345,1996-02-29,2024-10-31,0.07328294768424616,0.12188233107494285,0.6012598137722359,-0.2700305337947526,-0.11654600000000001,660.1572681236709,0.03188405797101449,0.3826086956521739,1.5942028985507246e-05,0.00019130434782608694,0.7403478260869566,0.20672463768115945,0.05292753623188405,0.25,1.0,0.0005,6.0,36.0,z_plus_zsmooth__LOGIT_return_sortino_vs_bond__cash_allowed__g0p25__tau1p0__c0p0005__phl6p0__l10p001,z_plus_zsmooth,0.001,0.0015,1.52,200,74,50,21,0.8963,0.10370000000000001,-3.8163916471489756e-19,0.9843243243243244,0.0,0.01567567567567568,0.028399999999999998,0.9716,0.0,0.09047619047619047,0.09523809523809523,0.8142857142857144
z_plus_zsmooth,z_plus_zsmooth__LOGIT_return_sortino_vs_bond__cash_allowed__g0p25__tau3p0__c0p0005__phl6p0__l10p0,LOGIT,return_sortino_vs_bond,cash_allowed,345,1996-02-29,2024-10-31,0.07328294768424616,0.12188233107494285,0.6012598137722359,-0.2700305337947526,-0.11654600000000001,660.1572681236709,0.03188405797101449,0.3826086956521739,1.5942028985507246e-05,0.00019130434782608694,0.7403478260869566,0.20672463768115945,0.05292753623188405,0.25,3.0,0.0005,6.0,36.0,z_plus_zsmooth__LOGIT_return_sortino_vs_bond__cash_allowed__g0p25__tau3p0__c0p0005__phl6p0__l10p0,z_plus_zsmooth,0.0,0.0015,1.52,200,74,50,21,0.8963,0.10370000000000001,-3.8163916471489756e-19,0.9843243243243244,0.0,0.01567567567567568,0.028399999999999998,0.9716,0.0,0.09047619047619047,0.09523809523809523,0.8142857142857144
z_smooth_only,z_smooth_only__LOGIT_return_sortino_vs_bond__cash_allowed__g1p0__tau1p0__c0p0025__phl0p0__l10p0005,LOGIT,return_sortino_vs_bond,cash_allowed,345,1996-02-29,2024-10-31,0.06037294245577803,0.10061269362902729,0.600052938433209,-0.20319350045081197,-0.11095075000000001,488.0240947950136,0.09576811594202898,1.1492173913043477,0.0002394202898550725,0.0028730434782608697,0.6183188405797101,0.30179710144927535,0.0798840579710145,1.0,1.0,0.0025,0.0,36.0,z_smooth_only__LOGIT_return_sortino_vs_bond__cash_allowed__g1p0__tau1p0__c0p0025__phl0p0__l10p0005,z_smooth_only,0.0005,0.003,2.0,149,107,55,34,0.7402684563758388,0.2530201342281879,0.006711409395973151,0.9454205607476636,0.03457943925233645,0.019999999999999997,0.005090909090909091,0.9767272727272727,0.01818181818181818,0.04647058823529412,0.2647058823529412,0.6888235294117647
z_plus_zsmooth,z_plus_zsmooth__LOGIT_return_sortino_vs_bond__cash_allowed__g0p25__tau1p0__c0p001__phl6p0__l10p0005,LOGIT,return_sortino_vs_bond,cash_allowed,345,1996-02-29,2024-10-31,0.07309164333642007,0.12189179249841843,0.5996436826324335,-0.27003053379475284,-0.11654600000000001,656.535839690284,0.03188405797101449,0.3826086956521739,3.188405797101449e-05,0.0003826086956521739,0.7403478260869566,0.20672463768115945,0.05292753623188405,0.25,1.0,0.001,6.0,36.0,z_plus_zsmooth__LOGIT_return_sortino_vs_bond__cash_allowed__g0p25__tau1p0__c0p001__phl6p0__l10p0005,z_plus_zsmooth,0.0005,0.0015,1.52,200,74,50,21,0.8963,0.10370000000000001,-3.8163916471489756e-19,0.9843243243243244,0.0,0.01567567567567568,0.028399999999999998,0.9716,0.0,0.09047619047619047,0.09523809523809523,0.8142857142857144
z_plus_zsmooth,z_plus_zsmooth__LOGIT_return_sortino_vs_bond__cash_allowed__g0p5__tau1p0__c0p0005__phl3p0__l10p0025,LOGIT,return_sortino_vs_bond,cash_allowed,345,1996-02-29,2024-10-31,0.06616945562938359,0.1103638890893266,0.599557121223113,-0.2700305337947526,-0.11594983791288378,559.36354947497,0.036057971014492755,0.43269565217391304,1.8028985507246377e-05,0.00021634782608695652,0.6182028985507245,0.3220289855072464,0.059768115942028986,0.5,1.0,0.0005,3.0,36.0,z_plus_zsmooth__LOGIT_return_sortino_vs_bond__cash_allowed__g0p5__tau1p0__c0p0005__phl3p0__l10p0025,z_plus_zsmooth,0.0025,0.003,1.1600000000000001,175,92,48,30,0.6910857142857142,0.30868571428571445,0.00022857142857142865,0.9095652173913045,0.07326086956521739,0.01717391304347826,0.09708333333333334,0.9029166666666667,2.8912057932946786e-18,0.13333333333333333,0.23333333333333334,0.6333333333333333
z_plus_zsmooth,z_plus_zsmooth__LOGIT_return_sortino_vs_bond__cash_allowed__g0p5__tau5p0__c0p0005__phl3p0__l10p0005,LOGIT,return_sortino_vs_bond,cash_allowed,345,1996-02-29,2024-10-31,0.06616945562938359,0.1103638890893266,0.599557121223113,-0.2700305337947526,-0.11594983791288378,559.36354947497,0.036057971014492755,0.43269565217391304,1.8028985507246377e-05,0.00021634782608695652,0.6182028985507245,0.3220289855072464,0.059768115942028986,0.5,5.0,0.0005,3.0,36.0,z_plus_zsmooth__LOGIT_return_sortino_vs_bond__cash_allowed__g0p5__tau5p0__c0p0005__phl3p0__l10p0005,z_plus_zsmooth,0.0005,0.003,1.1600000000000001,175,92,48,30,0.6910857142857142,0.30868571428571445,0.00022857142857142865,0.9095652173913045,0.07326086956521739,0.01717391304347826,0.09708333333333334,0.9029166666666667,2.8912057932946786e-18,0.13333333333333333,0.23333333333333334,0.6333333333333333
z_smooth_only,z_smooth_only__RF_return_sortino_vs_bond__cash_allowed__g1p0__tau1p0__c0p0005__phl3p0__l10p0,RF,return_sortino_vs_bond,cash_allowed,345,1996-02-29,2024-10-31,0.06143371891730885,0.10278576080135371,0.5976870574129151,-0.20071678093752998,-0.104225,500.0696555779187,0.058782608695652175,0.7053913043478262,2.9391304347826086e-05,0.00035269565217391306,0.6227246376811594,0.3217391304347826,0.05553623188405797,1.0,1.0,0.0005,3.0,36.0,z_smooth_only__RF_return_sortino_vs_bond__cash_allowed__g1p0__tau1p0__c0p0005__phl3p0__l10p0,z_smooth_only,0.0,0.0005,1.48,178,82,67,18,0.7703370786516854,0.22966292134831462,-2.5728483014487477e-18,0.9463414634146341,0.02634146341463415,0.02731707317073171,0.0,1.0,0.0,0.006666666666666666,0.05333333333333333,0.9400000000000001
z_plus_zsmooth,z_plus_zsmooth__LOGIT_return_sortino_vs_bond__cash_allowed__g0p5__tau3p0__c0p001__phl3p0__l10p0,LOGIT,return_sortino_vs_bond,cash_allowed,345,1996-02-29,2024-10-31,0.06595310780329663,0.11036318495335318,0.5976006204530325,-0.27003053379475284,-0.11594983791288378,555.9135671767515,0.036057971014492755,0.43269565217391304,3.6057971014492754e-05,0.00043269565217391305,0.6182028985507245,0.3220289855072464,0.059768115942028986,0.5,3.0,0.001,3.0,36.0,z_plus_zsmooth__LOGIT_return_sortino_vs_bond__cash_allowed__g0p5__tau3p0__c0p001__phl3p0__l10p0,z_plus_zsmooth,0.0,0.003,1.1600000000000001,175,92,48,30,0.6910857142857142,0.30868571428571445,0.00022857142857142865,0.9095652173913045,0.07326086956521739,0.01717391304347826,0.09708333333333334,0.9029166666666667,2.8912057932946786e-18,0.13333333333333333,0.23333333333333334,0.6333333333333333
z_smooth_only,z_smooth_only__LOGIT_return_sortino_vs_bond__cash_allowed__g0p25__tau3p0__c0p0005__phl3p0__l10p0005,LOGIT,return_sortino_vs_bond,cash_allowed,345,1996-02-29,2024-10-31,0.07270832991056857,0.12179616347336843,0.5969673250542636,-0.2304109539255652,-0.11654600000000001,649.613893655456,0.043478260869565216,0.5217391304347826,2.1739130434782607e-05,0.0002608695652173913,0.7337971014492753,0.20915942028985507,0.057043478260869564,0.25,3.0,0.0005,3.0,36.0,z_smooth_only__LOGIT_return_sortino_vs_bond__cash_allowed__g0p25__tau3p0__c0p0005__phl3p0__l10p0005,z_smooth_only,0.0005,0.002,2.0,148,118,49,30,0.9001351351351351,0.09986486486486487,0.0,0.9598305084745762,0.03169491525423729,0.00847457627118644,0.06857142857142857,0.9314285714285715,0.0,0.11066666666666668,0.26666666666666666,0.6226666666666667
z_smooth_only,z_smooth_only__LOGIT_return_sortino_vs_bond__cash_allowed__g0p5__tau3p0__c0p0005__phl3p0__l10p0025,LOGIT,return_sortino_vs_bond,cash_allowed,345,1996-02-29,2024-10-31,0.06659371486316368,0.11155685555765814,0.5969486548385609,-0.2700305337947526,-0.11654600000000001,564.206424464154,0.024927536231884057,0.2991304347826087,1.2463768115942029e-05,0.00014956521739130433,0.575304347826087,0.3653333333333333,0.0593623188405797,0.5,3.0,0.0005,3.0,36.0,z_smooth_only__LOGIT_return_sortino_vs_bond__cash_allowed__g0p5__tau3p0__c0p0005__phl3p0__l10p0025,z_smooth_only,0.0025,0.004,1.04,148,118,49,30,0.6378378378378379,0.3621621621621622,0.0,0.7610169491525425,0.2169491525423729,0.022033898305084745,0.20734693877551022,0.7926530612244898,2.8322015934315216e-19,0.13733333333333334,0.26666666666666666,0.596
z_smooth_only,z_smooth_only__RF_return_sortino_vs_bond__cash_allowed__g1p0__tau1p0__c0p0005__phl0p0__l10p0025,RF,return_sortino_vs_bond,cash_allowed,345,1996-02-29,2024-10-31,0.05485513046275611,0.09191256297569712,0.596818635960141,-0.23566873065082738,-0.10280845439475632,427.0198751124449,0.055420289855072455,0.6650434782608694,2.771014492753623e-05,0.00033252173913043476,0.5110724637681159,0.4056231884057972,0.08330434782608695,1.0,1.0,0.0005,0.0,36.0,z_smooth_only__RF_return_sortino_vs_bond__cash_allowed__g1p0__tau1p0__c0p0005__phl0p0__l10p0025,z_smooth_only,0.0025,0.003,1.12,163,88,69,25,0.607116564417178,0.38674846625766873,0.0061349693251533735,0.8047727272727273,0.15931818181818186,0.035909090909090904,0.059710144927536235,0.8388405797101449,0.10144927536231885,0.0968,0.2,0.7031999999999999
z_smooth_only,z_smooth_only__RF_return_sortino_vs_bond__cash_allowed__g1p0__tau5p0__c0p0005__phl0p0__l10p0005,RF,return_sortino_vs_bond,cash_allowed,345,1996-02-29,2024-10-31,0.05485513046275611,0.09191256297569712,0.596818635960141,-0.23566873065082738,-0.10280845439475632,427.0198751124449,0.055420289855072455,0.6650434782608694,2.771014492753623e-05,0.00033252173913043476,0.5110724637681159,0.4056231884057972,0.08330434782608695,1.0,5.0,0.0005,0.0,36.0,z_smooth_only__RF_return_sortino_vs_bond__cash_allowed__g1p0__tau5p0__c0p0005__phl0p0__l10p0005,z_smooth_only,0.0005,0.003,1.12,163,88,69,25,0.607116564417178,0.38674846625766873,0.0061349693251533735,0.8047727272727273,0.15931818181818186,0.035909090909090904,0.059710144927536235,0.8388405797101449,0.10144927536231885,0.0968,0.2,0.7031999999999999
z_plus_zsmooth,z_plus_zsmooth__RF_return_sortino_vs_bond__cash_allowed__g1p0__tau1p0__c0p0025__phl0p0__l10p0,RF,return_sortino_vs_bond,cash_allowed,345,1996-02-29,2024-10-31,0.05702871172988647,0.09562324528167411,0.5963896285040206,-0.2179939427761255,-0.0986315,449.9559921113952,0.07176811594202899,0.8612173913043479,0.00017942028985507247,0.0021530434782608696,0.5857971014492753,0.3536811594202898,0.06052173913043479,1.0,1.0,0.0025,0.0,36.0,z_plus_zsmooth__RF_return_sortino_vs_bond__cash_allowed__g1p0__tau1p0__c0p0025__phl0p0__l10p0,z_plus_zsmooth,0.0,0.0025,1.4,165,83,72,25,0.721090909090909,0.2789090909090909,-1.1228391953595333e-17,0.9139759036144578,0.06313253012048194,0.02289156626506024,0.07277777777777777,0.9272222222222221,0.0,0.0808,0.16,0.7592
z_smooth_only,z_smooth_only__LOGIT_return_sortino_vs_bond__cash_allowed__g0p25__tau3p0__c0p0005__phl3p0__l10p0025,LOGIT,return_sortino_vs_bond,cash_allowed,345,1996-02-29,2024-10-31,0.06777161101805522,0.11364577152785943,0.5963408062344097,-0.2700305337947526,-0.11654600000000001,579.6093985561013,0.029101449275362318,0.3492173913043478,1.455072463768116e-05,0.00017460869565217392,0.6290434782608695,0.3131014492753624,0.05785507246376812,0.25,3.0,0.0005,3.0,36.0,z_smooth_only__LOGIT_return_sortino_vs_bond__cash_allowed__g0p25__tau3p0__c0p0005__phl3p0__l10p0025,z_smooth_only,0.0025,0.004,1.8,148,118,49,30,0.6767567567567567,0.3232432432432433,0.0,0.8510169491525422,0.13016949152542373,0.018813559322033897,0.24857142857142855,0.7514285714285714,0.0,0.142,0.26666666666666666,0.5913333333333334
z_plus_zsmooth,z_plus_zsmooth__LOGIT_return_sortino_vs_bond__cash_allowed__g0p25__tau3p0__c0p0005__phl6p0__l10p0005,LOGIT,return_sortino_vs_bond,cash_allowed,345,1996-02-29,2024-10-31,0.0701484456072857,0.11773039094648861,0.5958397406424132,-0.2700305337947526,-0.11654600000000001,612.106101319187,0.03188405797101449,0.3826086956521739,1.5942028985507246e-05,0.00019130434782608694,0.6771014492753624,0.27014492753623187,0.052753623188405804,0.25,3.0,0.0005,6.0,36.0,z_plus_zsmooth__LOGIT_return_sortino_vs_bond__cash_allowed__g0p25__tau3p0__c0p0005__phl6p0__l10p0005,z_plus_zsmooth,0.0005,0.002,1.44,200,74,50,21,0.7753,0.22469999999999998,-4.683753385137379e-19,0.978108108108108,0.0,0.021891891891891894,0.0748,0.9251999999999999,0.0,0.11523809523809524,0.09523809523809523,0.7895238095238094
z_smooth_only,z_smooth_only__LOGIT_return_sortino_vs_bond__cash_allowed__g2p0__tau1p0__c0p0005__phl0p0__l10p0025,LOGIT,return_sortino_vs_bond,cash_allowed,345,1996-02-29,2024-10-31,0.05437753682631166,0.09130507976558624,0.5955587242891504,-0.17066707236270406,-0.10003029161239474,421.862380944419,0.09368115942028987,1.1241739130434785,4.684057971014493e-05,0.0005620869565217391,0.5377971014492754,0.37298550724637686,0.08921739130434782,2.0,1.0,0.0005,0.0,36.0,z_smooth_only__LOGIT_return_sortino_vs_bond__cash_allowed__g2p0__tau1p0__c0p0005__phl0p0__l10p0025,z_smooth_only,0.0025,0.003,2.0,149,107,55,34,0.6343624161073825,0.3573154362416108,0.00832214765100671,0.8413084112149533,0.11644859813084113,0.0422429906542056,0.0025454545454545456,0.973090909090909,0.02436363636363636,0.025294117647058825,0.2782352941176471,0.6964705882352941
z_smooth_only,z_smooth_only__LOGIT_return_sortino_vs_bond__cash_allowed__g2p0__tau5p0__c0p0005__phl0p0__l10p0005,LOGIT,return_sortino_vs_bond,cash_allowed,345,1996-02-29,2024-10-31,0.05437753682631166,0.09130507976558624,0.5955587242891504,-0.17066707236270406,-0.10003029161239474,421.862380944419,0.09368115942028987,1.1241739130434785,4.684057971014493e-05,0.0005620869565217391,0.5377971014492754,0.37298550724637686,0.08921739130434782,2.0,5.0,0.0005,0.0,36.0,z_smooth_only__LOGIT_return_sortino_vs_bond__cash_allowed__g2p0__tau5p0__c0p0005__phl0p0__l10p0005,z_smooth_only,0.0005,0.003,2.0,149,107,55,34,0.6343624161073825,0.3573154362416108,0.00832214765100671,0.8413084112149533,0.11644859813084113,0.0422429906542056,0.0025454545454545456,0.973090909090909,0.02436363636363636,0.025294117647058825,0.2782352941176471,0.6964705882352941
z_smooth_only,z_smooth_only__LOGIT_return_sortino_vs_bond__cash_allowed__g0p5__tau3p0__c0p001__phl3p0__l10p001,LOGIT,return_sortino_vs_bond,cash_allowed,345,1996-02-29,2024-10-31,0.06644414964577239,0.1115684036270702,0.5955462970310962,-0.27003053379475284,-0.11654600000000001,561.7771896187916,0.024927536231884057,0.2991304347826087,2.4927536231884058e-05,0.00029913043478260867,0.575304347826087,0.3653333333333333,0.0593623188405797,0.5,3.0,0.001,3.0,36.0,z_smooth_only__LOGIT_return_sortino_vs_bond__cash_allowed__g0p5__tau3p0__c0p001__phl3p0__l10p001,z_smooth_only,0.001,0.004,1.04,148,118,49,30,0.6378378378378379,0.3621621621621622,0.0,0.7610169491525425,0.2169491525423729,0.022033898305084745,0.20734693877551022,0.7926530612244898,2.8322015934315216e-19,0.13733333333333334,0.26666666666666666,0.596
z_smooth_only,z_smooth_only__LOGIT_return_sortino_vs_bond__cash_allowed__g2p0__tau1p0__c0p0005__phl3p0__l10p0,LOGIT,return_sortino_vs_bond,cash_allowed,345,1996-02-29,2024-10-31,0.05579709286584476,0.09375105582839845,0.5951622877503965,-0.1633682353450001,-0.09296655979661192,436.68097361177587,0.08730434782608695,1.0476521739130433,4.365217391304348e-05,0.0005238260869565218,0.5677101449275362,0.35014492753623194,0.08214492753623186,2.0,1.0,0.0005,3.0,36.0,z_smooth_only__LOGIT_return_sortino_vs_bond__cash_allowed__g2p0__tau1p0__c0p0005__phl3p0__l10p0,z_smooth_only,0.0,0.0005,1.08,148,118,49,30,0.6163513513513513,0.3836486486486487,-1.1486682476062642e-17,0.8852542372881356,0.05779661016949153,0.05694915254237287,0.0016326530612244899,0.9983673469387755,0.0,0.0033333333333333335,0.276,0.7206666666666666
z_smooth_only,z_smooth_only__LOGIT_return_sortino_vs_bond__cash_allowed__g1p0__tau5p0__c0p0005__phl3p0__l10p001,LOGIT,return_sortino_vs_bond,cash_allowed,345,1996-02-29,2024-10-31,0.05727926943959936,0.09628607744499751,0.5948863112875231,-0.2582945995953638,-0.1048285,452.4096984256425,0.03165217391304348,0.37982608695652176,1.5826086956521736e-05,0.00018991304347826084,0.5052173913043478,0.4308405797101449,0.06394202898550723,1.0,5.0,0.0005,3.0,36.0,z_smooth_only__LOGIT_return_sortino_vs_bond__cash_allowed__g1p0__tau5p0__c0p0005__phl3p0__l10p001,z_smooth_only,0.001,0.0035,1.1,148,118,49,30,0.5328378378378379,0.46716216216216216,-2.1379294730957407e-17,0.7338983050847459,0.2388135593220339,0.027288135593220318,0.13183673469387758,0.8661224489795918,0.0020408163265306046,0.07933333333333333,0.296,0.6246666666666667
z_smooth_only,z_smooth_only__LOGIT_return_sortino_vs_bond__cash_allowed__g0p25__tau1p0__c0p001__phl3p0__l10p001,LOGIT,return_sortino_vs_bond,cash_allowed,345,1996-02-29,2024-10-31,0.07244746034535117,0.12179151898967619,0.5948481548332791,-0.2311878422996675,-0.11654600000000001,644.798258860558,0.043478260869565216,0.5217391304347826,4.3478260869565214e-05,0.0005217391304347826,0.7337971014492753,0.20915942028985507,0.057043478260869564,0.25,1.0,0.001,3.0,36.0,z_smooth_only__LOGIT_return_sortino_vs_bond__cash_allowed__g0p25__tau1p0__c0p001__phl3p0__l10p001,z_smooth_only,0.001,0.002,2.0,148,118,49,30,0.9001351351351351,0.09986486486486487,0.0,0.9598305084745762,0.03169491525423729,0.00847457627118644,0.06857142857142857,0.9314285714285715,0.0,0.11066666666666668,0.26666666666666666,0.6226666666666667
z_smooth_only,z_smooth_only__LOGIT_return_sortino_vs_bond__cash_allowed__g0p25__tau3p0__c0p001__phl3p0__l10p001,LOGIT,return_sortino_vs_bond,cash_allowed,345,1996-02-29,2024-10-31,0.06759700232240304,0.11364176371743158,0.5948253539119815,-0.27003053379475284,-0.11654600000000001,576.7293283481088,0.029101449275362318,0.3492173913043478,2.910144927536232e-05,0.00034921739130434784,0.6290434782608695,0.3131014492753624,0.05785507246376812,0.25,3.0,0.001,3.0,36.0,z_smooth_only__LOGIT_return_sortino_vs_bond__cash_allowed__g0p25__tau3p0__c0p001__phl3p0__l10p001,z_smooth_only,0.001,0.004,1.8,148,118,49,30,0.6767567567567567,0.3232432432432433,0.0,0.8510169491525422,0.13016949152542373,0.018813559322033897,0.24857142857142855,0.7514285714285714,0.0,0.142,0.26666666666666666,0.5913333333333334
z_plus_zsmooth,z_plus_zsmooth__RF_return_sortino_vs_bond__cash_allowed__g0p25__tau1p0__c0p0005__phl0p0__l10p0025,RF,return_sortino_vs_bond,cash_allowed,345,1996-02-29,2024-10-31,0.06129251447055242,0.1031041988164096,0.5944715654082302,-0.2700305337947526,-0.1048285,497.57920857955344,0.06133333333333334,0.736,3.066666666666666e-05,0.00036799999999999995,0.6286956521739131,0.3149565217391304,0.056347826086956515,0.25,1.0,0.0005,0.0,36.0,z_plus_zsmooth__RF_return_sortino_vs_bond__cash_allowed__g0p25__tau1p0__c0p0005__phl0p0__l10p0025,z_plus_zsmooth,0.0025,0.003,2.0,165,83,72,25,0.7665454545454545,0.23345454545454544,1.6821560979169038e-19,0.9318072289156627,0.056144578313253014,0.012048192771084336,0.1461111111111111,0.8538888888888888,4.818676322157798e-19,0.1024,0.16,0.7376
z_plus_zsmooth,z_plus_zsmooth__RF_return_sortino_vs_bond__cash_allowed__g0p25__tau5p0__c0p0005__phl0p0__l10p0005,RF,return_sortino_vs_bond,cash_allowed,345,1996-02-29,2024-10-31,0.06129251447055242,0.1031041988164096,0.5944715654082302,-0.2700305337947526,-0.1048285,497.57920857955344,0.06133333333333334,0.736,3.066666666666666e-05,0.00036799999999999995,0.6286956521739131,0.3149565217391304,0.056347826086956515,0.25,5.0,0.0005,0.0,36.0,z_plus_zsmooth__RF_return_sortino_vs_bond__cash_allowed__g0p25__tau5p0__c0p0005__phl0p0__l10p0005,z_plus_zsmooth,0.0005,0.003,2.0,165,83,72,25,0.7665454545454545,0.23345454545454544,1.6821560979169038e-19,0.9318072289156627,0.056144578313253014,0.012048192771084336,0.1461111111111111,0.8538888888888888,4.818676322157798e-19,0.1024,0.16,0.7376
z_plus_zsmooth,z_plus_zsmooth__LOGIT_return_sortino_vs_bond__cash_allowed__g0p25__tau1p0__c0p001__phl6p0__l10p001,LOGIT,return_sortino_vs_bond,cash_allowed,345,1996-02-29,2024-10-31,0.06995714125945961,0.11774722432418547,0.594129854533567,-0.27003053379475284,-0.11654600000000001,608.7312968600152,0.03188405797101449,0.3826086956521739,3.188405797101449e-05,0.0003826086956521739,0.6771014492753624,0.27014492753623187,0.052753623188405804,0.25,1.0,0.001,6.0,36.0,z_plus_zsmooth__LOGIT_return_sortino_vs_bond__cash_allowed__g0p25__tau1p0__c0p001__phl6p0__l10p001,z_plus_zsmooth,0.001,0.002,1.44,200,74,50,21,0.7753,0.22469999999999998,-4.683753385137379e-19,0.978108108108108,0.0,0.021891891891891894,0.0748,0.9251999999999999,0.0,0.11523809523809524,0.09523809523809523,0.7895238095238094
z_smooth_only,z_smooth_only__RF_return_sortino_vs_bond__cash_allowed__g1p0__tau3p0__c0p001__phl0p0__l10p0,RF,return_sortino_vs_bond,cash_allowed,345,1996-02-29,2024-10-31,0.05452260872362568,0.09191730447081921,0.5931702309757665,-0.23644599339758265,-0.10280845439475632,422.9690939572067,0.055420289855072455,0.6650434782608694,5.542028985507246e-05,0.0006650434782608695,0.5110724637681159,0.4056231884057972,0.08330434782608695,1.0,3.0,0.001,0.0,36.0,z_smooth_only__RF_return_sortino_vs_bond__cash_allowed__g1p0__tau3p0__c0p001__phl0p0__l10p0,z_smooth_only,0.0,0.003,1.12,163,88,69,25,0.607116564417178,0.38674846625766873,0.0061349693251533735,0.8047727272727273,0.15931818181818186,0.035909090909090904,0.059710144927536235,0.8388405797101449,0.10144927536231885,0.0968,0.2,0.7031999999999999
z_smooth_only,z_smooth_only__LOGIT_return_sortino_vs_bond__cash_allowed__g1p0__tau1p0__c0p001__phl3p0__l10p0025,LOGIT,return_sortino_vs_bond,cash_allowed,345,1996-02-29,2024-10-31,0.057089356396121095,0.09629391956646186,0.5928656414979363,-0.2584278064172715,-0.1048285,449.94702552152387,0.03165217391304348,0.37982608695652176,3.165217391304347e-05,0.0003798260869565217,0.5052173913043478,0.4308405797101449,0.06394202898550723,1.0,1.0,0.001,3.0,36.0,z_smooth_only__LOGIT_return_sortino_vs_bond__cash_allowed__g1p0__tau1p0__c0p001__phl3p0__l10p0025,z_smooth_only,0.0025,0.0035,1.1,148,118,49,30,0.5328378378378379,0.46716216216216216,-2.1379294730957407e-17,0.7338983050847459,0.2388135593220339,0.027288135593220318,0.13183673469387758,0.8661224489795918,0.0020408163265306046,0.07933333333333333,0.296,0.6246666666666667
z_smooth_only,z_smooth_only__LOGIT_return_sortino_vs_bond__cash_allowed__g1p0__tau3p0__c0p001__phl3p0__l10p0005,LOGIT,return_sortino_vs_bond,cash_allowed,345,1996-02-29,2024-10-31,0.057089356396121095,0.09629391956646186,0.5928656414979363,-0.2584278064172715,-0.1048285,449.94702552152387,0.03165217391304348,0.37982608695652176,3.165217391304347e-05,0.0003798260869565217,0.5052173913043478,0.4308405797101449,0.06394202898550723,1.0,3.0,0.001,3.0,36.0,z_smooth_only__LOGIT_return_sortino_vs_bond__cash_allowed__g1p0__tau3p0__c0p001__phl3p0__l10p0005,z_smooth_only,0.0005,0.0035,1.1,148,118,49,30,0.5328378378378379,0.46716216216216216,-2.1379294730957407e-17,0.7338983050847459,0.2388135593220339,0.027288135593220318,0.13183673469387758,0.8661224489795918,0.0020408163265306046,0.07933333333333333,0.296,0.6246666666666667
z_smooth_only,z_smooth_only__LOGIT_return_sortino_vs_bond__cash_allowed__g2p0__tau3p0__c0p0005__phl0p0__l10p0025,LOGIT,return_sortino_vs_bond,cash_allowed,345,1996-02-29,2024-10-31,0.05196511393441625,0.0876983560788293,0.5925437631659417,-0.17723393430264034,-0.09871570608853245,397.39139542251814,0.07142028985507247,0.8570434782608696,3.5710144927536235e-05,0.0004285217391304348,0.4536811594202898,0.45675362318840573,0.08956521739130434,2.0,3.0,0.0005,0.0,36.0,z_smooth_only__LOGIT_return_sortino_vs_bond__cash_allowed__g2p0__tau3p0__c0p0005__phl0p0__l10p0025,z_smooth_only,0.0025,0.004,2.0,149,107,55,34,0.5195973154362417,0.4583892617449664,0.022013422818791935,0.7241121495327103,0.24542056074766358,0.030467289719626162,0.007272727272727273,0.9498181818181819,0.042909090909090904,0.035882352941176476,0.3170588235294118,0.6470588235294118
z_smooth_only,z_smooth_only__LOGIT_return_sortino_vs_bond__cash_allowed__g0p25__tau3p0__c0p0005__phl3p0__l10p001,LOGIT,return_sortino_vs_bond,cash_allowed,345,1996-02-29,2024-10-31,0.0676801959172324,0.11429180551682544,0.5921701526297866,-0.27663709278718684,-0.11654600000000001,576.8549414827969,0.03953623188405797,0.47443478260869565,1.9768115942028986e-05,0.00023721739130434783,0.6726376811594202,0.2708405797101449,0.05652173913043478,0.25,3.0,0.0005,3.0,36.0,z_smooth_only__LOGIT_return_sortino_vs_bond__cash_allowed__g0p25__tau3p0__c0p0005__phl3p0__l10p001,z_smooth_only,0.001,0.0025,2.0,148,118,49,30,0.7467567567567567,0.2532432432432432,-7.50150692314295e-18,0.9486440677966101,0.040847457627118645,0.010508474576271184,0.11959183673469387,0.8804081632653061,-4.5315225494904345e-18,0.12466666666666668,0.26666666666666666,0.6086666666666666
z_smooth_only,z_smooth_only__LOGIT_return_sortino_vs_bond__cash_allowed__g0p25__tau5p0__c0p0005__phl3p0__l10p0,LOGIT,return_sortino_vs_bond,cash_allowed,345,1996-02-29,2024-10-31,0.0676801959172324,0.11429180551682544,0.5921701526297866,-0.27663709278718684,-0.11654600000000001,576.8549414827969,0.03953623188405797,0.47443478260869565,1.9768115942028986e-05,0.00023721739130434783,0.6726376811594202,0.2708405797101449,0.05652173913043478,0.25,5.0,0.0005,3.0,36.0,z_smooth_only__LOGIT_return_sortino_vs_bond__cash_allowed__g0p25__tau5p0__c0p0005__phl3p0__l10p0,z_smooth_only,0.0,0.0025,2.0,148,118,49,30,0.7467567567567567,0.2532432432432432,-7.50150692314295e-18,0.9486440677966101,0.040847457627118645,0.010508474576271184,0.11959183673469387,0.8804081632653061,-4.5315225494904345e-18,0.12466666666666668,0.26666666666666666,0.6086666666666666
z_plus_zsmooth,z_plus_zsmooth__LOGIT_return_sortino_vs_bond__cash_allowed__g0p5__tau1p0__c0p0025__phl3p0__l10p0,LOGIT,return_sortino_vs_bond,cash_allowed,345,1996-02-29,2024-10-31,0.06241306498368182,0.10543650079641806,0.5919493203230635,-0.27202679899007054,-0.10879589286748909,510.04054567647677,0.04672463768115942,0.560695652173913,0.00011681159420289856,0.0014017391304347827,0.6324057971014493,0.3038840579710145,0.06371014492753622,0.5,1.0,0.0025,3.0,36.0,z_plus_zsmooth__LOGIT_return_sortino_vs_bond__cash_allowed__g0p5__tau1p0__c0p0025__phl3p0__l10p0,z_plus_zsmooth,0.0,0.0025,2.0,175,92,48,30,0.7254857142857144,0.27302857142857134,0.0014857142857142788,0.9319565217391306,0.0508695652173913,0.01717391304347826,0.05458333333333334,0.9454166666666666,0.0,0.09533333333333334,0.23333333333333334,0.6713333333333333
z_smooth_only,z_smooth_only__LOGIT_return_sortino_vs_bond__cash_allowed__g3p0__tau1p0__c0p0005__phl6p0__l10p0,LOGIT,return_sortino_vs_bond,cash_allowed,345,1996-02-29,2024-10-31,0.04428634789864838,0.07483124002381514,0.5918163040536839,-0.1488410139555375,-0.07630617739306793,328.864861140198,0.05356521739130435,0.6427826086956522,2.6782608695652173e-05,0.0003213913043478261,0.3999420289855073,0.5159420289855072,0.0841159420289855,3.0,1.0,0.0005,6.0,36.0,z_smooth_only__LOGIT_return_sortino_vs_bond__cash_allowed__g3p0__tau1p0__c0p0005__phl6p0__l10p0,z_smooth_only,0.0,0.0005,1.0,172,101,48,24,0.4548837209302326,0.5451162790697673,-1.436189668483124e-17,0.5906930693069308,0.3075247524752475,0.10178217821782178,0.0,1.0,0.0,0.0033333333333333335,0.21583333333333332,0.7808333333333334
z_plus_zsmooth,z_plus_zsmooth__LOGIT_return_sortino_vs_bond__cash_allowed__g0p5__tau1p0__c0p0025__phl3p0__l10p0005,LOGIT,return_sortino_vs_bond,cash_allowed,345,1996-02-29,2024-10-31,0.06530406432503577,0.11036491985145873,0.591710340685511,-0.2700305337947527,-0.11594983791288378,545.6838048268688,0.036057971014492755,0.43269565217391304,9.014492753623189e-05,0.0010817391304347827,0.6182028985507245,0.3220289855072464,0.059768115942028986,0.5,1.0,0.0025,3.0,36.0,z_plus_zsmooth__LOGIT_return_sortino_vs_bond__cash_allowed__g0p5__tau1p0__c0p0025__phl3p0__l10p0005,z_plus_zsmooth,0.0005,0.003,1.1600000000000001,175,92,48,30,0.6910857142857142,0.30868571428571445,0.00022857142857142865,0.9095652173913045,0.07326086956521739,0.01717391304347826,0.09708333333333334,0.9029166666666667,2.8912057932946786e-18,0.13333333333333333,0.23333333333333334,0.6333333333333333
z_plus_zsmooth,z_plus_zsmooth__LOGIT_return_sortino_vs_bond__cash_allowed__g2p0__tau1p0__c0p0025__phl3p0__l10p0,LOGIT,return_sortino_vs_bond,cash_allowed,345,1996-02-29,2024-10-31,0.05207825805269943,0.08805281100893592,0.5914434469038625,-0.21612689544044916,-0.08984824999999999,398.540050566874,0.044405797101449276,0.5328695652173914,0.00011101449275362319,0.0013321739130434784,0.4480579710144928,0.4747246376811594,0.07721739130434782,2.0,1.0,0.0025,3.0,36.0,z_plus_zsmooth__LOGIT_return_sortino_vs_bond__cash_allowed__g2p0__tau1p0__c0p0025__phl3p0__l10p0,z_plus_zsmooth,0.0,0.0025,1.08,175,92,48,30,0.48800000000000004,0.5081142857142857,0.0038857142857142662,0.7367391304347828,0.20782608695652174,0.05543478260869565,0.015833333333333335,0.9841666666666665,-2.3129646346357427e-18,0.021333333333333333,0.2833333333333333,0.6953333333333334
z_plus_zsmooth,z_plus_zsmooth__RF_return_sortino_vs_bond__cash_allowed__g0p25__tau3p0__c0p001__phl0p0__l10p0,RF,return_sortino_vs_bond,cash_allowed,345,1996-02-29,2024-10-31,0.060924514470552416,0.10308605628235785,0.5910063559292357,-0.27003053379475284,-0.1048285,492.39335031954454,0.06133333333333334,0.736,6.133333333333332e-05,0.0007359999999999999,0.6286956521739131,0.3149565217391304,0.056347826086956515,0.25,3.0,0.001,0.0,36.0,z_plus_zsmooth__RF_return_sortino_vs_bond__cash_allowed__g0p25__tau3p0__c0p001__phl0p0__l10p0,z_plus_zsmooth,0.0,0.003,2.0,165,83,72,25,0.7665454545454545,0.23345454545454544,1.6821560979169038e-19,0.9318072289156627,0.056144578313253014,0.012048192771084336,0.1461111111111111,0.8538888888888888,4.818676322157798e-19,0.1024,0.16,0.7376
z_plus_zsmooth,z_plus_zsmooth__LOGIT_return_sortino_vs_bond__cash_allowed__g2p0__tau1p0__c0p0005__phl6p0__l10p0005,LOGIT,return_sortino_vs_bond,cash_allowed,345,1996-02-29,2024-10-31,0.05464856998509632,0.09247998408665963,0.5909232200330735,-0.22139146740033644,-0.09257364678295803,423.99083087856104,0.04724637681159421,0.5669565217391305,2.3623188405797105e-05,0.00028347826086956525,0.5172753623188406,0.40428985507246373,0.07843478260869564,2.0,1.0,0.0005,6.0,36.0,z_plus_zsmooth__LOGIT_return_sortino_vs_bond__cash_allowed__g2p0__tau1p0__c0p0005__phl6p0__l10p0005,z_plus_zsmooth,0.0005,0.001,1.0,200,74,50,21,0.5843,0.41569999999999996,-2.0192181260370036e-17,0.8291891891891892,0.05918918918918919,0.11162162162162162,0.0008,0.9992,0.0,0.009523809523809525,0.09523809523809523,0.8952380952380953
z_smooth_only,z_smooth_only__LOGIT_return_sortino_vs_bond__cash_allowed__g0p25__tau5p0__c0p0005__phl3p0__l10p001,LOGIT,return_sortino_vs_bond,cash_allowed,345,1996-02-29,2024-10-31,0.06814152878480598,0.11535797736354553,0.5906962859626168,-0.2700305337947526,-0.11654600000000001,582.4535055264535,0.03188405797101449,0.3826086956521739,1.5942028985507246e-05,0.00019130434782608694,0.6622028985507247,0.2798260869565217,0.057971014492753624,0.25,5.0,0.0005,3.0,36.0,z_smooth_only__LOGIT_return_sortino_vs_bond__cash_allowed__g0p25__tau5p0__c0p0005__phl3p0__l10p001,z_smooth_only,0.001,0.0035,1.8,148,118,49,30,0.7087837837837838,0.29121621621621624,-1.8753767307857375e-19,0.9233898305084747,0.059661016949152545,0.01694915254237288,0.21632653061224488,0.7836734693877551,-8.496604780294565e-19,0.13333333333333333,0.26666666666666666,0.6
z_smooth_only,z_smooth_only__LOGIT_return_sortino_vs_bond__cash_allowed__g0p5__tau3p0__c0p0005__phl6p0__l10p0005,LOGIT,return_sortino_vs_bond,cash_allowed,345,1996-02-29,2024-10-31,0.06883384666490806,0.11658170214135259,0.5904343940822602,-0.2700305337947526,-0.11654600000000001,591.7953495156129,0.03188405797101449,0.3826086956521739,1.5942028985507246e-05,0.00019130434782608694,0.6637101449275362,0.2801739130434783,0.056115942028985503,0.5,3.0,0.0005,6.0,36.0,z_smooth_only__LOGIT_return_sortino_vs_bond__cash_allowed__g0p5__tau3p0__c0p0005__phl6p0__l10p0005,z_smooth_only,0.0005,0.002,1.0,172,101,48,24,0.7727906976744187,0.2272093023255814,-4.195610267478789e-18,0.8982178217821782,0.08336633663366337,0.01841584158415841,0.08,0.9199999999999999,0.0,0.0625,0.20833333333333334,0.7291666666666666
z_smooth_only,z_smooth_only__LOGIT_return_sortino_vs_bond__cash_allowed__g0p25__tau1p0__c0p0005__phl6p0__l10p001,LOGIT,return_sortino_vs_bond,cash_allowed,345,1996-02-29,2024-10-31,0.07231710902251748,0.12249314175638579,0.5903767997586481,-0.2700305337947526,-0.11654600000000001,640.768190962925,0.03188405797101449,0.3826086956521739,1.5942028985507246e-05,0.00019130434782608694,0.740231884057971,0.20771014492753623,0.052057971014492756,0.25,1.0,0.0005,6.0,36.0,z_smooth_only__LOGIT_return_sortino_vs_bond__cash_allowed__g0p25__tau1p0__c0p0005__phl6p0__l10p001,z_smooth_only,0.001,0.0015,1.6400000000000001,172,101,48,24,0.9013953488372093,0.0986046511627907,-2.2188323529935906e-19,0.9506930693069306,0.04376237623762376,0.005544554455445545,0.056666666666666664,0.9433333333333334,-1.1564823173178713e-18,0.06666666666666667,0.20833333333333334,0.725
z_smooth_only,z_smooth_only__LOGIT_return_sortino_vs_bond__cash_allowed__g0p25__tau3p0__c0p0005__phl6p0__l10p0,LOGIT,return_sortino_vs_bond,cash_allowed,345,1996-02-29,2024-10-31,0.07231710902251748,0.12249314175638579,0.5903767997586481,-0.2700305337947526,-0.11654600000000001,640.768190962925,0.03188405797101449,0.3826086956521739,1.5942028985507246e-05,0.00019130434782608694,0.740231884057971,0.20771014492753623,0.052057971014492756,0.25,3.0,0.0005,6.0,36.0,z_smooth_only__LOGIT_return_sortino_vs_bond__cash_allowed__g0p25__tau3p0__c0p0005__phl6p0__l10p0,z_smooth_only,0.0,0.0015,1.6400000000000001,172,101,48,24,0.9013953488372093,0.0986046511627907,-2.2188323529935906e-19,0.9506930693069306,0.04376237623762376,0.005544554455445545,0.056666666666666664,0.9433333333333334,-1.1564823173178713e-18,0.06666666666666667,0.20833333333333334,0.725
z_smooth_only,z_smooth_only__LOGIT_return_sortino_vs_bond__cash_allowed__g2p0__tau1p0__c0p0025__phl3p0__l10p0,LOGIT,return_sortino_vs_bond,cash_allowed,345,1996-02-29,2024-10-31,0.05232085837140177,0.08871279957507813,0.5897780097349123,-0.19586654447515817,-0.08984824999999999,400.65818854713325,0.041391304347826084,0.496695652173913,0.00010347826086956522,0.0012417391304347827,0.45171014492753614,0.4707826086956522,0.07750724637681158,2.0,1.0,0.0025,3.0,36.0,z_smooth_only__LOGIT_return_sortino_vs_bond__cash_allowed__g2p0__tau1p0__c0p0025__phl3p0__l10p0,z_smooth_only,0.0,0.0025,1.0,148,118,49,30,0.47000000000000003,0.5235135135135135,0.006486486486486464,0.7084745762711864,0.24762711864406778,0.04389830508474575,0.037959183673469385,0.9551020408163264,0.0069387755102040755,0.027333333333333334,0.29733333333333334,0.6753333333333332
z_smooth_only,z_smooth_only__LOGIT_return_sortino_vs_bond__cash_allowed__g2p0__tau3p0__c0p001__phl0p0__l10p0,LOGIT,return_sortino_vs_bond,cash_allowed,345,1996-02-29,2024-10-31,0.053815449869789936,0.09129939067328612,0.5894393103056726,-0.17075948461248458,-0.10005529161239475,415.13341524532643,0.09368115942028987,1.1241739130434785,9.368115942028986e-05,0.0011241739130434783,0.5377971014492754,0.37298550724637686,0.08921739130434782,2.0,3.0,0.001,0.0,36.0,z_smooth_only__LOGIT_return_sortino_vs_bond__cash_allowed__g2p0__tau3p0__c0p001__phl0p0__l10p0,z_smooth_only,0.0,0.003,2.0,149,107,55,34,0.6343624161073825,0.3573154362416108,0.00832214765100671,0.8413084112149533,0.11644859813084113,0.0422429906542056,0.0025454545454545456,0.973090909090909,0.02436363636363636,0.025294117647058825,0.2782352941176471,0.6964705882352941
z_plus_zsmooth,z_plus_zsmooth__RF_return_sortino_vs_bond__cash_allowed__g1p0__tau1p0__c0p0005__phl3p0__l10p0,RF,return_sortino_vs_bond,cash_allowed,345,1996-02-29,2024-10-31,0.059845423342121215,0.1015717335202545,0.5891936788711732,-0.19499828496764204,-0.104225,479.4746810854151,0.06086956521739131,0.7304347826086957,3.0434782608695653e-05,0.00036521739130434785,0.6177971014492754,0.32660869565217393,0.05559420289855072,1.0,1.0,0.0005,3.0,36.0,z_plus_zsmooth__RF_return_sortino_vs_bond__cash_allowed__g1p0__tau1p0__c0p0005__phl3p0__l10p0,z_plus_zsmooth,0.0,0.0005,1.48,190,72,66,17,0.7674736842105263,0.23252631578947372,-4.674623261579606e-18,0.933888888888889,0.034722222222222224,0.03138888888888888,0.0,1.0,0.0,0.004705882352941177,0.0,0.9952941176470589
z_smooth_only,z_smooth_only__LOGIT_return_sortino_vs_bond__cash_allowed__g0p25__tau1p0__c0p001__phl3p0__l10p0025,LOGIT,return_sortino_vs_bond,cash_allowed,345,1996-02-29,2024-10-31,0.06795022443697989,0.11536182643792145,0.5890182787071708,-0.27003053379475284,-0.11654600000000001,579.2687828329636,0.03188405797101449,0.3826086956521739,3.188405797101449e-05,0.0003826086956521739,0.6622028985507247,0.2798260869565217,0.057971014492753624,0.25,1.0,0.001,3.0,36.0,z_smooth_only__LOGIT_return_sortino_vs_bond__cash_allowed__g0p25__tau1p0__c0p001__phl3p0__l10p0025,z_smooth_only,0.0025,0.0035,1.8,148,118,49,30,0.7087837837837838,0.29121621621621624,-1.8753767307857375e-19,0.9233898305084747,0.059661016949152545,0.01694915254237288,0.21632653061224488,0.7836734693877551,-8.496604780294565e-19,0.13333333333333333,0.26666666666666666,0.6
z_smooth_only,z_smooth_only__LOGIT_return_sortino_vs_bond__cash_allowed__g0p25__tau3p0__c0p001__phl3p0__l10p0005,LOGIT,return_sortino_vs_bond,cash_allowed,345,1996-02-29,2024-10-31,0.06795022443697989,0.11536182643792145,0.5890182787071708,-0.27003053379475284,-0.11654600000000001,579.2687828329636,0.03188405797101449,0.3826086956521739,3.188405797101449e-05,0.0003826086956521739,0.6622028985507247,0.2798260869565217,0.057971014492753624,0.25,3.0,0.001,3.0,36.0,z_smooth_only__LOGIT_return_sortino_vs_bond__cash_allowed__g0p25__tau3p0__c0p001__phl3p0__l10p0005,z_smooth_only,0.0005,0.0035,1.8,148,118,49,30,0.7087837837837838,0.29121621621621624,-1.8753767307857375e-19,0.9233898305084747,0.059661016949152545,0.01694915254237288,0.21632653061224488,0.7836734693877551,-8.496604780294565e-19,0.13333333333333333,0.26666666666666666,0.6
z_smooth_only,z_smooth_only__LOGIT_return_sortino_vs_bond__cash_allowed__g0p5__tau1p0__c0p001__phl6p0__l10p001,LOGIT,return_sortino_vs_bond,cash_allowed,345,1996-02-29,2024-10-31,0.06864254231708194,0.11659224402923755,0.5887402107113456,-0.27003053379475284,-0.11654600000000001,588.5461386278258,0.03188405797101449,0.3826086956521739,3.188405797101449e-05,0.0003826086956521739,0.6637101449275362,0.2801739130434783,0.056115942028985503,0.5,1.0,0.001,6.0,36.0,z_smooth_only__LOGIT_return_sortino_vs_bond__cash_allowed__g0p5__tau1p0__c0p001__phl6p0__l10p001,z_smooth_only,0.001,0.002,1.0,172,101,48,24,0.7727906976744187,0.2272093023255814,-4.195610267478789e-18,0.8982178217821782,0.08336633663366337,0.01841584158415841,0.08,0.9199999999999999,0.0,0.0625,0.20833333333333334,0.7291666666666666
z_smooth_only,z_smooth_only__LOGIT_return_sortino_vs_bond__cash_allowed__g0p25__tau1p0__c0p001__phl6p0__l10p0005,LOGIT,return_sortino_vs_bond,cash_allowed,345,1996-02-29,2024-10-31,0.0721258046746914,0.12250981250670455,0.5887349200762527,-0.27003053379475284,-0.11654600000000001,637.2360898728093,0.03188405797101449,0.3826086956521739,3.188405797101449e-05,0.0003826086956521739,0.740231884057971,0.20771014492753623,0.052057971014492756,0.25,1.0,0.001,6.0,36.0,z_smooth_only__LOGIT_return_sortino_vs_bond__cash_allowed__g0p25__tau1p0__c0p001__phl6p0__l10p0005,z_smooth_only,0.0005,0.0015,1.6400000000000001,172,101,48,24,0.9013953488372093,0.0986046511627907,-2.2188323529935906e-19,0.9506930693069306,0.04376237623762376,0.005544554455445545,0.056666666666666664,0.9433333333333334,-1.1564823173178713e-18,0.06666666666666667,0.20833333333333334,0.725
z_smooth_only,z_smooth_only__RF_return_sortino_vs_bond__cash_allowed__g0p5__tau1p0__c0p0005__phl0p0__l10p0025,RF,return_sortino_vs_bond,cash_allowed,345,1996-02-29,2024-10-31,0.05860387677099074,0.09961314753324005,0.5883146775523294,-0.2615954037707806,-0.1048285,465.4387824552554,0.059014492753623186,0.7081739130434782,2.9507246376811592e-05,0.0003540869565217391,0.6008695652173912,0.31971014492753624,0.07942028985507246,0.5,1.0,0.0005,0.0,36.0,z_smooth_only__RF_return_sortino_vs_bond__cash_allowed__g0p5__tau1p0__c0p0005__phl0p0__l10p0025,z_smooth_only,0.0025,0.003,2.0,163,88,69,25,0.719877300613497,0.27398773006134974,0.006134969325153368,0.9263636363636363,0.047499999999999994,0.026136363636363635,0.08028985507246376,0.8182608695652174,0.10144927536231885,0.11600000000000002,0.2,0.684
z_smooth_only,z_smooth_only__RF_return_sortino_vs_bond__cash_allowed__g0p5__tau5p0__c0p0005__phl0p0__l10p0005,RF,return_sortino_vs_bond,cash_allowed,345,1996-02-29,2024-10-31,0.05860387677099074,0.09961314753324005,0.5883146775523294,-0.2615954037707806,-0.1048285,465.4387824552554,0.059014492753623186,0.7081739130434782,2.9507246376811592e-05,0.0003540869565217391,0.6008695652173912,0.31971014492753624,0.07942028985507246,0.5,5.0,0.0005,0.0,36.0,z_smooth_only__RF_return_sortino_vs_bond__cash_allowed__g0p5__tau5p0__c0p0005__phl0p0__l10p0005,z_smooth_only,0.0005,0.003,2.0,163,88,69,25,0.719877300613497,0.27398773006134974,0.006134969325153368,0.9263636363636363,0.047499999999999994,0.026136363636363635,0.08028985507246376,0.8182608695652174,0.10144927536231885,0.11600000000000002,0.2,0.684
z_plus_zsmooth,z_plus_zsmooth__LOGIT_return_sortino_vs_bond__cash_allowed__g2p0__tau1p0__c0p001__phl6p0__l10p0,LOGIT,return_sortino_vs_bond,cash_allowed,345,1996-02-29,2024-10-31,0.05436509172422675,0.09248978586548152,0.5877956275441713,-0.22183021984072426,-0.09260114678295803,420.552385851458,0.04724637681159421,0.5669565217391305,4.724637681159421e-05,0.0005669565217391305,0.5172753623188406,0.40428985507246373,0.07843478260869564,2.0,1.0,0.001,6.0,36.0,z_plus_zsmooth__LOGIT_return_sortino_vs_bond__cash_allowed__g2p0__tau1p0__c0p001__phl6p0__l10p0,z_plus_zsmooth,0.0,0.001,1.0,200,74,50,21,0.5843,0.41569999999999996,-2.0192181260370036e-17,0.8291891891891892,0.05918918918918919,0.11162162162162162,0.0008,0.9992,0.0,0.009523809523809525,0.09523809523809523,0.8952380952380953
z_smooth_only,z_smooth_only__LOGIT_return_sortino_vs_bond__cash_allowed__g2p0__tau3p0__c0p001__phl0p0__l10p001,LOGIT,return_sortino_vs_bond,cash_allowed,345,1996-02-29,2024-10-31,0.051536592195285814,0.08769532236096603,0.5876777781049038,-0.17723393430264034,-0.09871570608853245,392.5472751686259,0.07142028985507247,0.8570434782608696,7.142028985507247e-05,0.0008570434782608696,0.4536811594202898,0.45675362318840573,0.08956521739130434,2.0,3.0,0.001,0.0,36.0,z_smooth_only__LOGIT_return_sortino_vs_bond__cash_allowed__g2p0__tau3p0__c0p001__phl0p0__l10p001,z_smooth_only,0.001,0.004,2.0,149,107,55,34,0.5195973154362417,0.4583892617449664,0.022013422818791935,0.7241121495327103,0.24542056074766358,0.030467289719626162,0.007272727272727273,0.9498181818181819,0.042909090909090904,0.035882352941176476,0.3170588235294118,0.6470588235294118
z_plus_zsmooth,z_plus_zsmooth__LOGIT_return_sortino_vs_bond__cash_allowed__g2p0__tau1p0__c0p0005__phl3p0__l10p0025,LOGIT,return_sortino_vs_bond,cash_allowed,345,1996-02-29,2024-10-31,0.05145424772904267,0.08767589659731627,0.5868687943433892,-0.22462390070668137,-0.09243186318426895,391.8430885086415,0.03814492753623189,0.45773913043478265,1.9072463768115944e-05,0.00022886956521739132,0.41710144927536236,0.5067246376811595,0.07617391304347826,2.0,1.0,0.0005,3.0,36.0,z_plus_zsmooth__LOGIT_return_sortino_vs_bond__cash_allowed__g2p0__tau1p0__c0p0005__phl3p0__l10p0025,z_plus_zsmooth,0.0025,0.003,1.1,175,92,48,30,0.4508571428571428,0.5442285714285715,0.004914285714285714,0.6795652173913044,0.26282608695652177,0.057608695652173914,0.0325,0.9670833333333334,0.000416666666666667,0.030666666666666665,0.29933333333333334,0.67
z_plus_zsmooth,z_plus_zsmooth__LOGIT_return_sortino_vs_bond__cash_allowed__g2p0__tau5p0__c0p0005__phl3p0__l10p0005,LOGIT,return_sortino_vs_bond,cash_allowed,345,1996-02-29,2024-10-31,0.05145424772904267,0.08767589659731627,0.5868687943433892,-0.22462390070668137,-0.09243186318426895,391.8430885086415,0.03814492753623189,0.45773913043478265,1.9072463768115944e-05,0.00022886956521739132,0.41710144927536236,0.5067246376811595,0.07617391304347826,2.0,5.0,0.0005,3.0,36.0,z_plus_zsmooth__LOGIT_return_sortino_vs_bond__cash_allowed__g2p0__tau5p0__c0p0005__phl3p0__l10p0005,z_plus_zsmooth,0.0005,0.003,1.1,175,92,48,30,0.4508571428571428,0.5442285714285715,0.004914285714285714,0.6795652173913044,0.26282608695652177,0.057608695652173914,0.0325,0.9670833333333334,0.000416666666666667,0.030666666666666665,0.29933333333333334,0.67
z_smooth_only,z_smooth_only__LOGIT_return_sortino_vs_bond__cash_allowed__g1p0__tau1p0__c0p0025__phl3p0__l10p001,LOGIT,return_sortino_vs_bond,cash_allowed,345,1996-02-29,2024-10-31,0.056519617265686314,0.09632077069299916,0.5867853512699759,-0.25882742688299365,-0.1048285,442.6348595029774,0.03165217391304348,0.37982608695652176,7.91304347826087e-05,0.0009495652173913045,0.5052173913043478,0.4308405797101449,0.06394202898550723,1.0,1.0,0.0025,3.0,36.0,z_smooth_only__LOGIT_return_sortino_vs_bond__cash_allowed__g1p0__tau1p0__c0p0025__phl3p0__l10p001,z_smooth_only,0.001,0.0035,1.1,148,118,49,30,0.5328378378378379,0.46716216216216216,-2.1379294730957407e-17,0.7338983050847459,0.2388135593220339,0.027288135593220318,0.13183673469387758,0.8661224489795918,0.0020408163265306046,0.07933333333333333,0.296,0.6246666666666667
z_plus_zsmooth,z_plus_zsmooth__LOGIT_return_sortino_vs_bond__cash_allowed__g0p5__tau5p0__c0p0005__phl3p0__l10p001,LOGIT,return_sortino_vs_bond,cash_allowed,345,1996-02-29,2024-10-31,0.0663459440467213,0.11321551748115147,0.586014581064533,-0.2700305337947526,-0.11654600000000001,557.2973101470665,0.03188405797101449,0.3826086956521739,1.5942028985507246e-05,0.00019130434782608694,0.599536231884058,0.3413913043478261,0.05907246376811595,0.5,5.0,0.0005,3.0,36.0,z_plus_zsmooth__LOGIT_return_sortino_vs_bond__cash_allowed__g0p5__tau5p0__c0p0005__phl3p0__l10p001,z_plus_zsmooth,0.001,0.0035,1.8,175,92,48,30,0.6512,0.34880000000000005,-2.3790493384824784e-19,0.8876086956521739,0.09282608695652173,0.01956521739130435,0.1416666666666667,0.8583333333333333,-5.782411586589357e-19,0.14733333333333334,0.23333333333333334,0.6193333333333333
z_plus_zsmooth,z_plus_zsmooth__LOGIT_return_sortino_vs_bond__cash_allowed__g1p0__tau3p0__c0p0005__phl3p0__l10p0005,LOGIT,return_sortino_vs_bond,cash_allowed,345,1996-02-29,2024-10-31,0.058827308027983354,0.1003989297315046,0.5859356089283458,-0.24331922647790283,-0.105792615,467.3180550645925,0.056,0.672,2.8e-05,0.000336,0.6054492753623189,0.32162318840579707,0.07292753623188405,1.0,3.0,0.0005,3.0,36.0,z_plus_zsmooth__LOGIT_return_sortino_vs_bond__cash_allowed__g1p0__tau3p0__c0p0005__phl3p0__l10p0005,z_plus_zsmooth,0.0005,0.002,1.48,175,92,48,30,0.7003428571428572,0.2963428571428572,0.003314285714285722,0.9206521739130435,0.051521739130434785,0.027826086956521733,0.013333333333333334,0.9866666666666667,0.0,0.03266666666666666,0.23333333333333334,0.734
z_smooth_only,z_smooth_only__LOGIT_return_sortino_vs_bond__cash_allowed__g0p5__tau3p0__c0p0005__phl3p0__l10p001,LOGIT,return_sortino_vs_bond,cash_allowed,345,1996-02-29,2024-10-31,0.06375124918431939,0.10886085343379814,0.5856214348263272,-0.252996389375859,-0.11237286539018643,524.5846020749441,0.043130434782608695,0.5175652173913043,2.156521739130435e-05,0.0002587826086956522,0.6315942028985507,0.30742028985507247,0.060985507246376816,0.5,3.0,0.0005,3.0,36.0,z_smooth_only__LOGIT_return_sortino_vs_bond__cash_allowed__g0p5__tau3p0__c0p0005__phl3p0__l10p001,z_smooth_only,0.001,0.0025,1.8,148,118,49,30,0.6786486486486487,0.3191891891891892,0.00216216216216216,0.9303389830508475,0.05457627118644068,0.015084745762711863,0.09428571428571429,0.9057142857142858,-1.1328806373726086e-18,0.102,0.26666666666666666,0.6313333333333334
z_smooth_only,z_smooth_only__LOGIT_return_sortino_vs_bond__cash_allowed__g0p5__tau5p0__c0p0005__phl3p0__l10p0,LOGIT,return_sortino_vs_bond,cash_allowed,345,1996-02-29,2024-10-31,0.06375124918431939,0.10886085343379814,0.5856214348263272,-0.252996389375859,-0.11237286539018643,524.5846020749441,0.043130434782608695,0.5175652173913043,2.156521739130435e-05,0.0002587826086956522,0.6315942028985507,0.30742028985507247,0.060985507246376816,0.5,5.0,0.0005,3.0,36.0,z_smooth_only__LOGIT_return_sortino_vs_bond__cash_allowed__g0p5__tau5p0__c0p0005__phl3p0__l10p0,z_smooth_only,0.0,0.0025,1.8,148,118,49,30,0.6786486486486487,0.3191891891891892,0.00216216216216216,0.9303389830508475,0.05457627118644068,0.015084745762711863,0.09428571428571429,0.9057142857142858,-1.1328806373726086e-18,0.102,0.26666666666666666,0.6313333333333334
z_smooth_only,z_smooth_only__RF_return_sortino_vs_bond__cash_allowed__g0p5__tau3p0__c0p001__phl0p0__l10p0,RF,return_sortino_vs_bond,cash_allowed,345,1996-02-29,2024-10-31,0.058249789814469016,0.09961585255726355,0.5847441779508386,-0.2623490764328501,-0.1048285,460.742495513033,0.059014492753623186,0.7081739130434782,5.9014492753623184e-05,0.0007081739130434782,0.6008695652173912,0.31971014492753624,0.07942028985507246,0.5,3.0,0.001,0.0,36.0,z_smooth_only__RF_return_sortino_vs_bond__cash_allowed__g0p5__tau3p0__c0p001__phl0p0__l10p0,z_smooth_only,0.0,0.003,2.0,163,88,69,25,0.719877300613497,0.27398773006134974,0.006134969325153368,0.9263636363636363,0.047499999999999994,0.026136363636363635,0.08028985507246376,0.8182608695652174,0.10144927536231885,0.11600000000000002,0.2,0.684
z_smooth_only,z_smooth_only__LOGIT_return_sortino_vs_bond__cash_allowed__g0p25__tau1p0__c0p0005__phl6p0__l10p0005,LOGIT,return_sortino_vs_bond,cash_allowed,345,1996-02-29,2024-10-31,0.07098057023863655,0.12139285027879311,0.5847178814536541,-0.2700305337947526,-0.11654600000000001,619.111781391343,0.036057971014492755,0.43269565217391304,1.8028985507246377e-05,0.00021634782608695652,0.7364057971014494,0.2116521739130435,0.05194202898550725,0.25,1.0,0.0005,6.0,36.0,z_smooth_only__LOGIT_return_sortino_vs_bond__cash_allowed__g0p25__tau1p0__c0p0005__phl6p0__l10p0005,z_smooth_only,0.0005,0.001,1.8,172,101,48,24,0.8938372093023257,0.10616279069767443,-1.290957005378089e-18,0.9691089108910891,0.0299009900990099,0.00099009900990099,0.02625,0.97375,0.0,0.049166666666666664,0.20833333333333334,0.7425
z_plus_zsmooth,z_plus_zsmooth__LOGIT_return_sortino_vs_bond__cash_allowed__g0p5__tau1p0__c0p001__phl3p0__l10p0025,LOGIT,return_sortino_vs_bond,cash_allowed,345,1996-02-29,2024-10-31,0.06615463969889519,0.1132267002073845,0.5842671346751891,-0.27003053379475284,-0.11654600000000001,554.2365469991566,0.03188405797101449,0.3826086956521739,3.188405797101449e-05,0.0003826086956521739,0.599536231884058,0.3413913043478261,0.05907246376811595,0.5,1.0,0.001,3.0,36.0,z_plus_zsmooth__LOGIT_return_sortino_vs_bond__cash_allowed__g0p5__tau1p0__c0p001__phl3p0__l10p0025,z_plus_zsmooth,0.0025,0.0035,1.8,175,92,48,30,0.6512,0.34880000000000005,-2.3790493384824784e-19,0.8876086956521739,0.09282608695652173,0.01956521739130435,0.1416666666666667,0.8583333333333333,-5.782411586589357e-19,0.14733333333333334,0.23333333333333334,0.6193333333333333
z_plus_zsmooth,z_plus_zsmooth__LOGIT_return_sortino_vs_bond__cash_allowed__g0p5__tau3p0__c0p001__phl3p0__l10p0005,LOGIT,return_sortino_vs_bond,cash_allowed,345,1996-02-29,2024-10-31,0.06615463969889519,0.1132267002073845,0.5842671346751891,-0.27003053379475284,-0.11654600000000001,554.2365469991566,0.03188405797101449,0.3826086956521739,3.188405797101449e-05,0.0003826086956521739,0.599536231884058,0.3413913043478261,0.05907246376811595,0.5,3.0,0.001,3.0,36.0,z_plus_zsmooth__LOGIT_return_sortino_vs_bond__cash_allowed__g0p5__tau3p0__c0p001__phl3p0__l10p0005,z_plus_zsmooth,0.0005,0.0035,1.8,175,92,48,30,0.6512,0.34880000000000005,-2.3790493384824784e-19,0.8876086956521739,0.09282608695652173,0.01956521739130435,0.1416666666666667,0.8583333333333333,-5.782411586589357e-19,0.14733333333333334,0.23333333333333334,0.6193333333333333
z_plus_zsmooth,z_plus_zsmooth__LOGIT_return_sortino_vs_bond__cash_allowed__g2p0__tau3p0__c0p001__phl3p0__l10p0,LOGIT,return_sortino_vs_bond,cash_allowed,345,1996-02-29,2024-10-31,0.051225378163825275,0.08767948449472728,0.5842344815212249,-0.22504805153329455,-0.09243936318426894,389.2796831254658,0.03814492753623189,0.45773913043478265,3.814492753623189e-05,0.00045773913043478263,0.41710144927536236,0.5067246376811595,0.07617391304347826,2.0,3.0,0.001,3.0,36.0,z_plus_zsmooth__LOGIT_return_sortino_vs_bond__cash_allowed__g2p0__tau3p0__c0p001__phl3p0__l10p0,z_plus_zsmooth,0.0,0.003,1.1,175,92,48,30,0.4508571428571428,0.5442285714285715,0.004914285714285714,0.6795652173913044,0.26282608695652177,0.057608695652173914,0.0325,0.9670833333333334,0.000416666666666667,0.030666666666666665,0.29933333333333334,0.67
z_smooth_only,z_smooth_only__LOGIT_return_sortino_vs_bond__cash_allowed__g0p25__tau1p0__c0p0025__phl3p0__l10p001,LOGIT,return_sortino_vs_bond,cash_allowed,345,1996-02-29,2024-10-31,0.06737631139350161,0.1153789877026583,0.5839565135303165,-0.2700305337947527,-0.11654600000000001,569.8078081796436,0.03188405797101449,0.3826086956521739,7.971014492753625e-05,0.0009565217391304349,0.6622028985507247,0.2798260869565217,0.057971014492753624,0.25,1.0,0.0025,3.0,36.0,z_smooth_only__LOGIT_return_sortino_vs_bond__cash_allowed__g0p25__tau1p0__c0p0025__phl3p0__l10p001,z_smooth_only,0.001,0.0035,1.8,148,118,49,30,0.7087837837837838,0.29121621621621624,-1.8753767307857375e-19,0.9233898305084747,0.059661016949152545,0.01694915254237288,0.21632653061224488,0.7836734693877551,-8.496604780294565e-19,0.13333333333333333,0.26666666666666666,0.6
z_smooth_only,z_smooth_only__LOGIT_return_sortino_vs_bond__cash_allowed__g0p25__tau1p0__c0p0025__phl3p0__l10p0,LOGIT,return_sortino_vs_bond,cash_allowed,345,1996-02-29,2024-10-31,0.06673132635201502,0.11429922701973873,0.5838300756005197,-0.279556970652008,-0.11654600000000001,561.3987016822716,0.03953623188405797,0.47443478260869565,9.884057971014494e-05,0.0011860869565217392,0.6726376811594202,0.2708405797101449,0.05652173913043478,0.25,1.0,0.0025,3.0,36.0,z_smooth_only__LOGIT_return_sortino_vs_bond__cash_allowed__g0p25__tau1p0__c0p0025__phl3p0__l10p0,z_smooth_only,0.0,0.0025,2.0,148,118,49,30,0.7467567567567567,0.2532432432432432,-7.50150692314295e-18,0.9486440677966101,0.040847457627118645,0.010508474576271184,0.11959183673469387,0.8804081632653061,-4.5315225494904345e-18,0.12466666666666668,0.26666666666666666,0.6086666666666666
z_smooth_only,z_smooth_only__LOGIT_return_sortino_vs_bond__cash_allowed__g2p0__tau5p0__c0p0005__phl0p0__l10p001,LOGIT,return_sortino_vs_bond,cash_allowed,345,1996-02-29,2024-10-31,0.0519366937797241,0.08896197201975073,0.5838078068704847,-0.18159319605378121,-0.10298610204797587,395.70084387885464,0.08266666666666667,0.992,4.133333333333334e-05,0.0004960000000000001,0.4904347826086956,0.4179710144927536,0.09159420289855072,2.0,5.0,0.0005,0.0,36.0,z_smooth_only__LOGIT_return_sortino_vs_bond__cash_allowed__g2p0__tau5p0__c0p0005__phl0p0__l10p001,z_smooth_only,0.001,0.0035,2.0,149,107,55,34,0.5751677852348992,0.4080536912751678,0.016778523489932872,0.7685981308411216,0.19757009345794393,0.03383177570093456,0.0047272727272727275,0.9512727272727273,0.044,0.029411764705882353,0.2923529411764706,0.6782352941176472
z_smooth_only,z_smooth_only__RF_return_sortino_vs_bond__cash_allowed__g0p5__tau1p0__c0p0005__phl3p0__l10p0005,RF,return_sortino_vs_bond,cash_allowed,345,1996-02-29,2024-10-31,0.06259874260493947,0.10723027903991773,0.5837786040045306,-0.2551463995787986,-0.10695550000000001,510.1178446621442,0.05507246376811594,0.6608695652173913,2.753623188405797e-05,0.0003304347826086956,0.6415652173913043,0.3065507246376811,0.05188405797101449,0.5,1.0,0.0005,3.0,36.0,z_smooth_only__RF_return_sortino_vs_bond__cash_allowed__g0p5__tau1p0__c0p0005__phl3p0__l10p0005,z_smooth_only,0.0005,0.001,1.44,178,82,67,18,0.7896629213483146,0.21033707865168538,-1.247441600702423e-18,0.9746341463414633,0.01,0.015365853658536585,0.0,1.0,0.0,0.04777777777777778,0.027777777777777776,0.9244444444444445
z_smooth_only,z_smooth_only__LOGIT_return_sortino_vs_bond__cash_allowed__g0p25__tau1p0__c0p001__phl6p0__l10p0,LOGIT,return_sortino_vs_bond,cash_allowed,345,1996-02-29,2024-10-31,0.0707642224125496,0.12139606386462631,0.5829202377719729,-0.27003053379475284,-0.11654600000000001,615.2874814266507,0.036057971014492755,0.43269565217391304,3.6057971014492754e-05,0.00043269565217391305,0.7364057971014494,0.2116521739130435,0.05194202898550725,0.25,1.0,0.001,6.0,36.0,z_smooth_only__LOGIT_return_sortino_vs_bond__cash_allowed__g0p25__tau1p0__c0p001__phl6p0__l10p0,z_smooth_only,0.0,0.001,1.8,172,101,48,24,0.8938372093023257,0.10616279069767443,-1.290957005378089e-18,0.9691089108910891,0.0299009900990099,0.00099009900990099,0.02625,0.97375,0.0,0.049166666666666664,0.20833333333333334,0.7425
z_smooth_only,z_smooth_only__LOGIT_return_sortino_vs_bond__cash_allowed__g0p5__tau5p0__c0p0005__phl3p0__l10p001,LOGIT,return_sortino_vs_bond,cash_allowed,345,1996-02-29,2024-10-31,0.06657271578320288,0.11426006807487037,0.5826420105016938,-0.2700305337947526,-0.11654600000000001,558.9216754218272,0.03188405797101449,0.3826086956521739,1.5942028985507246e-05,0.00019130434782608694,0.6537391304347827,0.2866086956521739,0.05965217391304347,0.5,5.0,0.0005,3.0,36.0,z_smooth_only__LOGIT_return_sortino_vs_bond__cash_allowed__g0p5__tau5p0__c0p0005__phl3p0__l10p001,z_smooth_only,0.001,0.0035,1.52,148,118,49,30,0.705945945945946,0.29405405405405405,0.0,0.9145762711864407,0.06542372881355932,0.02,0.1910204081632653,0.8089795918367347,-1.1328806373726086e-18,0.126,0.26666666666666666,0.6073333333333333
z_plus_zsmooth,z_plus_zsmooth__LOGIT_return_sortino_vs_bond__cash_allowed__g1p0__tau1p0__c0p001__phl3p0__l10p001,LOGIT,return_sortino_vs_bond,cash_allowed,345,1996-02-29,2024-10-31,0.05849130802798335,0.1004055152497859,0.5825507481583097,-0.2440907427434843,-0.105795115,462.8367636419452,0.056,0.672,5.6e-05,0.000672,0.6054492753623189,0.32162318840579707,0.07292753623188405,1.0,1.0,0.001,3.0,36.0,z_plus_zsmooth__LOGIT_return_sortino_vs_bond__cash_allowed__g1p0__tau1p0__c0p001__phl3p0__l10p001,z_plus_zsmooth,0.001,0.002,1.48,175,92,48,30,0.7003428571428572,0.2963428571428572,0.003314285714285722,0.9206521739130435,0.051521739130434785,0.027826086956521733,0.013333333333333334,0.9866666666666667,0.0,0.03266666666666666,0.23333333333333334,0.734
z_smooth_only,z_smooth_only__RF_return_sortino_vs_bond__cash_allowed__g1p0__tau1p0__c0p0025__phl0p0__l10p0005,RF,return_sortino_vs_bond,cash_allowed,345,1996-02-29,2024-10-31,0.05352504350623437,0.09193917260318556,0.5821788688185323,-0.2387751829036766,-0.10280845439475632,411.03695309523005,0.055420289855072455,0.6650434782608694,0.0001385507246376812,0.0016626086956521742,0.5110724637681159,0.4056231884057972,0.08330434782608695,1.0,1.0,0.0025,0.0,36.0,z_smooth_only__RF_return_sortino_vs_bond__cash_allowed__g1p0__tau1p0__c0p0025__phl0p0__l10p0005,z_smooth_only,0.0005,0.003,1.12,163,88,69,25,0.607116564417178,0.38674846625766873,0.0061349693251533735,0.8047727272727273,0.15931818181818186,0.035909090909090904,0.059710144927536235,0.8388405797101449,0.10144927536231885,0.0968,0.2,0.7031999999999999
z_smooth_only,z_smooth_only__LOGIT_return_sortino_vs_bond__cash_allowed__g2p0__tau1p0__c0p0005__phl3p0__l10p0025,LOGIT,return_sortino_vs_bond,cash_allowed,345,1996-02-29,2024-10-31,0.05117216307647872,0.08795862522371815,0.5817753852601152,-0.20855969716334888,-0.09151526185895872,388.4175536778362,0.03536231884057971,0.4243478260869565,1.7681159420289855e-05,0.00021217391304347824,0.42139130434782607,0.5086956521739131,0.06991304347826087,2.0,1.0,0.0005,3.0,36.0,z_smooth_only__LOGIT_return_sortino_vs_bond__cash_allowed__g2p0__tau1p0__c0p0005__phl3p0__l10p0025,z_smooth_only,0.0025,0.003,1.04,148,118,49,30,0.4447297297297297,0.5505405405405406,0.004729729729729729,0.6420338983050846,0.31983050847457617,0.03813559322033898,0.05714285714285715,0.9281632653061224,0.014693877551020407,0.03333333333333333,0.36000000000000004,0.6066666666666668
z_smooth_only,z_smooth_only__LOGIT_return_sortino_vs_bond__cash_allowed__g2p0__tau5p0__c0p0005__phl3p0__l10p0005,LOGIT,return_sortino_vs_bond,cash_allowed,345,1996-02-29,2024-10-31,0.05117216307647872,0.08795862522371815,0.5817753852601152,-0.20855969716334888,-0.09151526185895872,388.4175536778362,0.03536231884057971,0.4243478260869565,1.7681159420289855e-05,0.00021217391304347824,0.42139130434782607,0.5086956521739131,0.06991304347826087,2.0,5.0,0.0005,3.0,36.0,z_smooth_only__LOGIT_return_sortino_vs_bond__cash_allowed__g2p0__tau5p0__c0p0005__phl3p0__l10p0005,z_smooth_only,0.0005,0.003,1.04,148,118,49,30,0.4447297297297297,0.5505405405405406,0.004729729729729729,0.6420338983050846,0.31983050847457617,0.03813559322033898,0.05714285714285715,0.9281632653061224,0.014693877551020407,0.03333333333333333,0.36000000000000004,0.6066666666666668
z_plus_zsmooth,z_plus_zsmooth__LOGIT_return_sortino_vs_bond__cash_allowed__g1p0__tau3p0__c0p0005__phl3p0__l10p0025,LOGIT,return_sortino_vs_bond,cash_allowed,345,1996-02-29,2024-10-31,0.05888579414325875,0.10123677851502258,0.581664045488376,-0.2700305337947526,-0.10736589286748909,467.0986007550981,0.030028985507246374,0.3603478260869565,1.501449275362319e-05,0.00018017391304347828,0.5069565217391304,0.4246376811594203,0.06840579710144928,1.0,3.0,0.0005,3.0,36.0,z_plus_zsmooth__LOGIT_return_sortino_vs_bond__cash_allowed__g1p0__tau3p0__c0p0005__phl3p0__l10p0025,z_plus_zsmooth,0.0025,0.004,1.0,175,92,48,30,0.546057142857143,0.44879999999999987,0.005142857142857136,0.7647826086956523,0.1997826086956522,0.03543478260869565,0.12374999999999999,0.8708333333333332,0.005416666666666654,0.10133333333333333,0.2593333333333333,0.6393333333333333
z_plus_zsmooth,z_plus_zsmooth__RF_return_sortino_vs_bond__cash_allowed__g2p0__tau1p0__c0p0005__phl3p0__l10p001,RF,return_sortino_vs_bond,cash_allowed,345,1996-02-29,2024-10-31,0.04167266257621144,0.07164644804335697,0.5816431060335768,-0.18147613057543466,-0.07313305444686646,307.1685135532629,0.03768115942028986,0.4521739130434783,1.8840579710144928e-05,0.00022608695652173914,0.3708985507246377,0.5861449275362319,0.04295652173913043,2.0,1.0,0.0005,3.0,36.0,z_plus_zsmooth__RF_return_sortino_vs_bond__cash_allowed__g2p0__tau1p0__c0p0005__phl3p0__l10p001,z_plus_zsmooth,0.001,0.0015,1.0,190,72,66,17,0.45894736842105255,0.5406315789473685,0.0004210526315789399,0.5547222222222222,0.39916666666666667,0.046111111111111096,0.010303030303030303,0.9896969696969696,0.0,0.00823529411764706,0.32,0.6717647058823528
z_plus_zsmooth,z_plus_zsmooth__RF_return_sortino_vs_bond__cash_allowed__g2p0__tau3p0__c0p0005__phl3p0__l10p0,RF,return_sortino_vs_bond,cash_allowed,345,1996-02-29,2024-10-31,0.04167266257621144,0.07164644804335697,0.5816431060335768,-0.18147613057543466,-0.07313305444686646,307.1685135532629,0.03768115942028986,0.4521739130434783,1.8840579710144928e-05,0.00022608695652173914,0.3708985507246377,0.5861449275362319,0.04295652173913043,2.0,3.0,0.0005,3.0,36.0,z_plus_zsmooth__RF_return_sortino_vs_bond__cash_allowed__g2p0__tau3p0__c0p0005__phl3p0__l10p0,z_plus_zsmooth,0.0,0.0015,1.0,190,72,66,17,0.45894736842105255,0.5406315789473685,0.0004210526315789399,0.5547222222222222,0.39916666666666667,0.046111111111111096,0.010303030303030303,0.9896969696969696,0.0,0.00823529411764706,0.32,0.6717647058823528
z_smooth_only,z_smooth_only__RF_return_sortino_vs_bond__cash_allowed__g0p25__tau1p0__c0p0005__phl0p0__l10p0025,RF,return_sortino_vs_bond,cash_allowed,345,1996-02-29,2024-10-31,0.06013475850086779,0.1034778343930295,0.5811366159100697,-0.27663709278718684,-0.1048285,480.85689367953483,0.06086956521739131,0.7304347826086957,3.0434782608695653e-05,0.00036521739130434785,0.6275362318840579,0.2980289855072464,0.07443478260869565,0.25,1.0,0.0005,0.0,36.0,z_smooth_only__RF_return_sortino_vs_bond__cash_allowed__g0p25__tau1p0__c0p0005__phl0p0__l10p0025,z_smooth_only,0.0025,0.003,2.0,163,88,69,25,0.7573006134969325,0.23656441717791413,0.006134969325153374,0.9477272727272728,0.03704545454545454,0.015227272727272726,0.08695652173913043,0.8115942028985508,0.10144927536231885,0.1464,0.2,0.6536
z_smooth_only,z_smooth_only__RF_return_sortino_vs_bond__cash_allowed__g0p25__tau5p0__c0p0005__phl0p0__l10p0005,RF,return_sortino_vs_bond,cash_allowed,345,1996-02-29,2024-10-31,0.06013475850086779,0.1034778343930295,0.5811366159100697,-0.27663709278718684,-0.1048285,480.85689367953483,0.06086956521739131,0.7304347826086957,3.0434782608695653e-05,0.00036521739130434785,0.6275362318840579,0.2980289855072464,0.07443478260869565,0.25,5.0,0.0005,0.0,36.0,z_smooth_only__RF_return_sortino_vs_bond__cash_allowed__g0p25__tau5p0__c0p0005__phl0p0__l10p0005,z_smooth_only,0.0005,0.003,2.0,163,88,69,25,0.7573006134969325,0.23656441717791413,0.006134969325153374,0.9477272727272728,0.03704545454545454,0.015227272727272726,0.08695652173913043,0.8115942028985508,0.10144927536231885,0.1464,0.2,0.6536
z_smooth_only,z_smooth_only__LOGIT_return_sortino_vs_bond__cash_allowed__g0p5__tau1p0__c0p001__phl3p0__l10p0025,LOGIT,return_sortino_vs_bond,cash_allowed,345,1996-02-29,2024-10-31,0.06638141143537679,0.1142616885379502,0.580959482436926,-0.27003053379475284,-0.11654600000000001,555.8681584544855,0.03188405797101449,0.3826086956521739,3.188405797101449e-05,0.0003826086956521739,0.6537391304347827,0.2866086956521739,0.05965217391304347,0.5,1.0,0.001,3.0,36.0,z_smooth_only__LOGIT_return_sortino_vs_bond__cash_allowed__g0p5__tau1p0__c0p001__phl3p0__l10p0025,z_smooth_only,0.0025,0.0035,1.52,148,118,49,30,0.705945945945946,0.29405405405405405,0.0,0.9145762711864407,0.06542372881355932,0.02,0.1910204081632653,0.8089795918367347,-1.1328806373726086e-18,0.126,0.26666666666666666,0.6073333333333333
z_smooth_only,z_smooth_only__LOGIT_return_sortino_vs_bond__cash_allowed__g0p5__tau3p0__c0p001__phl3p0__l10p0005,LOGIT,return_sortino_vs_bond,cash_allowed,345,1996-02-29,2024-10-31,0.06638141143537679,0.1142616885379502,0.580959482436926,-0.27003053379475284,-0.11654600000000001,555.8681584544855,0.03188405797101449,0.3826086956521739,3.188405797101449e-05,0.0003826086956521739,0.6537391304347827,0.2866086956521739,0.05965217391304347,0.5,3.0,0.001,3.0,36.0,z_smooth_only__LOGIT_return_sortino_vs_bond__cash_allowed__g0p5__tau3p0__c0p001__phl3p0__l10p0005,z_smooth_only,0.0005,0.0035,1.52,148,118,49,30,0.705945945945946,0.29405405405405405,0.0,0.9145762711864407,0.06542372881355932,0.02,0.1910204081632653,0.8089795918367347,-1.1328806373726086e-18,0.126,0.26666666666666666,0.6073333333333333
z_smooth_only,z_smooth_only__RF_return_sortino_vs_bond__cash_allowed__g0p5__tau1p0__c0p001__phl3p0__l10p0,RF,return_sortino_vs_bond,cash_allowed,345,1996-02-29,2024-10-31,0.06226830782233078,0.10723015742034053,0.5806977190030598,-0.255907739933964,-0.10695550000000001,505.31779021030536,0.05507246376811594,0.6608695652173913,5.507246376811594e-05,0.0006608695652173912,0.6415652173913043,0.3065507246376811,0.05188405797101449,0.5,1.0,0.001,3.0,36.0,z_smooth_only__RF_return_sortino_vs_bond__cash_allowed__g0p5__tau1p0__c0p001__phl3p0__l10p0,z_smooth_only,0.0,0.001,1.44,178,82,67,18,0.7896629213483146,0.21033707865168538,-1.247441600702423e-18,0.9746341463414633,0.01,0.015365853658536585,0.0,1.0,0.0,0.04777777777777778,0.027777777777777776,0.9244444444444445
z_plus_zsmooth,z_plus_zsmooth__RF_return_sortino_vs_bond__cash_allowed__g0p5__tau1p0__c0p0005__phl3p0__l10p0005,RF,return_sortino_vs_bond,cash_allowed,345,1996-02-29,2024-10-31,0.06225001335631647,0.10722288795572599,0.5805664680662255,-0.26254624435540586,-0.10695550000000001,505.02441178067716,0.05507246376811594,0.6608695652173913,2.753623188405797e-05,0.0003304347826086956,0.6419710144927536,0.30643478260869567,0.051594202898550726,0.5,1.0,0.0005,3.0,36.0,z_plus_zsmooth__RF_return_sortino_vs_bond__cash_allowed__g0p5__tau1p0__c0p0005__phl3p0__l10p0005,z_plus_zsmooth,0.0005,0.001,1.6400000000000001,190,72,66,17,0.7949473684210526,0.20505263157894735,4.747664250041788e-19,0.9686111111111111,0.015000000000000001,0.016388888888888887,0.0048484848484848485,0.9951515151515152,0.0,0.02235294117647059,0.0,0.9776470588235294
z_plus_zsmooth,z_plus_zsmooth__RF_return_sortino_vs_bond__cash_allowed__g0p25__tau1p0__c0p0025__phl0p0__l10p0005,RF,return_sortino_vs_bond,cash_allowed,345,1996-02-29,2024-10-31,0.05982051447055242,0.10304496036818736,0.5805282883976979,-0.2700305337947527,-0.1048285,477.1384788280588,0.06133333333333334,0.736,0.00015333333333333334,0.00184,0.6286956521739131,0.3149565217391304,0.056347826086956515,0.25,1.0,0.0025,0.0,36.0,z_plus_zsmooth__RF_return_sortino_vs_bond__cash_allowed__g0p25__tau1p0__c0p0025__phl0p0__l10p0005,z_plus_zsmooth,0.0005,0.003,2.0,165,83,72,25,0.7665454545454545,0.23345454545454544,1.6821560979169038e-19,0.9318072289156627,0.056144578313253014,0.012048192771084336,0.1461111111111111,0.8538888888888888,4.818676322157798e-19,0.1024,0.16,0.7376
z_plus_zsmooth,z_plus_zsmooth__LOGIT_return_sortino_vs_bond__cash_allowed__g1p0__tau3p0__c0p001__phl3p0__l10p001,LOGIT,return_sortino_vs_bond,cash_allowed,345,1996-02-29,2024-10-31,0.05870562023021528,0.10123832117373263,0.5798754814342681,-0.27003053379475284,-0.10736589286748909,464.6938421600527,0.030028985507246374,0.3603478260869565,3.002898550724638e-05,0.00036034782608695656,0.5069565217391304,0.4246376811594203,0.06840579710144928,1.0,3.0,0.001,3.0,36.0,z_plus_zsmooth__LOGIT_return_sortino_vs_bond__cash_allowed__g1p0__tau3p0__c0p001__phl3p0__l10p001,z_plus_zsmooth,0.001,0.004,1.0,175,92,48,30,0.546057142857143,0.44879999999999987,0.005142857142857136,0.7647826086956523,0.1997826086956522,0.03543478260869565,0.12374999999999999,0.8708333333333332,0.005416666666666654,0.10133333333333333,0.2593333333333333,0.6393333333333333
z_smooth_only,z_smooth_only__LOGIT_return_sortino_vs_bond__cash_allowed__g0p5__tau1p0__c0p0005__phl3p0__l10p0005,LOGIT,return_sortino_vs_bond,cash_allowed,345,1996-02-29,2024-10-31,0.06579588498032389,0.11351120787730974,0.5796421887382287,-0.21026865803871286,-0.1145125,547.776615482989,0.06875362318840579,0.8250434782608695,3.43768115942029e-05,0.0004125217391304348,0.6908405797101449,0.24504347826086958,0.0641159420289855,0.5,1.0,0.0005,3.0,36.0,z_smooth_only__LOGIT_return_sortino_vs_bond__cash_allowed__g0p5__tau1p0__c0p0005__phl3p0__l10p0005,z_smooth_only,0.0005,0.001,2.0,148,118,49,30,0.8193243243243242,0.18067567567567566,-2.6255274231000325e-18,0.9747457627118645,0.016101694915254237,0.009152542372881357,0.022448979591836737,0.9775510204081632,5.664403186863043e-19,0.032,0.26666666666666666,0.7013333333333333
z_smooth_only,z_smooth_only__LOGIT_return_sortino_vs_bond__cash_allowed__g2p0__tau3p0__c0p001__phl3p0__l10p0,LOGIT,return_sortino_vs_bond,cash_allowed,345,1996-02-29,2024-10-31,0.05095998916343524,0.08796728713784593,0.5793061355135375,-0.20934505822474692,-0.09153776185895873,386.0561277288478,0.03536231884057971,0.4243478260869565,3.536231884057971e-05,0.0004243478260869565,0.42139130434782607,0.5086956521739131,0.06991304347826087,2.0,3.0,0.001,3.0,36.0,z_smooth_only__LOGIT_return_sortino_vs_bond__cash_allowed__g2p0__tau3p0__c0p001__phl3p0__l10p0,z_smooth_only,0.0,0.003,1.04,148,118,49,30,0.4447297297297297,0.5505405405405406,0.004729729729729729,0.6420338983050846,0.31983050847457617,0.03813559322033898,0.05714285714285715,0.9281632653061224,0.014693877551020407,0.03333333333333333,0.36000000000000004,0.6066666666666668
z_plus_zsmooth,z_plus_zsmooth__LOGIT_return_sortino_vs_bond__cash_allowed__g0p5__tau1p0__c0p0025__phl3p0__l10p001,LOGIT,return_sortino_vs_bond,cash_allowed,345,1996-02-29,2024-10-31,0.06558072665541695,0.11326534154356102,0.5790008290417336,-0.2700305337947527,-0.11654600000000001,545.1453586127074,0.03188405797101449,0.3826086956521739,7.971014492753625e-05,0.0009565217391304349,0.599536231884058,0.3413913043478261,0.05907246376811595,0.5,1.0,0.0025,3.0,36.0,z_plus_zsmooth__LOGIT_return_sortino_vs_bond__cash_allowed__g0p5__tau1p0__c0p0025__phl3p0__l10p001,z_plus_zsmooth,0.001,0.0035,1.8,175,92,48,30,0.6512,0.34880000000000005,-2.3790493384824784e-19,0.8876086956521739,0.09282608695652173,0.01956521739130435,0.1416666666666667,0.8583333333333333,-5.782411586589357e-19,0.14733333333333334,0.23333333333333334,0.6193333333333333
z_plus_zsmooth,z_plus_zsmooth__RF_return_sortino_vs_bond__cash_allowed__g2p0__tau1p0__c0p001__phl3p0__l10p0005,RF,return_sortino_vs_bond,cash_allowed,345,1996-02-29,2024-10-31,0.04144657561968969,0.07164973108452655,0.5784610073524822,-0.18195400584075838,-0.07313305444686646,305.18257633396456,0.03768115942028986,0.4521739130434783,3.7681159420289856e-05,0.0004521739130434783,0.3708985507246377,0.5861449275362319,0.04295652173913043,2.0,1.0,0.001,3.0,36.0,z_plus_zsmooth__RF_return_sortino_vs_bond__cash_allowed__g2p0__tau1p0__c0p001__phl3p0__l10p0005,z_plus_zsmooth,0.0005,0.0015,1.0,190,72,66,17,0.45894736842105255,0.5406315789473685,0.0004210526315789399,0.5547222222222222,0.39916666666666667,0.046111111111111096,0.010303030303030303,0.9896969696969696,0.0,0.00823529411764706,0.32,0.6717647058823528
z_smooth_only,z_smooth_only__LOGIT_return_sortino_vs_bond__cash_allowed__g2p0__tau1p0__c0p001__phl0p0__l10p0025,LOGIT,return_sortino_vs_bond,cash_allowed,345,1996-02-29,2024-10-31,0.051440693779724087,0.08895544642579371,0.5782748088689061,-0.18159319605378121,-0.10298610204797587,390.126180408042,0.08266666666666667,0.992,8.266666666666668e-05,0.0009920000000000003,0.4904347826086956,0.4179710144927536,0.09159420289855072,2.0,1.0,0.001,0.0,36.0,z_smooth_only__LOGIT_return_sortino_vs_bond__cash_allowed__g2p0__tau1p0__c0p001__phl0p0__l10p0025,z_smooth_only,0.0025,0.0035,2.0,149,107,55,34,0.5751677852348992,0.4080536912751678,0.016778523489932872,0.7685981308411216,0.19757009345794393,0.03383177570093456,0.0047272727272727275,0.9512727272727273,0.044,0.029411764705882353,0.2923529411764706,0.6782352941176472
z_smooth_only,z_smooth_only__LOGIT_return_sortino_vs_bond__cash_allowed__g2p0__tau3p0__c0p001__phl0p0__l10p0005,LOGIT,return_sortino_vs_bond,cash_allowed,345,1996-02-29,2024-10-31,0.051440693779724087,0.08895544642579371,0.5782748088689061,-0.18159319605378121,-0.10298610204797587,390.126180408042,0.08266666666666667,0.992,8.266666666666668e-05,0.0009920000000000003,0.4904347826086956,0.4179710144927536,0.09159420289855072,2.0,3.0,0.001,0.0,36.0,z_smooth_only__LOGIT_return_sortino_vs_bond__cash_allowed__g2p0__tau3p0__c0p001__phl0p0__l10p0005,z_smooth_only,0.0005,0.0035,2.0,149,107,55,34,0.5751677852348992,0.4080536912751678,0.016778523489932872,0.7685981308411216,0.19757009345794393,0.03383177570093456,0.0047272727272727275,0.9512727272727273,0.044,0.029411764705882353,0.2923529411764706,0.6782352941176472
z_smooth_only,z_smooth_only__RF_return_sortino_vs_bond__cash_allowed__g0p25__tau3p0__c0p001__phl0p0__l10p0,RF,return_sortino_vs_bond,cash_allowed,345,1996-02-29,2024-10-31,0.05976954110956344,0.10345774684024577,0.577719338909019,-0.27736706225339225,-0.1048285,475.88514712738277,0.06086956521739131,0.7304347826086957,6.0869565217391306e-05,0.0007304347826086957,0.6275362318840579,0.2980289855072464,0.07443478260869565,0.25,3.0,0.001,0.0,36.0,z_smooth_only__RF_return_sortino_vs_bond__cash_allowed__g0p25__tau3p0__c0p001__phl0p0__l10p0,z_smooth_only,0.0,0.003,2.0,163,88,69,25,0.7573006134969325,0.23656441717791413,0.006134969325153374,0.9477272727272728,0.03704545454545454,0.015227272727272726,0.08695652173913043,0.8115942028985508,0.10144927536231885,0.1464,0.2,0.6536
z_plus_zsmooth,z_plus_zsmooth__RF_return_sortino_vs_bond__cash_allowed__g0p5__tau1p0__c0p001__phl3p0__l10p0,RF,return_sortino_vs_bond,cash_allowed,345,1996-02-29,2024-10-31,0.06191957857370778,0.10721836971564332,0.5775090475440573,-0.2626559440910945,-0.10695550000000001,500.27901123848306,0.05507246376811594,0.6608695652173913,5.507246376811594e-05,0.0006608695652173912,0.6419710144927536,0.30643478260869567,0.051594202898550726,0.5,1.0,0.001,3.0,36.0,z_plus_zsmooth__RF_return_sortino_vs_bond__cash_allowed__g0p5__tau1p0__c0p001__phl3p0__l10p0,z_plus_zsmooth,0.0,0.001,1.6400000000000001,190,72,66,17,0.7949473684210526,0.20505263157894735,4.747664250041788e-19,0.9686111111111111,0.015000000000000001,0.016388888888888887,0.0048484848484848485,0.9951515151515152,0.0,0.02235294117647059,0.0,0.9776470588235294
z_smooth_only,z_smooth_only__LOGIT_return_sortino_vs_bond__cash_allowed__g0p25__tau1p0__c0p0005__phl3p0__l10p0025,LOGIT,return_sortino_vs_bond,cash_allowed,345,1996-02-29,2024-10-31,0.06613915445197144,0.11458787743243018,0.5771915488265517,-0.2700305337947526,-0.11654600000000001,551.3794649206486,0.03188405797101449,0.3826086956521739,1.5942028985507246e-05,0.00019130434782608694,0.6669565217391304,0.2758840579710145,0.057159420289855066,0.25,1.0,0.0005,3.0,36.0,z_smooth_only__LOGIT_return_sortino_vs_bond__cash_allowed__g0p25__tau1p0__c0p0005__phl3p0__l10p0025,z_smooth_only,0.0025,0.003,2.0,148,118,49,30,0.715945945945946,0.28405405405405404,0.0,0.9491525423728814,0.03627118644067797,0.014576271186440677,0.16612244897959186,0.8338775510204082,0.0,0.13333333333333333,0.26666666666666666,0.6
z_smooth_only,z_smooth_only__LOGIT_return_sortino_vs_bond__cash_allowed__g0p25__tau5p0__c0p0005__phl3p0__l10p0005,LOGIT,return_sortino_vs_bond,cash_allowed,345,1996-02-29,2024-10-31,0.06613915445197144,0.11458787743243018,0.5771915488265517,-0.2700305337947526,-0.11654600000000001,551.3794649206486,0.03188405797101449,0.3826086956521739,1.5942028985507246e-05,0.00019130434782608694,0.6669565217391304,0.2758840579710145,0.057159420289855066,0.25,5.0,0.0005,3.0,36.0,z_smooth_only__LOGIT_return_sortino_vs_bond__cash_allowed__g0p25__tau5p0__c0p0005__phl3p0__l10p0005,z_smooth_only,0.0005,0.003,2.0,148,118,49,30,0.715945945945946,0.28405405405405404,0.0,0.9491525423728814,0.03627118644067797,0.014576271186440677,0.16612244897959186,0.8338775510204082,0.0,0.13333333333333333,0.26666666666666666,0.6
z_plus_zsmooth,z_plus_zsmooth__RF_return_sortino_vs_bond__cash_allowed__g0p25__tau1p0__c0p0005__phl3p0__l10p0005,RF,return_sortino_vs_bond,cash_allowed,345,1996-02-29,2024-10-31,0.06323413405273179,0.10957210773373255,0.5771006450509731,-0.2700305337947526,-0.10695550000000001,515.7418292344614,0.05507246376811594,0.6608695652173913,2.7536231884057974e-05,0.0003304347826086957,0.6633043478260869,0.28857971014492756,0.04811594202898551,0.25,1.0,0.0005,3.0,36.0,z_plus_zsmooth__RF_return_sortino_vs_bond__cash_allowed__g0p25__tau1p0__c0p0005__phl3p0__l10p0005,z_plus_zsmooth,0.0005,0.001,2.0,190,72,66,17,0.8204210526315789,0.17957894736842103,-2.0086271827099871e-19,0.9936111111111112,0.0011111111111111111,0.005277777777777777,0.009696969696969697,0.9903030303030302,-3.3643121958338078e-18,0.04588235294117647,0.0,0.9541176470588235
z_smooth_only,z_smooth_only__LOGIT_return_sortino_vs_bond__cash_allowed__g2p0__tau5p0__c0p0005__phl3p0__l10p001,LOGIT,return_sortino_vs_bond,cash_allowed,345,1996-02-29,2024-10-31,0.049511012502451344,0.0858266966875448,0.5768719339472889,-0.21472694193244146,-0.09294224729161589,372.29570444391544,0.028405797101449276,0.3408695652173913,1.420289855072464e-05,0.00017043478260869566,0.3927536231884058,0.5522318840579711,0.05501449275362316,2.0,5.0,0.0005,3.0,36.0,z_smooth_only__LOGIT_return_sortino_vs_bond__cash_allowed__g2p0__tau5p0__c0p0005__phl3p0__l10p001,z_smooth_only,0.001,0.0035,1.0,148,118,49,30,0.427027027027027,0.5713513513513515,0.0016216216216215827,0.5710169491525422,0.40169491525423723,0.0272881355932203,0.07591836734693876,0.8971428571428571,0.02693877551020408,0.04,0.48666666666666664,0.4733333333333334
z_plus_zsmooth,z_plus_zsmooth__LOGIT_return_sortino_vs_bond__cash_allowed__g2p0__tau1p0__c0p0025__phl3p0__l10p0005,LOGIT,return_sortino_vs_bond,cash_allowed,345,1996-02-29,2024-10-31,0.050538769468173095,0.08769342867107448,0.5763119339048403,-0.2263197583189488,-0.09246186318426894,381.6863303470169,0.03814492753623189,0.45773913043478265,9.536231884057971e-05,0.0011443478260869566,0.41710144927536236,0.5067246376811595,0.07617391304347826,2.0,1.0,0.0025,3.0,36.0,z_plus_zsmooth__LOGIT_return_sortino_vs_bond__cash_allowed__g2p0__tau1p0__c0p0025__phl3p0__l10p0005,z_plus_zsmooth,0.0005,0.003,1.1,175,92,48,30,0.4508571428571428,0.5442285714285715,0.004914285714285714,0.6795652173913044,0.26282608695652177,0.057608695652173914,0.0325,0.9670833333333334,0.000416666666666667,0.030666666666666665,0.29933333333333334,0.67
z_smooth_only,z_smooth_only__LOGIT_return_sortino_vs_bond__cash_allowed__g0p5__tau1p0__c0p001__phl3p0__l10p0,LOGIT,return_sortino_vs_bond,cash_allowed,345,1996-02-29,2024-10-31,0.06538336324119347,0.11349303811913729,0.5761002112971761,-0.21157164070576473,-0.1145125,541.3795721717249,0.06875362318840579,0.8250434782608695,6.87536231884058e-05,0.0008250434782608696,0.6908405797101449,0.24504347826086958,0.0641159420289855,0.5,1.0,0.001,3.0,36.0,z_smooth_only__LOGIT_return_sortino_vs_bond__cash_allowed__g0p5__tau1p0__c0p001__phl3p0__l10p0,z_smooth_only,0.0,0.001,2.0,148,118,49,30,0.8193243243243242,0.18067567567567566,-2.6255274231000325e-18,0.9747457627118645,0.016101694915254237,0.009152542372881357,0.022448979591836737,0.9775510204081632,5.664403186863043e-19,0.032,0.26666666666666666,0.7013333333333333
z_smooth_only,z_smooth_only__LOGIT_return_sortino_vs_bond__cash_allowed__g0p5__tau1p0__c0p0025__phl3p0__l10p0,LOGIT,return_sortino_vs_bond,cash_allowed,345,1996-02-29,2024-10-31,0.06271611874953677,0.10888386196176497,0.5759909468637309,-0.2560483290918727,-0.11237286539018643,509.24006159854775,0.043130434782608695,0.5175652173913043,0.00010782608695652176,0.0012939130434782612,0.6315942028985507,0.30742028985507247,0.060985507246376816,0.5,1.0,0.0025,3.0,36.0,z_smooth_only__LOGIT_return_sortino_vs_bond__cash_allowed__g0p5__tau1p0__c0p0025__phl3p0__l10p0,z_smooth_only,0.0,0.0025,1.8,148,118,49,30,0.6786486486486487,0.3191891891891892,0.00216216216216216,0.9303389830508475,0.05457627118644068,0.015084745762711863,0.09428571428571429,0.9057142857142858,-1.1328806373726086e-18,0.102,0.26666666666666666,0.6313333333333334
z_smooth_only,z_smooth_only__LOGIT_return_sortino_vs_bond__cash_allowed__g0p5__tau1p0__c0p0025__phl3p0__l10p001,LOGIT,return_sortino_vs_bond,cash_allowed,345,1996-02-29,2024-10-31,0.06580749839189853,0.11427066833267847,0.5758914282387135,-0.2700305337947527,-0.11654600000000001,546.7997790047287,0.03188405797101449,0.3826086956521739,7.971014492753625e-05,0.0009565217391304349,0.6537391304347827,0.2866086956521739,0.05965217391304347,0.5,1.0,0.0025,3.0,36.0,z_smooth_only__LOGIT_return_sortino_vs_bond__cash_allowed__g0p5__tau1p0__c0p0025__phl3p0__l10p001,z_smooth_only,0.001,0.0035,1.52,148,118,49,30,0.705945945945946,0.29405405405405405,0.0,0.9145762711864407,0.06542372881355932,0.02,0.1910204081632653,0.8089795918367347,-1.1328806373726086e-18,0.126,0.26666666666666666,0.6073333333333333
z_smooth_only,z_smooth_only__LOGIT_return_sortino_vs_bond__cash_allowed__g0p25__tau3p0__c0p001__phl3p0__l10p0,LOGIT,return_sortino_vs_bond,cash_allowed,345,1996-02-29,2024-10-31,0.06594785010414536,0.1145940818643368,0.5754908895052563,-0.27003053379475284,-0.11654600000000001,548.3602629877556,0.03188405797101449,0.3826086956521739,3.188405797101449e-05,0.0003826086956521739,0.6669565217391304,0.2758840579710145,0.057159420289855066,0.25,3.0,0.001,3.0,36.0,z_smooth_only__LOGIT_return_sortino_vs_bond__cash_allowed__g0p25__tau3p0__c0p001__phl3p0__l10p0,z_smooth_only,0.0,0.003,2.0,148,118,49,30,0.715945945945946,0.28405405405405404,0.0,0.9491525423728814,0.03627118644067797,0.014576271186440677,0.16612244897959186,0.8338775510204082,0.0,0.13333333333333333,0.26666666666666666,0.6
z_smooth_only,z_smooth_only__LOGIT_return_sortino_vs_bond__cash_allowed__g1p0__tau1p0__c0p0005__phl6p0__l10p0005,LOGIT,return_sortino_vs_bond,cash_allowed,345,1996-02-29,2024-10-31,0.06280481605149883,0.10920176427932611,0.5751263861529838,-0.251854402299196,-0.10939205495460531,510.0096665723397,0.044173913043478265,0.5300869565217392,2.208695652173913e-05,0.00026504347826086956,0.6384347826086956,0.2979710144927536,0.06359420289855072,1.0,1.0,0.0005,6.0,36.0,z_smooth_only__LOGIT_return_sortino_vs_bond__cash_allowed__g1p0__tau1p0__c0p0005__phl6p0__l10p0005,z_smooth_only,0.0005,0.001,1.0,172,101,48,24,0.7425581395348837,0.2574418604651163,-1.9364355080671335e-18,0.9099009900990099,0.05782178217821782,0.03227722772277228,0.006666666666666667,0.9933333333333333,0.0,0.013333333333333334,0.20833333333333334,0.7783333333333333
z_smooth_only,z_smooth_only__RF_return_sortino_vs_bond__cash_allowed__g0p5__tau1p0__c0p0005__phl3p0__l10p0,RF,return_sortino_vs_bond,cash_allowed,345,1996-02-29,2024-10-31,0.06166764907536381,0.10723608607304112,0.5750643401267038,-0.21855442673800918,-0.1044554429934454,496.5767407151092,0.062028985507246386,0.7443478260869566,3.101449275362319e-05,0.00037217391304347823,0.6475942028985507,0.3005797101449275,0.05182608695652174,0.5,1.0,0.0005,3.0,36.0,z_smooth_only__RF_return_sortino_vs_bond__cash_allowed__g0p5__tau1p0__c0p0005__phl3p0__l10p0,z_smooth_only,0.0,0.0005,1.6400000000000001,178,82,67,18,0.8068539325842697,0.19314606741573032,-7.796510004390144e-19,0.9709756097560976,0.016585365853658534,0.012439024390243903,0.0,1.0,0.0,0.010000000000000002,0.05333333333333333,0.9366666666666666
z_smooth_only,z_smooth_only__LOGIT_return_sortino_vs_bond__cash_allowed__g2p0__tau1p0__c0p001__phl3p0__l10p0025,LOGIT,return_sortino_vs_bond,cash_allowed,345,1996-02-29,2024-10-31,0.049340577719842654,0.08582621089955735,0.5748893863855422,-0.21499031998655882,-0.09295474729161589,370.4832743600141,0.028405797101449276,0.3408695652173913,2.840579710144928e-05,0.00034086956521739133,0.3927536231884058,0.5522318840579711,0.05501449275362316,2.0,1.0,0.001,3.0,36.0,z_smooth_only__LOGIT_return_sortino_vs_bond__cash_allowed__g2p0__tau1p0__c0p001__phl3p0__l10p0025,z_smooth_only,0.0025,0.0035,1.0,148,118,49,30,0.427027027027027,0.5713513513513515,0.0016216216216215827,0.5710169491525422,0.40169491525423723,0.0272881355932203,0.07591836734693876,0.8971428571428571,0.02693877551020408,0.04,0.48666666666666664,0.4733333333333334
z_smooth_only,z_smooth_only__LOGIT_return_sortino_vs_bond__cash_allowed__g2p0__tau3p0__c0p001__phl3p0__l10p0005,LOGIT,return_sortino_vs_bond,cash_allowed,345,1996-02-29,2024-10-31,0.049340577719842654,0.08582621089955735,0.5748893863855422,-0.21499031998655882,-0.09295474729161589,370.4832743600141,0.028405797101449276,0.3408695652173913,2.840579710144928e-05,0.00034086956521739133,0.3927536231884058,0.5522318840579711,0.05501449275362316,2.0,3.0,0.001,3.0,36.0,z_smooth_only__LOGIT_return_sortino_vs_bond__cash_allowed__g2p0__tau3p0__c0p001__phl3p0__l10p0005,z_smooth_only,0.0005,0.0035,1.0,148,118,49,30,0.427027027027027,0.5713513513513515,0.0016216216216215827,0.5710169491525422,0.40169491525423723,0.0272881355932203,0.07591836734693876,0.8971428571428571,0.02693877551020408,0.04,0.48666666666666664,0.4733333333333334
z_plus_zsmooth,z_plus_zsmooth__RF_return_sortino_vs_bond__cash_allowed__g0p25__tau1p0__c0p001__phl3p0__l10p0,RF,return_sortino_vs_bond,cash_allowed,345,1996-02-29,2024-10-31,0.0629036992701231,0.1095696394119906,0.5740978943409693,-0.27003053379475284,-0.10695550000000001,510.893813022067,0.05507246376811594,0.6608695652173913,5.507246376811595e-05,0.0006608695652173914,0.6633043478260869,0.28857971014492756,0.04811594202898551,0.25,1.0,0.001,3.0,36.0,z_plus_zsmooth__RF_return_sortino_vs_bond__cash_allowed__g0p25__tau1p0__c0p001__phl3p0__l10p0,z_plus_zsmooth,0.0,0.001,2.0,190,72,66,17,0.8204210526315789,0.17957894736842103,-2.0086271827099871e-19,0.9936111111111112,0.0011111111111111111,0.005277777777777777,0.009696969696969697,0.9903030303030302,-3.3643121958338078e-18,0.04588235294117647,0.0,0.9541176470588235
z_plus_zsmooth,z_plus_zsmooth__RF_return_sortino_vs_bond__cash_allowed__g0p5__tau1p0__c0p0005__phl0p0__l10p0025,RF,return_sortino_vs_bond,cash_allowed,345,1996-02-29,2024-10-31,0.057046090352816145,0.09938730615238149,0.5739776291486618,-0.2700305337947526,-0.1048285,445.3079941148826,0.06434782608695652,0.7721739130434783,3.2173913043478265e-05,0.0003860869565217392,0.5975652173913044,0.34202898550724636,0.06040579710144928,0.5,1.0,0.0005,0.0,36.0,z_plus_zsmooth__RF_return_sortino_vs_bond__cash_allowed__g0p5__tau1p0__c0p0005__phl0p0__l10p0025,z_plus_zsmooth,0.0025,0.003,2.0,165,83,72,25,0.7203636363636363,0.2796363636363636,-1.6821560979169039e-18,0.9183132530120481,0.06698795180722893,0.01469879518072289,0.12194444444444447,0.8652777777777777,0.01277777777777777,0.09200000000000001,0.16,0.7480000000000001
z_plus_zsmooth,z_plus_zsmooth__RF_return_sortino_vs_bond__cash_allowed__g0p5__tau5p0__c0p0005__phl0p0__l10p0005,RF,return_sortino_vs_bond,cash_allowed,345,1996-02-29,2024-10-31,0.057046090352816145,0.09938730615238149,0.5739776291486618,-0.2700305337947526,-0.1048285,445.3079941148826,0.06434782608695652,0.7721739130434783,3.2173913043478265e-05,0.0003860869565217392,0.5975652173913044,0.34202898550724636,0.06040579710144928,0.5,5.0,0.0005,0.0,36.0,z_plus_zsmooth__RF_return_sortino_vs_bond__cash_allowed__g0p5__tau5p0__c0p0005__phl0p0__l10p0005,z_plus_zsmooth,0.0005,0.003,2.0,165,83,72,25,0.7203636363636363,0.2796363636363636,-1.6821560979169039e-18,0.9183132530120481,0.06698795180722893,0.01469879518072289,0.12194444444444447,0.8652777777777777,0.01277777777777777,0.09200000000000001,0.16,0.7480000000000001
z_smooth_only,z_smooth_only__RF_return_sortino_vs_bond__cash_allowed__g0p5__tau1p0__c0p0025__phl0p0__l10p0005,RF,return_sortino_vs_bond,cash_allowed,345,1996-02-29,2024-10-31,0.057187528944903795,0.09963427171919029,0.5739744764339866,-0.2646081988076254,-0.1048285,446.9221691502339,0.059014492753623186,0.7081739130434782,0.00014753623188405797,0.0017704347826086957,0.6008695652173912,0.31971014492753624,0.07942028985507246,0.5,1.0,0.0025,0.0,36.0,z_smooth_only__RF_return_sortino_vs_bond__cash_allowed__g0p5__tau1p0__c0p0025__phl0p0__l10p0005,z_smooth_only,0.0005,0.003,2.0,163,88,69,25,0.719877300613497,0.27398773006134974,0.006134969325153368,0.9263636363636363,0.047499999999999994,0.026136363636363635,0.08028985507246376,0.8182608695652174,0.10144927536231885,0.11600000000000002,0.2,0.684
z_plus_zsmooth,z_plus_zsmooth__LOGIT_return_sortino_vs_bond__cash_allowed__g0p25__tau1p0__c0p0005__phl6p0__l10p0,LOGIT,return_sortino_vs_bond,cash_allowed,345,1996-02-29,2024-10-31,0.06828339082149423,0.1189872130747029,0.5738716712242378,-0.2700305337947526,-0.11654600000000001,577.4589939562164,0.043478260869565216,0.5217391304347826,2.1739130434782607e-05,0.0002608695652173913,0.7460289855072464,0.20017391304347826,0.05379710144927536,0.25,1.0,0.0005,6.0,36.0,z_plus_zsmooth__LOGIT_return_sortino_vs_bond__cash_allowed__g0p25__tau1p0__c0p0005__phl6p0__l10p0,z_plus_zsmooth,0.0,0.0005,1.6400000000000001,200,74,50,21,0.9147,0.08530000000000001,-1.5265566588595903e-18,0.995945945945946,0.0,0.004054054054054053,0.0,1.0,0.0,0.035238095238095235,0.09523809523809523,0.8695238095238095
z_plus_zsmooth,z_plus_zsmooth__RF_return_sortino_vs_bond__cash_allowed__g0p5__tau3p0__c0p0005__phl0p0__l10p001,RF,return_sortino_vs_bond,cash_allowed,345,1996-02-29,2024-10-31,0.05844050163194449,0.10189829904849748,0.5735179308943156,-0.2540714158610128,-0.1048285,460.0894856195446,0.07918840579710144,0.9502608695652173,3.959420289855072e-05,0.0004751304347826086,0.6354202898550725,0.3070724637681159,0.057507246376811594,0.5,3.0,0.0005,0.0,36.0,z_plus_zsmooth__RF_return_sortino_vs_bond__cash_allowed__g0p5__tau3p0__c0p0005__phl0p0__l10p001,z_plus_zsmooth,0.001,0.0025,2.0,165,83,72,25,0.791030303030303,0.208969696969697,0.0,0.9587951807228915,0.03084337349397591,0.010361445783132528,0.09861111111111111,0.901388888888889,7.709882115452476e-19,0.0808,0.16,0.7592
z_plus_zsmooth,z_plus_zsmooth__RF_return_sortino_vs_bond__cash_allowed__g0p5__tau5p0__c0p0005__phl0p0__l10p0,RF,return_sortino_vs_bond,cash_allowed,345,1996-02-29,2024-10-31,0.05844050163194449,0.10189829904849748,0.5735179308943156,-0.2540714158610128,-0.1048285,460.0894856195446,0.07918840579710144,0.9502608695652173,3.959420289855072e-05,0.0004751304347826086,0.6354202898550725,0.3070724637681159,0.057507246376811594,0.5,5.0,0.0005,0.0,36.0,z_plus_zsmooth__RF_return_sortino_vs_bond__cash_allowed__g0p5__tau5p0__c0p0005__phl0p0__l10p0,z_plus_zsmooth,0.0,0.0025,2.0,165,83,72,25,0.791030303030303,0.208969696969697,0.0,0.9587951807228915,0.03084337349397591,0.010361445783132528,0.09861111111111111,0.901388888888889,7.709882115452476e-19,0.0808,0.16,0.7592
z_plus_zsmooth,z_plus_zsmooth__LOGIT_return_sortino_vs_bond__cash_allowed__g0p25__tau1p0__c0p0005__phl3p0__l10p0005,LOGIT,return_sortino_vs_bond,cash_allowed,345,1996-02-29,2024-10-31,0.06665871038897161,0.11623064004560658,0.5735037711468857,-0.24897448899413221,-0.11654600000000001,556.4808740226264,0.06527536231884058,0.783304347826087,3.263768115942029e-05,0.0003916521739130435,0.7038840579710145,0.23559420289855074,0.06052173913043478,0.25,1.0,0.0005,3.0,36.0,z_plus_zsmooth__LOGIT_return_sortino_vs_bond__cash_allowed__g0p25__tau1p0__c0p0005__phl3p0__l10p0005,z_plus_zsmooth,0.0005,0.001,2.0,175,92,48,30,0.8649142857142857,0.13508571428571428,-3.1720657846433044e-19,0.9904347826086957,0.009565217391304347,0.0,0.0,1.0,0.0,0.012,0.292,0.696
z_smooth_only,z_smooth_only__LOGIT_return_sortino_vs_bond__cash_allowed__g1p0__tau5p0__c0p0005__phl0p0__l10p001,LOGIT,return_sortino_vs_bond,cash_allowed,345,1996-02-29,2024-10-31,0.05710515050441692,0.09957799106363384,0.5734716064709994,-0.20319350045081208,-0.11095075000000001,445.7677026593068,0.09252173913043478,1.1102608695652174,4.62608695652174e-05,0.0005551304347826088,0.5846956521739131,0.3308405797101449,0.08446376811594203,1.0,5.0,0.0005,0.0,36.0,z_smooth_only__LOGIT_return_sortino_vs_bond__cash_allowed__g1p0__tau5p0__c0p0005__phl0p0__l10p001,z_smooth_only,0.001,0.0035,2.0,149,107,55,34,0.6747651006711409,0.312751677852349,0.012483221476510067,0.9235514018691589,0.05551401869158879,0.020934579439252334,0.00981818181818182,0.9538181818181818,0.03636363636363636,0.05352941176470588,0.26882352941176474,0.6776470588235294
z_plus_zsmooth,z_plus_zsmooth__LOGIT_return_sortino_vs_bond__cash_allowed__g1p0__tau1p0__c0p0005__phl6p0__l10p0005,LOGIT,return_sortino_vs_bond,cash_allowed,345,1996-02-29,2024-10-31,0.0604671116058446,0.10555581926902738,0.5728448893161792,-0.2636154285610266,-0.10760356869325663,482.2051287964187,0.04695652173913043,0.5634782608695652,2.3478260869565222e-05,0.0002817391304347827,0.6409855072463768,0.2947246376811594,0.06428985507246376,1.0,1.0,0.0005,6.0,36.0,z_plus_zsmooth__LOGIT_return_sortino_vs_bond__cash_allowed__g1p0__tau1p0__c0p0005__phl6p0__l10p0005,z_plus_zsmooth,0.0005,0.001,1.0,200,74,50,21,0.7536000000000002,0.2464,-1.6028844918025698e-17,0.9451351351351351,0.006486486486486486,0.04837837837837837,0.0016,0.9984000000000001,0.0,0.01904761904761905,0.09523809523809523,0.8857142857142858
z_smooth_only,z_smooth_only__LOGIT_return_sortino_vs_bond__cash_allowed__g1p0__tau1p0__c0p001__phl6p0__l10p0,LOGIT,return_sortino_vs_bond,cash_allowed,345,1996-02-29,2024-10-31,0.06253977257323796,0.10920627170920442,0.5726756494331158,-0.25212081594301117,-0.10939205495460531,506.1490823053681,0.044173913043478265,0.5300869565217392,4.417391304347826e-05,0.0005300869565217391,0.6384347826086956,0.2979710144927536,0.06359420289855072,1.0,1.0,0.001,6.0,36.0,z_smooth_only__LOGIT_return_sortino_vs_bond__cash_allowed__g1p0__tau1p0__c0p001__phl6p0__l10p0,z_smooth_only,0.0,0.001,1.0,172,101,48,24,0.7425581395348837,0.2574418604651163,-1.9364355080671335e-18,0.9099009900990099,0.05782178217821782,0.03227722772277228,0.006666666666666667,0.9933333333333333,0.0,0.013333333333333334,0.20833333333333334,0.7783333333333333
z_smooth_only,z_smooth_only__LOGIT_return_sortino_vs_bond__cash_allowed__g2p0__tau1p0__c0p0025__phl3p0__l10p0005,LOGIT,return_sortino_vs_bond,cash_allowed,345,1996-02-29,2024-10-31,0.050323467424304824,0.08799634027767406,0.571881367628565,-0.2116981543044243,-0.09160526185895873,379.05444381568515,0.03536231884057971,0.4243478260869565,8.840579710144928e-05,0.0010608695652173914,0.42139130434782607,0.5086956521739131,0.06991304347826087,2.0,1.0,0.0025,3.0,36.0,z_smooth_only__LOGIT_return_sortino_vs_bond__cash_allowed__g2p0__tau1p0__c0p0025__phl3p0__l10p0005,z_smooth_only,0.0005,0.003,1.04,148,118,49,30,0.4447297297297297,0.5505405405405406,0.004729729729729729,0.6420338983050846,0.31983050847457617,0.03813559322033898,0.05714285714285715,0.9281632653061224,0.014693877551020407,0.03333333333333333,0.36000000000000004,0.6066666666666668
z_smooth_only,z_smooth_only__RF_return_sortino_vs_bond__cash_allowed__g2p0__tau1p0__c0p0005__phl3p0__l10p001,RF,return_sortino_vs_bond,cash_allowed,345,1996-02-29,2024-10-31,0.047264013939274215,0.08271185684512268,0.5714297289658933,-0.1765873988308293,-0.08746015461285785,351.72474884610045,0.041855072463768114,0.5022608695652173,2.092753623188406e-05,0.0002511304347826087,0.4279420289855073,0.5168695652173912,0.055188405797101436,2.0,1.0,0.0005,3.0,36.0,z_smooth_only__RF_return_sortino_vs_bond__cash_allowed__g2p0__tau1p0__c0p0005__phl3p0__l10p001,z_smooth_only,0.001,0.0015,1.0,178,82,67,18,0.5213483146067417,0.4786516853932584,-1.933534481088756e-17,0.6609756097560976,0.2804878048780488,0.05853658536585363,0.004477611940298508,0.9955223880597015,-1.6570492904853082e-18,0.01888888888888889,0.19000000000000003,0.7911111111111112
z_smooth_only,z_smooth_only__RF_return_sortino_vs_bond__cash_allowed__g2p0__tau3p0__c0p0005__phl3p0__l10p0,RF,return_sortino_vs_bond,cash_allowed,345,1996-02-29,2024-10-31,0.047264013939274215,0.08271185684512268,0.5714297289658933,-0.1765873988308293,-0.08746015461285785,351.72474884610045,0.041855072463768114,0.5022608695652173,2.092753623188406e-05,0.0002511304347826087,0.4279420289855073,0.5168695652173912,0.055188405797101436,2.0,3.0,0.0005,3.0,36.0,z_smooth_only__RF_return_sortino_vs_bond__cash_allowed__g2p0__tau3p0__c0p0005__phl3p0__l10p0,z_smooth_only,0.0,0.0015,1.0,178,82,67,18,0.5213483146067417,0.4786516853932584,-1.933534481088756e-17,0.6609756097560976,0.2804878048780488,0.05853658536585363,0.004477611940298508,0.9955223880597015,-1.6570492904853082e-18,0.01888888888888889,0.19000000000000003,0.7911111111111112
z_smooth_only,z_smooth_only__LOGIT_return_sortino_vs_bond__cash_allowed__g2p0__tau1p0__c0p0025__phl0p0__l10p0005,LOGIT,return_sortino_vs_bond,cash_allowed,345,1996-02-29,2024-10-31,0.052129189000224715,0.09129922868201872,0.5709707491810552,-0.17103672136182613,-0.10013029161239474,395.5645595797274,0.09368115942028987,1.1241739130434785,0.00023420289855072466,0.002810434782608696,0.5377971014492754,0.37298550724637686,0.08921739130434782,2.0,1.0,0.0025,0.0,36.0,z_smooth_only__LOGIT_return_sortino_vs_bond__cash_allowed__g2p0__tau1p0__c0p0025__phl0p0__l10p0005,z_smooth_only,0.0005,0.003,2.0,149,107,55,34,0.6343624161073825,0.3573154362416108,0.00832214765100671,0.8413084112149533,0.11644859813084113,0.0422429906542056,0.0025454545454545456,0.973090909090909,0.02436363636363636,0.025294117647058825,0.2782352941176471,0.6964705882352941
z_smooth_only,z_smooth_only__LOGIT_return_sortino_vs_bond__cash_allowed__g0p25__tau1p0__c0p0025__phl3p0__l10p0005,LOGIT,return_sortino_vs_bond,cash_allowed,345,1996-02-29,2024-10-31,0.0653739370606671,0.11461880685258749,0.5703596020219023,-0.27077177037974776,-0.11654600000000001,539.3903692470418,0.03188405797101449,0.3826086956521739,7.971014492753623e-05,0.0009565217391304348,0.6669565217391304,0.2758840579710145,0.057159420289855066,0.25,1.0,0.0025,3.0,36.0,z_smooth_only__LOGIT_return_sortino_vs_bond__cash_allowed__g0p25__tau1p0__c0p0025__phl3p0__l10p0005,z_smooth_only,0.0005,0.003,2.0,148,118,49,30,0.715945945945946,0.28405405405405404,0.0,0.9491525423728814,0.03627118644067797,0.014576271186440677,0.16612244897959186,0.8338775510204082,0.0,0.13333333333333333,0.26666666666666666,0.6
z_plus_zsmooth,z_plus_zsmooth__LOGIT_return_sortino_vs_bond__cash_allowed__g1p0__tau1p0__c0p001__phl6p0__l10p0,LOGIT,return_sortino_vs_bond,cash_allowed,345,1996-02-29,2024-10-31,0.060185372475409823,0.10554362599405888,0.5702416598686659,-0.26370945690590275,-0.10760356869325663,478.34961963893113,0.04695652173913043,0.5634782608695652,4.6956521739130444e-05,0.0005634782608695654,0.6409855072463768,0.2947246376811594,0.06428985507246376,1.0,1.0,0.001,6.0,36.0,z_plus_zsmooth__LOGIT_return_sortino_vs_bond__cash_allowed__g1p0__tau1p0__c0p001__phl6p0__l10p0,z_plus_zsmooth,0.0,0.001,1.0,200,74,50,21,0.7536000000000002,0.2464,-1.6028844918025698e-17,0.9451351351351351,0.006486486486486486,0.04837837837837837,0.0016,0.9984000000000001,0.0,0.01904761904761905,0.09523809523809523,0.8857142857142858
z_plus_zsmooth,z_plus_zsmooth__LOGIT_return_sortino_vs_bond__cash_allowed__g0p25__tau1p0__c0p001__phl3p0__l10p0,LOGIT,return_sortino_vs_bond,cash_allowed,345,1996-02-29,2024-10-31,0.06626705821505857,0.11621168461478408,0.5702271543065496,-0.25178420209039665,-0.11654600000000001,550.3157572139963,0.06527536231884058,0.783304347826087,6.527536231884058e-05,0.000783304347826087,0.7038840579710145,0.23559420289855074,0.06052173913043478,0.25,1.0,0.001,3.0,36.0,z_plus_zsmooth__LOGIT_return_sortino_vs_bond__cash_allowed__g0p25__tau1p0__c0p001__phl3p0__l10p0,z_plus_zsmooth,0.0,0.001,2.0,175,92,48,30,0.8649142857142857,0.13508571428571428,-3.1720657846433044e-19,0.9904347826086957,0.009565217391304347,0.0,0.0,1.0,0.0,0.012,0.292,0.696
z_plus_zsmooth,z_plus_zsmooth__RF_return_sortino_vs_bond__cash_allowed__g1p0__tau1p0__c0p0005__phl0p0__l10p0025,RF,return_sortino_vs_bond,cash_allowed,345,1996-02-29,2024-10-31,0.05131573135670038,0.08999772895079063,0.5701891809376548,-0.24380172036897263,-0.10307327217238749,387.75942273928615,0.05507246376811594,0.6608695652173913,2.753623188405797e-05,0.0003304347826086956,0.4866666666666666,0.44886956521739135,0.06446376811594201,1.0,1.0,0.0005,0.0,36.0,z_plus_zsmooth__RF_return_sortino_vs_bond__cash_allowed__g1p0__tau1p0__c0p0005__phl0p0__l10p0025,z_plus_zsmooth,0.0025,0.003,1.44,165,83,72,25,0.5878787878787879,0.41115151515151516,0.00096969696969697,0.7426506024096385,0.23349397590361448,0.023855421686746984,0.09888888888888889,0.8577777777777779,0.043333333333333335,0.08560000000000001,0.23520000000000002,0.6791999999999999
z_plus_zsmooth,z_plus_zsmooth__RF_return_sortino_vs_bond__cash_allowed__g1p0__tau5p0__c0p0005__phl0p0__l10p0005,RF,return_sortino_vs_bond,cash_allowed,345,1996-02-29,2024-10-31,0.05131573135670038,0.08999772895079063,0.5701891809376548,-0.24380172036897263,-0.10307327217238749,387.75942273928615,0.05507246376811594,0.6608695652173913,2.753623188405797e-05,0.0003304347826086956,0.4866666666666666,0.44886956521739135,0.06446376811594201,1.0,5.0,0.0005,0.0,36.0,z_plus_zsmooth__RF_return_sortino_vs_bond__cash_allowed__g1p0__tau5p0__c0p0005__phl0p0__l10p0005,z_plus_zsmooth,0.0005,0.003,1.44,165,83,72,25,0.5878787878787879,0.41115151515151516,0.00096969696969697,0.7426506024096385,0.23349397590361448,0.023855421686746984,0.09888888888888889,0.8577777777777779,0.043333333333333335,0.08560000000000001,0.23520000000000002,0.6791999999999999
z_plus_zsmooth,z_plus_zsmooth__RF_return_sortino_vs_bond__cash_allowed__g0p5__tau3p0__c0p001__phl0p0__l10p0,RF,return_sortino_vs_bond,cash_allowed,345,1996-02-29,2024-10-31,0.056660003396294414,0.099378256366817,0.5701448734133105,-0.27003053379475284,-0.1048285,440.4254762576438,0.06434782608695652,0.7721739130434783,6.434782608695653e-05,0.0007721739130434784,0.5975652173913044,0.34202898550724636,0.06040579710144928,0.5,3.0,0.001,0.0,36.0,z_plus_zsmooth__RF_return_sortino_vs_bond__cash_allowed__g0p5__tau3p0__c0p001__phl0p0__l10p0,z_plus_zsmooth,0.0,0.003,2.0,165,83,72,25,0.7203636363636363,0.2796363636363636,-1.6821560979169039e-18,0.9183132530120481,0.06698795180722893,0.01469879518072289,0.12194444444444447,0.8652777777777777,0.01277777777777777,0.09200000000000001,0.16,0.7480000000000001
z_plus_zsmooth,z_plus_zsmooth__LOGIT_return_sortino_vs_bond__cash_allowed__g0p25__tau5p0__c0p0005__phl3p0__l10p001,LOGIT,return_sortino_vs_bond,cash_allowed,345,1996-02-29,2024-10-31,0.06496716317023135,0.11396950396818668,0.5700398870593155,-0.2700305337947526,-0.11654600000000001,534.3791607322524,0.03188405797101449,0.3826086956521739,1.5942028985507246e-05,0.00019130434782608694,0.6050434782608696,0.33768115942028987,0.057275362318840575,0.25,5.0,0.0005,3.0,36.0,z_plus_zsmooth__LOGIT_return_sortino_vs_bond__cash_allowed__g0p25__tau5p0__c0p0005__phl3p0__l10p001,z_plus_zsmooth,0.001,0.0035,2.0,175,92,48,30,0.6514285714285715,0.3485714285714286,0.0,0.8956521739130435,0.08695652173913043,0.017391304347826087,0.15625,0.84375,-2.3129646346357427e-18,0.16133333333333333,0.23333333333333334,0.6053333333333334
z_smooth_only,z_smooth_only__LOGIT_return_sortino_vs_bond__cash_allowed__g0p5__tau1p0__c0p0005__phl6p0__l10p0005,LOGIT,return_sortino_vs_bond,cash_allowed,345,1996-02-29,2024-10-31,0.06858851573328578,0.12034718296949763,0.5699220708030178,-0.2700305337947526,-0.11654600000000001,580.247874953544,0.03953623188405797,0.47443478260869565,1.9768115942028986e-05,0.00023721739130434783,0.7122898550724638,0.23252173913043478,0.05518840579710145,0.5,1.0,0.0005,6.0,36.0,z_smooth_only__LOGIT_return_sortino_vs_bond__cash_allowed__g0p5__tau1p0__c0p0005__phl6p0__l10p0005,z_smooth_only,0.0005,0.001,1.48,172,101,48,24,0.8593023255813954,0.14069767441860465,-4.155267861060724e-18,0.9572277227722773,0.03603960396039604,0.0067326732673267334,0.012916666666666667,0.9870833333333332,2.3129646346357427e-18,0.02666666666666667,0.20833333333333334,0.765
z_smooth_only,z_smooth_only__LOGIT_return_sortino_vs_bond__cash_allowed__g0p5__tau3p0__c0p0005__phl0p0__l10p0025,LOGIT,return_sortino_vs_bond,cash_allowed,345,1996-02-29,2024-10-31,0.05772638882624623,0.10132653965193399,0.5697065055664754,-0.20319350045081208,-0.111724,451.40737375833277,0.08568115942028985,1.0281739130434782,4.284057971014493e-05,0.0005140869565217392,0.5924057971014492,0.33031884057971017,0.07727536231884059,0.5,3.0,0.0005,0.0,36.0,z_smooth_only__LOGIT_return_sortino_vs_bond__cash_allowed__g0p5__tau3p0__c0p0005__phl0p0__l10p0025,z_smooth_only,0.0025,0.004,2.0,149,107,55,34,0.663221476510067,0.3233557046979866,0.013422818791946308,0.944859813084112,0.04598130841121495,0.009158878504672898,0.02072727272727273,0.9429090909090909,0.03636363636363636,0.09764705882352942,0.2647058823529412,0.6376470588235295
z_smooth_only,z_smooth_only__LOGIT_return_sortino_vs_bond__cash_allowed__g2p0__tau1p0__c0p0005__phl6p0__l10p0005,LOGIT,return_sortino_vs_bond,cash_allowed,345,1996-02-29,2024-10-31,0.05238093428972066,0.09200730343522952,0.5693127864202141,-0.20279601327934516,-0.09593118799793582,397.8231404039218,0.045275362318840585,0.543304347826087,2.263768115942029e-05,0.0002716521739130435,0.4944927536231884,0.42771014492753623,0.07779710144927533,2.0,1.0,0.0005,6.0,36.0,z_smooth_only__LOGIT_return_sortino_vs_bond__cash_allowed__g2p0__tau1p0__c0p0005__phl6p0__l10p0005,z_smooth_only,0.0005,0.001,1.0,172,101,48,24,0.5652325581395349,0.4347674418604651,-1.2485974786391205e-17,0.7235643564356435,0.19722772277227724,0.0792079207920792,0.002916666666666667,0.9970833333333333,0.0,0.006666666666666667,0.20833333333333334,0.785
z_plus_zsmooth,z_plus_zsmooth__LOGIT_return_sortino_vs_bond__cash_allowed__g1p0__tau5p0__c0p0005__phl3p0__l10p001,LOGIT,return_sortino_vs_bond,cash_allowed,345,1996-02-29,2024-10-31,0.05644947877107682,0.09916146745768825,0.5692682875549775,-0.2700305337947526,-0.1048285,438.1999529572885,0.035246376811594204,0.42295652173913045,1.76231884057971e-05,0.00021147826086956523,0.508927536231884,0.42527536231884056,0.06579710144927536,1.0,5.0,0.0005,3.0,36.0,z_plus_zsmooth__LOGIT_return_sortino_vs_bond__cash_allowed__g1p0__tau5p0__c0p0005__phl3p0__l10p001,z_plus_zsmooth,0.001,0.0035,1.0,175,92,48,30,0.5478857142857143,0.4512,0.0009142857142857148,0.7904347826086958,0.17956521739130435,0.03,0.09416666666666666,0.8979166666666666,0.007916666666666657,0.082,0.27133333333333337,0.6466666666666666
z_smooth_only,z_smooth_only__LOGIT_return_sortino_vs_bond__cash_allowed__g2p0__tau1p0__c0p0025__phl3p0__l10p001,LOGIT,return_sortino_vs_bond,cash_allowed,345,1996-02-29,2024-10-31,0.04882927337201656,0.08582723855035747,0.5689251360844719,-0.2157800989485702,-0.09299224729161588,365.0963998891153,0.028405797101449276,0.3408695652173913,7.101449275362319e-05,0.0008521739130434783,0.3927536231884058,0.5522318840579711,0.05501449275362316,2.0,1.0,0.0025,3.0,36.0,z_smooth_only__LOGIT_return_sortino_vs_bond__cash_allowed__g2p0__tau1p0__c0p0025__phl3p0__l10p001,z_smooth_only,0.001,0.0035,1.0,148,118,49,30,0.427027027027027,0.5713513513513515,0.0016216216216215827,0.5710169491525422,0.40169491525423723,0.0272881355932203,0.07591836734693876,0.8971428571428571,0.02693877551020408,0.04,0.48666666666666664,0.4733333333333334
z_plus_zsmooth,z_plus_zsmooth__LOGIT_return_sortino_vs_bond__cash_allowed__g0p5__tau1p0__c0p0005__phl6p0__l10p0005,LOGIT,return_sortino_vs_bond,cash_allowed,345,1996-02-29,2024-10-31,0.06624046779895548,0.11648463253714719,0.568662718473454,-0.2700305337947526,-0.11654600000000001,549.2036648644937,0.04046376811594203,0.48556521739130437,2.0231884057971014e-05,0.00024278260869565219,0.7194202898550724,0.22434782608695653,0.05623188405797101,0.5,1.0,0.0005,6.0,36.0,z_plus_zsmooth__LOGIT_return_sortino_vs_bond__cash_allowed__g0p5__tau1p0__c0p0005__phl6p0__l10p0005,z_plus_zsmooth,0.0005,0.001,1.28,200,74,50,21,0.8722,0.12779999999999997,-1.3877787807814458e-18,0.9837837837837837,0.0,0.016216216216216217,0.0032,0.9968,0.0,0.0380952380952381,0.09523809523809523,0.8666666666666666
z_smooth_only,z_smooth_only__RF_return_sortino_vs_bond__cash_allowed__g2p0__tau1p0__c0p001__phl3p0__l10p0005,RF,return_sortino_vs_bond,cash_allowed,345,1996-02-29,2024-10-31,0.04701288350449159,0.08271671517294225,0.5683601362336271,-0.1771185749478128,-0.08746515461285785,349.19943065181377,0.041855072463768114,0.5022608695652173,4.185507246376812e-05,0.0005022608695652174,0.4279420289855073,0.5168695652173912,0.055188405797101436,2.0,1.0,0.001,3.0,36.0,z_smooth_only__RF_return_sortino_vs_bond__cash_allowed__g2p0__tau1p0__c0p001__phl3p0__l10p0005,z_smooth_only,0.0005,0.0015,1.0,178,82,67,18,0.5213483146067417,0.4786516853932584,-1.933534481088756e-17,0.6609756097560976,0.2804878048780488,0.05853658536585363,0.004477611940298508,0.9955223880597015,-1.6570492904853082e-18,0.01888888888888889,0.19000000000000003,0.7911111111111112
z_plus_zsmooth,z_plus_zsmooth__LOGIT_return_sortino_vs_bond__cash_allowed__g0p25__tau1p0__c0p001__phl3p0__l10p0025,LOGIT,return_sortino_vs_bond,cash_allowed,345,1996-02-29,2024-10-31,0.06477585882240527,0.11397965462988024,0.5683107132825441,-0.27003053379475284,-0.11654600000000001,531.4457279264249,0.03188405797101449,0.3826086956521739,3.188405797101449e-05,0.0003826086956521739,0.6050434782608696,0.33768115942028987,0.057275362318840575,0.25,1.0,0.001,3.0,36.0,z_plus_zsmooth__LOGIT_return_sortino_vs_bond__cash_allowed__g0p25__tau1p0__c0p001__phl3p0__l10p0025,z_plus_zsmooth,0.0025,0.0035,2.0,175,92,48,30,0.6514285714285715,0.3485714285714286,0.0,0.8956521739130435,0.08695652173913043,0.017391304347826087,0.15625,0.84375,-2.3129646346357427e-18,0.16133333333333333,0.23333333333333334,0.6053333333333334
z_plus_zsmooth,z_plus_zsmooth__LOGIT_return_sortino_vs_bond__cash_allowed__g0p25__tau3p0__c0p001__phl3p0__l10p0005,LOGIT,return_sortino_vs_bond,cash_allowed,345,1996-02-29,2024-10-31,0.06477585882240527,0.11397965462988024,0.5683107132825441,-0.27003053379475284,-0.11654600000000001,531.4457279264249,0.03188405797101449,0.3826086956521739,3.188405797101449e-05,0.0003826086956521739,0.6050434782608696,0.33768115942028987,0.057275362318840575,0.25,3.0,0.001,3.0,36.0,z_plus_zsmooth__LOGIT_return_sortino_vs_bond__cash_allowed__g0p25__tau3p0__c0p001__phl3p0__l10p0005,z_plus_zsmooth,0.0005,0.0035,2.0,175,92,48,30,0.6514285714285715,0.3485714285714286,0.0,0.8956521739130435,0.08695652173913043,0.017391304347826087,0.15625,0.84375,-2.3129646346357427e-18,0.16133333333333333,0.23333333333333334,0.6053333333333334
z_plus_zsmooth,z_plus_zsmooth__LOGIT_return_sortino_vs_bond__cash_allowed__g0p5__tau1p0__c0p0005__phl3p0__l10p0005,LOGIT,return_sortino_vs_bond,cash_allowed,345,1996-02-29,2024-10-31,0.0654154613423313,0.11513637256400092,0.5681563513386594,-0.2531379582293556,-0.1145125,538.998304739888,0.06666666666666667,0.8,3.3333333333333335e-05,0.0004,0.6930434782608695,0.24515942028985507,0.06179710144927536,0.5,1.0,0.0005,3.0,36.0,z_plus_zsmooth__LOGIT_return_sortino_vs_bond__cash_allowed__g0p5__tau1p0__c0p0005__phl3p0__l10p0005,z_plus_zsmooth,0.0005,0.001,2.0,175,92,48,30,0.8494857142857143,0.15051428571428568,-9.040387486233418e-18,0.981086956521739,0.014782608695652176,0.004130434782608695,0.0,1.0,0.0,0.006,0.296,0.698
z_plus_zsmooth,z_plus_zsmooth__LOGIT_return_sortino_vs_bond__cash_allowed__g1p0__tau3p0__c0p0005__phl3p0__l10p001,LOGIT,return_sortino_vs_bond,cash_allowed,345,1996-02-29,2024-10-31,0.055263955183496014,0.09729462298397747,0.5680062627160486,-0.25361169963937946,-0.10460627874069504,425.7135736983302,0.04997101449275363,0.5996521739130436,2.4985507246376815e-05,0.0002998260869565218,0.544231884057971,0.38405797101449274,0.07171014492753623,1.0,3.0,0.0005,3.0,36.0,z_plus_zsmooth__LOGIT_return_sortino_vs_bond__cash_allowed__g1p0__tau3p0__c0p0005__phl3p0__l10p001,z_plus_zsmooth,0.001,0.0025,1.4,175,92,48,30,0.6014857142857142,0.3941714285714286,0.0043428571428571405,0.865,0.10673913043478261,0.028260869565217384,0.030833333333333338,0.9691666666666666,-4.625929269271485e-18,0.048,0.23933333333333331,0.7126666666666668
z_plus_zsmooth,z_plus_zsmooth__LOGIT_return_sortino_vs_bond__cash_allowed__g1p0__tau5p0__c0p0005__phl3p0__l10p0,LOGIT,return_sortino_vs_bond,cash_allowed,345,1996-02-29,2024-10-31,0.055263955183496014,0.09729462298397747,0.5680062627160486,-0.25361169963937946,-0.10460627874069504,425.7135736983302,0.04997101449275363,0.5996521739130436,2.4985507246376815e-05,0.0002998260869565218,0.544231884057971,0.38405797101449274,0.07171014492753623,1.0,5.0,0.0005,3.0,36.0,z_plus_zsmooth__LOGIT_return_sortino_vs_bond__cash_allowed__g1p0__tau5p0__c0p0005__phl3p0__l10p0,z_plus_zsmooth,0.0,0.0025,1.4,175,92,48,30,0.6014857142857142,0.3941714285714286,0.0043428571428571405,0.865,0.10673913043478261,0.028260869565217384,0.030833333333333338,0.9691666666666666,-4.625929269271485e-18,0.048,0.23933333333333331,0.7126666666666668
z_smooth_only,z_smooth_only__LOGIT_return_sortino_vs_bond__cash_allowed__g1p0__tau1p0__c0p001__phl0p0__l10p0025,LOGIT,return_sortino_vs_bond,cash_allowed,345,1996-02-29,2024-10-31,0.05655002006963429,0.09957231536951996,0.5679291463673726,-0.20319350045081208,-0.11095075000000001,438.74688807387054,0.09252173913043478,1.1102608695652174,9.25217391304348e-05,0.0011102608695652176,0.5846956521739131,0.3308405797101449,0.08446376811594203,1.0,1.0,0.001,0.0,36.0,z_smooth_only__LOGIT_return_sortino_vs_bond__cash_allowed__g1p0__tau1p0__c0p001__phl0p0__l10p0025,z_smooth_only,0.0025,0.0035,2.0,149,107,55,34,0.6747651006711409,0.312751677852349,0.012483221476510067,0.9235514018691589,0.05551401869158879,0.020934579439252334,0.00981818181818182,0.9538181818181818,0.03636363636363636,0.05352941176470588,0.26882352941176474,0.6776470588235294
z_smooth_only,z_smooth_only__LOGIT_return_sortino_vs_bond__cash_allowed__g1p0__tau3p0__c0p001__phl0p0__l10p0005,LOGIT,return_sortino_vs_bond,cash_allowed,345,1996-02-29,2024-10-31,0.05655002006963429,0.09957231536951996,0.5679291463673726,-0.20319350045081208,-0.11095075000000001,438.74688807387054,0.09252173913043478,1.1102608695652174,9.25217391304348e-05,0.0011102608695652176,0.5846956521739131,0.3308405797101449,0.08446376811594203,1.0,3.0,0.001,0.0,36.0,z_smooth_only__LOGIT_return_sortino_vs_bond__cash_allowed__g1p0__tau3p0__c0p001__phl0p0__l10p0005,z_smooth_only,0.0005,0.0035,2.0,149,107,55,34,0.6747651006711409,0.312751677852349,0.012483221476510067,0.9235514018691589,0.05551401869158879,0.020934579439252334,0.00981818181818182,0.9538181818181818,0.03636363636363636,0.05352941176470588,0.26882352941176474,0.6776470588235294
z_smooth_only,z_smooth_only__LOGIT_return_sortino_vs_bond__cash_allowed__g0p5__tau1p0__c0p001__phl6p0__l10p0,LOGIT,return_sortino_vs_bond,cash_allowed,345,1996-02-29,2024-10-31,0.06835129834198143,0.12035437290255344,0.5679170327888541,-0.27003053379475284,-0.11654600000000001,576.3111411986555,0.03953623188405797,0.47443478260869565,3.953623188405797e-05,0.00047443478260869565,0.7122898550724638,0.23252173913043478,0.05518840579710145,0.5,1.0,0.001,6.0,36.0,z_smooth_only__LOGIT_return_sortino_vs_bond__cash_allowed__g0p5__tau1p0__c0p001__phl6p0__l10p0,z_smooth_only,0.0,0.001,1.48,172,101,48,24,0.8593023255813954,0.14069767441860465,-4.155267861060724e-18,0.9572277227722773,0.03603960396039604,0.0067326732673267334,0.012916666666666667,0.9870833333333332,2.3129646346357427e-18,0.02666666666666667,0.20833333333333334,0.765
z_smooth_only,z_smooth_only__LOGIT_return_sortino_vs_bond__cash_allowed__g2p0__tau1p0__c0p0005__phl6p0__l10p0,LOGIT,return_sortino_vs_bond,cash_allowed,345,1996-02-29,2024-10-31,0.05301024303281453,0.09342324318172057,0.5674202824419463,-0.19105838073602277,-0.09621124350745122,403.5000320644552,0.05907246376811595,0.7088695652173914,2.9536231884057975e-05,0.0003544347826086957,0.5249855072463768,0.3984347826086956,0.07657971014492754,2.0,1.0,0.0005,6.0,36.0,z_smooth_only__LOGIT_return_sortino_vs_bond__cash_allowed__g2p0__tau1p0__c0p0005__phl6p0__l10p0,z_smooth_only,0.0,0.0005,1.0,172,101,48,24,0.5915116279069768,0.4084883720930232,-1.077142251362343e-17,0.7847524752475249,0.13960396039603962,0.07564356435643563,0.0,1.0,0.0,0.005,0.2125,0.7825000000000001
z_smooth_only,z_smooth_only__RF_return_sortino_vs_bond__cash_allowed__g0p25__tau1p0__c0p0025__phl0p0__l10p0005,RF,return_sortino_vs_bond,cash_allowed,345,1996-02-29,2024-10-31,0.058673888935650405,0.10341139564597528,0.5673832034577512,-0.279556970652008,-0.1048285,461.25675935942934,0.06086956521739131,0.7304347826086957,0.00015217391304347827,0.0018260869565217392,0.6275362318840579,0.2980289855072464,0.07443478260869565,0.25,1.0,0.0025,0.0,36.0,z_smooth_only__RF_return_sortino_vs_bond__cash_allowed__g0p25__tau1p0__c0p0025__phl0p0__l10p0005,z_smooth_only,0.0005,0.003,2.0,163,88,69,25,0.7573006134969325,0.23656441717791413,0.006134969325153374,0.9477272727272728,0.03704545454545454,0.015227272727272726,0.08695652173913043,0.8115942028985508,0.10144927536231885,0.1464,0.2,0.6536
z_plus_zsmooth,z_plus_zsmooth__LOGIT_return_sortino_vs_bond__cash_allowed__g1p0__tau3p0__c0p0005__phl6p0__l10p0005,LOGIT,return_sortino_vs_bond,cash_allowed,345,1996-02-29,2024-10-31,0.06265634435020132,0.11045074593083046,0.567278598457268,-0.2700305337947526,-0.11654600000000001,505.579223166215,0.036057971014492755,0.43269565217391304,1.8028985507246377e-05,0.00021634782608695652,0.6100289855072464,0.32608695652173914,0.06388405797101449,1.0,3.0,0.0005,6.0,36.0,z_plus_zsmooth__LOGIT_return_sortino_vs_bond__cash_allowed__g1p0__tau3p0__c0p0005__phl6p0__l10p0005,z_plus_zsmooth,0.0005,0.002,1.0,200,74,50,21,0.6907000000000001,0.3093,-7.684824998577255e-18,0.9454054054054055,0.0008108108108108108,0.053783783783783776,0.0284,0.9716,-5.551115123125783e-18,0.04476190476190477,0.09523809523809523,0.8600000000000001
z_plus_zsmooth,z_plus_zsmooth__LOGIT_return_sortino_vs_bond__cash_allowed__g1p0__tau1p0__c0p001__phl3p0__l10p0025,LOGIT,return_sortino_vs_bond,cash_allowed,345,1996-02-29,2024-10-31,0.05623800051020725,0.09916083430420301,0.5671392430773805,-0.27003053379475284,-0.1048285,435.5557129050977,0.035246376811594204,0.42295652173913045,3.52463768115942e-05,0.00042295652173913046,0.508927536231884,0.42527536231884056,0.06579710144927536,1.0,1.0,0.001,3.0,36.0,z_plus_zsmooth__LOGIT_return_sortino_vs_bond__cash_allowed__g1p0__tau1p0__c0p001__phl3p0__l10p0025,z_plus_zsmooth,0.0025,0.0035,1.0,175,92,48,30,0.5478857142857143,0.4512,0.0009142857142857148,0.7904347826086958,0.17956521739130435,0.03,0.09416666666666666,0.8979166666666666,0.007916666666666657,0.082,0.27133333333333337,0.6466666666666666
z_plus_zsmooth,z_plus_zsmooth__LOGIT_return_sortino_vs_bond__cash_allowed__g1p0__tau3p0__c0p001__phl3p0__l10p0005,LOGIT,return_sortino_vs_bond,cash_allowed,345,1996-02-29,2024-10-31,0.05623800051020725,0.09916083430420301,0.5671392430773805,-0.27003053379475284,-0.1048285,435.5557129050977,0.035246376811594204,0.42295652173913045,3.52463768115942e-05,0.00042295652173913046,0.508927536231884,0.42527536231884056,0.06579710144927536,1.0,3.0,0.001,3.0,36.0,z_plus_zsmooth__LOGIT_return_sortino_vs_bond__cash_allowed__g1p0__tau3p0__c0p001__phl3p0__l10p0005,z_plus_zsmooth,0.0005,0.0035,1.0,175,92,48,30,0.5478857142857143,0.4512,0.0009142857142857148,0.7904347826086958,0.17956521739130435,0.03,0.09416666666666666,0.8979166666666666,0.007916666666666657,0.082,0.27133333333333337,0.6466666666666666
z_plus_zsmooth,z_plus_zsmooth__LOGIT_return_sortino_vs_bond__cash_allowed__g0p25__tau1p0__c0p0005__phl3p0__l10p0,LOGIT,return_sortino_vs_bond,cash_allowed,345,1996-02-29,2024-10-31,0.0653651354615752,0.11531284529661609,0.5668504258431768,-0.2726726801256738,-0.1145125,537.9276828604957,0.07571014492753624,0.9085217391304348,3.785507246376812e-05,0.00045426086956521747,0.7105507246376811,0.22956521739130437,0.059884057971014495,0.25,1.0,0.0005,3.0,36.0,z_plus_zsmooth__LOGIT_return_sortino_vs_bond__cash_allowed__g0p25__tau1p0__c0p0005__phl3p0__l10p0,z_plus_zsmooth,0.0,0.0005,2.0,175,92,48,30,0.8808000000000001,0.1192,-6.542385680826816e-19,0.9891304347826086,0.010869565217391304,0.0,0.0,1.0,0.0,0.0,0.31133333333333335,0.6886666666666666
z_plus_zsmooth,z_plus_zsmooth__LOGIT_return_sortino_vs_bond__cash_allowed__g1p0__tau1p0__c0p0005__phl6p0__l10p001,LOGIT,return_sortino_vs_bond,cash_allowed,345,1996-02-29,2024-10-31,0.060648075292647916,0.10700274306481088,0.5667899116933269,-0.2700305337947526,-0.11356518956441888,482.4220484200432,0.04115942028985507,0.49391304347826087,2.0579710144927537e-05,0.0002469565217391304,0.6227826086956522,0.31252173913043474,0.06469565217391303,1.0,1.0,0.0005,6.0,36.0,z_plus_zsmooth__LOGIT_return_sortino_vs_bond__cash_allowed__g1p0__tau1p0__c0p0005__phl6p0__l10p001,z_plus_zsmooth,0.001,0.0015,1.0,200,74,50,21,0.7186000000000001,0.2814,-1.8370721610594387e-17,0.9467567567567567,0.0,0.05324324324324325,0.0092,0.9908,-6.661338147750939e-18,0.029523809523809525,0.09523809523809523,0.8752380952380951
z_plus_zsmooth,z_plus_zsmooth__LOGIT_return_sortino_vs_bond__cash_allowed__g1p0__tau3p0__c0p0005__phl6p0__l10p0,LOGIT,return_sortino_vs_bond,cash_allowed,345,1996-02-29,2024-10-31,0.060648075292647916,0.10700274306481088,0.5667899116933269,-0.2700305337947526,-0.11356518956441888,482.4220484200432,0.04115942028985507,0.49391304347826087,2.0579710144927537e-05,0.0002469565217391304,0.6227826086956522,0.31252173913043474,0.06469565217391303,1.0,3.0,0.0005,6.0,36.0,z_plus_zsmooth__LOGIT_return_sortino_vs_bond__cash_allowed__g1p0__tau3p0__c0p0005__phl6p0__l10p0,z_plus_zsmooth,0.0,0.0015,1.0,200,74,50,21,0.7186000000000001,0.2814,-1.8370721610594387e-17,0.9467567567567567,0.0,0.05324324324324325,0.0092,0.9908,-6.661338147750939e-18,0.029523809523809525,0.09523809523809523,0.8752380952380951
z_plus_zsmooth,z_plus_zsmooth__RF_return_sortino_vs_bond__cash_allowed__g0p5__tau1p0__c0p0005__phl3p0__l10p0,RF,return_sortino_vs_bond,cash_allowed,345,1996-02-29,2024-10-31,0.06034043609701964,0.10647300688973865,0.5667205037189097,-0.24009273569928957,-0.10695550000000001,479.16497353452,0.061565217391304355,0.7387826086956523,3.0782608695652175e-05,0.0003693913043478261,0.6454492753623188,0.30295652173913046,0.051594202898550726,0.5,1.0,0.0005,3.0,36.0,z_plus_zsmooth__RF_return_sortino_vs_bond__cash_allowed__g0p5__tau1p0__c0p0005__phl3p0__l10p0,z_plus_zsmooth,0.0,0.0005,1.44,190,72,66,17,0.8049473684210526,0.1950526315789474,-2.337311630789803e-18,0.9661111111111111,0.020277777777777777,0.01361111111111111,0.0,1.0,0.0,0.010588235294117647,0.0,0.9894117647058823
z_plus_zsmooth,z_plus_zsmooth__LOGIT_return_sortino_vs_bond__cash_allowed__g0p5__tau1p0__c0p001__phl6p0__l10p0,LOGIT,return_sortino_vs_bond,cash_allowed,345,1996-02-29,2024-10-31,0.06599768519025981,0.11647689747671362,0.5666160982992722,-0.27003053379475284,-0.11654600000000001,545.4155582498767,0.04046376811594203,0.48556521739130437,4.046376811594203e-05,0.00048556521739130437,0.7194202898550724,0.22434782608695653,0.05623188405797101,0.5,1.0,0.001,6.0,36.0,z_plus_zsmooth__LOGIT_return_sortino_vs_bond__cash_allowed__g0p5__tau1p0__c0p001__phl6p0__l10p0,z_plus_zsmooth,0.0,0.001,1.28,200,74,50,21,0.8722,0.12779999999999997,-1.3877787807814458e-18,0.9837837837837837,0.0,0.016216216216216217,0.0032,0.9968,0.0,0.0380952380952381,0.09523809523809523,0.8666666666666666
z_plus_zsmooth,z_plus_zsmooth__RF_return_sortino_vs_bond__cash_allowed__g1p0__tau3p0__c0p001__phl0p0__l10p0,RF,return_sortino_vs_bond,cash_allowed,345,1996-02-29,2024-10-31,0.05098529657409169,0.09000331784566351,0.5664824119208649,-0.24416235932273056,-0.10307327217238749,384.1023788081672,0.05507246376811594,0.6608695652173913,5.507246376811594e-05,0.0006608695652173912,0.4866666666666666,0.44886956521739135,0.06446376811594201,1.0,3.0,0.001,0.0,36.0,z_plus_zsmooth__RF_return_sortino_vs_bond__cash_allowed__g1p0__tau3p0__c0p001__phl0p0__l10p0,z_plus_zsmooth,0.0,0.003,1.44,165,83,72,25,0.5878787878787879,0.41115151515151516,0.00096969696969697,0.7426506024096385,0.23349397590361448,0.023855421686746984,0.09888888888888889,0.8577777777777779,0.043333333333333335,0.08560000000000001,0.23520000000000002,0.6791999999999999
z_smooth_only,z_smooth_only__LOGIT_return_sortino_vs_bond__cash_allowed__g2p0__tau1p0__c0p001__phl6p0__l10p0,LOGIT,return_sortino_vs_bond,cash_allowed,345,1996-02-29,2024-10-31,0.05210928211580762,0.09201880022692482,0.5662895189602827,-0.20352066622627585,-0.09593618799793582,394.7281794047422,0.045275362318840585,0.543304347826087,4.527536231884058e-05,0.000543304347826087,0.4944927536231884,0.42771014492753623,0.07779710144927533,2.0,1.0,0.001,6.0,36.0,z_smooth_only__LOGIT_return_sortino_vs_bond__cash_allowed__g2p0__tau1p0__c0p001__phl6p0__l10p0,z_smooth_only,0.0,0.001,1.0,172,101,48,24,0.5652325581395349,0.4347674418604651,-1.2485974786391205e-17,0.7235643564356435,0.19722772277227724,0.0792079207920792,0.002916666666666667,0.9970833333333333,0.0,0.006666666666666667,0.20833333333333334,0.785
z_smooth_only,z_smooth_only__LOGIT_return_sortino_vs_bond__cash_allowed__g2p0__tau3p0__c0p0005__phl6p0__l10p0005,LOGIT,return_sortino_vs_bond,cash_allowed,345,1996-02-29,2024-10-31,0.04968892885081171,0.08780658297631005,0.5658907016597791,-0.2227323212530815,-0.09497667755899028,372.3682884975674,0.03223188405797102,0.38678260869565223,1.611594202898551e-05,0.0001933913043478261,0.4296811594202899,0.4986666666666667,0.07165217391304346,2.0,3.0,0.0005,6.0,36.0,z_smooth_only__LOGIT_return_sortino_vs_bond__cash_allowed__g2p0__tau3p0__c0p0005__phl6p0__l10p0005,z_smooth_only,0.0005,0.002,1.0,172,101,48,24,0.5066279069767441,0.49290697674418604,0.00046511627906975565,0.58990099009901,0.34237623762376235,0.06772277227722771,0.024166666666666666,0.9758333333333334,-6.938893903907228e-18,0.015,0.24333333333333332,0.7416666666666666
z_plus_zsmooth,z_plus_zsmooth__LOGIT_return_sortino_vs_bond__cash_allowed__g2p0__tau1p0__c0p0005__phl6p0__l10p001,LOGIT,return_sortino_vs_bond,cash_allowed,345,1996-02-29,2024-10-31,0.052238404799538035,0.09232365822903817,0.5658181857346258,-0.2391078934099231,-0.09742558159213448,395.84321999456705,0.04057971014492753,0.4869565217391304,2.028985507246377e-05,0.00024347826086956525,0.48800000000000004,0.43478260869565216,0.07721739130434782,2.0,1.0,0.0005,6.0,36.0,z_plus_zsmooth__LOGIT_return_sortino_vs_bond__cash_allowed__g2p0__tau1p0__c0p0005__phl6p0__l10p001,z_plus_zsmooth,0.001,0.0015,1.0,200,74,50,21,0.5475,0.4522,0.0002999999999999994,0.7878378378378379,0.1054054054054054,0.10675675675675676,0.0048000000000000004,0.9952000000000001,0.0,0.015238095238095238,0.09523809523809523,0.8895238095238095
z_plus_zsmooth,z_plus_zsmooth__LOGIT_return_sortino_vs_bond__cash_allowed__g2p0__tau3p0__c0p0005__phl6p0__l10p0,LOGIT,return_sortino_vs_bond,cash_allowed,345,1996-02-29,2024-10-31,0.052238404799538035,0.09232365822903817,0.5658181857346258,-0.2391078934099231,-0.09742558159213448,395.84321999456705,0.04057971014492753,0.4869565217391304,2.028985507246377e-05,0.00024347826086956525,0.48800000000000004,0.43478260869565216,0.07721739130434782,2.0,3.0,0.0005,6.0,36.0,z_plus_zsmooth__LOGIT_return_sortino_vs_bond__cash_allowed__g2p0__tau3p0__c0p0005__phl6p0__l10p0,z_plus_zsmooth,0.0,0.0015,1.0,200,74,50,21,0.5475,0.4522,0.0002999999999999994,0.7878378378378379,0.1054054054054054,0.10675675675675676,0.0048000000000000004,0.9952000000000001,0.0,0.015238095238095238,0.09523809523809523,0.8895238095238095
z_plus_zsmooth,z_plus_zsmooth__LOGIT_return_sortino_vs_bond__cash_allowed__g0p5__tau1p0__c0p0005__phl3p0__l10p001,LOGIT,return_sortino_vs_bond,cash_allowed,345,1996-02-29,2024-10-31,0.0638970006837079,0.11300611279720617,0.5654295958164097,-0.23686586001436216,-0.10998821704172154,519.804164980801,0.06086956521739131,0.7304347826086957,3.0434782608695653e-05,0.00036521739130434785,0.6892753623188406,0.24533333333333335,0.0653913043478261,0.5,1.0,0.0005,3.0,36.0,z_plus_zsmooth__LOGIT_return_sortino_vs_bond__cash_allowed__g0p5__tau1p0__c0p0005__phl3p0__l10p001,z_plus_zsmooth,0.001,0.0015,2.0,175,92,48,30,0.8392000000000001,0.1608,-6.344131569286609e-19,0.9743478260869566,0.019130434782608695,0.006521739130434781,0.005416666666666667,0.9945833333333334,0.0,0.034666666666666665,0.23333333333333334,0.732
z_plus_zsmooth,z_plus_zsmooth__LOGIT_return_sortino_vs_bond__cash_allowed__g0p5__tau3p0__c0p0005__phl3p0__l10p0,LOGIT,return_sortino_vs_bond,cash_allowed,345,1996-02-29,2024-10-31,0.0638970006837079,0.11300611279720617,0.5654295958164097,-0.23686586001436216,-0.10998821704172154,519.804164980801,0.06086956521739131,0.7304347826086957,3.0434782608695653e-05,0.00036521739130434785,0.6892753623188406,0.24533333333333335,0.0653913043478261,0.5,3.0,0.0005,3.0,36.0,z_plus_zsmooth__LOGIT_return_sortino_vs_bond__cash_allowed__g0p5__tau3p0__c0p0005__phl3p0__l10p0,z_plus_zsmooth,0.0,0.0015,2.0,175,92,48,30,0.8392000000000001,0.1608,-6.344131569286609e-19,0.9743478260869566,0.019130434782608695,0.006521739130434781,0.005416666666666667,0.9945833333333334,0.0,0.034666666666666665,0.23333333333333334,0.732
z_plus_zsmooth,z_plus_zsmooth__LOGIT_return_sortino_vs_bond__cash_allowed__g1p0__tau1p0__c0p001__phl6p0__l10p001,LOGIT,return_sortino_vs_bond,cash_allowed,345,1996-02-29,2024-10-31,0.06243999652411436,0.11044378558396868,0.5653554538534193,-0.27003053379475284,-0.11654600000000001,502.4696818304098,0.036057971014492755,0.43269565217391304,3.6057971014492754e-05,0.00043269565217391305,0.6100289855072464,0.32608695652173914,0.06388405797101449,1.0,1.0,0.001,6.0,36.0,z_plus_zsmooth__LOGIT_return_sortino_vs_bond__cash_allowed__g1p0__tau1p0__c0p001__phl6p0__l10p001,z_plus_zsmooth,0.001,0.002,1.0,200,74,50,21,0.6907000000000001,0.3093,-7.684824998577255e-18,0.9454054054054055,0.0008108108108108108,0.053783783783783776,0.0284,0.9716,-5.551115123125783e-18,0.04476190476190477,0.09523809523809523,0.8600000000000001
z_plus_zsmooth,z_plus_zsmooth__LOGIT_return_sortino_vs_bond__cash_allowed__g2p0__tau5p0__c0p0005__phl3p0__l10p001,LOGIT,return_sortino_vs_bond,cash_allowed,345,1996-02-29,2024-10-31,0.04933958635577132,0.08727260394435815,0.5653502259108534,-0.23825371324321942,-0.09464086,369.14594572135735,0.03176811594202899,0.38121739130434784,1.5884057971014493e-05,0.00019060869565217393,0.39907246376811595,0.5377971014492753,0.06313043478260867,2.0,5.0,0.0005,3.0,36.0,z_plus_zsmooth__LOGIT_return_sortino_vs_bond__cash_allowed__g2p0__tau5p0__c0p0005__phl3p0__l10p001,z_plus_zsmooth,0.001,0.0035,1.0,175,92,48,30,0.4385142857142857,0.5552000000000001,0.006285714285714261,0.6232608695652174,0.335,0.04173913043478259,0.049999999999999996,0.9358333333333334,0.014166666666666666,0.04000000000000001,0.4213333333333332,0.5386666666666666
z_plus_zsmooth,z_plus_zsmooth__RF_return_sortino_vs_bond__cash_allowed__g0p5__tau3p0__c0p0005__phl0p0__l10p0005,RF,return_sortino_vs_bond,cash_allowed,345,1996-02-29,2024-10-31,0.058859078797217926,0.10416563287426533,0.565052764266931,-0.22047842739810597,-0.10284395439475633,462.481494028727,0.09565217391304348,1.1478260869565218,4.782608695652174e-05,0.0005739130434782609,0.6525217391304348,0.2906086956521739,0.05686956521739131,0.5,3.0,0.0005,0.0,36.0,z_plus_zsmooth__RF_return_sortino_vs_bond__cash_allowed__g0p5__tau3p0__c0p0005__phl0p0__l10p0005,z_plus_zsmooth,0.0005,0.002,2.0,165,83,72,25,0.8213333333333334,0.17866666666666664,-1.1775092685418328e-18,0.9910843373493976,0.0014457831325301205,0.0074698795180722895,0.07416666666666666,0.9258333333333333,-1.734723475976807e-18,0.08,0.16,0.76
z_plus_zsmooth,z_plus_zsmooth__LOGIT_return_sortino_vs_bond__cash_allowed__g0p5__tau1p0__c0p001__phl3p0__l10p0,LOGIT,return_sortino_vs_bond,cash_allowed,345,1996-02-29,2024-10-31,0.0650154613423313,0.11511312428822969,0.564796253636034,-0.25585666505716786,-0.1145125,532.9055756718395,0.06666666666666667,0.8,6.666666666666667e-05,0.0008,0.6930434782608695,0.24515942028985507,0.06179710144927536,0.5,1.0,0.001,3.0,36.0,z_plus_zsmooth__LOGIT_return_sortino_vs_bond__cash_allowed__g0p5__tau1p0__c0p001__phl3p0__l10p0,z_plus_zsmooth,0.0,0.001,2.0,175,92,48,30,0.8494857142857143,0.15051428571428568,-9.040387486233418e-18,0.981086956521739,0.014782608695652176,0.004130434782608695,0.0,1.0,0.0,0.006,0.296,0.698
z_smooth_only,z_smooth_only__LOGIT_return_sortino_vs_bond__cash_allowed__g0p25__tau3p0__c0p0005__phl6p0__l10p0005,LOGIT,return_sortino_vs_bond,cash_allowed,345,1996-02-29,2024-10-31,0.06708103061095987,0.11878285495308942,0.5647366418112445,-0.2838998377564026,-0.11695075,558.5580115976535,0.03188405797101449,0.3826086956521739,1.5942028985507246e-05,0.00019130434782608694,0.6831884057971014,0.2643478260869565,0.052463768115942035,0.25,3.0,0.0005,6.0,36.0,z_smooth_only__LOGIT_return_sortino_vs_bond__cash_allowed__g0p25__tau3p0__c0p0005__phl6p0__l10p0005,z_smooth_only,0.0005,0.002,1.4,172,101,48,24,0.7825581395348837,0.21744186046511627,0.0,0.9326732673267327,0.05643564356435644,0.010891089108910892,0.10208333333333335,0.8979166666666667,-1.1564823173178713e-18,0.08333333333333333,0.20833333333333334,0.7083333333333334
z_smooth_only,z_smooth_only__LOGIT_return_sortino_vs_bond__cash_allowed__g0p5__tau3p0__c0p001__phl0p0__l10p001,LOGIT,return_sortino_vs_bond,cash_allowed,345,1996-02-29,2024-10-31,0.05721230186972449,0.1013145371129668,0.5646998298569152,-0.20319350045081197,-0.111724,444.82857550707183,0.08568115942028985,1.0281739130434782,8.568115942028986e-05,0.0010281739130434783,0.5924057971014492,0.33031884057971017,0.07727536231884059,0.5,3.0,0.001,0.0,36.0,z_smooth_only__LOGIT_return_sortino_vs_bond__cash_allowed__g0p5__tau3p0__c0p001__phl0p0__l10p001,z_smooth_only,0.001,0.004,2.0,149,107,55,34,0.663221476510067,0.3233557046979866,0.013422818791946308,0.944859813084112,0.04598130841121495,0.009158878504672898,0.02072727272727273,0.9429090909090909,0.03636363636363636,0.09764705882352942,0.2647058823529412,0.6376470588235295
z_plus_zsmooth,z_plus_zsmooth__LOGIT_return_sortino_vs_bond__cash_allowed__g1p0__tau1p0__c0p001__phl6p0__l10p0005,LOGIT,return_sortino_vs_bond,cash_allowed,345,1996-02-29,2024-10-31,0.060401118770908785,0.10698374876913608,0.5645821862276525,-0.27003053379475284,-0.11356518956441888,479.05120543873096,0.04115942028985507,0.49391304347826087,4.115942028985507e-05,0.0004939130434782608,0.6227826086956522,0.31252173913043474,0.06469565217391303,1.0,1.0,0.001,6.0,36.0,z_plus_zsmooth__LOGIT_return_sortino_vs_bond__cash_allowed__g1p0__tau1p0__c0p001__phl6p0__l10p0005,z_plus_zsmooth,0.0005,0.0015,1.0,200,74,50,21,0.7186000000000001,0.2814,-1.8370721610594387e-17,0.9467567567567567,0.0,0.05324324324324325,0.0092,0.9908,-6.661338147750939e-18,0.029523809523809525,0.09523809523809523,0.8752380952380951
z_smooth_only,z_smooth_only__RF_return_sortino_vs_bond__cash_allowed__g0p25__tau1p0__c0p0005__phl3p0__l10p0005,RF,return_sortino_vs_bond,cash_allowed,345,1996-02-29,2024-10-31,0.062126536247855677,0.11007611476763375,0.5643961578676926,-0.27663709278718684,-0.10695550000000001,498.8445071988805,0.05507246376811594,0.6608695652173913,2.753623188405797e-05,0.0003304347826086956,0.6628985507246377,0.28794202898550725,0.04915942028985507,0.25,1.0,0.0005,3.0,36.0,z_smooth_only__RF_return_sortino_vs_bond__cash_allowed__g0p25__tau1p0__c0p0005__phl3p0__l10p0005,z_smooth_only,0.0005,0.001,2.0,178,82,67,18,0.8185393258426966,0.18146067415730335,-7.172789204038933e-18,0.9914634146341464,0.00024390243902439024,0.008292682926829267,0.0,1.0,0.0,0.09444444444444444,0.0011111111111111111,0.9044444444444445
z_smooth_only,z_smooth_only__LOGIT_return_sortino_vs_bond__cash_allowed__g2p0__tau1p0__c0p001__phl6p0__l10p001,LOGIT,return_sortino_vs_bond,cash_allowed,345,1996-02-29,2024-10-31,0.049495537546463894,0.0878098941953738,0.5636669762559801,-0.222993057251759,-0.09498667755899028,370.3080404324801,0.03223188405797102,0.38678260869565223,3.223188405797102e-05,0.0003867826086956522,0.4296811594202899,0.4986666666666667,0.07165217391304346,2.0,1.0,0.001,6.0,36.0,z_smooth_only__LOGIT_return_sortino_vs_bond__cash_allowed__g2p0__tau1p0__c0p001__phl6p0__l10p001,z_smooth_only,0.001,0.002,1.0,172,101,48,24,0.5066279069767441,0.49290697674418604,0.00046511627906975565,0.58990099009901,0.34237623762376235,0.06772277227722771,0.024166666666666666,0.9758333333333334,-6.938893903907228e-18,0.015,0.24333333333333332,0.7416666666666666
z_plus_zsmooth,z_plus_zsmooth__LOGIT_return_sortino_vs_bond__cash_allowed__g1p0__tau1p0__c0p0005__phl3p0__l10p0025,LOGIT,return_sortino_vs_bond,cash_allowed,345,1996-02-29,2024-10-31,0.05483284330827308,0.0972992129461366,0.5635486829541748,-0.2646846127666477,-0.104391215,420.54966601971194,0.04139130434782609,0.4966956521739131,2.0695652173913046e-05,0.00024834782608695654,0.5133333333333333,0.420695652173913,0.06597101449275362,1.0,1.0,0.0005,3.0,36.0,z_plus_zsmooth__LOGIT_return_sortino_vs_bond__cash_allowed__g1p0__tau1p0__c0p0005__phl3p0__l10p0025,z_plus_zsmooth,0.0025,0.003,1.1600000000000001,175,92,48,30,0.5574857142857143,0.44000000000000006,0.0025142857142857154,0.8102173913043478,0.16413043478260872,0.025652173913043478,0.06333333333333334,0.9366666666666666,-3.469446951953614e-18,0.06533333333333333,0.2693333333333333,0.6653333333333333
z_plus_zsmooth,z_plus_zsmooth__LOGIT_return_sortino_vs_bond__cash_allowed__g1p0__tau5p0__c0p0005__phl3p0__l10p0005,LOGIT,return_sortino_vs_bond,cash_allowed,345,1996-02-29,2024-10-31,0.05483284330827308,0.0972992129461366,0.5635486829541748,-0.2646846127666477,-0.104391215,420.54966601971194,0.04139130434782609,0.4966956521739131,2.0695652173913046e-05,0.00024834782608695654,0.5133333333333333,0.420695652173913,0.06597101449275362,1.0,5.0,0.0005,3.0,36.0,z_plus_zsmooth__LOGIT_return_sortino_vs_bond__cash_allowed__g1p0__tau5p0__c0p0005__phl3p0__l10p0005,z_plus_zsmooth,0.0005,0.003,1.1600000000000001,175,92,48,30,0.5574857142857143,0.44000000000000006,0.0025142857142857154,0.8102173913043478,0.16413043478260872,0.025652173913043478,0.06333333333333334,0.9366666666666666,-3.469446951953614e-18,0.06533333333333333,0.2693333333333333,0.6653333333333333
z_plus_zsmooth,z_plus_zsmooth__LOGIT_return_sortino_vs_bond__cash_allowed__g2p0__tau1p0__c0p001__phl6p0__l10p0005,LOGIT,return_sortino_vs_bond,cash_allowed,345,1996-02-29,2024-10-31,0.05199492653866848,0.09232631818318686,0.5631647352762849,-0.23943446615195207,-0.09745058159213447,393.08979475163255,0.04057971014492753,0.4869565217391304,4.057971014492754e-05,0.0004869565217391305,0.48800000000000004,0.43478260869565216,0.07721739130434782,2.0,1.0,0.001,6.0,36.0,z_plus_zsmooth__LOGIT_return_sortino_vs_bond__cash_allowed__g2p0__tau1p0__c0p001__phl6p0__l10p0005,z_plus_zsmooth,0.0005,0.0015,1.0,200,74,50,21,0.5475,0.4522,0.0002999999999999994,0.7878378378378379,0.1054054054054054,0.10675675675675676,0.0048000000000000004,0.9952000000000001,0.0,0.015238095238095238,0.09523809523809523,0.8895238095238095
z_plus_zsmooth,z_plus_zsmooth__LOGIT_return_sortino_vs_bond__cash_allowed__g2p0__tau1p0__c0p001__phl3p0__l10p0025,LOGIT,return_sortino_vs_bond,cash_allowed,345,1996-02-29,2024-10-31,0.04914897766011914,0.08728055155540626,0.5631148839489064,-0.23858286833251796,-0.09464086,367.12873951103813,0.03176811594202899,0.38121739130434784,3.1768115942028986e-05,0.00038121739130434786,0.39907246376811595,0.5377971014492753,0.06313043478260867,2.0,1.0,0.001,3.0,36.0,z_plus_zsmooth__LOGIT_return_sortino_vs_bond__cash_allowed__g2p0__tau1p0__c0p001__phl3p0__l10p0025,z_plus_zsmooth,0.0025,0.0035,1.0,175,92,48,30,0.4385142857142857,0.5552000000000001,0.006285714285714261,0.6232608695652174,0.335,0.04173913043478259,0.049999999999999996,0.9358333333333334,0.014166666666666666,0.04000000000000001,0.4213333333333332,0.5386666666666666
z_plus_zsmooth,z_plus_zsmooth__LOGIT_return_sortino_vs_bond__cash_allowed__g2p0__tau3p0__c0p001__phl3p0__l10p0005,LOGIT,return_sortino_vs_bond,cash_allowed,345,1996-02-29,2024-10-31,0.04914897766011914,0.08728055155540626,0.5631148839489064,-0.23858286833251796,-0.09464086,367.12873951103813,0.03176811594202899,0.38121739130434784,3.1768115942028986e-05,0.00038121739130434786,0.39907246376811595,0.5377971014492753,0.06313043478260867,2.0,3.0,0.001,3.0,36.0,z_plus_zsmooth__LOGIT_return_sortino_vs_bond__cash_allowed__g2p0__tau3p0__c0p001__phl3p0__l10p0005,z_plus_zsmooth,0.0005,0.0035,1.0,175,92,48,30,0.4385142857142857,0.5552000000000001,0.006285714285714261,0.6232608695652174,0.335,0.04173913043478259,0.049999999999999996,0.9358333333333334,0.014166666666666666,0.04000000000000001,0.4213333333333332,0.5386666666666666
z_smooth_only,z_smooth_only__RF_return_sortino_vs_bond__cash_allowed__g1p0__tau1p0__c0p0005__phl3p0__l10p0005,RF,return_sortino_vs_bond,cash_allowed,345,1996-02-29,2024-10-31,0.05819031322209151,0.10333769161115702,0.5631083132866197,-0.21716054850840383,-0.104225,454.93153358352777,0.05507246376811594,0.6608695652173913,2.753623188405797e-05,0.0003304347826086956,0.611072463768116,0.3318840579710145,0.057043478260869564,1.0,1.0,0.0005,3.0,36.0,z_smooth_only__RF_return_sortino_vs_bond__cash_allowed__g1p0__tau1p0__c0p0005__phl3p0__l10p0005,z_smooth_only,0.0005,0.001,1.24,178,82,67,18,0.7489887640449437,0.2510112359550562,-4.444010702502382e-18,0.9395121951219513,0.025609756097560978,0.0348780487804878,0.0,1.0,0.0,0.025555555555555557,0.04,0.9344444444444444
z_plus_zsmooth,z_plus_zsmooth__LOGIT_return_sortino_vs_bond__cash_allowed__g0p25__tau1p0__c0p0025__phl3p0__l10p001,LOGIT,return_sortino_vs_bond,cash_allowed,345,1996-02-29,2024-10-31,0.06420194577892702,0.11401695800205712,0.5630912006770838,-0.2700305337947527,-0.11654600000000001,522.7296129196444,0.03188405797101449,0.3826086956521739,7.971014492753625e-05,0.0009565217391304349,0.6050434782608696,0.33768115942028987,0.057275362318840575,0.25,1.0,0.0025,3.0,36.0,z_plus_zsmooth__LOGIT_return_sortino_vs_bond__cash_allowed__g0p25__tau1p0__c0p0025__phl3p0__l10p001,z_plus_zsmooth,0.001,0.0035,2.0,175,92,48,30,0.6514285714285715,0.3485714285714286,0.0,0.8956521739130435,0.08695652173913043,0.017391304347826087,0.15625,0.84375,-2.3129646346357427e-18,0.16133333333333333,0.23333333333333334,0.6053333333333334
z_smooth_only,z_smooth_only__LOGIT_return_sortino_vs_bond__cash_allowed__g0p25__tau1p0__c0p001__phl6p0__l10p001,LOGIT,return_sortino_vs_bond,cash_allowed,345,1996-02-29,2024-10-31,0.06688972626313378,0.11880288867251362,0.5630311435231073,-0.28459431826675885,-0.11695075,555.4717902064597,0.03188405797101449,0.3826086956521739,3.188405797101449e-05,0.0003826086956521739,0.6831884057971014,0.2643478260869565,0.052463768115942035,0.25,1.0,0.001,6.0,36.0,z_smooth_only__LOGIT_return_sortino_vs_bond__cash_allowed__g0p25__tau1p0__c0p001__phl6p0__l10p001,z_smooth_only,0.001,0.002,1.4,172,101,48,24,0.7825581395348837,0.21744186046511627,0.0,0.9326732673267327,0.05643564356435644,0.010891089108910892,0.10208333333333335,0.8979166666666667,-1.1564823173178713e-18,0.08333333333333333,0.20833333333333334,0.7083333333333334
z_smooth_only,z_smooth_only__LOGIT_return_sortino_vs_bond__cash_allowed__g1p0__tau3p0__c0p0005__phl6p0__l10p001,LOGIT,return_sortino_vs_bond,cash_allowed,345,1996-02-29,2024-10-31,0.06282640086028513,0.11164892069263481,0.562713911343969,-0.2700305337947526,-0.11425219498623093,506.4830410827557,0.028869565217391306,0.34643478260869565,1.4434782608695652e-05,0.00017321739130434782,0.5745507246376812,0.36162318840579705,0.06382608695652175,1.0,3.0,0.0005,6.0,36.0,z_smooth_only__LOGIT_return_sortino_vs_bond__cash_allowed__g1p0__tau3p0__c0p0005__phl6p0__l10p001,z_smooth_only,0.001,0.0025,1.0,172,101,48,24,0.6903488372093023,0.30965116279069765,6.918722700698196e-18,0.7368316831683168,0.22297029702970297,0.04019801980198019,0.08374999999999999,0.9162500000000001,1.1564823173178713e-18,0.043333333333333335,0.20833333333333334,0.7483333333333334
z_smooth_only,z_smooth_only__LOGIT_return_sortino_vs_bond__cash_allowed__g1p0__tau5p0__c0p0005__phl6p0__l10p0,LOGIT,return_sortino_vs_bond,cash_allowed,345,1996-02-29,2024-10-31,0.06282640086028513,0.11164892069263481,0.562713911343969,-0.2700305337947526,-0.11425219498623093,506.4830410827557,0.028869565217391306,0.34643478260869565,1.4434782608695652e-05,0.00017321739130434782,0.5745507246376812,0.36162318840579705,0.06382608695652175,1.0,5.0,0.0005,6.0,36.0,z_smooth_only__LOGIT_return_sortino_vs_bond__cash_allowed__g1p0__tau5p0__c0p0005__phl6p0__l10p0,z_smooth_only,0.0,0.0025,1.0,172,101,48,24,0.6903488372093023,0.30965116279069765,6.918722700698196e-18,0.7368316831683168,0.22297029702970297,0.04019801980198019,0.08374999999999999,0.9162500000000001,1.1564823173178713e-18,0.043333333333333335,0.20833333333333334,0.7483333333333334
z_plus_zsmooth,z_plus_zsmooth__LOGIT_return_sortino_vs_bond__cash_allowed__g0p5__tau1p0__c0p001__phl3p0__l10p0005,LOGIT,return_sortino_vs_bond,cash_allowed,345,1996-02-29,2024-10-31,0.06353178329240355,0.1129877274446056,0.562289239099452,-0.2376408095800293,-0.10998821704172154,514.4304614232706,0.06086956521739131,0.7304347826086957,6.0869565217391306e-05,0.0007304347826086957,0.6892753623188406,0.24533333333333335,0.0653913043478261,0.5,1.0,0.001,3.0,36.0,z_plus_zsmooth__LOGIT_return_sortino_vs_bond__cash_allowed__g0p5__tau1p0__c0p001__phl3p0__l10p0005,z_plus_zsmooth,0.0005,0.0015,2.0,175,92,48,30,0.8392000000000001,0.1608,-6.344131569286609e-19,0.9743478260869566,0.019130434782608695,0.006521739130434781,0.005416666666666667,0.9945833333333334,0.0,0.034666666666666665,0.23333333333333334,0.732
z_plus_zsmooth,z_plus_zsmooth__LOGIT_return_sortino_vs_bond__cash_allowed__g0p25__tau1p0__c0p0005__phl3p0__l10p001,LOGIT,return_sortino_vs_bond,cash_allowed,345,1996-02-29,2024-10-31,0.06535134313374923,0.11624408239127325,0.5621907093195423,-0.25084620810344627,-0.11654600000000001,536.009061616706,0.05994202898550725,0.719304347826087,2.9971014492753624e-05,0.0003596521739130435,0.7091594202898551,0.22973913043478258,0.06110144927536231,0.25,1.0,0.0005,3.0,36.0,z_plus_zsmooth__LOGIT_return_sortino_vs_bond__cash_allowed__g0p25__tau1p0__c0p0005__phl3p0__l10p001,z_plus_zsmooth,0.001,0.0015,2.0,175,92,48,30,0.8659428571428572,0.13405714285714287,1.9032394707859827e-18,0.9832608695652175,0.014347826086956523,0.0023913043478260873,0.010833333333333334,0.9891666666666667,0.0,0.07133333333333333,0.23333333333333334,0.6953333333333334
z_plus_zsmooth,z_plus_zsmooth__LOGIT_return_sortino_vs_bond__cash_allowed__g0p25__tau3p0__c0p0005__phl3p0__l10p0,LOGIT,return_sortino_vs_bond,cash_allowed,345,1996-02-29,2024-10-31,0.06535134313374923,0.11624408239127325,0.5621907093195423,-0.25084620810344627,-0.11654600000000001,536.009061616706,0.05994202898550725,0.719304347826087,2.9971014492753624e-05,0.0003596521739130435,0.7091594202898551,0.22973913043478258,0.06110144927536231,0.25,3.0,0.0005,3.0,36.0,z_plus_zsmooth__LOGIT_return_sortino_vs_bond__cash_allowed__g0p25__tau3p0__c0p0005__phl3p0__l10p0,z_plus_zsmooth,0.0,0.0015,2.0,175,92,48,30,0.8659428571428572,0.13405714285714287,1.9032394707859827e-18,0.9832608695652175,0.014347826086956523,0.0023913043478260873,0.010833333333333334,0.9891666666666667,0.0,0.07133333333333333,0.23333333333333334,0.6953333333333334
z_smooth_only,z_smooth_only__LOGIT_return_sortino_vs_bond__cash_allowed__g2p0__tau1p0__c0p0005__phl6p0__l10p001,LOGIT,return_sortino_vs_bond,cash_allowed,345,1996-02-29,2024-10-31,0.050049520233863054,0.08904870055022725,0.5620466096036179,-0.2176684509751523,-0.09458732414342876,375.04546393612634,0.03884057971014493,0.46608695652173915,1.9420289855072463e-05,0.00023304347826086954,0.4580869565217391,0.4654492753623188,0.07646376811594202,2.0,1.0,0.0005,6.0,36.0,z_smooth_only__LOGIT_return_sortino_vs_bond__cash_allowed__g2p0__tau1p0__c0p0005__phl6p0__l10p001,z_smooth_only,0.001,0.0015,1.0,172,101,48,24,0.5281395348837209,0.47186046511627905,9.783033556380831e-18,0.6572277227722774,0.2669306930693069,0.07584158415841584,0.011250000000000001,0.98875,-4.625929269271485e-18,0.011666666666666667,0.20833333333333334,0.7799999999999999
z_smooth_only,z_smooth_only__LOGIT_return_sortino_vs_bond__cash_allowed__g2p0__tau3p0__c0p0005__phl6p0__l10p0,LOGIT,return_sortino_vs_bond,cash_allowed,345,1996-02-29,2024-10-31,0.050049520233863054,0.08904870055022725,0.5620466096036179,-0.2176684509751523,-0.09458732414342876,375.04546393612634,0.03884057971014493,0.46608695652173915,1.9420289855072463e-05,0.00023304347826086954,0.4580869565217391,0.4654492753623188,0.07646376811594202,2.0,3.0,0.0005,6.0,36.0,z_smooth_only__LOGIT_return_sortino_vs_bond__cash_allowed__g2p0__tau3p0__c0p0005__phl6p0__l10p0,z_smooth_only,0.0,0.0015,1.0,172,101,48,24,0.5281395348837209,0.47186046511627905,9.783033556380831e-18,0.6572277227722774,0.2669306930693069,0.07584158415841584,0.011250000000000001,0.98875,-4.625929269271485e-18,0.011666666666666667,0.20833333333333334,0.7799999999999999
z_plus_zsmooth,z_plus_zsmooth__LOGIT_return_sortino_vs_bond__cash_allowed__g0p5__tau3p0__c0p0005__phl3p0__l10p0025,LOGIT,return_sortino_vs_bond,cash_allowed,345,1996-02-29,2024-10-31,0.06381612853254996,0.11357572881379817,0.5618817435648894,-0.2700305337947526,-0.11654600000000001,517.7733330810552,0.03188405797101449,0.3826086956521739,1.5942028985507246e-05,0.00019130434782608694,0.598086956521739,0.3421449275362319,0.059768115942028986,0.5,3.0,0.0005,3.0,36.0,z_plus_zsmooth__LOGIT_return_sortino_vs_bond__cash_allowed__g0p5__tau3p0__c0p0005__phl3p0__l10p0025,z_plus_zsmooth,0.0025,0.004,1.36,175,92,48,30,0.6464,0.3536,-1.5860328923216522e-19,0.8671739130434782,0.10847826086956522,0.024347826086956525,0.18375,0.81625,-2.3129646346357427e-18,0.154,0.23333333333333334,0.6126666666666666
z_smooth_only,z_smooth_only__LOGIT_return_sortino_vs_bond__cash_allowed__g2p0__tau1p0__c0p0025__phl0p0__l10p001,LOGIT,return_sortino_vs_bond,cash_allowed,345,1996-02-29,2024-10-31,0.04995269377972409,0.08895240730206193,0.5615665196119562,-0.18159319605378133,-0.10298610204797587,373.8520646085513,0.08266666666666667,0.992,0.00020666666666666668,0.0024800000000000004,0.4904347826086956,0.4179710144927536,0.09159420289855072,2.0,1.0,0.0025,0.0,36.0,z_smooth_only__LOGIT_return_sortino_vs_bond__cash_allowed__g2p0__tau1p0__c0p0025__phl0p0__l10p001,z_smooth_only,0.001,0.0035,2.0,149,107,55,34,0.5751677852348992,0.4080536912751678,0.016778523489932872,0.7685981308411216,0.19757009345794393,0.03383177570093456,0.0047272727272727275,0.9512727272727273,0.044,0.029411764705882353,0.2923529411764706,0.6782352941176472
z_smooth_only,z_smooth_only__RF_return_sortino_vs_bond__cash_allowed__g0p25__tau1p0__c0p001__phl3p0__l10p0,RF,return_sortino_vs_bond,cash_allowed,345,1996-02-29,2024-10-31,0.06179610146524697,0.11006899941137219,0.5614305735104399,-0.27736706225339225,-0.10695550000000001,494.16200908758077,0.05507246376811594,0.6608695652173913,5.507246376811594e-05,0.0006608695652173912,0.6628985507246377,0.28794202898550725,0.04915942028985507,0.25,1.0,0.001,3.0,36.0,z_smooth_only__RF_return_sortino_vs_bond__cash_allowed__g0p25__tau1p0__c0p001__phl3p0__l10p0,z_smooth_only,0.0,0.001,2.0,178,82,67,18,0.8185393258426966,0.18146067415730335,-7.172789204038933e-18,0.9914634146341464,0.00024390243902439024,0.008292682926829267,0.0,1.0,0.0,0.09444444444444444,0.0011111111111111111,0.9044444444444445
z_plus_zsmooth,z_plus_zsmooth__LOGIT_return_sortino_vs_bond__cash_allowed__g1p0__tau3p0__c0p001__phl3p0__l10p0,LOGIT,return_sortino_vs_bond,cash_allowed,345,1996-02-29,2024-10-31,0.05458449548218611,0.09729836573682936,0.5610011542210805,-0.2647629697207111,-0.104393715,417.57054400033337,0.04139130434782609,0.4966956521739131,4.139130434782609e-05,0.0004966956521739131,0.5133333333333333,0.420695652173913,0.06597101449275362,1.0,3.0,0.001,3.0,36.0,z_plus_zsmooth__LOGIT_return_sortino_vs_bond__cash_allowed__g1p0__tau3p0__c0p001__phl3p0__l10p0,z_plus_zsmooth,0.0,0.003,1.1600000000000001,175,92,48,30,0.5574857142857143,0.44000000000000006,0.0025142857142857154,0.8102173913043478,0.16413043478260872,0.025652173913043478,0.06333333333333334,0.9366666666666666,-3.469446951953614e-18,0.06533333333333333,0.2693333333333333,0.6653333333333333
z_plus_zsmooth,z_plus_zsmooth__LOGIT_return_sortino_vs_bond__cash_allowed__g1p0__tau1p0__c0p0025__phl3p0__l10p001,LOGIT,return_sortino_vs_bond,cash_allowed,345,1996-02-29,2024-10-31,0.055603565727598545,0.09916244804094047,0.5607320797953869,-0.2700305337947527,-0.1048285,427.7138436596998,0.035246376811594204,0.42295652173913045,8.811594202898552e-05,0.0010573913043478262,0.508927536231884,0.42527536231884056,0.06579710144927536,1.0,1.0,0.0025,3.0,36.0,z_plus_zsmooth__LOGIT_return_sortino_vs_bond__cash_allowed__g1p0__tau1p0__c0p0025__phl3p0__l10p001,z_plus_zsmooth,0.001,0.0035,1.0,175,92,48,30,0.5478857142857143,0.4512,0.0009142857142857148,0.7904347826086958,0.17956521739130435,0.03,0.09416666666666666,0.8979166666666666,0.007916666666666657,0.082,0.27133333333333337,0.6466666666666666
z_smooth_only,z_smooth_only__LOGIT_return_sortino_vs_bond__cash_allowed__g0p25__tau3p0__c0p0005__phl0p0__l10p0025,LOGIT,return_sortino_vs_bond,cash_allowed,345,1996-02-29,2024-10-31,0.057269415825177014,0.10221682344289587,0.5602738756323313,-0.20319350045081208,-0.111724,444.3859895894743,0.08730434782608695,1.0476521739130433,4.365217391304348e-05,0.0005238260869565218,0.6067826086956521,0.3227826086956522,0.07043478260869566,0.25,3.0,0.0005,0.0,36.0,z_smooth_only__LOGIT_return_sortino_vs_bond__cash_allowed__g0p25__tau3p0__c0p0005__phl0p0__l10p0025,z_smooth_only,0.0025,0.004,2.0,149,107,55,34,0.6795973154362417,0.31087248322147654,0.009530201342281878,0.9598130841121496,0.04018691588785046,-5.187958058996058e-19,0.02290909090909091,0.9407272727272727,0.03636363636363636,0.1211764705882353,0.2647058823529412,0.6141176470588235
z_plus_zsmooth,z_plus_zsmooth__LOGIT_return_sortino_vs_bond__cash_allowed__g0p5__tau3p0__c0p001__phl3p0__l10p001,LOGIT,return_sortino_vs_bond,cash_allowed,345,1996-02-29,2024-10-31,0.06362482418472387,0.11358129885618588,0.5601698943880208,-0.27003053379475284,-0.11654600000000001,514.937512121744,0.03188405797101449,0.3826086956521739,3.188405797101449e-05,0.0003826086956521739,0.598086956521739,0.3421449275362319,0.059768115942028986,0.5,3.0,0.001,3.0,36.0,z_plus_zsmooth__LOGIT_return_sortino_vs_bond__cash_allowed__g0p5__tau3p0__c0p001__phl3p0__l10p001,z_plus_zsmooth,0.001,0.004,1.36,175,92,48,30,0.6464,0.3536,-1.5860328923216522e-19,0.8671739130434782,0.10847826086956522,0.024347826086956525,0.18375,0.81625,-2.3129646346357427e-18,0.154,0.23333333333333334,0.6126666666666666
z_smooth_only,z_smooth_only__RF_return_sortino_vs_bond__cash_allowed__g1p0__tau1p0__c0p001__phl3p0__l10p0,RF,return_sortino_vs_bond,cash_allowed,345,1996-02-29,2024-10-31,0.057859878439482815,0.10333395457823362,0.5599309411474946,-0.21795707674595266,-0.104225,450.6537502295534,0.05507246376811594,0.6608695652173913,5.507246376811594e-05,0.0006608695652173912,0.611072463768116,0.3318840579710145,0.057043478260869564,1.0,1.0,0.001,3.0,36.0,z_smooth_only__RF_return_sortino_vs_bond__cash_allowed__g1p0__tau1p0__c0p001__phl3p0__l10p0,z_smooth_only,0.0,0.001,1.24,178,82,67,18,0.7489887640449437,0.2510112359550562,-4.444010702502382e-18,0.9395121951219513,0.025609756097560978,0.0348780487804878,0.0,1.0,0.0,0.025555555555555557,0.04,0.9344444444444444
z_plus_zsmooth,z_plus_zsmooth__RF_return_sortino_vs_bond__cash_allowed__g0p5__tau1p0__c0p001__phl0p0__l10p001,RF,return_sortino_vs_bond,cash_allowed,345,1996-02-29,2024-10-31,0.058285165753739654,0.10416812739309368,0.5595297449650031,-0.2212620006436291,-0.10284395439475633,454.9443735142617,0.09565217391304348,1.1478260869565218,9.565217391304348e-05,0.0011478260869565219,0.6525217391304348,0.2906086956521739,0.05686956521739131,0.5,1.0,0.001,0.0,36.0,z_plus_zsmooth__RF_return_sortino_vs_bond__cash_allowed__g0p5__tau1p0__c0p001__phl0p0__l10p001,z_plus_zsmooth,0.001,0.002,2.0,165,83,72,25,0.8213333333333334,0.17866666666666664,-1.1775092685418328e-18,0.9910843373493976,0.0014457831325301205,0.0074698795180722895,0.07416666666666666,0.9258333333333333,-1.734723475976807e-18,0.08,0.16,0.76
z_smooth_only,z_smooth_only__LOGIT_return_sortino_vs_bond__cash_allowed__g2p0__tau1p0__c0p001__phl6p0__l10p0005,LOGIT,return_sortino_vs_bond,cash_allowed,345,1996-02-29,2024-10-31,0.04981647675560218,0.08905876132441128,0.5593663780494029,-0.21814145898377169,-0.09463482414342876,372.54047793213067,0.03884057971014493,0.46608695652173915,3.8840579710144926e-05,0.0004660869565217391,0.4580869565217391,0.4654492753623188,0.07646376811594202,2.0,1.0,0.001,6.0,36.0,z_smooth_only__LOGIT_return_sortino_vs_bond__cash_allowed__g2p0__tau1p0__c0p001__phl6p0__l10p0005,z_smooth_only,0.0005,0.0015,1.0,172,101,48,24,0.5281395348837209,0.47186046511627905,9.783033556380831e-18,0.6572277227722774,0.2669306930693069,0.07584158415841584,0.011250000000000001,0.98875,-4.625929269271485e-18,0.011666666666666667,0.20833333333333334,0.7799999999999999
z_plus_zsmooth,z_plus_zsmooth__LOGIT_return_sortino_vs_bond__cash_allowed__g0p25__tau1p0__c0p001__phl3p0__l10p0005,LOGIT,return_sortino_vs_bond,cash_allowed,345,1996-02-29,2024-10-31,0.06499169095983617,0.11621354836983466,0.5592436671239783,-0.2516118299808694,-0.11654600000000001,530.5733760501832,0.05994202898550725,0.719304347826087,5.994202898550725e-05,0.000719304347826087,0.7091594202898551,0.22973913043478258,0.06110144927536231,0.25,1.0,0.001,3.0,36.0,z_plus_zsmooth__LOGIT_return_sortino_vs_bond__cash_allowed__g0p25__tau1p0__c0p001__phl3p0__l10p0005,z_plus_zsmooth,0.0005,0.0015,2.0,175,92,48,30,0.8659428571428572,0.13405714285714287,1.9032394707859827e-18,0.9832608695652175,0.014347826086956523,0.0023913043478260873,0.010833333333333334,0.9891666666666667,0.0,0.07133333333333333,0.23333333333333334,0.6953333333333334
z_plus_zsmooth,z_plus_zsmooth__RF_return_sortino_vs_bond__cash_allowed__g0p5__tau1p0__c0p0025__phl0p0__l10p0005,RF,return_sortino_vs_bond,cash_allowed,345,1996-02-29,2024-10-31,0.05550174252672919,0.09936233867861215,0.5585792692163757,-0.2700305337947527,-0.1048285,426.08237737916187,0.06434782608695652,0.7721739130434783,0.0001608695652173913,0.0019304347826086955,0.5975652173913044,0.34202898550724636,0.06040579710144928,0.5,1.0,0.0025,0.0,36.0,z_plus_zsmooth__RF_return_sortino_vs_bond__cash_allowed__g0p5__tau1p0__c0p0025__phl0p0__l10p0005,z_plus_zsmooth,0.0005,0.003,2.0,165,83,72,25,0.7203636363636363,0.2796363636363636,-1.6821560979169039e-18,0.9183132530120481,0.06698795180722893,0.01469879518072289,0.12194444444444447,0.8652777777777777,0.01277777777777777,0.09200000000000001,0.16,0.7480000000000001
z_smooth_only,z_smooth_only__LOGIT_return_sortino_vs_bond__cash_allowed__g1p0__tau3p0__c0p0005__phl6p0__l10p0005,LOGIT,return_sortino_vs_bond,cash_allowed,345,1996-02-29,2024-10-31,0.060659908192308015,0.10861265502131265,0.5584976095134121,-0.2700305337947526,-0.11094286539018643,480.5396452709396,0.03536231884057971,0.4243478260869565,1.7681159420289855e-05,0.00021217391304347824,0.584231884057971,0.3526376811594203,0.0631304347826087,1.0,3.0,0.0005,6.0,36.0,z_smooth_only__LOGIT_return_sortino_vs_bond__cash_allowed__g1p0__tau3p0__c0p0005__phl6p0__l10p0005,z_smooth_only,0.0005,0.002,1.0,172,101,48,24,0.6787209302325582,0.3212790697674419,-4.235952673896854e-18,0.8097029702970295,0.15524752475247527,0.03504950495049505,0.047499999999999994,0.9525,-2.3129646346357427e-18,0.03166666666666667,0.20833333333333334,0.7600000000000001
z_plus_zsmooth,z_plus_zsmooth__RF_return_sortino_vs_bond__cash_allowed__g1p0__tau1p0__c0p0005__phl3p0__l10p0005,RF,return_sortino_vs_bond,cash_allowed,345,1996-02-29,2024-10-31,0.057784811311434606,0.10356747186326418,0.5579436310632887,-0.2260321419182567,-0.104225,449.3629742230637,0.05507246376811594,0.6608695652173913,2.753623188405797e-05,0.0003304347826086956,0.6099710144927536,0.3344927536231884,0.055536231884057964,1.0,1.0,0.0005,3.0,36.0,z_plus_zsmooth__RF_return_sortino_vs_bond__cash_allowed__g1p0__tau1p0__c0p0005__phl3p0__l10p0005,z_plus_zsmooth,0.0005,0.001,1.1600000000000001,190,72,66,17,0.7559999999999999,0.244,-7.55974230583577e-18,0.9227777777777777,0.044444444444444446,0.032777777777777774,0.0024242424242424242,0.9975757575757577,0.0,0.011764705882352941,0.0,0.9882352941176471
z_smooth_only,z_smooth_only__LOGIT_return_sortino_vs_bond__cash_allowed__g1p0__tau1p0__c0p0005__phl6p0__l10p001,LOGIT,return_sortino_vs_bond,cash_allowed,345,1996-02-29,2024-10-31,0.061304583495548286,0.10998195062838828,0.5574058574637109,-0.26575379697226864,-0.11296902747730267,487.32068698245644,0.03976811594202899,0.47721739130434787,1.9884057971014492e-05,0.0002386086956521739,0.6132753623188405,0.3233623188405797,0.0633623188405797,1.0,1.0,0.0005,6.0,36.0,z_smooth_only__LOGIT_return_sortino_vs_bond__cash_allowed__g1p0__tau1p0__c0p0005__phl6p0__l10p001,z_smooth_only,0.001,0.0015,1.0,172,101,48,24,0.7095348837209302,0.2904651162790698,-1.5370456845282872e-17,0.8710891089108911,0.09544554455445545,0.03346534653465347,0.021666666666666667,0.9783333333333334,-2.3129646346357427e-18,0.021666666666666667,0.20833333333333334,0.77
z_smooth_only,z_smooth_only__LOGIT_return_sortino_vs_bond__cash_allowed__g1p0__tau3p0__c0p0005__phl6p0__l10p0,LOGIT,return_sortino_vs_bond,cash_allowed,345,1996-02-29,2024-10-31,0.061304583495548286,0.10998195062838828,0.5574058574637109,-0.26575379697226864,-0.11296902747730267,487.32068698245644,0.03976811594202899,0.47721739130434787,1.9884057971014492e-05,0.0002386086956521739,0.6132753623188405,0.3233623188405797,0.0633623188405797,1.0,3.0,0.0005,6.0,36.0,z_smooth_only__LOGIT_return_sortino_vs_bond__cash_allowed__g1p0__tau3p0__c0p0005__phl6p0__l10p0,z_smooth_only,0.0,0.0015,1.0,172,101,48,24,0.7095348837209302,0.2904651162790698,-1.5370456845282872e-17,0.8710891089108911,0.09544554455445545,0.03346534653465347,0.021666666666666667,0.9783333333333334,-2.3129646346357427e-18,0.021666666666666667,0.20833333333333334,0.77
z_smooth_only,z_smooth_only__LOGIT_return_sortino_vs_bond__cash_allowed__g1p0__tau1p0__c0p0005__phl3p0__l10p0025,LOGIT,return_sortino_vs_bond,cash_allowed,345,1996-02-29,2024-10-31,0.05522415569047716,0.09921836540556238,0.5565920730980031,-0.2506843769218371,-0.1048285,423.0633851826208,0.03976811594202898,0.4772173913043478,1.9884057971014492e-05,0.0002386086956521739,0.5351884057971014,0.3983768115942029,0.06643478260869563,1.0,1.0,0.0005,3.0,36.0,z_smooth_only__LOGIT_return_sortino_vs_bond__cash_allowed__g1p0__tau1p0__c0p0005__phl3p0__l10p0025,z_smooth_only,0.0025,0.003,1.08,148,118,49,30,0.5533783783783784,0.44256756756756754,0.00405405405405404,0.8110169491525425,0.1638983050847458,0.02508474576271185,0.10122448979591836,0.8987755102040816,-9.063045098980869e-18,0.06933333333333333,0.2853333333333333,0.6453333333333333
z_smooth_only,z_smooth_only__LOGIT_return_sortino_vs_bond__cash_allowed__g1p0__tau5p0__c0p0005__phl3p0__l10p0005,LOGIT,return_sortino_vs_bond,cash_allowed,345,1996-02-29,2024-10-31,0.05522415569047716,0.09921836540556238,0.5565920730980031,-0.2506843769218371,-0.1048285,423.0633851826208,0.03976811594202898,0.4772173913043478,1.9884057971014492e-05,0.0002386086956521739,0.5351884057971014,0.3983768115942029,0.06643478260869563,1.0,5.0,0.0005,3.0,36.0,z_smooth_only__LOGIT_return_sortino_vs_bond__cash_allowed__g1p0__tau5p0__c0p0005__phl3p0__l10p0005,z_smooth_only,0.0005,0.003,1.08,148,118,49,30,0.5533783783783784,0.44256756756756754,0.00405405405405404,0.8110169491525425,0.1638983050847458,0.02508474576271185,0.10122448979591836,0.8987755102040816,-9.063045098980869e-18,0.06933333333333333,0.2853333333333333,0.6453333333333333
z_smooth_only,z_smooth_only__LOGIT_return_sortino_vs_bond__cash_allowed__g1p0__tau1p0__c0p001__phl6p0__l10p001,LOGIT,return_sortino_vs_bond,cash_allowed,345,1996-02-29,2024-10-31,0.06044773427926453,0.10861208321543327,0.5565470478948993,-0.27003053379475284,-0.11094286539018643,477.63118431677077,0.03536231884057971,0.4243478260869565,3.536231884057971e-05,0.0004243478260869565,0.584231884057971,0.3526376811594203,0.0631304347826087,1.0,1.0,0.001,6.0,36.0,z_smooth_only__LOGIT_return_sortino_vs_bond__cash_allowed__g1p0__tau1p0__c0p001__phl6p0__l10p001,z_smooth_only,0.001,0.002,1.0,172,101,48,24,0.6787209302325582,0.3212790697674419,-4.235952673896854e-18,0.8097029702970295,0.15524752475247527,0.03504950495049505,0.047499999999999994,0.9525,-2.3129646346357427e-18,0.03166666666666667,0.20833333333333334,0.7600000000000001
z_plus_zsmooth,z_plus_zsmooth__LOGIT_return_sortino_vs_bond__cash_allowed__g2p0__tau1p0__c0p0025__phl3p0__l10p001,LOGIT,return_sortino_vs_bond,cash_allowed,345,1996-02-29,2024-10-31,0.04857715157316263,0.08730669188027813,0.5563966578847754,-0.23957008088188214,-0.09464086,361.1407364144583,0.03176811594202899,0.38121739130434784,7.942028985507246e-05,0.0009530434782608695,0.39907246376811595,0.5377971014492753,0.06313043478260867,2.0,1.0,0.0025,3.0,36.0,z_plus_zsmooth__LOGIT_return_sortino_vs_bond__cash_allowed__g2p0__tau1p0__c0p0025__phl3p0__l10p001,z_plus_zsmooth,0.001,0.0035,1.0,175,92,48,30,0.4385142857142857,0.5552000000000001,0.006285714285714261,0.6232608695652174,0.335,0.04173913043478259,0.049999999999999996,0.9358333333333334,0.014166666666666666,0.04000000000000001,0.4213333333333332,0.5386666666666666
z_smooth_only,z_smooth_only__LOGIT_return_sortino_vs_bond__cash_allowed__g1p0__tau3p0__c0p0005__phl0p0__l10p0025,LOGIT,return_sortino_vs_bond,cash_allowed,345,1996-02-29,2024-10-31,0.05510281657502641,0.09903589933429266,0.556392348082068,-0.20319350045081208,-0.11095075000000001,421.56548555301947,0.0847536231884058,1.0170434782608697,4.2376811594202903e-05,0.0005085217391304349,0.5543768115942028,0.35942028985507246,0.08620289855072465,1.0,3.0,0.0005,0.0,36.0,z_smooth_only__LOGIT_return_sortino_vs_bond__cash_allowed__g1p0__tau3p0__c0p0005__phl0p0__l10p0025,z_smooth_only,0.0025,0.004,2.0,149,107,55,34,0.6244295302013422,0.35597315436241617,0.01959731543624161,0.8900934579439251,0.08953271028037384,0.020373831775700933,0.014181818181818183,0.9440000000000001,0.04181818181818182,0.06470588235294118,0.2782352941176471,0.6570588235294119
z_smooth_only,z_smooth_only__LOGIT_return_sortino_vs_bond__cash_allowed__g1p0__tau1p0__c0p0025__phl6p0__l10p0,LOGIT,return_sortino_vs_bond,cash_allowed,345,1996-02-29,2024-10-31,0.06213353129506773,0.11169139176135641,0.5562965087571325,-0.2700305337947527,-0.11425219498623093,496.47390145430006,0.028869565217391306,0.34643478260869565,7.217391304347825e-05,0.0008660869565217391,0.5745507246376812,0.36162318840579705,0.06382608695652175,1.0,1.0,0.0025,6.0,36.0,z_smooth_only__LOGIT_return_sortino_vs_bond__cash_allowed__g1p0__tau1p0__c0p0025__phl6p0__l10p0,z_smooth_only,0.0,0.0025,1.0,172,101,48,24,0.6903488372093023,0.30965116279069765,6.918722700698196e-18,0.7368316831683168,0.22297029702970297,0.04019801980198019,0.08374999999999999,0.9162500000000001,1.1564823173178713e-18,0.043333333333333335,0.20833333333333334,0.7483333333333334
z_plus_zsmooth,z_plus_zsmooth__LOGIT_return_sortino_vs_bond__cash_allowed__g1p0__tau1p0__c0p0025__phl3p0__l10p0,LOGIT,return_sortino_vs_bond,cash_allowed,345,1996-02-29,2024-10-31,0.05406465083566993,0.09734646760958775,0.5553837973094059,-0.2564713435560326,-0.10460627874069504,411.2830391184172,0.04997101449275363,0.5996521739130436,0.00012492753623188406,0.0014991304347826088,0.544231884057971,0.38405797101449274,0.07171014492753623,1.0,1.0,0.0025,3.0,36.0,z_plus_zsmooth__LOGIT_return_sortino_vs_bond__cash_allowed__g1p0__tau1p0__c0p0025__phl3p0__l10p0,z_plus_zsmooth,0.0,0.0025,1.4,175,92,48,30,0.6014857142857142,0.3941714285714286,0.0043428571428571405,0.865,0.10673913043478261,0.028260869565217384,0.030833333333333338,0.9691666666666666,-4.625929269271485e-18,0.048,0.23933333333333331,0.7126666666666668
z_plus_zsmooth,z_plus_zsmooth__RF_return_sortino_vs_bond__cash_allowed__g1p0__tau1p0__c0p0025__phl0p0__l10p0005,RF,return_sortino_vs_bond,cash_allowed,345,1996-02-29,2024-10-31,0.049993992226265604,0.09002698251813517,0.5553223136873964,-0.245244193205025,-0.10307327217238749,373.3296582778594,0.05507246376811594,0.6608695652173913,0.00013768115942028986,0.0016521739130434783,0.4866666666666666,0.44886956521739135,0.06446376811594201,1.0,1.0,0.0025,0.0,36.0,z_plus_zsmooth__RF_return_sortino_vs_bond__cash_allowed__g1p0__tau1p0__c0p0025__phl0p0__l10p0005,z_plus_zsmooth,0.0005,0.003,1.44,165,83,72,25,0.5878787878787879,0.41115151515151516,0.00096969696969697,0.7426506024096385,0.23349397590361448,0.023855421686746984,0.09888888888888889,0.8577777777777779,0.043333333333333335,0.08560000000000001,0.23520000000000002,0.6791999999999999
z_smooth_only,z_smooth_only__LOGIT_return_sortino_vs_bond__cash_allowed__g1p0__tau1p0__c0p001__phl6p0__l10p0005,LOGIT,return_sortino_vs_bond,cash_allowed,345,1996-02-29,2024-10-31,0.06106597479989611,0.10998127397191569,0.5552397475909365,-0.2658164825355195,-0.11296902747730267,484.00543324270905,0.03976811594202899,0.47721739130434787,3.9768115942028984e-05,0.0004772173913043478,0.6132753623188405,0.3233623188405797,0.0633623188405797,1.0,1.0,0.001,6.0,36.0,z_smooth_only__LOGIT_return_sortino_vs_bond__cash_allowed__g1p0__tau1p0__c0p001__phl6p0__l10p0005,z_smooth_only,0.0005,0.0015,1.0,172,101,48,24,0.7095348837209302,0.2904651162790698,-1.5370456845282872e-17,0.8710891089108911,0.09544554455445545,0.03346534653465347,0.021666666666666667,0.9783333333333334,-2.3129646346357427e-18,0.021666666666666667,0.20833333333333334,0.77
z_smooth_only,z_smooth_only__LOGIT_return_sortino_vs_bond__cash_allowed__g0p25__tau3p0__c0p001__phl0p0__l10p001,LOGIT,return_sortino_vs_bond,cash_allowed,345,1996-02-29,2024-10-31,0.05674558973822049,0.10220261353775352,0.5552264054114304,-0.20319350045081197,-0.111724,437.79037110789966,0.08730434782608695,1.0476521739130433,8.730434782608696e-05,0.0010476521739130435,0.6067826086956521,0.3227826086956522,0.07043478260869566,0.25,3.0,0.001,0.0,36.0,z_smooth_only__LOGIT_return_sortino_vs_bond__cash_allowed__g0p25__tau3p0__c0p001__phl0p0__l10p001,z_smooth_only,0.001,0.004,2.0,149,107,55,34,0.6795973154362417,0.31087248322147654,0.009530201342281878,0.9598130841121496,0.04018691588785046,-5.187958058996058e-19,0.02290909090909091,0.9407272727272727,0.03636363636363636,0.1211764705882353,0.2647058823529412,0.6141176470588235
z_plus_zsmooth,z_plus_zsmooth__RF_return_sortino_vs_bond__cash_allowed__g0p25__tau3p0__c0p0005__phl0p0__l10p001,RF,return_sortino_vs_bond,cash_allowed,345,1996-02-29,2024-10-31,0.059450416706919654,0.10708083072346052,0.5551919639141776,-0.27663709278718684,-0.1048285,466.219477621926,0.08313043478260869,0.9975652173913043,4.1565217391304346e-05,0.0004987826086956522,0.6598260869565218,0.28313043478260874,0.057043478260869564,0.25,3.0,0.0005,0.0,36.0,z_plus_zsmooth__RF_return_sortino_vs_bond__cash_allowed__g0p25__tau3p0__c0p0005__phl0p0__l10p001,z_plus_zsmooth,0.001,0.0025,2.0,165,83,72,25,0.8255757575757575,0.17442424242424243,-4.20539024479226e-18,0.9804819277108433,0.010843373493975905,0.008674698795180723,0.1111111111111111,0.8888888888888888,-2.3129646346357427e-18,0.0816,0.16,0.7584000000000001
z_plus_zsmooth,z_plus_zsmooth__RF_return_sortino_vs_bond__cash_allowed__g0p25__tau5p0__c0p0005__phl0p0__l10p0,RF,return_sortino_vs_bond,cash_allowed,345,1996-02-29,2024-10-31,0.059450416706919654,0.10708083072346052,0.5551919639141776,-0.27663709278718684,-0.1048285,466.219477621926,0.08313043478260869,0.9975652173913043,4.1565217391304346e-05,0.0004987826086956522,0.6598260869565218,0.28313043478260874,0.057043478260869564,0.25,5.0,0.0005,0.0,36.0,z_plus_zsmooth__RF_return_sortino_vs_bond__cash_allowed__g0p25__tau5p0__c0p0005__phl0p0__l10p0,z_plus_zsmooth,0.0,0.0025,2.0,165,83,72,25,0.8255757575757575,0.17442424242424243,-4.20539024479226e-18,0.9804819277108433,0.010843373493975905,0.008674698795180723,0.1111111111111111,0.8888888888888888,-2.3129646346357427e-18,0.0816,0.16,0.7584000000000001
z_plus_zsmooth,z_plus_zsmooth__RF_return_sortino_vs_bond__cash_allowed__g0p5__tau1p0__c0p0025__phl0p0__l10p0,RF,return_sortino_vs_bond,cash_allowed,345,1996-02-29,2024-10-31,0.056539979892814056,0.10188136888046097,0.5549589735013603,-0.25711901735539144,-0.1048285,435.7527580887802,0.07918840579710144,0.9502608695652173,0.00019797101449275361,0.0023756521739130435,0.6354202898550725,0.3070724637681159,0.057507246376811594,0.5,1.0,0.0025,0.0,36.0,z_plus_zsmooth__RF_return_sortino_vs_bond__cash_allowed__g0p5__tau1p0__c0p0025__phl0p0__l10p0,z_plus_zsmooth,0.0,0.0025,2.0,165,83,72,25,0.791030303030303,0.208969696969697,0.0,0.9587951807228915,0.03084337349397591,0.010361445783132528,0.09861111111111111,0.901388888888889,7.709882115452476e-19,0.0808,0.16,0.7592
z_smooth_only,z_smooth_only__LOGIT_return_sortino_vs_bond__cash_allowed__g0p5__tau1p0__c0p0005__phl3p0__l10p0025,LOGIT,return_sortino_vs_bond,cash_allowed,345,1996-02-29,2024-10-31,0.062491616943390164,0.1126306837953933,0.5548365226736386,-0.2730471996281074,-0.11654600000000001,499.9840508253066,0.036057971014492755,0.43269565217391304,1.8028985507246377e-05,0.00021634782608695652,0.6281159420289855,0.3128115942028985,0.05907246376811594,0.5,1.0,0.0005,3.0,36.0,z_smooth_only__LOGIT_return_sortino_vs_bond__cash_allowed__g0p5__tau1p0__c0p0005__phl3p0__l10p0025,z_smooth_only,0.0025,0.003,1.88,148,118,49,30,0.6716216216216216,0.32837837837837835,0.0,0.9049152542372881,0.07847457627118644,0.016610169491525422,0.1416326530612245,0.8583673469387756,-2.2657612747452172e-18,0.11933333333333333,0.26666666666666666,0.6140000000000001
z_smooth_only,z_smooth_only__LOGIT_return_sortino_vs_bond__cash_allowed__g0p5__tau5p0__c0p0005__phl3p0__l10p0005,LOGIT,return_sortino_vs_bond,cash_allowed,345,1996-02-29,2024-10-31,0.062491616943390164,0.1126306837953933,0.5548365226736386,-0.2730471996281074,-0.11654600000000001,499.9840508253066,0.036057971014492755,0.43269565217391304,1.8028985507246377e-05,0.00021634782608695652,0.6281159420289855,0.3128115942028985,0.05907246376811594,0.5,5.0,0.0005,3.0,36.0,z_smooth_only__LOGIT_return_sortino_vs_bond__cash_allowed__g0p5__tau5p0__c0p0005__phl3p0__l10p0005,z_smooth_only,0.0005,0.003,1.88,148,118,49,30,0.6716216216216216,0.32837837837837835,0.0,0.9049152542372881,0.07847457627118644,0.016610169491525422,0.1416326530612245,0.8583673469387756,-2.2657612747452172e-18,0.11933333333333333,0.26666666666666666,0.6140000000000001
z_plus_zsmooth,z_plus_zsmooth__RF_return_sortino_vs_bond__cash_allowed__g1p0__tau1p0__c0p001__phl3p0__l10p0,RF,return_sortino_vs_bond,cash_allowed,345,1996-02-29,2024-10-31,0.057454376528825915,0.10356111208713549,0.5547871722397522,-0.2267601974763137,-0.104225,445.14064371455515,0.05507246376811594,0.6608695652173913,5.507246376811594e-05,0.0006608695652173912,0.6099710144927536,0.3344927536231884,0.055536231884057964,1.0,1.0,0.001,3.0,36.0,z_plus_zsmooth__RF_return_sortino_vs_bond__cash_allowed__g1p0__tau1p0__c0p001__phl3p0__l10p0,z_plus_zsmooth,0.0,0.001,1.1600000000000001,190,72,66,17,0.7559999999999999,0.244,-7.55974230583577e-18,0.9227777777777777,0.044444444444444446,0.032777777777777774,0.0024242424242424242,0.9975757575757577,0.0,0.011764705882352941,0.0,0.9882352941176471
z_smooth_only,z_smooth_only__RF_return_sortino_vs_bond__cash_allowed__g0p25__tau1p0__c0p0005__phl3p0__l10p001,RF,return_sortino_vs_bond,cash_allowed,345,1996-02-29,2024-10-31,0.0653163500259559,0.11783628574250203,0.554297427268595,-0.2700305337947526,-0.11654600000000001,532.7309222214795,0.05043478260869565,0.6052173913043477,2.5217391304347824e-05,0.0003026086956521739,0.692463768115942,0.2584347826086956,0.049101449275362315,0.25,1.0,0.0005,3.0,36.0,z_smooth_only__RF_return_sortino_vs_bond__cash_allowed__g0p25__tau1p0__c0p0005__phl3p0__l10p001,z_smooth_only,0.001,0.0015,1.96,178,82,67,18,0.8680898876404494,0.13191011235955055,-3.898255002195072e-19,0.9782926829268292,0.00951219512195122,0.012195121951219513,0.031343283582089564,0.9686567164179105,-1.6570492904853082e-18,0.11444444444444445,0.0,0.8855555555555555
z_smooth_only,z_smooth_only__RF_return_sortino_vs_bond__cash_allowed__g0p25__tau3p0__c0p0005__phl3p0__l10p0,RF,return_sortino_vs_bond,cash_allowed,345,1996-02-29,2024-10-31,0.0653163500259559,0.11783628574250203,0.554297427268595,-0.2700305337947526,-0.11654600000000001,532.7309222214795,0.05043478260869565,0.6052173913043477,2.5217391304347824e-05,0.0003026086956521739,0.692463768115942,0.2584347826086956,0.049101449275362315,0.25,3.0,0.0005,3.0,36.0,z_smooth_only__RF_return_sortino_vs_bond__cash_allowed__g0p25__tau3p0__c0p0005__phl3p0__l10p0,z_smooth_only,0.0,0.0015,1.96,178,82,67,18,0.8680898876404494,0.13191011235955055,-3.898255002195072e-19,0.9782926829268292,0.00951219512195122,0.012195121951219513,0.031343283582089564,0.9686567164179105,-1.6570492904853082e-18,0.11444444444444445,0.0,0.8855555555555555
z_smooth_only,z_smooth_only__LOGIT_return_sortino_vs_bond__cash_allowed__g1p0__tau3p0__c0p001__phl3p0__l10p0,LOGIT,return_sortino_vs_bond,cash_allowed,345,1996-02-29,2024-10-31,0.05498554699482498,0.09923133222394967,0.5541147716401827,-0.25143449755261693,-0.1048285,420.1668171252228,0.03976811594202898,0.4772173913043478,3.9768115942028984e-05,0.0004772173913043478,0.5351884057971014,0.3983768115942029,0.06643478260869563,1.0,3.0,0.001,3.0,36.0,z_smooth_only__LOGIT_return_sortino_vs_bond__cash_allowed__g1p0__tau3p0__c0p001__phl3p0__l10p0,z_smooth_only,0.0,0.003,1.08,148,118,49,30,0.5533783783783784,0.44256756756756754,0.00405405405405404,0.8110169491525425,0.1638983050847458,0.02508474576271185,0.10122448979591836,0.8987755102040816,-9.063045098980869e-18,0.06933333333333333,0.2853333333333333,0.6453333333333333
z_plus_zsmooth,z_plus_zsmooth__LOGIT_return_sortino_vs_bond__cash_allowed__g1p0__tau1p0__c0p0025__phl3p0__l10p0005,LOGIT,return_sortino_vs_bond,cash_allowed,345,1996-02-29,2024-10-31,0.053839452003925245,0.09730055234824592,0.5533314118426567,-0.26499804058290066,-0.10440121499999999,408.7535254054108,0.04139130434782609,0.4966956521739131,0.00010347826086956522,0.0012417391304347827,0.5133333333333333,0.420695652173913,0.06597101449275362,1.0,1.0,0.0025,3.0,36.0,z_plus_zsmooth__LOGIT_return_sortino_vs_bond__cash_allowed__g1p0__tau1p0__c0p0025__phl3p0__l10p0005,z_plus_zsmooth,0.0005,0.003,1.1600000000000001,175,92,48,30,0.5574857142857143,0.44000000000000006,0.0025142857142857154,0.8102173913043478,0.16413043478260872,0.025652173913043478,0.06333333333333334,0.9366666666666666,-3.469446951953614e-18,0.06533333333333333,0.2693333333333333,0.6653333333333333
z_plus_zsmooth,z_plus_zsmooth__LOGIT_return_sortino_vs_bond__cash_allowed__g2p0__tau3p0__c0p0005__phl6p0__l10p0005,LOGIT,return_sortino_vs_bond,cash_allowed,345,1996-02-29,2024-10-31,0.05147876019229025,0.093045344072022,0.5532652998998313,-0.2550619549160589,-0.1028909552884381,386.52797370778,0.033971014492753616,0.4076521739130434,1.6985507246376813e-05,0.00020382608695652176,0.47002898550724637,0.46400000000000013,0.06597101449275362,2.0,3.0,0.0005,6.0,36.0,z_plus_zsmooth__LOGIT_return_sortino_vs_bond__cash_allowed__g2p0__tau3p0__c0p0005__phl6p0__l10p0005,z_plus_zsmooth,0.0005,0.002,1.0,200,74,50,21,0.5292999999999999,0.4701000000000001,0.0005999999999999835,0.7445945945945946,0.16945945945945945,0.08594594594594594,0.0152,0.9848,-2.220446049250313e-18,0.02095238095238095,0.20380952380952383,0.7752380952380953
z_smooth_only,z_smooth_only__LOGIT_return_sortino_vs_bond__cash_allowed__g0p5__tau3p0__c0p001__phl3p0__l10p0,LOGIT,return_sortino_vs_bond,cash_allowed,345,1996-02-29,2024-10-31,0.06227526911730322,0.11265195504772729,0.5528112591647346,-0.27373337092634054,-0.11654600000000001,496.86424382738926,0.036057971014492755,0.43269565217391304,3.6057971014492754e-05,0.00043269565217391305,0.6281159420289855,0.3128115942028985,0.05907246376811594,0.5,3.0,0.001,3.0,36.0,z_smooth_only__LOGIT_return_sortino_vs_bond__cash_allowed__g0p5__tau3p0__c0p001__phl3p0__l10p0,z_smooth_only,0.0,0.003,1.88,148,118,49,30,0.6716216216216216,0.32837837837837835,0.0,0.9049152542372881,0.07847457627118644,0.016610169491525422,0.1416326530612245,0.8583673469387756,-2.2657612747452172e-18,0.11933333333333333,0.26666666666666666,0.6140000000000001
z_smooth_only,z_smooth_only__LOGIT_return_sortino_vs_bond__cash_allowed__g0p5__tau5p0__c0p0005__phl0p0__l10p001,LOGIT,return_sortino_vs_bond,cash_allowed,345,1996-02-29,2024-10-31,0.056545549491210996,0.10229600941821888,0.5527639818287989,-0.20319350045081208,-0.111724,435.1732180376006,0.09542028985507246,1.1450434782608696,4.771014492753624e-05,0.0005725217391304349,0.6171594202898552,0.307536231884058,0.07530434782608696,0.5,5.0,0.0005,0.0,36.0,z_smooth_only__LOGIT_return_sortino_vs_bond__cash_allowed__g0p5__tau5p0__c0p0005__phl0p0__l10p001,z_smooth_only,0.001,0.0035,2.0,149,107,55,34,0.7147651006711411,0.2770469798657718,0.008187919463087247,0.9614953271028037,0.03570093457943925,0.0028037383177570083,0.01818181818181818,0.9454545454545454,0.03636363636363636,0.07470588235294118,0.2647058823529412,0.6605882352941177
z_smooth_only,z_smooth_only__RF_return_sortino_vs_bond__cash_allowed__g0p25__tau1p0__c0p001__phl3p0__l10p0005,RF,return_sortino_vs_bond,cash_allowed,345,1996-02-29,2024-10-31,0.06501374133030371,0.11782735620540935,0.5517711966392995,-0.27003053379475284,-0.11654600000000001,528.1553104335442,0.05043478260869565,0.6052173913043477,5.043478260869565e-05,0.0006052173913043478,0.692463768115942,0.2584347826086956,0.049101449275362315,0.25,1.0,0.001,3.0,36.0,z_smooth_only__RF_return_sortino_vs_bond__cash_allowed__g0p25__tau1p0__c0p001__phl3p0__l10p0005,z_smooth_only,0.0005,0.0015,1.96,178,82,67,18,0.8680898876404494,0.13191011235955055,-3.898255002195072e-19,0.9782926829268292,0.00951219512195122,0.012195121951219513,0.031343283582089564,0.9686567164179105,-1.6570492904853082e-18,0.11444444444444445,0.0,0.8855555555555555
z_smooth_only,z_smooth_only__LOGIT_return_sortino_vs_bond__cash_allowed__g1p0__tau3p0__c0p001__phl0p0__l10p001,LOGIT,return_sortino_vs_bond,cash_allowed,345,1996-02-29,2024-10-31,0.05459429483589598,0.09902596618407143,0.5513129226572252,-0.20319350045081208,-0.11095075000000001,415.4833689032161,0.0847536231884058,1.0170434782608697,8.475362318840581e-05,0.0010170434782608697,0.5543768115942028,0.35942028985507246,0.08620289855072465,1.0,3.0,0.001,0.0,36.0,z_smooth_only__LOGIT_return_sortino_vs_bond__cash_allowed__g1p0__tau3p0__c0p001__phl0p0__l10p001,z_smooth_only,0.001,0.004,2.0,149,107,55,34,0.6244295302013422,0.35597315436241617,0.01959731543624161,0.8900934579439251,0.08953271028037384,0.020373831775700933,0.014181818181818183,0.9440000000000001,0.04181818181818182,0.06470588235294118,0.2782352941176471,0.6570588235294119
z_smooth_only,z_smooth_only__RF_return_sortino_vs_bond__cash_allowed__g0p5__tau1p0__c0p0005__phl3p0__l10p001,RF,return_sortino_vs_bond,cash_allowed,345,1996-02-29,2024-10-31,0.061614445364464435,0.11176726461020778,0.5512745219214852,-0.2700305337947526,-0.10695550000000001,488.9121260728441,0.052521739130434786,0.6302608695652174,2.6260869565217398e-05,0.0003151304347826088,0.659768115942029,0.2881739130434783,0.052057971014492756,0.5,1.0,0.0005,3.0,36.0,z_smooth_only__RF_return_sortino_vs_bond__cash_allowed__g0p5__tau1p0__c0p0005__phl3p0__l10p001,z_smooth_only,0.001,0.0015,1.6,178,82,67,18,0.8208988764044944,0.17910112359550565,-4.677906002634086e-19,0.9624390243902439,0.01975609756097561,0.017804878048780486,0.016119402985074627,0.9838805970149254,1.6570492904853082e-18,0.08333333333333333,0.0,0.9166666666666666
z_smooth_only,z_smooth_only__RF_return_sortino_vs_bond__cash_allowed__g0p5__tau3p0__c0p0005__phl3p0__l10p0,RF,return_sortino_vs_bond,cash_allowed,345,1996-02-29,2024-10-31,0.061614445364464435,0.11176726461020778,0.5512745219214852,-0.2700305337947526,-0.10695550000000001,488.9121260728441,0.052521739130434786,0.6302608695652174,2.6260869565217398e-05,0.0003151304347826088,0.659768115942029,0.2881739130434783,0.052057971014492756,0.5,3.0,0.0005,3.0,36.0,z_smooth_only__RF_return_sortino_vs_bond__cash_allowed__g0p5__tau3p0__c0p0005__phl3p0__l10p0,z_smooth_only,0.0,0.0015,1.6,178,82,67,18,0.8208988764044944,0.17910112359550565,-4.677906002634086e-19,0.9624390243902439,0.01975609756097561,0.017804878048780486,0.016119402985074627,0.9838805970149254,1.6570492904853082e-18,0.08333333333333333,0.0,0.9166666666666666
z_smooth_only,z_smooth_only__LOGIT_return_sortino_vs_bond__cash_allowed__g1p0__tau1p0__c0p0025__phl0p0__l10p001,LOGIT,return_sortino_vs_bond,cash_allowed,345,1996-02-29,2024-10-31,0.05488462876528648,0.09957376254662954,0.5511956901255435,-0.20319350045081208,-0.11095075000000001,418.3172988237641,0.09252173913043478,1.1102608695652174,0.000231304347826087,0.0027756521739130437,0.5846956521739131,0.3308405797101449,0.08446376811594203,1.0,1.0,0.0025,0.0,36.0,z_smooth_only__LOGIT_return_sortino_vs_bond__cash_allowed__g1p0__tau1p0__c0p0025__phl0p0__l10p001,z_smooth_only,0.001,0.0035,2.0,149,107,55,34,0.6747651006711409,0.312751677852349,0.012483221476510067,0.9235514018691589,0.05551401869158879,0.020934579439252334,0.00981818181818182,0.9538181818181818,0.03636363636363636,0.05352941176470588,0.26882352941176474,0.6776470588235294
z_plus_zsmooth,z_plus_zsmooth__LOGIT_return_sortino_vs_bond__cash_allowed__g2p0__tau1p0__c0p001__phl6p0__l10p001,LOGIT,return_sortino_vs_bond,cash_allowed,345,1996-02-29,2024-10-31,0.051274934105333736,0.09304316068069876,0.5510876213814005,-0.25528135438743615,-0.1028934552884381,384.2802369531281,0.033971014492753616,0.4076521739130434,3.3971014492753627e-05,0.0004076521739130435,0.47002898550724637,0.46400000000000013,0.06597101449275362,2.0,1.0,0.001,6.0,36.0,z_plus_zsmooth__LOGIT_return_sortino_vs_bond__cash_allowed__g2p0__tau1p0__c0p001__phl6p0__l10p001,z_plus_zsmooth,0.001,0.002,1.0,200,74,50,21,0.5292999999999999,0.4701000000000001,0.0005999999999999835,0.7445945945945946,0.16945945945945945,0.08594594594594594,0.0152,0.9848,-2.220446049250313e-18,0.02095238095238095,0.20380952380952383,0.7752380952380953
z_plus_zsmooth,z_plus_zsmooth__RF_return_sortino_vs_bond__cash_allowed__g0p25__tau3p0__c0p0005__phl0p0__l10p0005,RF,return_sortino_vs_bond,cash_allowed,345,1996-02-29,2024-10-31,0.05863466314638117,0.10648951082626658,0.5506144472955772,-0.2304109539255652,-0.10486400000000001,456.35886559683394,0.09565217391304348,1.1478260869565218,4.782608695652174e-05,0.0005739130434782609,0.6633623188405796,0.28081159420289853,0.055826086956521734,0.25,3.0,0.0005,0.0,36.0,z_plus_zsmooth__RF_return_sortino_vs_bond__cash_allowed__g0p25__tau3p0__c0p0005__phl0p0__l10p0005,z_plus_zsmooth,0.0005,0.002,2.0,165,83,72,25,0.8364848484848485,0.16351515151515153,0.0,0.9968674698795181,0.0,0.003132530120481928,0.08472222222222221,0.9152777777777779,4.818676322157798e-19,0.08,0.16,0.76
z_plus_zsmooth,z_plus_zsmooth__LOGIT_return_sortino_vs_bond__cash_allowed__g0p25__tau3p0__c0p0005__phl3p0__l10p0025,LOGIT,return_sortino_vs_bond,cash_allowed,345,1996-02-29,2024-10-31,0.06314131945096561,0.1147112634944481,0.5504369625744867,-0.2700305337947526,-0.11654600000000001,505.92804872089107,0.03188405797101449,0.3826086956521739,1.5942028985507246e-05,0.00019130434782608694,0.606144927536232,0.3358840579710145,0.057971014492753624,0.25,3.0,0.0005,3.0,36.0,z_plus_zsmooth__LOGIT_return_sortino_vs_bond__cash_allowed__g0p25__tau3p0__c0p0005__phl3p0__l10p0025,z_plus_zsmooth,0.0025,0.004,1.4,175,92,48,30,0.648,0.35200000000000004,0.0,0.8756521739130435,0.10260869565217391,0.021739130434782608,0.21166666666666667,0.7883333333333334,-2.3129646346357427e-18,0.16666666666666666,0.23333333333333334,0.6
z_smooth_only,z_smooth_only__LOGIT_return_sortino_vs_bond__cash_allowed__g1p0__tau3p0__c0p0005__phl3p0__l10p001,LOGIT,return_sortino_vs_bond,cash_allowed,345,1996-02-29,2024-10-31,0.054674939400683846,0.09934133672096289,0.5503745087934417,-0.23113410145100644,-0.10495545439475631,416.1971058223862,0.048927536231884054,0.5871304347826086,2.446376811594203e-05,0.00029356521739130437,0.5584347826086956,0.36997101449275366,0.07159420289855073,1.0,3.0,0.0005,3.0,36.0,z_smooth_only__LOGIT_return_sortino_vs_bond__cash_allowed__g1p0__tau3p0__c0p0005__phl3p0__l10p001,z_smooth_only,0.001,0.0025,1.3599999999999999,148,118,49,30,0.5693243243243242,0.42283783783783785,0.007837837837837827,0.875593220338983,0.09728813559322035,0.027118644067796613,0.06979591836734694,0.930204081632653,-5.381183027519891e-18,0.05533333333333334,0.26666666666666666,0.678
z_smooth_only,z_smooth_only__LOGIT_return_sortino_vs_bond__cash_allowed__g1p0__tau5p0__c0p0005__phl3p0__l10p0,LOGIT,return_sortino_vs_bond,cash_allowed,345,1996-02-29,2024-10-31,0.054674939400683846,0.09934133672096289,0.5503745087934417,-0.23113410145100644,-0.10495545439475631,416.1971058223862,0.048927536231884054,0.5871304347826086,2.446376811594203e-05,0.00029356521739130437,0.5584347826086956,0.36997101449275366,0.07159420289855073,1.0,5.0,0.0005,3.0,36.0,z_smooth_only__LOGIT_return_sortino_vs_bond__cash_allowed__g1p0__tau5p0__c0p0005__phl3p0__l10p0,z_smooth_only,0.0,0.0025,1.3599999999999999,148,118,49,30,0.5693243243243242,0.42283783783783785,0.007837837837837827,0.875593220338983,0.09728813559322035,0.027118644067796613,0.06979591836734694,0.930204081632653,-5.381183027519891e-18,0.05533333333333334,0.26666666666666666,0.678
z_plus_zsmooth,z_plus_zsmooth__LOGIT_return_sortino_vs_bond__cash_allowed__g2p0__tau3p0__c0p0005__phl3p0__l10p0025,LOGIT,return_sortino_vs_bond,cash_allowed,345,1996-02-29,2024-10-31,0.04716325339051471,0.0858647374651514,0.5492738321089741,-0.24720456473435914,-0.0970508758653143,347.9966431056525,0.025043478260869563,0.3005217391304348,1.2521739130434782e-05,0.0001502608695652174,0.37136231884057974,0.5740289855072463,0.05460869565217389,2.0,3.0,0.0005,3.0,36.0,z_plus_zsmooth__LOGIT_return_sortino_vs_bond__cash_allowed__g2p0__tau3p0__c0p0005__phl3p0__l10p0025,z_plus_zsmooth,0.0025,0.004,1.0,175,92,48,30,0.41405714285714285,0.5746285714285715,0.011314285714285697,0.5543478260869565,0.416304347826087,0.02934782608695651,0.06666666666666667,0.8970833333333333,0.03624999999999999,0.04866666666666667,0.5373333333333332,0.4140000000000001
z_smooth_only,z_smooth_only__LOGIT_return_sortino_vs_bond__cash_allowed__g0p25__tau5p0__c0p0005__phl0p0__l10p001,LOGIT,return_sortino_vs_bond,cash_allowed,345,1996-02-29,2024-10-31,0.056627525481782306,0.10312079094466416,0.5491378117160611,-0.20319350045081208,-0.111724,435.1202851558005,0.09565217391304348,1.1478260869565218,4.782608695652174e-05,0.0005739130434782609,0.6303188405797101,0.29733333333333334,0.07234782608695653,0.25,5.0,0.0005,0.0,36.0,z_smooth_only__LOGIT_return_sortino_vs_bond__cash_allowed__g0p25__tau5p0__c0p0005__phl0p0__l10p001,z_smooth_only,0.001,0.0035,2.0,149,107,55,34,0.738255033557047,0.2550335570469799,0.006711409395973154,0.9665420560747664,0.033457943925233644,1.0375916117992116e-18,0.01818181818181818,0.9454545454545454,0.03636363636363636,0.08941176470588236,0.2647058823529412,0.6458823529411765
z_plus_zsmooth,z_plus_zsmooth__LOGIT_return_sortino_vs_bond__cash_allowed__g0p25__tau3p0__c0p001__phl3p0__l10p001,LOGIT,return_sortino_vs_bond,cash_allowed,345,1996-02-29,2024-10-31,0.06295001510313952,0.1147134551544433,0.54875877479575,-0.27003053379475284,-0.11654600000000001,503.1628811762265,0.03188405797101449,0.3826086956521739,3.188405797101449e-05,0.0003826086956521739,0.606144927536232,0.3358840579710145,0.057971014492753624,0.25,3.0,0.001,3.0,36.0,z_plus_zsmooth__LOGIT_return_sortino_vs_bond__cash_allowed__g0p25__tau3p0__c0p001__phl3p0__l10p001,z_plus_zsmooth,0.001,0.004,1.4,175,92,48,30,0.648,0.35200000000000004,0.0,0.8756521739130435,0.10260869565217391,0.021739130434782608,0.21166666666666667,0.7883333333333334,-2.3129646346357427e-18,0.16666666666666666,0.23333333333333334,0.6
z_smooth_only,z_smooth_only__RF_return_sortino_vs_bond__cash_allowed__g0p25__tau1p0__c0p0005__phl3p0__l10p0,RF,return_sortino_vs_bond,cash_allowed,345,1996-02-29,2024-10-31,0.06258091259217412,0.11406500100241969,0.5486425462868015,-0.2314868785254519,-0.11654600000000001,498.6347309254419,0.06666666666666667,0.8,3.3333333333333335e-05,0.0004,0.6681739130434782,0.2826666666666667,0.04915942028985507,0.25,1.0,0.0005,3.0,36.0,z_smooth_only__RF_return_sortino_vs_bond__cash_allowed__g0p25__tau1p0__c0p0005__phl3p0__l10p0,z_smooth_only,0.0,0.0005,2.0,178,82,67,18,0.8393258426966292,0.16067415730337078,-2.9626738016682547e-18,0.9853658536585366,0.011707317073170732,0.002926829268292683,0.0,1.0,0.0,0.017777777777777778,0.05333333333333333,0.9288888888888889
z_smooth_only,z_smooth_only__RF_return_sortino_vs_bond__cash_allowed__g0p5__tau1p0__c0p001__phl3p0__l10p0005,RF,return_sortino_vs_bond,cash_allowed,345,1996-02-29,2024-10-31,0.06129931492968183,0.11175644160818025,0.5485081132468242,-0.27003053379475284,-0.10695550000000001,484.54020829640257,0.052521739130434786,0.6302608695652174,5.2521739130434796e-05,0.0006302608695652176,0.659768115942029,0.2881739130434783,0.052057971014492756,0.5,1.0,0.001,3.0,36.0,z_smooth_only__RF_return_sortino_vs_bond__cash_allowed__g0p5__tau1p0__c0p001__phl3p0__l10p0005,z_smooth_only,0.0005,0.0015,1.6,178,82,67,18,0.8208988764044944,0.17910112359550565,-4.677906002634086e-19,0.9624390243902439,0.01975609756097561,0.017804878048780486,0.016119402985074627,0.9838805970149254,1.6570492904853082e-18,0.08333333333333333,0.0,0.9166666666666666
z_smooth_only,z_smooth_only__LOGIT_return_sortino_vs_bond__cash_allowed__g0p5__tau5p0__c0p0005__phl3p0__l10p0025,LOGIT,return_sortino_vs_bond,cash_allowed,345,1996-02-29,2024-10-31,0.060920751273385865,0.11110484227841386,0.5483176972676548,-0.2984625145690112,-0.11654600000000001,480.39860517002705,0.020289855072463767,0.2434782608695652,1.0144927536231884e-05,0.0001217391304347826,0.5168695652173912,0.40121739130434786,0.08191304347826087,0.5,5.0,0.0005,3.0,36.0,z_smooth_only__LOGIT_return_sortino_vs_bond__cash_allowed__g0p5__tau5p0__c0p0005__phl3p0__l10p0025,z_smooth_only,0.0025,0.005,1.0,148,118,49,30,0.5945945945945946,0.40540540540540543,0.0,0.635593220338983,0.3328813559322034,0.031525423728813555,0.21551020408163266,0.6355102040816326,0.14897959183673468,0.15866666666666665,0.26666666666666666,0.5746666666666668
z_plus_zsmooth,z_plus_zsmooth__LOGIT_return_sortino_vs_bond__cash_allowed__g2p0__tau3p0__c0p001__phl3p0__l10p001,LOGIT,return_sortino_vs_bond,cash_allowed,345,1996-02-29,2024-10-31,0.04701299252094949,0.08586536675681763,0.547519847601614,-0.24732809427981173,-0.0970558758653143,346.50142585841263,0.025043478260869563,0.3005217391304348,2.5043478260869564e-05,0.0003005217391304348,0.37136231884057974,0.5740289855072463,0.05460869565217389,2.0,3.0,0.001,3.0,36.0,z_plus_zsmooth__LOGIT_return_sortino_vs_bond__cash_allowed__g2p0__tau3p0__c0p001__phl3p0__l10p001,z_plus_zsmooth,0.001,0.004,1.0,175,92,48,30,0.41405714285714285,0.5746285714285715,0.011314285714285697,0.5543478260869565,0.416304347826087,0.02934782608695651,0.06666666666666667,0.8970833333333333,0.03624999999999999,0.04866666666666667,0.5373333333333332,0.4140000000000001
z_smooth_only,z_smooth_only__LOGIT_return_sortino_vs_bond__cash_allowed__g0p5__tau5p0__c0p001__phl3p0__l10p0,LOGIT,return_sortino_vs_bond,cash_allowed,345,1996-02-29,2024-10-31,0.06079901214295108,0.11110304504392408,0.5472308352927182,-0.2990673641564162,-0.11654600000000001,478.7305261300288,0.020289855072463767,0.2434782608695652,2.0289855072463767e-05,0.0002434782608695652,0.5168695652173912,0.40121739130434786,0.08191304347826087,0.5,5.0,0.001,3.0,36.0,z_smooth_only__LOGIT_return_sortino_vs_bond__cash_allowed__g0p5__tau5p0__c0p001__phl3p0__l10p0,z_smooth_only,0.0,0.005,1.0,148,118,49,30,0.5945945945945946,0.40540540540540543,0.0,0.635593220338983,0.3328813559322034,0.031525423728813555,0.21551020408163266,0.6355102040816326,0.14897959183673468,0.15866666666666665,0.26666666666666666,0.5746666666666668
z_smooth_only,z_smooth_only__LOGIT_return_sortino_vs_bond__cash_allowed__g0p5__tau1p0__c0p001__phl0p0__l10p0025,LOGIT,return_sortino_vs_bond,cash_allowed,345,1996-02-29,2024-10-31,0.05597302775208056,0.10228545344707934,0.54722373383269,-0.20319350045081208,-0.111724,428.1129390845679,0.09542028985507246,1.1450434782608696,9.542028985507248e-05,0.0011450434782608698,0.6171594202898552,0.307536231884058,0.07530434782608696,0.5,1.0,0.001,0.0,36.0,z_smooth_only__LOGIT_return_sortino_vs_bond__cash_allowed__g0p5__tau1p0__c0p001__phl0p0__l10p0025,z_smooth_only,0.0025,0.0035,2.0,149,107,55,34,0.7147651006711411,0.2770469798657718,0.008187919463087247,0.9614953271028037,0.03570093457943925,0.0028037383177570083,0.01818181818181818,0.9454545454545454,0.03636363636363636,0.07470588235294118,0.2647058823529412,0.6605882352941177
z_smooth_only,z_smooth_only__LOGIT_return_sortino_vs_bond__cash_allowed__g0p5__tau3p0__c0p001__phl0p0__l10p0005,LOGIT,return_sortino_vs_bond,cash_allowed,345,1996-02-29,2024-10-31,0.05597302775208056,0.10228545344707934,0.54722373383269,-0.20319350045081208,-0.111724,428.1129390845679,0.09542028985507246,1.1450434782608696,9.542028985507248e-05,0.0011450434782608698,0.6171594202898552,0.307536231884058,0.07530434782608696,0.5,3.0,0.001,0.0,36.0,z_smooth_only__LOGIT_return_sortino_vs_bond__cash_allowed__g0p5__tau3p0__c0p001__phl0p0__l10p0005,z_smooth_only,0.0005,0.0035,2.0,149,107,55,34,0.7147651006711411,0.2770469798657718,0.008187919463087247,0.9614953271028037,0.03570093457943925,0.0028037383177570083,0.01818181818181818,0.9454545454545454,0.03636363636363636,0.07470588235294118,0.2647058823529412,0.6605882352941177
z_smooth_only,z_smooth_only__LOGIT_return_sortino_vs_bond__cash_allowed__g0p5__tau1p0__c0p0025__phl3p0__l10p0005,LOGIT,return_sortino_vs_bond,cash_allowed,345,1996-02-29,2024-10-31,0.06162622563904234,0.1127212741835908,0.5467133518972718,-0.2757918848210392,-0.11654600000000001,487.61197771746316,0.036057971014492755,0.43269565217391304,9.014492753623189e-05,0.0010817391304347827,0.6281159420289855,0.3128115942028985,0.05907246376811594,0.5,1.0,0.0025,3.0,36.0,z_smooth_only__LOGIT_return_sortino_vs_bond__cash_allowed__g0p5__tau1p0__c0p0025__phl3p0__l10p0005,z_smooth_only,0.0005,0.003,1.88,148,118,49,30,0.6716216216216216,0.32837837837837835,0.0,0.9049152542372881,0.07847457627118644,0.016610169491525422,0.1416326530612245,0.8583673469387756,-2.2657612747452172e-18,0.11933333333333333,0.26666666666666666,0.6140000000000001
z_smooth_only,z_smooth_only__LOGIT_return_sortino_vs_bond__cash_allowed__g1p0__tau1p0__c0p0025__phl3p0__l10p0005,LOGIT,return_sortino_vs_bond,cash_allowed,345,1996-02-29,2024-10-31,0.05426972090786847,0.09927473777494442,0.546661941640156,-0.2536826102869464,-0.1048285,411.5898994105545,0.03976811594202898,0.4772173913043478,9.942028985507246e-05,0.0011930434782608695,0.5351884057971014,0.3983768115942029,0.06643478260869563,1.0,1.0,0.0025,3.0,36.0,z_smooth_only__LOGIT_return_sortino_vs_bond__cash_allowed__g1p0__tau1p0__c0p0025__phl3p0__l10p0005,z_smooth_only,0.0005,0.003,1.08,148,118,49,30,0.5533783783783784,0.44256756756756754,0.00405405405405404,0.8110169491525425,0.1638983050847458,0.02508474576271185,0.10122448979591836,0.8987755102040816,-9.063045098980869e-18,0.06933333333333333,0.2853333333333333,0.6453333333333333
z_plus_zsmooth,z_plus_zsmooth__RF_return_sortino_vs_bond__cash_allowed__g0p25__tau1p0__c0p0005__phl3p0__l10p0,RF,return_sortino_vs_bond,cash_allowed,345,1996-02-29,2024-10-31,0.061277033179239604,0.11211963434422194,0.5465325813595778,-0.2572962387122655,-0.11299902747730266,483.4454391050092,0.06666666666666667,0.8,3.3333333333333335e-05,0.0004,0.6648115942028985,0.28689855072463766,0.04828985507246377,0.25,1.0,0.0005,3.0,36.0,z_plus_zsmooth__RF_return_sortino_vs_bond__cash_allowed__g0p25__tau1p0__c0p0005__phl3p0__l10p0,z_plus_zsmooth,0.0,0.0005,2.0,190,72,66,17,0.8315789473684211,0.16842105263157894,2.921639538487254e-19,0.9863888888888889,0.01361111111111111,0.0,0.0,1.0,0.0,0.02,0.0,0.98
z_plus_zsmooth,z_plus_zsmooth__LOGIT_return_sortino_vs_bond__cash_allowed__g1p0__tau5p0__c0p0005__phl3p0__l10p0025,LOGIT,return_sortino_vs_bond,cash_allowed,345,1996-02-29,2024-10-31,0.05644620331449406,0.10340664445098446,0.5458663088255415,-0.2881717115761748,-0.11084202747730265,432.8447724588211,0.01889855072463768,0.22678260869565214,9.44927536231884e-06,0.00011339130434782609,0.47194202898550724,0.44330434782608696,0.0847536231884058,1.0,5.0,0.0005,3.0,36.0,z_plus_zsmooth__LOGIT_return_sortino_vs_bond__cash_allowed__g1p0__tau5p0__c0p0005__phl3p0__l10p0025,z_plus_zsmooth,0.0025,0.005,1.0,175,92,48,30,0.5188571428571429,0.4811428571428571,0.0,0.6715217391304349,0.2882608695652175,0.04021739130434783,0.1275,0.67625,0.19625000000000004,0.13733333333333334,0.3253333333333332,0.5373333333333334
z_smooth_only,z_smooth_only__LOGIT_return_sortino_vs_bond__cash_allowed__g0p25__tau5p0__c0p0005__phl3p0__l10p0025,LOGIT,return_sortino_vs_bond,cash_allowed,345,1996-02-29,2024-10-31,0.06181404430932787,0.11331797248868658,0.5454919722950323,-0.3323037385421538,-0.11654600000000001,489.3931238305914,0.020289855072463767,0.2434782608695652,1.0144927536231884e-05,0.0001217391304347826,0.5248115942028986,0.4135072463768116,0.06168115942028985,0.25,5.0,0.0005,3.0,36.0,z_smooth_only__LOGIT_return_sortino_vs_bond__cash_allowed__g0p25__tau5p0__c0p0005__phl3p0__l10p0025,z_smooth_only,0.0025,0.005,1.3199999999999998,148,118,49,30,0.5945945945945946,0.40540540540540543,0.0,0.646949152542373,0.3276271186440678,0.025423728813559324,0.22979591836734695,0.7346938775510204,0.035510204081632656,0.182,0.26666666666666666,0.5513333333333333
z_plus_zsmooth,z_plus_zsmooth__RF_return_sortino_vs_bond__cash_allowed__g0p25__tau1p0__c0p001__phl0p0__l10p001,RF,return_sortino_vs_bond,cash_allowed,345,1996-02-29,2024-10-31,0.05806075010290292,0.10649934581624501,0.5451747112426538,-0.2311878422996675,-0.10486400000000001,448.9108682518103,0.09565217391304348,1.1478260869565218,9.565217391304348e-05,0.0011478260869565219,0.6633623188405796,0.28081159420289853,0.055826086956521734,0.25,1.0,0.001,0.0,36.0,z_plus_zsmooth__RF_return_sortino_vs_bond__cash_allowed__g0p25__tau1p0__c0p001__phl0p0__l10p001,z_plus_zsmooth,0.001,0.002,2.0,165,83,72,25,0.8364848484848485,0.16351515151515153,0.0,0.9968674698795181,0.0,0.003132530120481928,0.08472222222222221,0.9152777777777779,4.818676322157798e-19,0.08,0.16,0.76
z_plus_zsmooth,z_plus_zsmooth__RF_return_sortino_vs_bond__cash_allowed__g2p0__tau1p0__c0p0005__phl6p0__l10p0,RF,return_sortino_vs_bond,cash_allowed,345,1996-02-29,2024-10-31,0.04160587923382501,0.07634915310701804,0.5449422493987112,-0.19630845307402167,-0.081685434667968,303.43745323540577,0.04892753623188407,0.5871304347826088,2.446376811594203e-05,0.00029356521739130437,0.4003478260869565,0.5463188405797103,0.05333333333333333,2.0,1.0,0.0005,6.0,36.0,z_plus_zsmooth__RF_return_sortino_vs_bond__cash_allowed__g2p0__tau1p0__c0p0005__phl6p0__l10p0,z_plus_zsmooth,0.0,0.0005,1.0,215,55,60,15,0.4745116279069768,0.5254883720930232,-1.3716418182142195e-17,0.6541818181818181,0.22072727272727274,0.12509090909090909,0.0003333333333333333,0.9996666666666667,0.0,0.006666666666666667,0.22533333333333333,0.768
z_plus_zsmooth,z_plus_zsmooth__LOGIT_return_sortino_vs_bond__cash_allowed__g1p0__tau5p0__c0p001__phl3p0__l10p0,LOGIT,return_sortino_vs_bond,cash_allowed,345,1996-02-29,2024-10-31,0.05633281201014624,0.10341338192453203,0.5447342593558754,-0.2887541202651541,-0.11084202747730265,431.4335116236669,0.01889855072463768,0.22678260869565214,1.889855072463768e-05,0.00022678260869565218,0.47194202898550724,0.44330434782608696,0.0847536231884058,1.0,5.0,0.001,3.0,36.0,z_plus_zsmooth__LOGIT_return_sortino_vs_bond__cash_allowed__g1p0__tau5p0__c0p001__phl3p0__l10p0,z_plus_zsmooth,0.0,0.005,1.0,175,92,48,30,0.5188571428571429,0.4811428571428571,0.0,0.6715217391304349,0.2882608695652175,0.04021739130434783,0.1275,0.67625,0.19625000000000004,0.13733333333333334,0.3253333333333332,0.5373333333333334
z_plus_zsmooth,z_plus_zsmooth__LOGIT_return_sortino_vs_bond__cash_allowed__g1p0__tau1p0__c0p0005__phl6p0__l10p0,LOGIT,return_sortino_vs_bond,cash_allowed,345,1996-02-29,2024-10-31,0.057560963575742335,0.10571975589722636,0.5444674279393836,-0.24864684968233308,-0.10701740660614041,443.48357565967393,0.058782608695652175,0.7053913043478262,2.9391304347826086e-05,0.00035269565217391306,0.6508405797101449,0.2868985507246377,0.06226086956521739,1.0,1.0,0.0005,6.0,36.0,z_plus_zsmooth__LOGIT_return_sortino_vs_bond__cash_allowed__g1p0__tau1p0__c0p0005__phl6p0__l10p0,z_plus_zsmooth,0.0,0.0005,1.2000000000000002,200,74,50,21,0.7747999999999999,0.22520000000000004,-6.6786853825107075e-18,0.9375675675675675,0.026216216216216216,0.03621621621621622,0.0,1.0,0.0,0.009523809523809523,0.09523809523809523,0.8952380952380953
z_smooth_only,z_smooth_only__LOGIT_return_sortino_vs_bond__cash_allowed__g0p25__tau5p0__c0p001__phl3p0__l10p0,LOGIT,return_sortino_vs_bond,cash_allowed,345,1996-02-29,2024-10-31,0.06169230517889307,0.11332656598481226,0.5443763749724924,-0.3329823115500924,-0.11654600000000001,487.67699716738565,0.020289855072463767,0.2434782608695652,2.0289855072463767e-05,0.0002434782608695652,0.5248115942028986,0.4135072463768116,0.06168115942028985,0.25,5.0,0.001,3.0,36.0,z_smooth_only__LOGIT_return_sortino_vs_bond__cash_allowed__g0p25__tau5p0__c0p001__phl3p0__l10p0,z_smooth_only,0.0,0.005,1.3199999999999998,148,118,49,30,0.5945945945945946,0.40540540540540543,0.0,0.646949152542373,0.3276271186440678,0.025423728813559324,0.22979591836734695,0.7346938775510204,0.035510204081632656,0.182,0.26666666666666666,0.5513333333333333
z_smooth_only,z_smooth_only__LOGIT_return_sortino_vs_bond__cash_allowed__g0p5__tau1p0__c0p0025__phl3p0__l10p0025,LOGIT,return_sortino_vs_bond,cash_allowed,345,1996-02-29,2024-10-31,0.06043379475164673,0.11109942273167178,0.5439613750073834,-0.30087964997479566,-0.11654600000000001,473.758227740248,0.020289855072463767,0.2434782608695652,5.0724637681159414e-05,0.000608695652173913,0.5168695652173912,0.40121739130434786,0.08191304347826087,0.5,1.0,0.0025,3.0,36.0,z_smooth_only__LOGIT_return_sortino_vs_bond__cash_allowed__g0p5__tau1p0__c0p0025__phl3p0__l10p0025,z_smooth_only,0.0025,0.005,1.0,148,118,49,30,0.5945945945945946,0.40540540540540543,0.0,0.635593220338983,0.3328813559322034,0.031525423728813555,0.21551020408163266,0.6355102040816326,0.14897959183673468,0.15866666666666665,0.26666666666666666,0.5746666666666668
z_smooth_only,z_smooth_only__LOGIT_return_sortino_vs_bond__cash_allowed__g0p25__tau1p0__c0p001__phl0p0__l10p0025,LOGIT,return_sortino_vs_bond,cash_allowed,345,1996-02-29,2024-10-31,0.05605361243830405,0.10310553230750483,0.5436528107059103,-0.20319350045081208,-0.111724,428.0498744788681,0.09565217391304348,1.1478260869565218,9.565217391304348e-05,0.0011478260869565219,0.6303188405797101,0.29733333333333334,0.07234782608695653,0.25,1.0,0.001,0.0,36.0,z_smooth_only__LOGIT_return_sortino_vs_bond__cash_allowed__g0p25__tau1p0__c0p001__phl0p0__l10p0025,z_smooth_only,0.0025,0.0035,2.0,149,107,55,34,0.738255033557047,0.2550335570469799,0.006711409395973154,0.9665420560747664,0.033457943925233644,1.0375916117992116e-18,0.01818181818181818,0.9454545454545454,0.03636363636363636,0.08941176470588236,0.2647058823529412,0.6458823529411765
z_smooth_only,z_smooth_only__LOGIT_return_sortino_vs_bond__cash_allowed__g0p25__tau3p0__c0p001__phl0p0__l10p0005,LOGIT,return_sortino_vs_bond,cash_allowed,345,1996-02-29,2024-10-31,0.05605361243830405,0.10310553230750483,0.5436528107059103,-0.20319350045081208,-0.111724,428.0498744788681,0.09565217391304348,1.1478260869565218,9.565217391304348e-05,0.0011478260869565219,0.6303188405797101,0.29733333333333334,0.07234782608695653,0.25,3.0,0.001,0.0,36.0,z_smooth_only__LOGIT_return_sortino_vs_bond__cash_allowed__g0p25__tau3p0__c0p001__phl0p0__l10p0005,z_smooth_only,0.0005,0.0035,2.0,149,107,55,34,0.738255033557047,0.2550335570469799,0.006711409395973154,0.9665420560747664,0.033457943925233644,1.0375916117992116e-18,0.01818181818181818,0.9454545454545454,0.03636363636363636,0.08941176470588236,0.2647058823529412,0.6458823529411765
z_smooth_only,z_smooth_only__LOGIT_return_sortino_vs_bond__cash_allowed__g1p0__tau1p0__c0p0005__phl3p0__l10p0005,LOGIT,return_sortino_vs_bond,cash_allowed,345,1996-02-29,2024-10-31,0.05789552635633281,0.10654343854487977,0.543398327921857,-0.21056234675807373,-0.10914704121595398,446.64555969397543,0.0767536231884058,0.9210434782608696,3.83768115942029e-05,0.0004605217391304348,0.6443478260869565,0.2873623188405797,0.06828985507246378,1.0,1.0,0.0005,3.0,36.0,z_smooth_only__LOGIT_return_sortino_vs_bond__cash_allowed__g1p0__tau1p0__c0p0005__phl3p0__l10p0005,z_smooth_only,0.0005,0.001,1.52,148,118,49,30,0.7339189189189189,0.2660810810810811,-4.969748336582204e-18,0.9547457627118645,0.027966101694915257,0.01728813559322034,0.011020408163265306,0.9889795918367347,2.2657612747452172e-18,0.016,0.26666666666666666,0.7173333333333333
z_smooth_only,z_smooth_only__LOGIT_return_sortino_vs_bond__cash_allowed__g1p0__tau1p0__c0p0005__phl6p0__l10p0025,LOGIT,return_sortino_vs_bond,cash_allowed,345,1996-02-29,2024-10-31,0.06113296010199594,0.11256145050619203,0.5431074300044935,-0.2700305337947526,-0.11654600000000001,481.1359156815788,0.024695652173913042,0.29634782608695653,1.2347826086956521e-05,0.00014817391304347826,0.5460289855072463,0.38950724637681156,0.06446376811594204,1.0,1.0,0.0005,6.0,36.0,z_smooth_only__LOGIT_return_sortino_vs_bond__cash_allowed__g1p0__tau1p0__c0p0005__phl6p0__l10p0025,z_smooth_only,0.0025,0.003,1.0,172,101,48,24,0.6686046511627907,0.3313953488372093,-3.2273925134452225e-19,0.6615841584158415,0.2920792079207921,0.046336633663366315,0.10666666666666667,0.8933333333333334,0.0,0.06,0.20833333333333334,0.7316666666666668
z_smooth_only,z_smooth_only__LOGIT_return_sortino_vs_bond__cash_allowed__g1p0__tau5p0__c0p0005__phl6p0__l10p0005,LOGIT,return_sortino_vs_bond,cash_allowed,345,1996-02-29,2024-10-31,0.06113296010199594,0.11256145050619203,0.5431074300044935,-0.2700305337947526,-0.11654600000000001,481.1359156815788,0.024695652173913042,0.29634782608695653,1.2347826086956521e-05,0.00014817391304347826,0.5460289855072463,0.38950724637681156,0.06446376811594204,1.0,5.0,0.0005,6.0,36.0,z_smooth_only__LOGIT_return_sortino_vs_bond__cash_allowed__g1p0__tau5p0__c0p0005__phl6p0__l10p0005,z_smooth_only,0.0005,0.003,1.0,172,101,48,24,0.6686046511627907,0.3313953488372093,-3.2273925134452225e-19,0.6615841584158415,0.2920792079207921,0.046336633663366315,0.10666666666666667,0.8933333333333334,0.0,0.06,0.20833333333333334,0.7316666666666668
z_smooth_only,z_smooth_only__RF_return_sortino_vs_bond__cash_allowed__g2p0__tau3p0__c0p0005__phl3p0__l10p0005,RF,return_sortino_vs_bond,cash_allowed,345,1996-02-29,2024-10-31,0.04349511346851004,0.08019987274692862,0.5423339461617257,-0.19821701079862075,-0.08633273194699295,317.58843158495597,0.03327536231884058,0.399304347826087,1.663768115942029e-05,0.0001996521739130435,0.374376811594203,0.5824927536231884,0.043130434782608675,2.0,3.0,0.0005,3.0,36.0,z_smooth_only__RF_return_sortino_vs_bond__cash_allowed__g2p0__tau3p0__c0p0005__phl3p0__l10p0005,z_smooth_only,0.0005,0.002,1.0,178,82,67,18,0.4620224719101124,0.5349438202247192,0.003033707865168509,0.5541463414634146,0.40853658536585374,0.03731707317073168,0.014925373134328358,0.9841791044776119,0.0008955223880597006,0.026666666666666665,0.35000000000000003,0.6233333333333333
z_plus_zsmooth,z_plus_zsmooth__LOGIT_return_sortino_vs_bond__cash_allowed__g0p5__tau1p0__c0p0005__phl6p0__l10p0,LOGIT,return_sortino_vs_bond,cash_allowed,345,1996-02-29,2024-10-31,0.06287631460848998,0.11596544289632331,0.5421987191882959,-0.2700305337947526,-0.11654600000000001,499.673109661707,0.050202898550724635,0.6024347826086957,2.5101449275362318e-05,0.0003012173913043478,0.7168115942028986,0.22695652173913047,0.05623188405797102,0.5,1.0,0.0005,6.0,36.0,z_plus_zsmooth__LOGIT_return_sortino_vs_bond__cash_allowed__g0p5__tau1p0__c0p0005__phl6p0__l10p0,z_plus_zsmooth,0.0,0.0005,1.72,200,74,50,21,0.8684999999999999,0.13150000000000003,-6.036837696399289e-18,0.9897297297297298,0.0,0.010270270270270271,0.0,1.0,0.0,0.017142857142857144,0.09523809523809523,0.8876190476190476
z_smooth_only,z_smooth_only__LOGIT_return_sortino_vs_bond__cash_allowed__g1p0__tau3p0__c0p001__phl6p0__l10p0,LOGIT,return_sortino_vs_bond,cash_allowed,345,1996-02-29,2024-10-31,0.06098478618895246,0.11256832903268271,0.5417579412700204,-0.27003053379475284,-0.11654600000000001,479.0895998505191,0.024695652173913042,0.29634782608695653,2.4695652173913042e-05,0.0002963478260869565,0.5460289855072463,0.38950724637681156,0.06446376811594204,1.0,3.0,0.001,6.0,36.0,z_smooth_only__LOGIT_return_sortino_vs_bond__cash_allowed__g1p0__tau3p0__c0p001__phl6p0__l10p0,z_smooth_only,0.0,0.003,1.0,172,101,48,24,0.6686046511627907,0.3313953488372093,-3.2273925134452225e-19,0.6615841584158415,0.2920792079207921,0.046336633663366315,0.10666666666666667,0.8933333333333334,0.0,0.06,0.20833333333333334,0.7316666666666668
z_plus_zsmooth,z_plus_zsmooth__LOGIT_return_sortino_vs_bond__cash_allowed__g1p0__tau3p0__c0p0005__phl6p0__l10p001,LOGIT,return_sortino_vs_bond,cash_allowed,345,1996-02-29,2024-10-31,0.06126396515176806,0.11315091357121408,0.5414358860939307,-0.2700305337947526,-0.11654600000000001,481.8496117725873,0.03281159420289855,0.3937391304347826,1.6405797101449275e-05,0.0001968695652173913,0.5965797101449275,0.33872463768115946,0.06469565217391304,1.0,3.0,0.0005,6.0,36.0,z_plus_zsmooth__LOGIT_return_sortino_vs_bond__cash_allowed__g1p0__tau3p0__c0p0005__phl6p0__l10p001,z_plus_zsmooth,0.001,0.0025,1.0,200,74,50,21,0.6664,0.3336,1.457167719820518e-18,0.9256756756756757,0.012432432432432432,0.06189189189189189,0.0556,0.9444,-1.6653345369377347e-18,0.06,0.09523809523809523,0.8447619047619047
z_plus_zsmooth,z_plus_zsmooth__LOGIT_return_sortino_vs_bond__cash_allowed__g1p0__tau5p0__c0p0005__phl6p0__l10p0,LOGIT,return_sortino_vs_bond,cash_allowed,345,1996-02-29,2024-10-31,0.06126396515176806,0.11315091357121408,0.5414358860939307,-0.2700305337947526,-0.11654600000000001,481.8496117725873,0.03281159420289855,0.3937391304347826,1.6405797101449275e-05,0.0001968695652173913,0.5965797101449275,0.33872463768115946,0.06469565217391304,1.0,5.0,0.0005,6.0,36.0,z_plus_zsmooth__LOGIT_return_sortino_vs_bond__cash_allowed__g1p0__tau5p0__c0p0005__phl6p0__l10p0,z_plus_zsmooth,0.0,0.0025,1.0,200,74,50,21,0.6664,0.3336,1.457167719820518e-18,0.9256756756756757,0.012432432432432432,0.06189189189189189,0.0556,0.9444,-1.6653345369377347e-18,0.06,0.09523809523809523,0.8447619047619047
z_plus_zsmooth,z_plus_zsmooth__LOGIT_return_sortino_vs_bond__cash_allowed__g1p0__tau1p0__c0p0025__phl3p0__l10p0025,LOGIT,return_sortino_vs_bond,cash_allowed,345,1996-02-29,2024-10-31,0.05599263809710277,0.1034348390070057,0.5413324817309412,-0.2904990581443915,-0.11084202747730265,427.225617637739,0.01889855072463768,0.22678260869565214,4.7246376811594197e-05,0.0005669565217391304,0.47194202898550724,0.44330434782608696,0.0847536231884058,1.0,1.0,0.0025,3.0,36.0,z_plus_zsmooth__LOGIT_return_sortino_vs_bond__cash_allowed__g1p0__tau1p0__c0p0025__phl3p0__l10p0025,z_plus_zsmooth,0.0025,0.005,1.0,175,92,48,30,0.5188571428571429,0.4811428571428571,0.0,0.6715217391304349,0.2882608695652175,0.04021739130434783,0.1275,0.67625,0.19625000000000004,0.13733333333333334,0.3253333333333332,0.5373333333333334
z_smooth_only,z_smooth_only__RF_return_sortino_vs_bond__cash_allowed__g2p0__tau1p0__c0p0005__phl6p0__l10p0,RF,return_sortino_vs_bond,cash_allowed,345,1996-02-29,2024-10-31,0.04408999547552247,0.08145390004468882,0.5412877155216994,-0.198556918845748,-0.08908175370852844,321.99127487611764,0.05130434782608696,0.6156521739130436,2.565217391304348e-05,0.00030782608695652177,0.42475362318840587,0.5132753623188405,0.0619710144927536,2.0,1.0,0.0005,6.0,36.0,z_smooth_only__RF_return_sortino_vs_bond__cash_allowed__g2p0__tau1p0__c0p0005__phl6p0__l10p0,z_smooth_only,0.0,0.0005,1.0,198,67,65,15,0.5023232323232324,0.49767676767676766,-1.4859045531599317e-17,0.7008955223880597,0.19343283582089554,0.10567164179104475,0.0006153846153846154,0.9993846153846155,0.0,0.005333333333333333,0.04133333333333333,0.9533333333333334
z_smooth_only,z_smooth_only__LOGIT_return_sortino_vs_bond__cash_allowed__g0p25__tau1p0__c0p0025__phl3p0__l10p0025,LOGIT,return_sortino_vs_bond,cash_allowed,345,1996-02-29,2024-10-31,0.06132708778758873,0.11335519587356344,0.5410169980738515,-0.33501556718825,-0.11654600000000001,482.56005085347755,0.020289855072463767,0.2434782608695652,5.0724637681159414e-05,0.000608695652173913,0.5248115942028986,0.4135072463768116,0.06168115942028985,0.25,1.0,0.0025,3.0,36.0,z_smooth_only__LOGIT_return_sortino_vs_bond__cash_allowed__g0p25__tau1p0__c0p0025__phl3p0__l10p0025,z_smooth_only,0.0025,0.005,1.3199999999999998,148,118,49,30,0.5945945945945946,0.40540540540540543,0.0,0.646949152542373,0.3276271186440678,0.025423728813559324,0.22979591836734695,0.7346938775510204,0.035510204081632656,0.182,0.26666666666666666,0.5513333333333333
z_plus_zsmooth,z_plus_zsmooth__LOGIT_return_sortino_vs_bond__cash_allowed__g0p5__tau3p0__c0p0005__phl3p0__l10p0005,LOGIT,return_sortino_vs_bond,cash_allowed,345,1996-02-29,2024-10-31,0.06015462931197094,0.11134628342711315,0.5402482010218861,-0.2648193285073004,-0.11118054121595398,469.39834050301056,0.05681159420289855,0.6817391304347826,2.8405797101449275e-05,0.0003408695652173913,0.6824347826086956,0.25200000000000006,0.06556521739130435,0.5,3.0,0.0005,3.0,36.0,z_plus_zsmooth__LOGIT_return_sortino_vs_bond__cash_allowed__g0p5__tau3p0__c0p0005__phl3p0__l10p0005,z_plus_zsmooth,0.0005,0.002,2.0,175,92,48,30,0.8236571428571428,0.1753142857142857,0.0010285714285714297,0.9571739130434783,0.027608695652173915,0.015217391304347825,0.02666666666666667,0.9733333333333333,-5.782411586589357e-19,0.06533333333333333,0.23333333333333334,0.7013333333333333
z_smooth_only,z_smooth_only__RF_return_sortino_vs_bond__cash_allowed__g2p0__tau1p0__c0p001__phl3p0__l10p001,RF,return_sortino_vs_bond,cash_allowed,345,1996-02-29,2024-10-31,0.04329546129459699,0.0801978105496248,0.5398583951092608,-0.19862291230789386,-0.08634773194699297,315.77804772395905,0.03327536231884058,0.399304347826087,3.327536231884058e-05,0.000399304347826087,0.374376811594203,0.5824927536231884,0.043130434782608675,2.0,1.0,0.001,3.0,36.0,z_smooth_only__RF_return_sortino_vs_bond__cash_allowed__g2p0__tau1p0__c0p001__phl3p0__l10p001,z_smooth_only,0.001,0.002,1.0,178,82,67,18,0.4620224719101124,0.5349438202247192,0.003033707865168509,0.5541463414634146,0.40853658536585374,0.03731707317073168,0.014925373134328358,0.9841791044776119,0.0008955223880597006,0.026666666666666665,0.35000000000000003,0.6233333333333333
z_smooth_only,z_smooth_only__LOGIT_return_sortino_vs_bond__cash_allowed__g1p0__tau1p0__c0p001__phl3p0__l10p0,LOGIT,return_sortino_vs_bond,cash_allowed,345,1996-02-29,2024-10-31,0.05743500461720238,0.10652554199101612,0.539166509211905,-0.2118522195815009,-0.10914704121595398,440.8197695446752,0.0767536231884058,0.9210434782608696,7.67536231884058e-05,0.0009210434782608696,0.6443478260869565,0.2873623188405797,0.06828985507246378,1.0,1.0,0.001,3.0,36.0,z_smooth_only__LOGIT_return_sortino_vs_bond__cash_allowed__g1p0__tau1p0__c0p001__phl3p0__l10p0,z_smooth_only,0.0,0.001,1.52,148,118,49,30,0.7339189189189189,0.2660810810810811,-4.969748336582204e-18,0.9547457627118645,0.027966101694915257,0.01728813559322034,0.011020408163265306,0.9889795918367347,2.2657612747452172e-18,0.016,0.26666666666666666,0.7173333333333333
z_smooth_only,z_smooth_only__LOGIT_return_sortino_vs_bond__cash_allowed__g0p5__tau1p0__c0p0005__phl6p0__l10p0,LOGIT,return_sortino_vs_bond,cash_allowed,345,1996-02-29,2024-10-31,0.06427717117211848,0.11925603125004779,0.5389846576174128,-0.2648193285073004,-0.11654600000000001,514.7393576784473,0.04973913043478261,0.5968695652173913,2.4869565217391308e-05,0.0002984347826086957,0.7102608695652173,0.23443478260869563,0.05530434782608696,0.5,1.0,0.0005,6.0,36.0,z_smooth_only__LOGIT_return_sortino_vs_bond__cash_allowed__g0p5__tau1p0__c0p0005__phl6p0__l10p0,z_smooth_only,0.0,0.0005,1.56,172,101,48,24,0.8508139534883721,0.1491860465116279,-2.743283636428439e-18,0.9720792079207922,0.02198019801980198,0.005940594059405941,0.0,1.0,0.0,0.021666666666666667,0.20833333333333334,0.77
z_smooth_only,z_smooth_only__LOGIT_return_sortino_vs_bond__cash_allowed__g1p0__tau1p0__c0p0025__phl3p0__l10p0,LOGIT,return_sortino_vs_bond,cash_allowed,345,1996-02-29,2024-10-31,0.053500678531118624,0.09940153446340967,0.5382278937636777,-0.23427582841701033,-0.10503545439475633,402.36356893535657,0.048927536231884054,0.5871304347826086,0.00012231884057971014,0.0014678260869565216,0.5584347826086956,0.36997101449275366,0.07159420289855073,1.0,1.0,0.0025,3.0,36.0,z_smooth_only__LOGIT_return_sortino_vs_bond__cash_allowed__g1p0__tau1p0__c0p0025__phl3p0__l10p0,z_smooth_only,0.0,0.0025,1.3599999999999999,148,118,49,30,0.5693243243243242,0.42283783783783785,0.007837837837837827,0.875593220338983,0.09728813559322035,0.027118644067796613,0.06979591836734694,0.930204081632653,-5.381183027519891e-18,0.05533333333333334,0.26666666666666666,0.678
z_plus_zsmooth,z_plus_zsmooth__LOGIT_return_sortino_vs_bond__cash_allowed__g0p5__tau3p0__c0p0005__phl6p0__l10p001,LOGIT,return_sortino_vs_bond,cash_allowed,345,1996-02-29,2024-10-31,0.06277129942588491,0.11671583336272612,0.5378130594398968,-0.27801834019980987,-0.11654600000000001,497.3191424767012,0.03188405797101449,0.3826086956521739,1.5942028985507246e-05,0.00019130434782608694,0.624231884057971,0.3183768115942029,0.05739130434782608,0.5,3.0,0.0005,6.0,36.0,z_plus_zsmooth__LOGIT_return_sortino_vs_bond__cash_allowed__g0p5__tau3p0__c0p0005__phl6p0__l10p001,z_plus_zsmooth,0.001,0.0025,1.36,200,74,50,21,0.6884,0.3116,-4.85722573273506e-19,0.9581081081081082,0.0,0.041891891891891894,0.08960000000000001,0.9103999999999999,0.0,0.10952380952380951,0.09523809523809523,0.7952380952380952
z_plus_zsmooth,z_plus_zsmooth__LOGIT_return_sortino_vs_bond__cash_allowed__g0p5__tau5p0__c0p0005__phl6p0__l10p0,LOGIT,return_sortino_vs_bond,cash_allowed,345,1996-02-29,2024-10-31,0.06277129942588491,0.11671583336272612,0.5378130594398968,-0.27801834019980987,-0.11654600000000001,497.3191424767012,0.03188405797101449,0.3826086956521739,1.5942028985507246e-05,0.00019130434782608694,0.624231884057971,0.3183768115942029,0.05739130434782608,0.5,5.0,0.0005,6.0,36.0,z_plus_zsmooth__LOGIT_return_sortino_vs_bond__cash_allowed__g0p5__tau5p0__c0p0005__phl6p0__l10p0,z_plus_zsmooth,0.0,0.0025,1.36,200,74,50,21,0.6884,0.3116,-4.85722573273506e-19,0.9581081081081082,0.0,0.041891891891891894,0.08960000000000001,0.9103999999999999,0.0,0.10952380952380951,0.09523809523809523,0.7952380952380952
z_smooth_only,z_smooth_only__LOGIT_return_sortino_vs_bond__cash_allowed__g1p0__tau1p0__c0p0025__phl6p0__l10p0005,LOGIT,return_sortino_vs_bond,cash_allowed,345,1996-02-29,2024-10-31,0.06054026444982202,0.11259048459416456,0.5377032052756592,-0.2700305337947527,-0.11654600000000001,473.00024680497427,0.024695652173913042,0.29634782608695653,6.173913043478262e-05,0.0007408695652173915,0.5460289855072463,0.38950724637681156,0.06446376811594204,1.0,1.0,0.0025,6.0,36.0,z_smooth_only__LOGIT_return_sortino_vs_bond__cash_allowed__g1p0__tau1p0__c0p0025__phl6p0__l10p0005,z_smooth_only,0.0005,0.003,1.0,172,101,48,24,0.6686046511627907,0.3313953488372093,-3.2273925134452225e-19,0.6615841584158415,0.2920792079207921,0.046336633663366315,0.10666666666666667,0.8933333333333334,0.0,0.06,0.20833333333333334,0.7316666666666668
z_plus_zsmooth,z_plus_zsmooth__LOGIT_return_sortino_vs_bond__cash_allowed__g0p5__tau1p0__c0p001__phl3p0__l10p001,LOGIT,return_sortino_vs_bond,cash_allowed,345,1996-02-29,2024-10-31,0.05981375974675354,0.11135106682014238,0.5371637780836579,-0.2655686068884533,-0.11118054121595398,464.83284027476594,0.05681159420289855,0.6817391304347826,5.681159420289855e-05,0.0006817391304347825,0.6824347826086956,0.25200000000000006,0.06556521739130435,0.5,1.0,0.001,3.0,36.0,z_plus_zsmooth__LOGIT_return_sortino_vs_bond__cash_allowed__g0p5__tau1p0__c0p001__phl3p0__l10p001,z_plus_zsmooth,0.001,0.002,2.0,175,92,48,30,0.8236571428571428,0.1753142857142857,0.0010285714285714297,0.9571739130434783,0.027608695652173915,0.015217391304347825,0.02666666666666667,0.9733333333333333,-5.782411586589357e-19,0.06533333333333333,0.23333333333333334,0.7013333333333333
z_plus_zsmooth,z_plus_zsmooth__LOGIT_return_sortino_vs_bond__cash_allowed__g0p25__tau3p0__c0p0005__phl3p0__l10p0005,LOGIT,return_sortino_vs_bond,cash_allowed,345,1996-02-29,2024-10-31,0.0637271796679705,0.11874947349496982,0.5366523134156881,-0.27663709278718684,-0.11654600000000001,507.38619029638306,0.05507246376811594,0.6608695652173913,2.753623188405797e-05,0.0003304347826086956,0.7202318840579711,0.22220289855072461,0.057565217391304345,0.25,3.0,0.0005,3.0,36.0,z_plus_zsmooth__LOGIT_return_sortino_vs_bond__cash_allowed__g0p25__tau3p0__c0p0005__phl3p0__l10p0005,z_plus_zsmooth,0.0005,0.002,2.0,175,92,48,30,0.8728,0.12719999999999998,0.0,0.9778260869565218,0.014782608695652172,0.007391304347826086,0.04083333333333333,0.9591666666666666,7.228014483236697e-19,0.12733333333333335,0.23333333333333334,0.6393333333333333
z_plus_zsmooth,z_plus_zsmooth__RF_return_sortino_vs_bond__cash_allowed__g0p25__tau1p0__c0p0025__phl0p0__l10p0,RF,return_sortino_vs_bond,cash_allowed,345,1996-02-29,2024-10-31,0.05745528627213706,0.10708133878352896,0.5365574144369468,-0.279556970652008,-0.1048285,440.3454382231549,0.08313043478260869,0.9975652173913043,0.00020782608695652175,0.002493913043478261,0.6598260869565218,0.28313043478260874,0.057043478260869564,0.25,1.0,0.0025,0.0,36.0,z_plus_zsmooth__RF_return_sortino_vs_bond__cash_allowed__g0p25__tau1p0__c0p0025__phl0p0__l10p0,z_plus_zsmooth,0.0,0.0025,2.0,165,83,72,25,0.8255757575757575,0.17442424242424243,-4.20539024479226e-18,0.9804819277108433,0.010843373493975905,0.008674698795180723,0.1111111111111111,0.8888888888888888,-2.3129646346357427e-18,0.0816,0.16,0.7584000000000001
z_smooth_only,z_smooth_only__LOGIT_return_sortino_vs_bond__cash_allowed__g0p25__tau1p0__c0p0005__phl3p0__l10p0,LOGIT,return_sortino_vs_bond,cash_allowed,345,1996-02-29,2024-10-31,0.06075265413094826,0.1133943257329445,0.5357644991339965,-0.20879531324541545,-0.1145125,474.2902321443675,0.08707246376811593,1.0448695652173912,4.353623188405798e-05,0.0005224347826086957,0.6980869565217391,0.24278260869565216,0.05913043478260869,0.25,1.0,0.0005,3.0,36.0,z_smooth_only__LOGIT_return_sortino_vs_bond__cash_allowed__g0p25__tau1p0__c0p0005__phl3p0__l10p0,z_smooth_only,0.0,0.0005,2.0,148,118,49,30,0.8286486486486486,0.17135135135135135,-1.1252260384714425e-18,0.9896610169491525,0.00847457627118644,0.0018644067796610168,0.012244897959183673,0.9877551020408163,0.0,0.027333333333333334,0.3,0.6726666666666666
z_plus_zsmooth,z_plus_zsmooth__LOGIT_return_sortino_vs_bond__cash_allowed__g2p0__tau3p0__c0p0005__phl6p0__l10p001,LOGIT,return_sortino_vs_bond,cash_allowed,345,1996-02-29,2024-10-31,0.05050509467962569,0.09434321458207398,0.5353336210066143,-0.26254624435540586,-0.10130343408344306,374.60397486904395,0.028695652173913046,0.3443478260869566,1.434782608695652e-05,0.00017217391304347825,0.4591304347826086,0.48799999999999993,0.0528695652173913,2.0,3.0,0.0005,6.0,36.0,z_plus_zsmooth__LOGIT_return_sortino_vs_bond__cash_allowed__g2p0__tau3p0__c0p0005__phl6p0__l10p001,z_plus_zsmooth,0.001,0.0025,1.0,200,74,50,21,0.5228,0.475,0.0021999999999999897,0.7005405405405406,0.23081081081081084,0.06864864864864863,0.028399999999999998,0.9716,0.0,0.027619047619047616,0.3666666666666666,0.6057142857142855
z_plus_zsmooth,z_plus_zsmooth__LOGIT_return_sortino_vs_bond__cash_allowed__g2p0__tau5p0__c0p0005__phl6p0__l10p0,LOGIT,return_sortino_vs_bond,cash_allowed,345,1996-02-29,2024-10-31,0.05050509467962569,0.09434321458207398,0.5353336210066143,-0.26254624435540586,-0.10130343408344306,374.60397486904395,0.028695652173913046,0.3443478260869566,1.434782608695652e-05,0.00017217391304347825,0.4591304347826086,0.48799999999999993,0.0528695652173913,2.0,5.0,0.0005,6.0,36.0,z_plus_zsmooth__LOGIT_return_sortino_vs_bond__cash_allowed__g2p0__tau5p0__c0p0005__phl6p0__l10p0,z_plus_zsmooth,0.0,0.0025,1.0,200,74,50,21,0.5228,0.475,0.0021999999999999897,0.7005405405405406,0.23081081081081084,0.06864864864864863,0.028399999999999998,0.9716,0.0,0.027619047619047616,0.3666666666666666,0.6057142857142855
z_plus_zsmooth,z_plus_zsmooth__LOGIT_return_sortino_vs_bond__cash_allowed__g0p5__tau5p0__c0p0005__phl3p0__l10p0025,LOGIT,return_sortino_vs_bond,cash_allowed,345,1996-02-29,2024-10-31,0.05992629808088982,0.1120063959212139,0.5350256794535412,-0.3327095088298795,-0.11654600000000001,465.5282217733881,0.020289855072463767,0.2434782608695652,1.0144927536231884e-05,0.0001217391304347826,0.5217391304347826,0.4150724637681159,0.06318840579710146,0.5,5.0,0.0005,3.0,36.0,z_plus_zsmooth__LOGIT_return_sortino_vs_bond__cash_allowed__g0p5__tau5p0__c0p0005__phl3p0__l10p0025,z_plus_zsmooth,0.0025,0.005,1.0,175,92,48,30,0.56,0.44,0.0,0.753913043478261,0.21347826086956523,0.03260869565217391,0.15375,0.8241666666666667,0.022083333333333333,0.1753333333333333,0.23333333333333334,0.5913333333333334
z_plus_zsmooth,z_plus_zsmooth__LOGIT_return_sortino_vs_bond__cash_allowed__g1p0__tau1p0__c0p0025__phl6p0__l10p0,LOGIT,return_sortino_vs_bond,cash_allowed,345,1996-02-29,2024-10-31,0.060476486890898504,0.11317251943484621,0.534374309177724,-0.2700305337947527,-0.11654600000000001,471.0795881433637,0.03281159420289855,0.3937391304347826,8.202898550724637e-05,0.0009843478260869564,0.5965797101449275,0.33872463768115946,0.06469565217391304,1.0,1.0,0.0025,6.0,36.0,z_plus_zsmooth__LOGIT_return_sortino_vs_bond__cash_allowed__g1p0__tau1p0__c0p0025__phl6p0__l10p0,z_plus_zsmooth,0.0,0.0025,1.0,200,74,50,21,0.6664,0.3336,1.457167719820518e-18,0.9256756756756757,0.012432432432432432,0.06189189189189189,0.0556,0.9444,-1.6653345369377347e-18,0.06,0.09523809523809523,0.8447619047619047
z_smooth_only,z_smooth_only__LOGIT_return_sortino_vs_bond__cash_allowed__g1p0__tau1p0__c0p0005__phl6p0__l10p0,LOGIT,return_sortino_vs_bond,cash_allowed,345,1996-02-29,2024-10-31,0.057715320679001966,0.10802389935923042,0.5342828857443045,-0.23486927442870298,-0.11033936539018642,442.3260616439479,0.059478260869565217,0.7137391304347827,2.9739130434782608e-05,0.0003568695652173913,0.6441159420289856,0.29310144927536236,0.06278260869565218,1.0,1.0,0.0005,6.0,36.0,z_smooth_only__LOGIT_return_sortino_vs_bond__cash_allowed__g1p0__tau1p0__c0p0005__phl6p0__l10p0,z_smooth_only,0.0,0.0005,1.08,172,101,48,24,0.7481395348837208,0.2518604651162791,-2.702941230010374e-18,0.9233663366336633,0.047524752475247525,0.029108910891089104,0.0,1.0,0.0,0.011666666666666667,0.20833333333333334,0.7799999999999999
z_plus_zsmooth,z_plus_zsmooth__LOGIT_return_sortino_vs_bond__cash_allowed__g0p5__tau5p0__c0p001__phl3p0__l10p0,LOGIT,return_sortino_vs_bond,cash_allowed,345,1996-02-29,2024-10-31,0.05980455895045503,0.11200841254944369,0.5339291718294427,-0.33338329139597933,-0.11654600000000001,463.9058559455956,0.020289855072463767,0.2434782608695652,2.0289855072463767e-05,0.0002434782608695652,0.5217391304347826,0.4150724637681159,0.06318840579710146,0.5,5.0,0.001,3.0,36.0,z_plus_zsmooth__LOGIT_return_sortino_vs_bond__cash_allowed__g0p5__tau5p0__c0p001__phl3p0__l10p0,z_plus_zsmooth,0.0,0.005,1.0,175,92,48,30,0.56,0.44,0.0,0.753913043478261,0.21347826086956523,0.03260869565217391,0.15375,0.8241666666666667,0.022083333333333333,0.1753333333333333,0.23333333333333334,0.5913333333333334
z_plus_zsmooth,z_plus_zsmooth__LOGIT_return_sortino_vs_bond__cash_allowed__g0p25__tau1p0__c0p001__phl3p0__l10p001,LOGIT,return_sortino_vs_bond,cash_allowed,345,1996-02-29,2024-10-31,0.06339674488536179,0.1187375056528949,0.5339235024078184,-0.27736706225339225,-0.11654600000000001,502.63152248247724,0.05507246376811594,0.6608695652173913,5.507246376811594e-05,0.0006608695652173912,0.7202318840579711,0.22220289855072461,0.057565217391304345,0.25,1.0,0.001,3.0,36.0,z_plus_zsmooth__LOGIT_return_sortino_vs_bond__cash_allowed__g0p25__tau1p0__c0p001__phl3p0__l10p001,z_plus_zsmooth,0.001,0.002,2.0,175,92,48,30,0.8728,0.12719999999999998,0.0,0.9778260869565218,0.014782608695652172,0.007391304347826086,0.04083333333333333,0.9591666666666666,7.228014483236697e-19,0.12733333333333335,0.23333333333333334,0.6393333333333333
z_smooth_only,z_smooth_only__LOGIT_return_sortino_vs_bond__cash_allowed__g0p5__tau3p0__c0p0005__phl6p0__l10p001,LOGIT,return_sortino_vs_bond,cash_allowed,345,1996-02-29,2024-10-31,0.062321346485201164,0.11679680384203503,0.533587773253533,-0.2700305337947526,-0.11654600000000001,490.80131759203545,0.03188405797101449,0.3826086956521739,1.5942028985507246e-05,0.00019130434782608694,0.628,0.31518840579710145,0.05681159420289855,0.5,3.0,0.0005,6.0,36.0,z_smooth_only__LOGIT_return_sortino_vs_bond__cash_allowed__g0p5__tau3p0__c0p0005__phl6p0__l10p001,z_smooth_only,0.001,0.0025,1.3599999999999999,172,101,48,24,0.7255813953488373,0.2744186046511628,-1.6136962567226112e-19,0.8334653465346535,0.14198019801980197,0.024554455445544555,0.12083333333333333,0.8791666666666668,-4.04768811061255e-18,0.07833333333333332,0.20833333333333334,0.7133333333333334
z_smooth_only,z_smooth_only__LOGIT_return_sortino_vs_bond__cash_allowed__g0p5__tau5p0__c0p0005__phl6p0__l10p0,LOGIT,return_sortino_vs_bond,cash_allowed,345,1996-02-29,2024-10-31,0.062321346485201164,0.11679680384203503,0.533587773253533,-0.2700305337947526,-0.11654600000000001,490.80131759203545,0.03188405797101449,0.3826086956521739,1.5942028985507246e-05,0.00019130434782608694,0.628,0.31518840579710145,0.05681159420289855,0.5,5.0,0.0005,6.0,36.0,z_smooth_only__LOGIT_return_sortino_vs_bond__cash_allowed__g0p5__tau5p0__c0p0005__phl6p0__l10p0,z_smooth_only,0.0,0.0025,1.3599999999999999,172,101,48,24,0.7255813953488373,0.2744186046511628,-1.6136962567226112e-19,0.8334653465346535,0.14198019801980197,0.024554455445544555,0.12083333333333333,0.8791666666666668,-4.04768811061255e-18,0.07833333333333332,0.20833333333333334,0.7133333333333334
z_plus_zsmooth,z_plus_zsmooth__LOGIT_return_sortino_vs_bond__cash_allowed__g0p25__tau5p0__c0p0005__phl3p0__l10p0025,LOGIT,return_sortino_vs_bond,cash_allowed,345,1996-02-29,2024-10-31,0.06022946114647504,0.11320038771025998,0.5320605553104136,-0.3538783074510162,-0.11654600000000001,467.736563265143,0.020289855072463767,0.2434782608695652,1.0144927536231884e-05,0.0001217391304347826,0.5271884057971015,0.4143768115942029,0.058434782608695654,0.25,5.0,0.0005,3.0,36.0,z_plus_zsmooth__LOGIT_return_sortino_vs_bond__cash_allowed__g0p25__tau5p0__c0p0005__phl3p0__l10p0025,z_plus_zsmooth,0.0025,0.005,1.8399999999999999,175,92,48,30,0.56,0.44,0.0,0.7665217391304348,0.20608695652173914,0.027391304347826086,0.16333333333333333,0.8333333333333334,0.003333333333333334,0.184,0.23333333333333334,0.5826666666666667
z_smooth_only,z_smooth_only__LOGIT_return_sortino_vs_bond__cash_allowed__g0p25__tau1p0__c0p0005__phl6p0__l10p0,LOGIT,return_sortino_vs_bond,cash_allowed,345,1996-02-29,2024-10-31,0.06521331842771996,0.12270793170091343,0.5314515331141753,-0.27663709278718684,-0.11654600000000001,522.5347482309452,0.05089855072463769,0.6107826086956523,2.5449275362318843e-05,0.00030539130434782615,0.7335072463768116,0.2144927536231884,0.052000000000000005,0.25,1.0,0.0005,6.0,36.0,z_smooth_only__LOGIT_return_sortino_vs_bond__cash_allowed__g0p25__tau1p0__c0p0005__phl6p0__l10p0,z_smooth_only,0.0,0.0005,2.0,172,101,48,24,0.8869767441860466,0.11302325581395348,-1.0489025668696973e-18,0.9845544554455445,0.015445544554455445,0.0,0.0,1.0,0.0,0.04416666666666667,0.20833333333333334,0.7475
z_plus_zsmooth,z_plus_zsmooth__LOGIT_return_sortino_vs_bond__cash_allowed__g0p25__tau5p0__c0p001__phl3p0__l10p0,LOGIT,return_sortino_vs_bond,cash_allowed,345,1996-02-29,2024-10-31,0.060107722016040255,0.11319611800674459,0.5310051534846701,-0.3545179349682134,-0.11654600000000001,466.1157770145462,0.020289855072463767,0.2434782608695652,2.0289855072463767e-05,0.0002434782608695652,0.5271884057971015,0.4143768115942029,0.058434782608695654,0.25,5.0,0.001,3.0,36.0,z_plus_zsmooth__LOGIT_return_sortino_vs_bond__cash_allowed__g0p25__tau5p0__c0p001__phl3p0__l10p0,z_plus_zsmooth,0.0,0.005,1.8399999999999999,175,92,48,30,0.56,0.44,0.0,0.7665217391304348,0.20608695652173914,0.027391304347826086,0.16333333333333333,0.8333333333333334,0.003333333333333334,0.184,0.23333333333333334,0.5826666666666667
z_plus_zsmooth,z_plus_zsmooth__LOGIT_return_sortino_vs_bond__cash_allowed__g0p5__tau1p0__c0p0025__phl6p0__l10p0,LOGIT,return_sortino_vs_bond,cash_allowed,345,1996-02-29,2024-10-31,0.062006082034580565,0.11678795016501621,0.5309287640288977,-0.28080860362787874,-0.11654600000000001,486.4302072792755,0.03188405797101449,0.3826086956521739,7.971014492753625e-05,0.0009565217391304349,0.624231884057971,0.3183768115942029,0.05739130434782608,0.5,1.0,0.0025,6.0,36.0,z_plus_zsmooth__LOGIT_return_sortino_vs_bond__cash_allowed__g0p5__tau1p0__c0p0025__phl6p0__l10p0,z_plus_zsmooth,0.0,0.0025,1.36,200,74,50,21,0.6884,0.3116,-4.85722573273506e-19,0.9581081081081082,0.0,0.041891891891891894,0.08960000000000001,0.9103999999999999,0.0,0.10952380952380951,0.09523809523809523,0.7952380952380952
z_plus_zsmooth,z_plus_zsmooth__LOGIT_return_sortino_vs_bond__cash_allowed__g0p5__tau1p0__c0p0025__phl3p0__l10p0025,LOGIT,return_sortino_vs_bond,cash_allowed,345,1996-02-29,2024-10-31,0.059439341559150684,0.11201656782884552,0.5306299122641426,-0.33540201403247727,-0.11654600000000001,459.06942568620764,0.020289855072463767,0.2434782608695652,5.0724637681159414e-05,0.000608695652173913,0.5217391304347826,0.4150724637681159,0.06318840579710146,0.5,1.0,0.0025,3.0,36.0,z_plus_zsmooth__LOGIT_return_sortino_vs_bond__cash_allowed__g0p5__tau1p0__c0p0025__phl3p0__l10p0025,z_plus_zsmooth,0.0025,0.005,1.0,175,92,48,30,0.56,0.44,0.0,0.753913043478261,0.21347826086956523,0.03260869565217391,0.15375,0.8241666666666667,0.022083333333333333,0.1753333333333333,0.23333333333333334,0.5913333333333334
z_smooth_only,z_smooth_only__LOGIT_return_sortino_vs_bond__cash_allowed__g0p5__tau1p0__c0p0025__phl0p0__l10p001,LOGIT,return_sortino_vs_bond,cash_allowed,345,1996-02-29,2024-10-31,0.05425546253468925,0.10227702921848017,0.5304755422529027,-0.20319350045081208,-0.111724,407.58256911768103,0.09542028985507246,1.1450434782608696,0.00023855072463768116,0.002862608695652174,0.6171594202898552,0.307536231884058,0.07530434782608696,0.5,1.0,0.0025,0.0,36.0,z_smooth_only__LOGIT_return_sortino_vs_bond__cash_allowed__g0p5__tau1p0__c0p0025__phl0p0__l10p001,z_smooth_only,0.001,0.0035,2.0,149,107,55,34,0.7147651006711411,0.2770469798657718,0.008187919463087247,0.9614953271028037,0.03570093457943925,0.0028037383177570083,0.01818181818181818,0.9454545454545454,0.03636363636363636,0.07470588235294118,0.2647058823529412,0.6605882352941177
z_plus_zsmooth,z_plus_zsmooth__RF_return_sortino_vs_bond__cash_allowed__g0p5__tau1p0__c0p0005__phl3p0__l10p001,RF,return_sortino_vs_bond,cash_allowed,345,1996-02-29,2024-10-31,0.058681627005830524,0.11086742084688228,0.5292955004958133,-0.2700305337947526,-0.10695550000000001,450.82379624031404,0.05414492753623188,0.6497391304347826,2.707246376811594e-05,0.00032486956521739127,0.6577391304347826,0.29089855072463766,0.05136231884057971,0.5,1.0,0.0005,3.0,36.0,z_plus_zsmooth__RF_return_sortino_vs_bond__cash_allowed__g0p5__tau1p0__c0p0005__phl3p0__l10p001,z_plus_zsmooth,0.001,0.0015,1.2,190,72,66,17,0.8167368421052632,0.18326315789473685,2.4651333605986206e-18,0.9491666666666667,0.03138888888888888,0.019444444444444445,0.04121212121212121,0.9587878787878789,-1.6821560979169039e-18,0.039999999999999994,0.0,0.96
z_plus_zsmooth,z_plus_zsmooth__RF_return_sortino_vs_bond__cash_allowed__g0p5__tau3p0__c0p0005__phl3p0__l10p0,RF,return_sortino_vs_bond,cash_allowed,345,1996-02-29,2024-10-31,0.058681627005830524,0.11086742084688228,0.5292955004958133,-0.2700305337947526,-0.10695550000000001,450.82379624031404,0.05414492753623188,0.6497391304347826,2.707246376811594e-05,0.00032486956521739127,0.6577391304347826,0.29089855072463766,0.05136231884057971,0.5,3.0,0.0005,3.0,36.0,z_plus_zsmooth__RF_return_sortino_vs_bond__cash_allowed__g0p5__tau3p0__c0p0005__phl3p0__l10p0,z_plus_zsmooth,0.0,0.0015,1.2,190,72,66,17,0.8167368421052632,0.18326315789473685,2.4651333605986206e-18,0.9491666666666667,0.03138888888888888,0.019444444444444445,0.04121212121212121,0.9587878787878789,-1.6821560979169039e-18,0.039999999999999994,0.0,0.96
z_plus_zsmooth,z_plus_zsmooth__LOGIT_return_sortino_vs_bond__cash_allowed__g2p0__tau1p0__c0p0025__phl6p0__l10p0,LOGIT,return_sortino_vs_bond,cash_allowed,345,1996-02-29,2024-10-31,0.04981639902745177,0.09433523051096032,0.5280784152179906,-0.26298504329815986,-0.10130343408344306,367.29380980334156,0.028695652173913046,0.3443478260869566,7.173913043478262e-05,0.0008608695652173913,0.4591304347826086,0.48799999999999993,0.0528695652173913,2.0,1.0,0.0025,6.0,36.0,z_plus_zsmooth__LOGIT_return_sortino_vs_bond__cash_allowed__g2p0__tau1p0__c0p0025__phl6p0__l10p0,z_plus_zsmooth,0.0,0.0025,1.0,200,74,50,21,0.5228,0.475,0.0021999999999999897,0.7005405405405406,0.23081081081081084,0.06864864864864863,0.028399999999999998,0.9716,0.0,0.027619047619047616,0.3666666666666666,0.6057142857142855
z_plus_zsmooth,z_plus_zsmooth__LOGIT_return_sortino_vs_bond__cash_allowed__g0p25__tau1p0__c0p0025__phl3p0__l10p0025,LOGIT,return_sortino_vs_bond,cash_allowed,345,1996-02-29,2024-10-31,0.05974250462473592,0.1131863777867102,0.527824158639615,-0.35643621394667546,-0.11654600000000001,461.28245243210023,0.020289855072463767,0.2434782608695652,5.072463768115943e-05,0.0006086956521739131,0.5271884057971015,0.4143768115942029,0.058434782608695654,0.25,1.0,0.0025,3.0,36.0,z_plus_zsmooth__LOGIT_return_sortino_vs_bond__cash_allowed__g0p25__tau1p0__c0p0025__phl3p0__l10p0025,z_plus_zsmooth,0.0025,0.005,1.8399999999999999,175,92,48,30,0.56,0.44,0.0,0.7665217391304348,0.20608695652173914,0.027391304347826086,0.16333333333333333,0.8333333333333334,0.003333333333333334,0.184,0.23333333333333334,0.5826666666666667
z_smooth_only,z_smooth_only__LOGIT_return_sortino_vs_bond__cash_allowed__g0p25__tau1p0__c0p0025__phl0p0__l10p001,LOGIT,return_sortino_vs_bond,cash_allowed,345,1996-02-29,2024-10-31,0.05433187330786927,0.10308433323497974,0.5270623731350164,-0.20319350045081208,-0.111724,407.4893759260494,0.09565217391304348,1.1478260869565218,0.0002391304347826087,0.0028695652173913043,0.6303188405797101,0.29733333333333334,0.07234782608695653,0.25,1.0,0.0025,0.0,36.0,z_smooth_only__LOGIT_return_sortino_vs_bond__cash_allowed__g0p25__tau1p0__c0p0025__phl0p0__l10p001,z_smooth_only,0.001,0.0035,2.0,149,107,55,34,0.738255033557047,0.2550335570469799,0.006711409395973154,0.9665420560747664,0.033457943925233644,1.0375916117992116e-18,0.01818181818181818,0.9454545454545454,0.03636363636363636,0.08941176470588236,0.2647058823529412,0.6458823529411765
z_smooth_only,z_smooth_only__LOGIT_return_sortino_vs_bond__cash_allowed__g0p5__tau1p0__c0p0025__phl6p0__l10p0,LOGIT,return_sortino_vs_bond,cash_allowed,345,1996-02-29,2024-10-31,0.06155612909389682,0.11685691800777075,0.5267649544702476,-0.2700305337947527,-0.11654600000000001,480.0734042389193,0.03188405797101449,0.3826086956521739,7.971014492753625e-05,0.0009565217391304349,0.628,0.31518840579710145,0.05681159420289855,0.5,1.0,0.0025,6.0,36.0,z_smooth_only__LOGIT_return_sortino_vs_bond__cash_allowed__g0p5__tau1p0__c0p0025__phl6p0__l10p0,z_smooth_only,0.0,0.0025,1.3599999999999999,172,101,48,24,0.7255813953488373,0.2744186046511628,-1.6136962567226112e-19,0.8334653465346535,0.14198019801980197,0.024554455445544555,0.12083333333333333,0.8791666666666668,-4.04768811061255e-18,0.07833333333333332,0.20833333333333334,0.7133333333333334
z_plus_zsmooth,z_plus_zsmooth__RF_return_sortino_vs_bond__cash_allowed__g0p5__tau1p0__c0p001__phl3p0__l10p0005,RF,return_sortino_vs_bond,cash_allowed,345,1996-02-29,2024-10-31,0.058356757440613125,0.11085242851924722,0.5264364364419917,-0.27003053379475284,-0.10695550000000001,446.67247993540616,0.05414492753623188,0.6497391304347826,5.414492753623188e-05,0.0006497391304347825,0.6577391304347826,0.29089855072463766,0.05136231884057971,0.5,1.0,0.001,3.0,36.0,z_plus_zsmooth__RF_return_sortino_vs_bond__cash_allowed__g0p5__tau1p0__c0p001__phl3p0__l10p0005,z_plus_zsmooth,0.0005,0.0015,1.2,190,72,66,17,0.8167368421052632,0.18326315789473685,2.4651333605986206e-18,0.9491666666666667,0.03138888888888888,0.019444444444444445,0.04121212121212121,0.9587878787878789,-1.6821560979169039e-18,0.039999999999999994,0.0,0.96
z_smooth_only,z_smooth_only__RF_return_sortino_vs_bond__cash_allowed__g0p25__tau3p0__c0p0005__phl3p0__l10p0005,RF,return_sortino_vs_bond,cash_allowed,345,1996-02-29,2024-10-31,0.06364372480153331,0.12142775091006748,0.5241283341290697,-0.2700305337947526,-0.11654600000000001,501.85430294197096,0.043478260869565216,0.5217391304347826,2.1739130434782607e-05,0.0002608695652173913,0.6997101449275362,0.25124637681159423,0.04904347826086957,0.25,3.0,0.0005,3.0,36.0,z_smooth_only__RF_return_sortino_vs_bond__cash_allowed__g0p25__tau3p0__c0p0005__phl3p0__l10p0005,z_smooth_only,0.0005,0.002,2.0,178,82,67,18,0.8726966292134831,0.12730337078651682,-2.0270926011414374e-18,0.9502439024390242,0.03268292682926829,0.017073170731707315,0.08447761194029851,0.9155223880597015,-8.285246452426541e-19,0.13777777777777778,0.0,0.8622222222222222
z_smooth_only,z_smooth_only__LOGIT_return_sortino_vs_bond__cash_allowed__g1p0__tau5p0__c0p0005__phl6p0__l10p001,LOGIT,return_sortino_vs_bond,cash_allowed,345,1996-02-29,2024-10-31,0.059010516433826696,0.11263332647862194,0.5239170170919796,-0.301102723840977,-0.11654600000000001,452.6719106337295,0.020579710144927536,0.24695652173913044,1.0289855072463768e-05,0.0001234782608695652,0.5172173913043479,0.4165217391304348,0.06626086956521737,1.0,5.0,0.0005,6.0,36.0,z_smooth_only__LOGIT_return_sortino_vs_bond__cash_allowed__g1p0__tau5p0__c0p0005__phl6p0__l10p001,z_smooth_only,0.001,0.0035,1.0,172,101,48,24,0.6504651162790698,0.3495348837209303,0.0,0.5900990099009901,0.3562376237623763,0.053663366336633656,0.10500000000000002,0.8875000000000001,0.007499999999999995,0.08,0.20833333333333334,0.7116666666666666
z_plus_zsmooth,z_plus_zsmooth__LOGIT_return_sortino_vs_bond__cash_allowed__g2p0__tau1p0__c0p0005__phl6p0__l10p0025,LOGIT,return_sortino_vs_bond,cash_allowed,345,1996-02-29,2024-10-31,0.050059279238829094,0.09559603317938062,0.5236543565034298,-0.26683803641535475,-0.10368808243190795,368.5697255693762,0.022318840579710144,0.2678260869565217,1.1159420289855073e-05,0.00013391304347826086,0.448231884057971,0.5042898550724638,0.04747826086956521,2.0,1.0,0.0005,6.0,36.0,z_plus_zsmooth__LOGIT_return_sortino_vs_bond__cash_allowed__g2p0__tau1p0__c0p0005__phl6p0__l10p0025,z_plus_zsmooth,0.0025,0.003,1.0,200,74,50,21,0.5170999999999999,0.47489999999999993,0.00799999999999999,0.6516216216216217,0.2875675675675676,0.0608108108108108,0.0452,0.9547999999999999,-5.551115123125783e-18,0.03523809523809524,0.4752380952380952,0.4895238095238096
z_plus_zsmooth,z_plus_zsmooth__LOGIT_return_sortino_vs_bond__cash_allowed__g2p0__tau5p0__c0p0005__phl6p0__l10p0005,LOGIT,return_sortino_vs_bond,cash_allowed,345,1996-02-29,2024-10-31,0.050059279238829094,0.09559603317938062,0.5236543565034298,-0.26683803641535475,-0.10368808243190795,368.5697255693762,0.022318840579710144,0.2678260869565217,1.1159420289855073e-05,0.00013391304347826086,0.448231884057971,0.5042898550724638,0.04747826086956521,2.0,5.0,0.0005,6.0,36.0,z_plus_zsmooth__LOGIT_return_sortino_vs_bond__cash_allowed__g2p0__tau5p0__c0p0005__phl6p0__l10p0005,z_plus_zsmooth,0.0005,0.003,1.0,200,74,50,21,0.5170999999999999,0.47489999999999993,0.00799999999999999,0.6516216216216217,0.2875675675675676,0.0608108108108108,0.0452,0.9547999999999999,-5.551115123125783e-18,0.03523809523809524,0.4752380952380952,0.4895238095238096
z_plus_zsmooth,z_plus_zsmooth__LOGIT_return_sortino_vs_bond__cash_allowed__g2p0__tau5p0__c0p0005__phl6p0__l10p001,LOGIT,return_sortino_vs_bond,cash_allowed,345,1996-02-29,2024-10-31,0.049017105369717304,0.09369846437523474,0.5231366991610261,-0.2824025754152495,-0.10428424451902418,359.59694607276583,0.017333333333333336,0.20800000000000002,8.666666666666666e-06,0.000104,0.4216231884057972,0.5203478260869565,0.058028985507246354,2.0,5.0,0.0005,6.0,36.0,z_plus_zsmooth__LOGIT_return_sortino_vs_bond__cash_allowed__g2p0__tau5p0__c0p0005__phl6p0__l10p001,z_plus_zsmooth,0.001,0.0035,1.0,200,74,50,21,0.48829999999999996,0.5065000000000001,0.005199999999999979,0.5956756756756757,0.3386486486486486,0.06567567567567564,0.0548,0.898,0.0472,0.04666666666666667,0.3933333333333333,0.5599999999999999
z_smooth_only,z_smooth_only__LOGIT_return_sortino_vs_bond__cash_allowed__g1p0__tau1p0__c0p001__phl6p0__l10p0025,LOGIT,return_sortino_vs_bond,cash_allowed,345,1996-02-29,2024-10-31,0.058887038172957124,0.11264012245606848,0.5227891881591662,-0.30181017030735946,-0.11654600000000001,451.0648958504501,0.020579710144927536,0.24695652173913044,2.0579710144927537e-05,0.0002469565217391304,0.5172173913043479,0.4165217391304348,0.06626086956521737,1.0,1.0,0.001,6.0,36.0,z_smooth_only__LOGIT_return_sortino_vs_bond__cash_allowed__g1p0__tau1p0__c0p001__phl6p0__l10p0025,z_smooth_only,0.0025,0.0035,1.0,172,101,48,24,0.6504651162790698,0.3495348837209303,0.0,0.5900990099009901,0.3562376237623763,0.053663366336633656,0.10500000000000002,0.8875000000000001,0.007499999999999995,0.08,0.20833333333333334,0.7116666666666666
z_smooth_only,z_smooth_only__LOGIT_return_sortino_vs_bond__cash_allowed__g1p0__tau3p0__c0p001__phl6p0__l10p0005,LOGIT,return_sortino_vs_bond,cash_allowed,345,1996-02-29,2024-10-31,0.058887038172957124,0.11264012245606848,0.5227891881591662,-0.30181017030735946,-0.11654600000000001,451.0648958504501,0.020579710144927536,0.24695652173913044,2.0579710144927537e-05,0.0002469565217391304,0.5172173913043479,0.4165217391304348,0.06626086956521737,1.0,3.0,0.001,6.0,36.0,z_smooth_only__LOGIT_return_sortino_vs_bond__cash_allowed__g1p0__tau3p0__c0p001__phl6p0__l10p0005,z_smooth_only,0.0005,0.0035,1.0,172,101,48,24,0.6504651162790698,0.3495348837209303,0.0,0.5900990099009901,0.3562376237623763,0.053663366336633656,0.10500000000000002,0.8875000000000001,0.007499999999999995,0.08,0.20833333333333334,0.7116666666666666
z_smooth_only,z_smooth_only__RF_return_sortino_vs_bond__cash_allowed__g0p5__tau1p0__c0p0005__phl6p0__l10p0025,RF,return_sortino_vs_bond,cash_allowed,345,1996-02-29,2024-10-31,0.06125133809945754,0.1172358436831193,0.5224625521953492,-0.3575296978897736,-0.11610365259669066,475.2002683952613,0.018318840579710147,0.21982608695652178,9.159420289855073e-06,0.00010991304347826087,0.56168115942029,0.412,0.026318840579710144,0.5,1.0,0.0005,6.0,36.0,z_smooth_only__RF_return_sortino_vs_bond__cash_allowed__g0p5__tau1p0__c0p0005__phl6p0__l10p0025,z_smooth_only,0.0025,0.003,1.0,198,67,65,15,0.6370707070707073,0.3629292929292929,4.5383169725049805e-18,0.6346268656716416,0.32089552238805963,0.04447761194029851,0.2541538461538462,0.7458461538461538,4.803849625781928e-19,0.5733333333333334,0.02,0.4066666666666668
z_smooth_only,z_smooth_only__RF_return_sortino_vs_bond__cash_allowed__g0p5__tau5p0__c0p0005__phl6p0__l10p0005,RF,return_sortino_vs_bond,cash_allowed,345,1996-02-29,2024-10-31,0.06125133809945754,0.1172358436831193,0.5224625521953492,-0.3575296978897736,-0.11610365259669066,475.2002683952613,0.018318840579710147,0.21982608695652178,9.159420289855073e-06,0.00010991304347826087,0.56168115942029,0.412,0.026318840579710144,0.5,5.0,0.0005,6.0,36.0,z_smooth_only__RF_return_sortino_vs_bond__cash_allowed__g0p5__tau5p0__c0p0005__phl6p0__l10p0005,z_smooth_only,0.0005,0.003,1.0,198,67,65,15,0.6370707070707073,0.3629292929292929,4.5383169725049805e-18,0.6346268656716416,0.32089552238805963,0.04447761194029851,0.2541538461538462,0.7458461538461538,4.803849625781928e-19,0.5733333333333334,0.02,0.4066666666666668
z_plus_zsmooth,z_plus_zsmooth__LOGIT_return_sortino_vs_bond__cash_allowed__g2p0__tau3p0__c0p001__phl6p0__l10p0,LOGIT,return_sortino_vs_bond,cash_allowed,345,1996-02-29,2024-10-31,0.049925366195350845,0.09559750140560903,0.5222455133374599,-0.2668615435015741,-0.10368808243190795,367.15728471977087,0.022318840579710144,0.2678260869565217,2.2318840579710145e-05,0.0002678260869565217,0.448231884057971,0.5042898550724638,0.04747826086956521,2.0,3.0,0.001,6.0,36.0,z_plus_zsmooth__LOGIT_return_sortino_vs_bond__cash_allowed__g2p0__tau3p0__c0p001__phl6p0__l10p0,z_plus_zsmooth,0.0,0.003,1.0,200,74,50,21,0.5170999999999999,0.47489999999999993,0.00799999999999999,0.6516216216216217,0.2875675675675676,0.0608108108108108,0.0452,0.9547999999999999,-5.551115123125783e-18,0.03523809523809524,0.4752380952380952,0.4895238095238096
z_plus_zsmooth,z_plus_zsmooth__LOGIT_return_sortino_vs_bond__cash_allowed__g2p0__tau1p0__c0p001__phl6p0__l10p0025,LOGIT,return_sortino_vs_bond,cash_allowed,345,1996-02-29,2024-10-31,0.0489131053697173,0.09370379024541221,0.5219970850870902,-0.28312255944953835,-0.10428424451902418,358.5221385105569,0.017333333333333336,0.20800000000000002,1.7333333333333332e-05,0.000208,0.4216231884057972,0.5203478260869565,0.058028985507246354,2.0,1.0,0.001,6.0,36.0,z_plus_zsmooth__LOGIT_return_sortino_vs_bond__cash_allowed__g2p0__tau1p0__c0p001__phl6p0__l10p0025,z_plus_zsmooth,0.0025,0.0035,1.0,200,74,50,21,0.48829999999999996,0.5065000000000001,0.005199999999999979,0.5956756756756757,0.3386486486486486,0.06567567567567564,0.0548,0.898,0.0472,0.04666666666666667,0.3933333333333333,0.5599999999999999
z_plus_zsmooth,z_plus_zsmooth__LOGIT_return_sortino_vs_bond__cash_allowed__g2p0__tau3p0__c0p001__phl6p0__l10p0005,LOGIT,return_sortino_vs_bond,cash_allowed,345,1996-02-29,2024-10-31,0.0489131053697173,0.09370379024541221,0.5219970850870902,-0.28312255944953835,-0.10428424451902418,358.5221385105569,0.017333333333333336,0.20800000000000002,1.7333333333333332e-05,0.000208,0.4216231884057972,0.5203478260869565,0.058028985507246354,2.0,3.0,0.001,6.0,36.0,z_plus_zsmooth__LOGIT_return_sortino_vs_bond__cash_allowed__g2p0__tau3p0__c0p001__phl6p0__l10p0005,z_plus_zsmooth,0.0005,0.0035,1.0,200,74,50,21,0.48829999999999996,0.5065000000000001,0.005199999999999979,0.5956756756756757,0.3386486486486486,0.06567567567567564,0.0548,0.898,0.0472,0.04666666666666667,0.3933333333333333,0.5599999999999999
z_smooth_only,z_smooth_only__RF_return_sortino_vs_bond__cash_allowed__g0p25__tau1p0__c0p001__phl3p0__l10p001,RF,return_sortino_vs_bond,cash_allowed,345,1996-02-29,2024-10-31,0.06338285523631591,0.12143313537682467,0.5219568369014742,-0.27003053379475284,-0.11654600000000001,498.1138455759495,0.043478260869565216,0.5217391304347826,4.3478260869565214e-05,0.0005217391304347826,0.6997101449275362,0.25124637681159423,0.04904347826086957,0.25,1.0,0.001,3.0,36.0,z_smooth_only__RF_return_sortino_vs_bond__cash_allowed__g0p25__tau1p0__c0p001__phl3p0__l10p001,z_smooth_only,0.001,0.002,2.0,178,82,67,18,0.8726966292134831,0.12730337078651682,-2.0270926011414374e-18,0.9502439024390242,0.03268292682926829,0.017073170731707315,0.08447761194029851,0.9155223880597015,-8.285246452426541e-19,0.13777777777777778,0.0,0.8622222222222222
z_smooth_only,z_smooth_only__LOGIT_return_sortino_vs_bond__cash_allowed__g1p0__tau1p0__c0p0005__phl3p0__l10p0,LOGIT,return_sortino_vs_bond,cash_allowed,345,1996-02-29,2024-10-31,0.05653605224622342,0.10833304689344478,0.5218726313664164,-0.23691835778496695,-0.11385100000000001,427.2013098519099,0.0881159420289855,1.057391304347826,4.4057971014492745e-05,0.000528695652173913,0.656,0.276695652173913,0.06730434782608695,1.0,1.0,0.0005,3.0,36.0,z_smooth_only__LOGIT_return_sortino_vs_bond__cash_allowed__g1p0__tau1p0__c0p0005__phl3p0__l10p0,z_smooth_only,0.0,0.0005,1.96,148,118,49,30,0.7574324324324324,0.24256756756756756,-3.2819092788750404e-18,0.9650847457627119,0.017966101694915255,0.01694915254237288,0.0028571428571428576,0.9971428571428571,0.0,0.006666666666666667,0.286,0.7073333333333333
z_plus_zsmooth,z_plus_zsmooth__LOGIT_return_sortino_vs_bond__cash_allowed__g1p0__tau1p0__c0p0005__phl6p0__l10p0025,LOGIT,return_sortino_vs_bond,cash_allowed,345,1996-02-29,2024-10-31,0.05913353075733484,0.11333254561083488,0.5217700744178954,-0.28631166116474793,-0.11654600000000001,453.19032645553614,0.027710144927536234,0.3325217391304348,1.3855072463768117e-05,0.0001662608695652174,0.572463768115942,0.36168115942028983,0.06585507246376811,1.0,1.0,0.0005,6.0,36.0,z_plus_zsmooth__LOGIT_return_sortino_vs_bond__cash_allowed__g1p0__tau1p0__c0p0005__phl6p0__l10p0025,z_plus_zsmooth,0.0025,0.003,1.0,200,74,50,21,0.6367999999999999,0.3632,-1.249000902703301e-18,0.868108108108108,0.05999999999999999,0.0718918918918919,0.086,0.9139999999999999,-2.220446049250313e-18,0.0761904761904762,0.09523809523809523,0.8285714285714285
z_plus_zsmooth,z_plus_zsmooth__LOGIT_return_sortino_vs_bond__cash_allowed__g1p0__tau5p0__c0p0005__phl6p0__l10p0005,LOGIT,return_sortino_vs_bond,cash_allowed,345,1996-02-29,2024-10-31,0.05913353075733484,0.11333254561083488,0.5217700744178954,-0.28631166116474793,-0.11654600000000001,453.19032645553614,0.027710144927536234,0.3325217391304348,1.3855072463768117e-05,0.0001662608695652174,0.572463768115942,0.36168115942028983,0.06585507246376811,1.0,5.0,0.0005,6.0,36.0,z_plus_zsmooth__LOGIT_return_sortino_vs_bond__cash_allowed__g1p0__tau5p0__c0p0005__phl6p0__l10p0005,z_plus_zsmooth,0.0005,0.003,1.0,200,74,50,21,0.6367999999999999,0.3632,-1.249000902703301e-18,0.868108108108108,0.05999999999999999,0.0718918918918919,0.086,0.9139999999999999,-2.220446049250313e-18,0.0761904761904762,0.09523809523809523,0.8285714285714285
z_smooth_only,z_smooth_only__LOGIT_return_sortino_vs_bond__cash_allowed__g0p5__tau1p0__c0p0005__phl3p0__l10p0,LOGIT,return_sortino_vs_bond,cash_allowed,345,1996-02-29,2024-10-31,0.05808969025983281,0.11136348339636368,0.521622424947688,-0.2323270382227648,-0.1145125,442.343485625483,0.08823188405797101,1.0587826086956522,4.411594202898551e-05,0.0005293913043478262,0.6826666666666666,0.2544927536231884,0.06284057971014492,0.5,1.0,0.0005,3.0,36.0,z_smooth_only__LOGIT_return_sortino_vs_bond__cash_allowed__g0p5__tau1p0__c0p0005__phl3p0__l10p0,z_smooth_only,0.0,0.0005,2.0,148,118,49,30,0.8052702702702703,0.19472972972972974,-1.1252260384714425e-18,0.9798305084745763,0.010847457627118645,0.009322033898305085,0.006122448979591836,0.9938775510204082,-2.2657612747452172e-18,0.014,0.3,0.6859999999999999
z_smooth_only,z_smooth_only__RF_return_sortino_vs_bond__cash_allowed__g0p5__tau3p0__c0p001__phl6p0__l10p0,RF,return_sortino_vs_bond,cash_allowed,345,1996-02-29,2024-10-31,0.06114142505597929,0.11722901934324523,0.5215553742453299,-0.35752969788977385,-0.11610365259669066,473.7189362587017,0.018318840579710147,0.21982608695652178,1.8318840579710146e-05,0.00021982608695652174,0.56168115942029,0.412,0.026318840579710144,0.5,3.0,0.001,6.0,36.0,z_smooth_only__RF_return_sortino_vs_bond__cash_allowed__g0p5__tau3p0__c0p001__phl6p0__l10p0,z_smooth_only,0.0,0.003,1.0,198,67,65,15,0.6370707070707073,0.3629292929292929,4.5383169725049805e-18,0.6346268656716416,0.32089552238805963,0.04447761194029851,0.2541538461538462,0.7458461538461538,4.803849625781928e-19,0.5733333333333334,0.02,0.4066666666666668
z_smooth_only,z_smooth_only__RF_return_sortino_vs_bond__cash_allowed__g1p0__tau1p0__c0p0005__phl3p0__l10p001,RF,return_sortino_vs_bond,cash_allowed,345,1996-02-29,2024-10-31,0.0537681724168909,0.1032766492034109,0.5206227432010362,-0.24650848127109115,-0.10695550000000001,400.81315135761474,0.05368115942028985,0.6441739130434783,2.684057971014493e-05,0.00032208695652173917,0.5968695652173913,0.3435362318840579,0.05959420289855072,1.0,1.0,0.0005,3.0,36.0,z_smooth_only__RF_return_sortino_vs_bond__cash_allowed__g1p0__tau1p0__c0p0005__phl3p0__l10p001,z_smooth_only,0.001,0.0015,1.08,178,82,67,18,0.7242696629213484,0.2757303370786517,-9.628689855421828e-18,0.9229268292682927,0.03682926829268293,0.04024390243902439,0.00865671641791045,0.9913432835820896,-3.3140985809706165e-18,0.04111111111111111,0.0,0.9588888888888888
z_smooth_only,z_smooth_only__RF_return_sortino_vs_bond__cash_allowed__g1p0__tau3p0__c0p0005__phl3p0__l10p0,RF,return_sortino_vs_bond,cash_allowed,345,1996-02-29,2024-10-31,0.0537681724168909,0.1032766492034109,0.5206227432010362,-0.24650848127109115,-0.10695550000000001,400.81315135761474,0.05368115942028985,0.6441739130434783,2.684057971014493e-05,0.00032208695652173917,0.5968695652173913,0.3435362318840579,0.05959420289855072,1.0,3.0,0.0005,3.0,36.0,z_smooth_only__RF_return_sortino_vs_bond__cash_allowed__g1p0__tau3p0__c0p0005__phl3p0__l10p0,z_smooth_only,0.0,0.0015,1.08,178,82,67,18,0.7242696629213484,0.2757303370786517,-9.628689855421828e-18,0.9229268292682927,0.03682926829268293,0.04024390243902439,0.00865671641791045,0.9913432835820896,-3.3140985809706165e-18,0.04111111111111111,0.0,0.9588888888888888
z_smooth_only,z_smooth_only__RF_return_sortino_vs_bond__cash_allowed__g1p0__tau1p0__c0p0005__phl6p0__l10p0,RF,return_sortino_vs_bond,cash_allowed,345,1996-02-29,2024-10-31,0.05460845937839357,0.10493987901248487,0.5203785242776647,-0.23168139131059529,-0.104225,408.7115574875431,0.05507246376811594,0.6608695652173913,2.753623188405797e-05,0.0003304347826086956,0.5983188405797101,0.34759420289855075,0.05408695652173912,1.0,1.0,0.0005,6.0,36.0,z_smooth_only__RF_return_sortino_vs_bond__cash_allowed__g1p0__tau1p0__c0p0005__phl6p0__l10p0,z_smooth_only,0.0,0.0005,1.0,198,67,65,15,0.726868686868687,0.2731313131313131,-9.23433607918967e-18,0.9283582089552238,0.01373134328358209,0.05791044776119403,0.0012307692307692308,0.9987692307692307,0.0,0.014666666666666666,0.0,0.9853333333333334
z_plus_zsmooth,z_plus_zsmooth__LOGIT_return_sortino_vs_bond__cash_allowed__g1p0__tau3p0__c0p001__phl6p0__l10p0,LOGIT,return_sortino_vs_bond,cash_allowed,345,1996-02-29,2024-10-31,0.05896726988776962,0.11334195517057746,0.5202598613992939,-0.2870327702020591,-0.11654600000000001,451.0251226922241,0.027710144927536234,0.3325217391304348,2.7710144927536234e-05,0.0003325217391304348,0.572463768115942,0.36168115942028983,0.06585507246376811,1.0,3.0,0.001,6.0,36.0,z_plus_zsmooth__LOGIT_return_sortino_vs_bond__cash_allowed__g1p0__tau3p0__c0p001__phl6p0__l10p0,z_plus_zsmooth,0.0,0.003,1.0,200,74,50,21,0.6367999999999999,0.3632,-1.249000902703301e-18,0.868108108108108,0.05999999999999999,0.0718918918918919,0.086,0.9139999999999999,-2.220446049250313e-18,0.0761904761904762,0.09523809523809523,0.8285714285714285
z_plus_zsmooth,z_plus_zsmooth__LOGIT_return_sortino_vs_bond__cash_allowed__g0p25__tau3p0__c0p0005__phl6p0__l10p0025,LOGIT,return_sortino_vs_bond,cash_allowed,345,1996-02-29,2024-10-31,0.0608949329120838,0.11722284021599942,0.5194801013170846,-0.3575296978897736,-0.11695075,470.4501470951345,0.020289855072463767,0.2434782608695652,1.0144927536231884e-05,0.0001217391304347826,0.5438260869565218,0.40237681159420285,0.05379710144927536,0.25,3.0,0.0005,6.0,36.0,z_plus_zsmooth__LOGIT_return_sortino_vs_bond__cash_allowed__g0p25__tau3p0__c0p0005__phl6p0__l10p0025,z_plus_zsmooth,0.0025,0.004,1.0,200,74,50,21,0.5801999999999999,0.41980000000000006,-5.551115123125783e-19,0.7894594594594595,0.14864864864864866,0.06189189189189189,0.1628,0.8371999999999999,-9.71445146547012e-19,0.23904761904761904,0.09523809523809523,0.6657142857142857
z_smooth_only,z_smooth_only__LOGIT_return_sortino_vs_bond__cash_allowed__g1p0__tau1p0__c0p0025__phl6p0__l10p001,LOGIT,return_sortino_vs_bond,cash_allowed,345,1996-02-29,2024-10-31,0.05851660339034842,0.11266198742860717,0.5193997081529369,-0.303929519017761,-0.11654600000000001,446.2757599696019,0.020579710144927536,0.24695652173913044,5.1449275362318845e-05,0.0006173913043478261,0.5172173913043479,0.4165217391304348,0.06626086956521737,1.0,1.0,0.0025,6.0,36.0,z_smooth_only__LOGIT_return_sortino_vs_bond__cash_allowed__g1p0__tau1p0__c0p0025__phl6p0__l10p001,z_smooth_only,0.001,0.0035,1.0,172,101,48,24,0.6504651162790698,0.3495348837209303,0.0,0.5900990099009901,0.3562376237623763,0.053663366336633656,0.10500000000000002,0.8875000000000001,0.007499999999999995,0.08,0.20833333333333334,0.7116666666666666
z_plus_zsmooth,z_plus_zsmooth__RF_return_sortino_vs_bond__cash_allowed__g1p0__tau1p0__c0p0005__phl6p0__l10p0,RF,return_sortino_vs_bond,cash_allowed,345,1996-02-29,2024-10-31,0.0536048697984689,0.10326632330102853,0.519093428379424,-0.23803141350683898,-0.104225,399.05227230387754,0.05507246376811594,0.6608695652173913,2.753623188405797e-05,0.0003304347826086956,0.591536231884058,0.3542028985507246,0.05426086956521739,1.0,1.0,0.0005,6.0,36.0,z_plus_zsmooth__RF_return_sortino_vs_bond__cash_allowed__g1p0__tau1p0__c0p0005__phl6p0__l10p0,z_plus_zsmooth,0.0,0.0005,1.0,215,55,60,15,0.7130232558139535,0.2869767441860465,-5.744758673932496e-18,0.9170909090909091,0.010181818181818183,0.07272727272727272,0.001,0.999,-1.8503717077085942e-18,0.018666666666666665,0.0,0.9813333333333333
z_smooth_only,z_smooth_only__RF_return_sortino_vs_bond__cash_allowed__g0p5__tau1p0__c0p0025__phl6p0__l10p0005,RF,return_sortino_vs_bond,cash_allowed,345,1996-02-29,2024-10-31,0.060811685925544506,0.11720979868425808,0.518827662944462,-0.35752969788977373,-0.11610365259669066,469.30057025062683,0.018318840579710147,0.21982608695652178,4.579710144927537e-05,0.0005495652173913044,0.56168115942029,0.412,0.026318840579710144,0.5,1.0,0.0025,6.0,36.0,z_smooth_only__RF_return_sortino_vs_bond__cash_allowed__g0p5__tau1p0__c0p0025__phl6p0__l10p0005,z_smooth_only,0.0005,0.003,1.0,198,67,65,15,0.6370707070707073,0.3629292929292929,4.5383169725049805e-18,0.6346268656716416,0.32089552238805963,0.04447761194029851,0.2541538461538462,0.7458461538461538,4.803849625781928e-19,0.5733333333333334,0.02,0.4066666666666668
z_plus_zsmooth,z_plus_zsmooth__LOGIT_return_sortino_vs_bond__cash_allowed__g2p0__tau1p0__c0p0025__phl6p0__l10p001,LOGIT,return_sortino_vs_bond,cash_allowed,345,1996-02-29,2024-10-31,0.048601105369717304,0.0937209411539357,0.5185725278824342,-0.2852790313621274,-0.10428424451902418,355.3157704417598,0.017333333333333336,0.20800000000000002,4.333333333333333e-05,0.00052,0.4216231884057972,0.5203478260869565,0.058028985507246354,2.0,1.0,0.0025,6.0,36.0,z_plus_zsmooth__LOGIT_return_sortino_vs_bond__cash_allowed__g2p0__tau1p0__c0p0025__phl6p0__l10p001,z_plus_zsmooth,0.001,0.0035,1.0,200,74,50,21,0.48829999999999996,0.5065000000000001,0.005199999999999979,0.5956756756756757,0.3386486486486486,0.06567567567567564,0.0548,0.898,0.0472,0.04666666666666667,0.3933333333333333,0.5599999999999999
z_plus_zsmooth,z_plus_zsmooth__LOGIT_return_sortino_vs_bond__cash_allowed__g0p25__tau3p0__c0p001__phl6p0__l10p001,LOGIT,return_sortino_vs_bond,cash_allowed,345,1996-02-29,2024-10-31,0.06077319378164902,0.11722241539449935,0.518443452791204,-0.35752969788977385,-0.11695075,468.8147900276081,0.020289855072463767,0.2434782608695652,2.0289855072463767e-05,0.0002434782608695652,0.5438260869565218,0.40237681159420285,0.05379710144927536,0.25,3.0,0.001,6.0,36.0,z_plus_zsmooth__LOGIT_return_sortino_vs_bond__cash_allowed__g0p25__tau3p0__c0p001__phl6p0__l10p001,z_plus_zsmooth,0.001,0.004,1.0,200,74,50,21,0.5801999999999999,0.41980000000000006,-5.551115123125783e-19,0.7894594594594595,0.14864864864864866,0.06189189189189189,0.1628,0.8371999999999999,-9.71445146547012e-19,0.23904761904761904,0.09523809523809523,0.6657142857142857
z_plus_zsmooth,z_plus_zsmooth__LOGIT_return_sortino_vs_bond__cash_allowed__g2p0__tau1p0__c0p0025__phl6p0__l10p0005,LOGIT,return_sortino_vs_bond,cash_allowed,345,1996-02-29,2024-10-31,0.04952362706491606,0.09560313663224243,0.5180125758364926,-0.2669320647602307,-0.10368808243190795,362.951042231531,0.022318840579710144,0.2678260869565217,5.579710144927536e-05,0.0006695652173913043,0.448231884057971,0.5042898550724638,0.04747826086956521,2.0,1.0,0.0025,6.0,36.0,z_plus_zsmooth__LOGIT_return_sortino_vs_bond__cash_allowed__g2p0__tau1p0__c0p0025__phl6p0__l10p0005,z_plus_zsmooth,0.0005,0.003,1.0,200,74,50,21,0.5170999999999999,0.47489999999999993,0.00799999999999999,0.6516216216216217,0.2875675675675676,0.0608108108108108,0.0452,0.9547999999999999,-5.551115123125783e-18,0.03523809523809524,0.4752380952380952,0.4895238095238096
z_smooth_only,z_smooth_only__RF_return_sortino_vs_bond__cash_allowed__g0p25__tau1p0__c0p0005__phl6p0__l10p0005,RF,return_sortino_vs_bond,cash_allowed,345,1996-02-29,2024-10-31,0.06393265970683566,0.12347643273821705,0.5177721633923421,-0.2700305337947526,-0.11695075,502.2596020173683,0.04463768115942029,0.5356521739130434,2.2318840579710145e-05,0.0002678260869565217,0.7058550724637681,0.25304347826086954,0.04110144927536232,0.25,1.0,0.0005,6.0,36.0,z_smooth_only__RF_return_sortino_vs_bond__cash_allowed__g0p25__tau1p0__c0p0005__phl6p0__l10p0005,z_smooth_only,0.0005,0.001,1.56,198,67,65,15,0.8784848484848484,0.12151515151515152,-2.383054472048947e-18,0.9865671641791044,0.0,0.01343283582089552,0.02707692307692308,0.972923076923077,0.0,0.11466666666666668,0.0,0.8853333333333333
z_smooth_only,z_smooth_only__RF_return_sortino_vs_bond__cash_allowed__g1p0__tau1p0__c0p001__phl3p0__l10p0005,RF,return_sortino_vs_bond,cash_allowed,345,1996-02-29,2024-10-31,0.05344608546036918,0.10327560177675392,0.5175093104361773,-0.24685325186896956,-0.10695550000000001,397.1344305559066,0.05368115942028985,0.6441739130434783,5.368115942028986e-05,0.0006441739130434783,0.5968695652173913,0.3435362318840579,0.05959420289855072,1.0,1.0,0.001,3.0,36.0,z_smooth_only__RF_return_sortino_vs_bond__cash_allowed__g1p0__tau1p0__c0p001__phl3p0__l10p0005,z_smooth_only,0.0005,0.0015,1.08,178,82,67,18,0.7242696629213484,0.2757303370786517,-9.628689855421828e-18,0.9229268292682927,0.03682926829268293,0.04024390243902439,0.00865671641791045,0.9913432835820896,-3.3140985809706165e-18,0.04111111111111111,0.0,0.9588888888888888
z_plus_zsmooth,z_plus_zsmooth__LOGIT_return_sortino_vs_bond__cash_allowed__g1p0__tau1p0__c0p0025__phl6p0__l10p0005,LOGIT,return_sortino_vs_bond,cash_allowed,345,1996-02-29,2024-10-31,0.05846848727907397,0.11337209174516444,0.5157220474550145,-0.28919287812339023,-0.11654600000000001,444.5884195603886,0.027710144927536234,0.3325217391304348,6.927536231884057e-05,0.0008313043478260869,0.572463768115942,0.36168115942028983,0.06585507246376811,1.0,1.0,0.0025,6.0,36.0,z_plus_zsmooth__LOGIT_return_sortino_vs_bond__cash_allowed__g1p0__tau1p0__c0p0025__phl6p0__l10p0005,z_plus_zsmooth,0.0005,0.003,1.0,200,74,50,21,0.6367999999999999,0.3632,-1.249000902703301e-18,0.868108108108108,0.05999999999999999,0.0718918918918919,0.086,0.9139999999999999,-2.220446049250313e-18,0.0761904761904762,0.09523809523809523,0.8285714285714285
z_smooth_only,z_smooth_only__RF_return_sortino_vs_bond__cash_allowed__g0p25__tau1p0__c0p001__phl6p0__l10p0,RF,return_sortino_vs_bond,cash_allowed,345,1996-02-29,2024-10-31,0.06366483361987915,0.12347969439997847,0.5155894977651504,-0.27003053379475284,-0.11695075,498.4205041918842,0.04463768115942029,0.5356521739130434,4.463768115942029e-05,0.0005356521739130434,0.7058550724637681,0.25304347826086954,0.04110144927536232,0.25,1.0,0.001,6.0,36.0,z_smooth_only__RF_return_sortino_vs_bond__cash_allowed__g0p25__tau1p0__c0p001__phl6p0__l10p0,z_smooth_only,0.0,0.001,1.56,198,67,65,15,0.8784848484848484,0.12151515151515152,-2.383054472048947e-18,0.9865671641791044,0.0,0.01343283582089552,0.02707692307692308,0.972923076923077,0.0,0.11466666666666668,0.0,0.8853333333333333
z_smooth_only,z_smooth_only__LOGIT_return_sortino_vs_bond__cash_allowed__g0p25__tau3p0__c0p0005__phl6p0__l10p001,LOGIT,return_sortino_vs_bond,cash_allowed,345,1996-02-29,2024-10-31,0.061163823729599665,0.11890302063537365,0.5144009244068221,-0.28026213731427985,-0.11695075,471.2827945635706,0.03188405797101449,0.3826086956521739,1.5942028985507246e-05,0.00019130434782608694,0.6496811594202899,0.2970434782608695,0.05327536231884058,0.25,3.0,0.0005,6.0,36.0,z_smooth_only__LOGIT_return_sortino_vs_bond__cash_allowed__g0p25__tau3p0__c0p0005__phl6p0__l10p001,z_smooth_only,0.001,0.0025,2.0,172,101,48,24,0.7461627906976744,0.25383720930232556,-3.2273925134452225e-18,0.8596039603960396,0.12376237623762376,0.016633663366336635,0.13916666666666666,0.8608333333333333,-1.1564823173178713e-18,0.09583333333333333,0.20833333333333334,0.6958333333333333
z_smooth_only,z_smooth_only__LOGIT_return_sortino_vs_bond__cash_allowed__g0p25__tau5p0__c0p0005__phl6p0__l10p0,LOGIT,return_sortino_vs_bond,cash_allowed,345,1996-02-29,2024-10-31,0.061163823729599665,0.11890302063537365,0.5144009244068221,-0.28026213731427985,-0.11695075,471.2827945635706,0.03188405797101449,0.3826086956521739,1.5942028985507246e-05,0.00019130434782608694,0.6496811594202899,0.2970434782608695,0.05327536231884058,0.25,5.0,0.0005,6.0,36.0,z_smooth_only__LOGIT_return_sortino_vs_bond__cash_allowed__g0p25__tau5p0__c0p0005__phl6p0__l10p0,z_smooth_only,0.0,0.0025,2.0,172,101,48,24,0.7461627906976744,0.25383720930232556,-3.2273925134452225e-18,0.8596039603960396,0.12376237623762376,0.016633663366336635,0.13916666666666666,0.8608333333333333,-1.1564823173178713e-18,0.09583333333333333,0.20833333333333334,0.6958333333333333
z_plus_zsmooth,z_plus_zsmooth__LOGIT_return_sortino_vs_bond__cash_allowed__g0p25__tau3p0__c0p0005__phl6p0__l10p001,LOGIT,return_sortino_vs_bond,cash_allowed,345,1996-02-29,2024-10-31,0.06111239032527028,0.11900193211481423,0.5135411605444224,-0.29834252364180003,-0.11654600000000001,470.45843553299835,0.03188405797101449,0.3826086956521739,1.5942028985507246e-05,0.00019130434782608694,0.6351304347826087,0.3116521739130435,0.05321739130434783,0.25,3.0,0.0005,6.0,36.0,z_plus_zsmooth__LOGIT_return_sortino_vs_bond__cash_allowed__g0p25__tau3p0__c0p0005__phl6p0__l10p001,z_plus_zsmooth,0.001,0.0025,2.0,200,74,50,21,0.6967,0.30329999999999996,-6.938893903907229e-20,0.9705405405405404,0.0,0.029459459459459457,0.10280000000000002,0.8972,0.0,0.13428571428571429,0.09523809523809523,0.7704761904761904
z_plus_zsmooth,z_plus_zsmooth__LOGIT_return_sortino_vs_bond__cash_allowed__g0p25__tau5p0__c0p0005__phl6p0__l10p0,LOGIT,return_sortino_vs_bond,cash_allowed,345,1996-02-29,2024-10-31,0.06111239032527028,0.11900193211481423,0.5135411605444224,-0.29834252364180003,-0.11654600000000001,470.45843553299835,0.03188405797101449,0.3826086956521739,1.5942028985507246e-05,0.00019130434782608694,0.6351304347826087,0.3116521739130435,0.05321739130434783,0.25,5.0,0.0005,6.0,36.0,z_plus_zsmooth__LOGIT_return_sortino_vs_bond__cash_allowed__g0p25__tau5p0__c0p0005__phl6p0__l10p0,z_plus_zsmooth,0.0,0.0025,2.0,200,74,50,21,0.6967,0.30329999999999996,-6.938893903907229e-20,0.9705405405405404,0.0,0.029459459459459457,0.10280000000000002,0.8972,0.0,0.13428571428571429,0.09523809523809523,0.7704761904761904
z_plus_zsmooth,z_plus_zsmooth__RF_return_sortino_vs_bond__cash_allowed__g0p25__tau5p0__c0p0005__phl0p0__l10p001,RF,return_sortino_vs_bond,cash_allowed,345,1996-02-29,2024-10-31,0.05021265671518424,0.09812224892790054,0.5117356895486578,-0.2700305337947526,-0.1048285,367.5382675871566,0.06086956521739131,0.7304347826086957,3.0434782608695653e-05,0.00036521739130434785,0.5620869565217391,0.36434782608695654,0.07356521739130434,0.25,5.0,0.0005,0.0,36.0,z_plus_zsmooth__RF_return_sortino_vs_bond__cash_allowed__g0p25__tau5p0__c0p0005__phl0p0__l10p001,z_plus_zsmooth,0.001,0.0035,2.0,165,83,72,25,0.6272727272727273,0.3666666666666667,0.006060606060606062,0.8966265060240964,0.09132530120481928,0.012048192771084338,0.15805555555555553,0.7447222222222223,0.09722222222222222,0.1848,0.16,0.6552000000000001
z_plus_zsmooth,z_plus_zsmooth__RF_return_sortino_vs_bond__cash_allowed__g0p25__tau3p0__c0p0005__phl3p0__l10p0005,RF,return_sortino_vs_bond,cash_allowed,345,1996-02-29,2024-10-31,0.062072812341106495,0.12183185791215367,0.5094957378542467,-0.2700305337947526,-0.11654600000000001,479.11313686385915,0.043478260869565216,0.5217391304347826,2.1739130434782607e-05,0.0002608695652173913,0.7012173913043479,0.25031884057971016,0.048463768115942024,0.25,3.0,0.0005,3.0,36.0,z_plus_zsmooth__RF_return_sortino_vs_bond__cash_allowed__g0p25__tau3p0__c0p0005__phl3p0__l10p0005,z_plus_zsmooth,0.0005,0.002,2.0,190,72,66,17,0.8762105263157894,0.12378947368421052,-1.1686558153949016e-18,0.9322222222222223,0.049444444444444444,0.01833333333333333,0.10181818181818181,0.8981818181818182,0.0,0.09411764705882353,0.0,0.9058823529411765
z_smooth_only,z_smooth_only__LOGIT_return_sortino_vs_bond__cash_allowed__g1p0__tau5p0__c0p0005__phl0p0__l10p0025,LOGIT,return_sortino_vs_bond,cash_allowed,345,1996-02-29,2024-10-31,0.048524317675120276,0.09525354938920583,0.5094226722917169,-0.2277199497828417,-0.10781718917700356,352.9178400983994,0.06771014492753626,0.8125217391304351,3.3855072463768113e-05,0.00040626086956521733,0.4736231884057971,0.42550724637681164,0.1008695652173913,1.0,5.0,0.0005,0.0,36.0,z_smooth_only__LOGIT_return_sortino_vs_bond__cash_allowed__g1p0__tau5p0__c0p0005__phl0p0__l10p0025,z_smooth_only,0.0025,0.005,1.88,149,107,55,34,0.5414765100671142,0.42590604026845635,0.032617449664429525,0.730841121495327,0.24411214953271027,0.025046728971962615,0.04036363636363636,0.842181818181818,0.11745454545454544,0.06764705882352942,0.3205882352941177,0.611764705882353
z_plus_zsmooth,z_plus_zsmooth__RF_return_sortino_vs_bond__cash_allowed__g1p0__tau1p0__c0p0005__phl3p0__l10p001,RF,return_sortino_vs_bond,cash_allowed,345,1996-02-29,2024-10-31,0.051669533093423994,0.1014434701433567,0.5093431151399518,-0.253992770710438,-0.10695550000000001,379.4413787693199,0.054376811594202906,0.6525217391304349,2.718840579710145e-05,0.0003262608695652174,0.5786086956521739,0.3643478260869565,0.05704347826086956,1.0,1.0,0.0005,3.0,36.0,z_plus_zsmooth__RF_return_sortino_vs_bond__cash_allowed__g1p0__tau1p0__c0p0005__phl3p0__l10p001,z_plus_zsmooth,0.001,0.0015,1.0,190,72,66,17,0.7104210526315788,0.28957894736842105,-1.3640404595312367e-17,0.8736111111111112,0.08444444444444445,0.04194444444444444,0.02121212121212121,0.9787878787878787,-3.3643121958338078e-18,0.019999999999999997,0.0,0.98
z_plus_zsmooth,z_plus_zsmooth__RF_return_sortino_vs_bond__cash_allowed__g1p0__tau3p0__c0p0005__phl3p0__l10p0,RF,return_sortino_vs_bond,cash_allowed,345,1996-02-29,2024-10-31,0.051669533093423994,0.1014434701433567,0.5093431151399518,-0.253992770710438,-0.10695550000000001,379.4413787693199,0.054376811594202906,0.6525217391304349,2.718840579710145e-05,0.0003262608695652174,0.5786086956521739,0.3643478260869565,0.05704347826086956,1.0,3.0,0.0005,3.0,36.0,z_plus_zsmooth__RF_return_sortino_vs_bond__cash_allowed__g1p0__tau3p0__c0p0005__phl3p0__l10p0,z_plus_zsmooth,0.0,0.0015,1.0,190,72,66,17,0.7104210526315788,0.28957894736842105,-1.3640404595312367e-17,0.8736111111111112,0.08444444444444445,0.04194444444444444,0.02121212121212121,0.9787878787878787,-3.3643121958338078e-18,0.019999999999999997,0.0,0.98
z_smooth_only,z_smooth_only__RF_return_sortino_vs_bond__cash_allowed__g1p0__tau3p0__c0p0005__phl3p0__l10p001,RF,return_sortino_vs_bond,cash_allowed,345,1996-02-29,2024-10-31,0.04960716323133431,0.0974685123572354,0.5089557851208119,-0.2700305337947526,-0.10432841342947938,361.96062045363465,0.03698550724637681,0.4438260869565217,1.8492753623188406e-05,0.00022191304347826088,0.4682898550724638,0.47431884057971013,0.05739130434782609,1.0,3.0,0.0005,3.0,36.0,z_smooth_only__RF_return_sortino_vs_bond__cash_allowed__g1p0__tau3p0__c0p0005__phl3p0__l10p001,z_smooth_only,0.001,0.0025,1.14,178,82,67,18,0.5637078651685393,0.4344943820224719,0.0017977528089887676,0.6848780487804877,0.2763414634146341,0.03878048780487805,0.055820895522388066,0.9337313432835821,0.01044776119402985,0.07333333333333333,0.060000000000000005,0.8666666666666667
z_smooth_only,z_smooth_only__RF_return_sortino_vs_bond__cash_allowed__g1p0__tau5p0__c0p0005__phl3p0__l10p0,RF,return_sortino_vs_bond,cash_allowed,345,1996-02-29,2024-10-31,0.04960716323133431,0.0974685123572354,0.5089557851208119,-0.2700305337947526,-0.10432841342947938,361.96062045363465,0.03698550724637681,0.4438260869565217,1.8492753623188406e-05,0.00022191304347826088,0.4682898550724638,0.47431884057971013,0.05739130434782609,1.0,5.0,0.0005,3.0,36.0,z_smooth_only__RF_return_sortino_vs_bond__cash_allowed__g1p0__tau5p0__c0p0005__phl3p0__l10p0,z_smooth_only,0.0,0.0025,1.14,178,82,67,18,0.5637078651685393,0.4344943820224719,0.0017977528089887676,0.6848780487804877,0.2763414634146341,0.03878048780487805,0.055820895522388066,0.9337313432835821,0.01044776119402985,0.07333333333333333,0.060000000000000005,0.8666666666666667
z_plus_zsmooth,z_plus_zsmooth__RF_return_sortino_vs_bond__cash_allowed__g0p25__tau1p0__c0p0005__phl3p0__l10p001,RF,return_sortino_vs_bond,cash_allowed,345,1996-02-29,2024-10-31,0.058967870159265245,0.11603588031429965,0.5081865195450096,-0.2700305337947526,-0.11654600000000001,446.7171616122297,0.05344927536231883,0.641391304347826,2.6724637681159416e-05,0.000320695652173913,0.6903768115942029,0.2613333333333333,0.04828985507246377,0.25,1.0,0.0005,3.0,36.0,z_plus_zsmooth__RF_return_sortino_vs_bond__cash_allowed__g0p25__tau1p0__c0p0005__phl3p0__l10p001,z_plus_zsmooth,0.001,0.0015,1.6400000000000001,190,72,66,17,0.8551578947368422,0.14484210526315788,-1.1686558153949016e-18,0.9700000000000001,0.018333333333333333,0.011666666666666665,0.07090909090909091,0.9290909090909091,-4.2053902447922597e-19,0.06941176470588235,0.0,0.9305882352941177
z_plus_zsmooth,z_plus_zsmooth__RF_return_sortino_vs_bond__cash_allowed__g0p25__tau3p0__c0p0005__phl3p0__l10p0,RF,return_sortino_vs_bond,cash_allowed,345,1996-02-29,2024-10-31,0.058967870159265245,0.11603588031429965,0.5081865195450096,-0.2700305337947526,-0.11654600000000001,446.7171616122297,0.05344927536231883,0.641391304347826,2.6724637681159416e-05,0.000320695652173913,0.6903768115942029,0.2613333333333333,0.04828985507246377,0.25,3.0,0.0005,3.0,36.0,z_plus_zsmooth__RF_return_sortino_vs_bond__cash_allowed__g0p25__tau3p0__c0p0005__phl3p0__l10p0,z_plus_zsmooth,0.0,0.0015,1.6400000000000001,190,72,66,17,0.8551578947368422,0.14484210526315788,-1.1686558153949016e-18,0.9700000000000001,0.018333333333333333,0.011666666666666665,0.07090909090909091,0.9290909090909091,-4.2053902447922597e-19,0.06941176470588235,0.0,0.9305882352941177
z_plus_zsmooth,z_plus_zsmooth__RF_return_sortino_vs_bond__cash_allowed__g0p25__tau1p0__c0p001__phl0p0__l10p0025,RF,return_sortino_vs_bond,cash_allowed,345,1996-02-29,2024-10-31,0.04984743932387989,0.09812206950770966,0.5080145534431809,-0.27003053379475284,-0.1048285,363.7139197954962,0.06086956521739131,0.7304347826086957,6.0869565217391306e-05,0.0007304347826086957,0.5620869565217391,0.36434782608695654,0.07356521739130434,0.25,1.0,0.001,0.0,36.0,z_plus_zsmooth__RF_return_sortino_vs_bond__cash_allowed__g0p25__tau1p0__c0p001__phl0p0__l10p0025,z_plus_zsmooth,0.0025,0.0035,2.0,165,83,72,25,0.6272727272727273,0.3666666666666667,0.006060606060606062,0.8966265060240964,0.09132530120481928,0.012048192771084338,0.15805555555555553,0.7447222222222223,0.09722222222222222,0.1848,0.16,0.6552000000000001
z_plus_zsmooth,z_plus_zsmooth__RF_return_sortino_vs_bond__cash_allowed__g0p25__tau3p0__c0p001__phl0p0__l10p0005,RF,return_sortino_vs_bond,cash_allowed,345,1996-02-29,2024-10-31,0.04984743932387989,0.09812206950770966,0.5080145534431809,-0.27003053379475284,-0.1048285,363.7139197954962,0.06086956521739131,0.7304347826086957,6.0869565217391306e-05,0.0007304347826086957,0.5620869565217391,0.36434782608695654,0.07356521739130434,0.25,3.0,0.001,0.0,36.0,z_plus_zsmooth__RF_return_sortino_vs_bond__cash_allowed__g0p25__tau3p0__c0p001__phl0p0__l10p0005,z_plus_zsmooth,0.0005,0.0035,2.0,165,83,72,25,0.6272727272727273,0.3666666666666667,0.006060606060606062,0.8966265060240964,0.09132530120481928,0.012048192771084338,0.15805555555555553,0.7447222222222223,0.09722222222222222,0.1848,0.16,0.6552000000000001
z_smooth_only,z_smooth_only__LOGIT_return_sortino_vs_bond__cash_allowed__g0p25__tau1p0__c0p0025__phl6p0__l10p0,LOGIT,return_sortino_vs_bond,cash_allowed,345,1996-02-29,2024-10-31,0.060398606338295316,0.11893967576554254,0.5078087353908283,-0.2830696053270072,-0.11695075,461.01837300098947,0.03188405797101449,0.3826086956521739,7.971014492753625e-05,0.0009565217391304349,0.6496811594202899,0.2970434782608695,0.05327536231884058,0.25,1.0,0.0025,6.0,36.0,z_smooth_only__LOGIT_return_sortino_vs_bond__cash_allowed__g0p25__tau1p0__c0p0025__phl6p0__l10p0,z_smooth_only,0.0,0.0025,2.0,172,101,48,24,0.7461627906976744,0.25383720930232556,-3.2273925134452225e-18,0.8596039603960396,0.12376237623762376,0.016633663366336635,0.13916666666666666,0.8608333333333333,-1.1564823173178713e-18,0.09583333333333333,0.20833333333333334,0.6958333333333333
z_plus_zsmooth,z_plus_zsmooth__RF_return_sortino_vs_bond__cash_allowed__g0p25__tau1p0__c0p001__phl3p0__l10p001,RF,return_sortino_vs_bond,cash_allowed,345,1996-02-29,2024-10-31,0.06181194277588911,0.12183415356578242,0.5073449518612588,-0.27003053379475284,-0.11654600000000001,475.54681105561826,0.043478260869565216,0.5217391304347826,4.3478260869565214e-05,0.0005217391304347826,0.7012173913043479,0.25031884057971016,0.048463768115942024,0.25,1.0,0.001,3.0,36.0,z_plus_zsmooth__RF_return_sortino_vs_bond__cash_allowed__g0p25__tau1p0__c0p001__phl3p0__l10p001,z_plus_zsmooth,0.001,0.002,2.0,190,72,66,17,0.8762105263157894,0.12378947368421052,-1.1686558153949016e-18,0.9322222222222223,0.049444444444444444,0.01833333333333333,0.10181818181818181,0.8981818181818182,0.0,0.09411764705882353,0.0,0.9058823529411765
z_plus_zsmooth,z_plus_zsmooth__LOGIT_return_sortino_vs_bond__cash_allowed__g0p25__tau1p0__c0p0025__phl6p0__l10p0,LOGIT,return_sortino_vs_bond,cash_allowed,345,1996-02-29,2024-10-31,0.06034717293396593,0.11901707803781038,0.5070463325842557,-0.3011272855244792,-0.11654600000000001,460.2448427152028,0.03188405797101449,0.3826086956521739,7.971014492753625e-05,0.0009565217391304349,0.6351304347826087,0.3116521739130435,0.05321739130434783,0.25,1.0,0.0025,6.0,36.0,z_plus_zsmooth__LOGIT_return_sortino_vs_bond__cash_allowed__g0p25__tau1p0__c0p0025__phl6p0__l10p0,z_plus_zsmooth,0.0,0.0025,2.0,200,74,50,21,0.6967,0.30329999999999996,-6.938893903907229e-20,0.9705405405405404,0.0,0.029459459459459457,0.10280000000000002,0.8972,0.0,0.13428571428571429,0.09523809523809523,0.7704761904761904
z_plus_zsmooth,z_plus_zsmooth__LOGIT_return_sortino_vs_bond__cash_allowed__g1p0__tau5p0__c0p0005__phl6p0__l10p001,LOGIT,return_sortino_vs_bond,cash_allowed,345,1996-02-29,2024-10-31,0.057132221363033274,0.11282357404097579,0.5063854947750878,-0.32002187955586414,-0.11654600000000001,428.68410411294457,0.023999999999999997,0.288,1.1999999999999999e-05,0.00014399999999999998,0.5437101449275362,0.38950724637681156,0.06678260869565217,1.0,5.0,0.0005,6.0,36.0,z_plus_zsmooth__LOGIT_return_sortino_vs_bond__cash_allowed__g1p0__tau5p0__c0p0005__phl6p0__l10p001,z_plus_zsmooth,0.001,0.0035,1.0,200,74,50,21,0.6051000000000001,0.39490000000000003,-8.604228440844963e-18,0.8048648648648649,0.11216216216216217,0.08297297297297296,0.098,0.9019999999999999,-9.992007221626408e-18,0.1,0.09523809523809523,0.8047619047619047
z_smooth_only,z_smooth_only__RF_return_sortino_vs_bond__cash_allowed__g1p0__tau3p0__c0p0005__phl3p0__l10p0005,RF,return_sortino_vs_bond,cash_allowed,345,1996-02-29,2024-10-31,0.051014951800851575,0.10076415535627176,0.5062807465658601,-0.2614770601497848,-0.1048285,373.2180360403614,0.04718840579710145,0.5662608695652174,2.3594202898550725e-05,0.0002831304347826087,0.5415652173913044,0.3983768115942029,0.06005797101449275,1.0,3.0,0.0005,3.0,36.0,z_smooth_only__RF_return_sortino_vs_bond__cash_allowed__g1p0__tau3p0__c0p0005__phl3p0__l10p0005,z_smooth_only,0.0005,0.002,1.0,178,82,67,18,0.6534831460674158,0.3444943820224719,0.0020224719101123484,0.823170731707317,0.13390243902439025,0.04292682926829268,0.028955223880597014,0.971044776119403,-1.6570492904853082e-18,0.060000000000000005,0.0044444444444444444,0.9355555555555556
z_smooth_only,z_smooth_only__LOGIT_return_sortino_vs_bond__cash_allowed__g0p25__tau3p0__c0p0005__phl6p0__l10p0025,LOGIT,return_sortino_vs_bond,cash_allowed,345,1996-02-29,2024-10-31,0.059218769568191026,0.1169821223139741,0.5062206805348498,-0.3575296978897736,-0.11695075,448.7376713171174,0.020289855072463767,0.2434782608695652,1.0144927536231884e-05,0.0001217391304347826,0.5382608695652173,0.4096231884057971,0.05211594202898551,0.25,3.0,0.0005,6.0,36.0,z_smooth_only__LOGIT_return_sortino_vs_bond__cash_allowed__g0p25__tau3p0__c0p0005__phl6p0__l10p0025,z_smooth_only,0.0025,0.004,1.44,172,101,48,24,0.646046511627907,0.353953488372093,0.0,0.6039603960396039,0.358019801980198,0.038019801980198026,0.18166666666666664,0.8183333333333334,-3.469446951953614e-18,0.2025,0.20833333333333334,0.5891666666666667
z_plus_zsmooth,z_plus_zsmooth__RF_return_sortino_vs_bond__cash_allowed__g1p0__tau1p0__c0p001__phl3p0__l10p0005,RF,return_sortino_vs_bond,cash_allowed,345,1996-02-29,2024-10-31,0.051343272223858774,0.10143872096802133,0.5061506270376259,-0.2542278415726278,-0.10695550000000001,375.91717762112296,0.054376811594202906,0.6525217391304349,5.43768115942029e-05,0.0006525217391304348,0.5786086956521739,0.3643478260869565,0.05704347826086956,1.0,1.0,0.001,3.0,36.0,z_plus_zsmooth__RF_return_sortino_vs_bond__cash_allowed__g1p0__tau1p0__c0p001__phl3p0__l10p0005,z_plus_zsmooth,0.0005,0.0015,1.0,190,72,66,17,0.7104210526315788,0.28957894736842105,-1.3640404595312367e-17,0.8736111111111112,0.08444444444444445,0.04194444444444444,0.02121212121212121,0.9787878787878787,-3.3643121958338078e-18,0.019999999999999997,0.0,0.98
z_plus_zsmooth,z_plus_zsmooth__RF_return_sortino_vs_bond__cash_allowed__g0p25__tau1p0__c0p001__phl3p0__l10p0005,RF,return_sortino_vs_bond,cash_allowed,345,1996-02-29,2024-10-31,0.058647174507091324,0.11602405904747841,0.5054742523970154,-0.27003053379475284,-0.11654600000000001,442.65264204929986,0.05344927536231883,0.641391304347826,5.344927536231883e-05,0.000641391304347826,0.6903768115942029,0.2613333333333333,0.04828985507246377,0.25,1.0,0.001,3.0,36.0,z_plus_zsmooth__RF_return_sortino_vs_bond__cash_allowed__g0p25__tau1p0__c0p001__phl3p0__l10p0005,z_plus_zsmooth,0.0005,0.0015,1.6400000000000001,190,72,66,17,0.8551578947368422,0.14484210526315788,-1.1686558153949016e-18,0.9700000000000001,0.018333333333333333,0.011666666666666665,0.07090909090909091,0.9290909090909091,-4.2053902447922597e-19,0.06941176470588235,0.0,0.9305882352941177
z_smooth_only,z_smooth_only__RF_return_sortino_vs_bond__cash_allowed__g0p5__tau3p0__c0p0005__phl3p0__l10p0005,RF,return_sortino_vs_bond,cash_allowed,345,1996-02-29,2024-10-31,0.05956011641316894,0.11787675199246235,0.505274495661176,-0.2700305337947526,-0.11654600000000001,451.8190293872324,0.04718840579710145,0.5662608695652174,2.3594202898550725e-05,0.0002831304347826087,0.6695072463768117,0.27907246376811595,0.05142028985507247,0.5,3.0,0.0005,3.0,36.0,z_smooth_only__RF_return_sortino_vs_bond__cash_allowed__g0p5__tau3p0__c0p0005__phl3p0__l10p0005,z_smooth_only,0.0005,0.002,1.4,178,82,67,18,0.8298876404494383,0.1701123595505618,-4.931292577776766e-18,0.9436585365853658,0.0348780487804878,0.02146341463414634,0.05761194029850747,0.9423880597014925,-4.3497543875239344e-18,0.11222222222222222,0.0,0.8877777777777778
z_smooth_only,z_smooth_only__LOGIT_return_sortino_vs_bond__cash_allowed__g0p25__tau3p0__c0p001__phl6p0__l10p001,LOGIT,return_sortino_vs_bond,cash_allowed,345,1996-02-29,2024-10-31,0.05909703043775624,0.11697288622948517,0.5052199047377165,-0.35752969788977385,-0.11695075,447.1905346805271,0.020289855072463767,0.2434782608695652,2.0289855072463767e-05,0.0002434782608695652,0.5382608695652173,0.4096231884057971,0.05211594202898551,0.25,3.0,0.001,6.0,36.0,z_smooth_only__LOGIT_return_sortino_vs_bond__cash_allowed__g0p25__tau3p0__c0p001__phl6p0__l10p001,z_smooth_only,0.001,0.004,1.44,172,101,48,24,0.646046511627907,0.353953488372093,0.0,0.6039603960396039,0.358019801980198,0.038019801980198026,0.18166666666666664,0.8183333333333334,-3.469446951953614e-18,0.2025,0.20833333333333334,0.5891666666666667
z_plus_zsmooth,z_plus_zsmooth__LOGIT_return_sortino_vs_bond__cash_allowed__g1p0__tau1p0__c0p001__phl6p0__l10p0025,LOGIT,return_sortino_vs_bond,cash_allowed,345,1996-02-29,2024-10-31,0.05698822136303329,0.11283303839674817,0.5050667975690679,-0.32071469748825243,-0.11654600000000001,426.90714475153834,0.023999999999999997,0.288,2.3999999999999997e-05,0.00028799999999999995,0.5437101449275362,0.38950724637681156,0.06678260869565217,1.0,1.0,0.001,6.0,36.0,z_plus_zsmooth__LOGIT_return_sortino_vs_bond__cash_allowed__g1p0__tau1p0__c0p001__phl6p0__l10p0025,z_plus_zsmooth,0.0025,0.0035,1.0,200,74,50,21,0.6051000000000001,0.39490000000000003,-8.604228440844963e-18,0.8048648648648649,0.11216216216216217,0.08297297297297296,0.098,0.9019999999999999,-9.992007221626408e-18,0.1,0.09523809523809523,0.8047619047619047
z_plus_zsmooth,z_plus_zsmooth__LOGIT_return_sortino_vs_bond__cash_allowed__g1p0__tau3p0__c0p001__phl6p0__l10p0005,LOGIT,return_sortino_vs_bond,cash_allowed,345,1996-02-29,2024-10-31,0.05698822136303329,0.11283303839674817,0.5050667975690679,-0.32071469748825243,-0.11654600000000001,426.90714475153834,0.023999999999999997,0.288,2.3999999999999997e-05,0.00028799999999999995,0.5437101449275362,0.38950724637681156,0.06678260869565217,1.0,3.0,0.001,6.0,36.0,z_plus_zsmooth__LOGIT_return_sortino_vs_bond__cash_allowed__g1p0__tau3p0__c0p001__phl6p0__l10p0005,z_plus_zsmooth,0.0005,0.0035,1.0,200,74,50,21,0.6051000000000001,0.39490000000000003,-8.604228440844963e-18,0.8048648648648649,0.11216216216216217,0.08297297297297296,0.098,0.9019999999999999,-9.992007221626408e-18,0.1,0.09523809523809523,0.8047619047619047
z_smooth_only,z_smooth_only__LOGIT_return_sortino_vs_bond__cash_allowed__g1p0__tau5p0__c0p001__phl0p0__l10p0,LOGIT,return_sortino_vs_bond,cash_allowed,345,1996-02-29,2024-10-31,0.048118056805555046,0.09527139139111798,0.5050630215739771,-0.22992917997617468,-0.10782718917700354,348.81708685311725,0.06771014492753626,0.8125217391304351,6.771014492753623e-05,0.0008125217391304347,0.4736231884057971,0.42550724637681164,0.1008695652173913,1.0,5.0,0.001,0.0,36.0,z_smooth_only__LOGIT_return_sortino_vs_bond__cash_allowed__g1p0__tau5p0__c0p001__phl0p0__l10p0,z_smooth_only,0.0,0.005,1.88,149,107,55,34,0.5414765100671142,0.42590604026845635,0.032617449664429525,0.730841121495327,0.24411214953271027,0.025046728971962615,0.04036363636363636,0.842181818181818,0.11745454545454544,0.06764705882352942,0.3205882352941177,0.611764705882353
z_smooth_only,z_smooth_only__RF_return_sortino_vs_bond__cash_allowed__g1p0__tau1p0__c0p001__phl3p0__l10p001,RF,return_sortino_vs_bond,cash_allowed,345,1996-02-29,2024-10-31,0.05073182136606897,0.10076867961891345,0.5034483091167449,-0.26160243127628613,-0.1048285,370.1985285927444,0.04718840579710145,0.5662608695652174,4.718840579710145e-05,0.0005662608695652174,0.5415652173913044,0.3983768115942029,0.06005797101449275,1.0,1.0,0.001,3.0,36.0,z_smooth_only__RF_return_sortino_vs_bond__cash_allowed__g1p0__tau1p0__c0p001__phl3p0__l10p001,z_smooth_only,0.001,0.002,1.0,178,82,67,18,0.6534831460674158,0.3444943820224719,0.0020224719101123484,0.823170731707317,0.13390243902439025,0.04292682926829268,0.028955223880597014,0.971044776119403,-1.6570492904853082e-18,0.060000000000000005,0.0044444444444444444,0.9355555555555556
z_smooth_only,z_smooth_only__RF_return_sortino_vs_bond__cash_allowed__g0p5__tau1p0__c0p001__phl3p0__l10p001,RF,return_sortino_vs_bond,cash_allowed,345,1996-02-29,2024-10-31,0.059276985978386335,0.11788781644648426,0.5028253789508045,-0.27003053379475284,-0.11654600000000001,448.1560706202883,0.04718840579710145,0.5662608695652174,4.718840579710145e-05,0.0005662608695652174,0.6695072463768117,0.27907246376811595,0.05142028985507247,0.5,1.0,0.001,3.0,36.0,z_smooth_only__RF_return_sortino_vs_bond__cash_allowed__g0p5__tau1p0__c0p001__phl3p0__l10p001,z_smooth_only,0.001,0.002,1.4,178,82,67,18,0.8298876404494383,0.1701123595505618,-4.931292577776766e-18,0.9436585365853658,0.0348780487804878,0.02146341463414634,0.05761194029850747,0.9423880597014925,-4.3497543875239344e-18,0.11222222222222222,0.0,0.8877777777777778
z_plus_zsmooth,z_plus_zsmooth__LOGIT_return_sortino_vs_bond__cash_allowed__g1p0__tau1p0__c0p0025__phl6p0__l10p001,LOGIT,return_sortino_vs_bond,cash_allowed,345,1996-02-29,2024-10-31,0.056556221363033274,0.11286303588357639,0.5011049093289827,-0.3227901082559935,-0.11654600000000001,421.6179953553932,0.023999999999999997,0.288,6.000000000000001e-05,0.0007200000000000002,0.5437101449275362,0.38950724637681156,0.06678260869565217,1.0,1.0,0.0025,6.0,36.0,z_plus_zsmooth__LOGIT_return_sortino_vs_bond__cash_allowed__g1p0__tau1p0__c0p0025__phl6p0__l10p001,z_plus_zsmooth,0.001,0.0035,1.0,200,74,50,21,0.6051000000000001,0.39490000000000003,-8.604228440844963e-18,0.8048648648648649,0.11216216216216217,0.08297297297297296,0.098,0.9019999999999999,-9.992007221626408e-18,0.1,0.09523809523809523,0.8047619047619047
z_smooth_only,z_smooth_only__LOGIT_return_sortino_vs_bond__cash_allowed__g0p5__tau5p0__c0p0005__phl6p0__l10p001,LOGIT,return_sortino_vs_bond,cash_allowed,345,1996-02-29,2024-10-31,0.057750972054352326,0.11525913143538719,0.5010533337805585,-0.34384837917488265,-0.11695075,432.77007699123465,0.020753623188405797,0.24904347826086956,1.0376811594202898e-05,0.00012452173913043478,0.5310724637681159,0.41142028985507245,0.057507246376811594,0.5,5.0,0.0005,6.0,36.0,z_smooth_only__LOGIT_return_sortino_vs_bond__cash_allowed__g0p5__tau5p0__c0p0005__phl6p0__l10p001,z_smooth_only,0.001,0.0035,1.3599999999999999,172,101,48,24,0.6536046511627908,0.34639534883720935,0.0,0.6118811881188119,0.34930693069306934,0.03881188118811881,0.12333333333333334,0.8766666666666666,-1.1564823173178713e-18,0.12833333333333333,0.20833333333333334,0.6633333333333333
z_plus_zsmooth,z_plus_zsmooth__LOGIT_return_sortino_vs_bond__cash_allowed__g1p0__tau3p0__c0p0005__phl6p0__l10p0025,LOGIT,return_sortino_vs_bond,cash_allowed,345,1996-02-29,2024-10-31,0.05412891312675102,0.10810946351979613,0.5006861690405056,-0.3410191367130557,-0.11143818956441888,399.2644813630044,0.019072463768115944,0.22886956521739132,9.536231884057972e-06,0.00011443478260869566,0.48533333333333334,0.4547246376811594,0.05994202898550723,1.0,3.0,0.0005,6.0,36.0,z_plus_zsmooth__LOGIT_return_sortino_vs_bond__cash_allowed__g1p0__tau3p0__c0p0005__phl6p0__l10p0025,z_plus_zsmooth,0.0025,0.004,1.0,200,74,50,21,0.5417000000000001,0.4582999999999998,-9.714451465470119e-18,0.6967567567567567,0.22270270270270276,0.08054054054054052,0.09759999999999999,0.8968,0.005600000000000001,0.12666666666666668,0.18571428571428575,0.6876190476190478
z_smooth_only,z_smooth_only__LOGIT_return_sortino_vs_bond__cash_allowed__g0p5__tau1p0__c0p001__phl6p0__l10p0025,LOGIT,return_sortino_vs_bond,cash_allowed,345,1996-02-29,2024-10-31,0.057626450315221886,0.1152577432472213,0.49997899222802267,-0.34450855676770153,-0.11695075,431.2318220009612,0.020753623188405797,0.24904347826086956,2.0753623188405796e-05,0.00024904347826086955,0.5310724637681159,0.41142028985507245,0.057507246376811594,0.5,1.0,0.001,6.0,36.0,z_smooth_only__LOGIT_return_sortino_vs_bond__cash_allowed__g0p5__tau1p0__c0p001__phl6p0__l10p0025,z_smooth_only,0.0025,0.0035,1.3599999999999999,172,101,48,24,0.6536046511627908,0.34639534883720935,0.0,0.6118811881188119,0.34930693069306934,0.03881188118811881,0.12333333333333334,0.8766666666666666,-1.1564823173178713e-18,0.12833333333333333,0.20833333333333334,0.6633333333333333
z_smooth_only,z_smooth_only__LOGIT_return_sortino_vs_bond__cash_allowed__g0p5__tau3p0__c0p001__phl6p0__l10p0005,LOGIT,return_sortino_vs_bond,cash_allowed,345,1996-02-29,2024-10-31,0.057626450315221886,0.1152577432472213,0.49997899222802267,-0.34450855676770153,-0.11695075,431.2318220009612,0.020753623188405797,0.24904347826086956,2.0753623188405796e-05,0.00024904347826086955,0.5310724637681159,0.41142028985507245,0.057507246376811594,0.5,3.0,0.001,6.0,36.0,z_smooth_only__LOGIT_return_sortino_vs_bond__cash_allowed__g0p5__tau3p0__c0p001__phl6p0__l10p0005,z_smooth_only,0.0005,0.0035,1.3599999999999999,172,101,48,24,0.6536046511627908,0.34639534883720935,0.0,0.6118811881188119,0.34930693069306934,0.03881188118811881,0.12333333333333334,0.8766666666666666,-1.1564823173178713e-18,0.12833333333333333,0.20833333333333334,0.6633333333333333
z_smooth_only,z_smooth_only__RF_return_sortino_vs_bond__cash_allowed__g1p0__tau1p0__c0p0025__phl3p0__l10p0,RF,return_sortino_vs_bond,cash_allowed,345,1996-02-29,2024-10-31,0.048719511057421276,0.09747807691163107,0.4997996739470767,-0.2700305337947527,-0.10432841342947938,352.86337954881355,0.03698550724637681,0.4438260869565217,9.246376811594203e-05,0.0011095652173913043,0.4682898550724638,0.47431884057971013,0.05739130434782609,1.0,1.0,0.0025,3.0,36.0,z_smooth_only__RF_return_sortino_vs_bond__cash_allowed__g1p0__tau1p0__c0p0025__phl3p0__l10p0,z_smooth_only,0.0,0.0025,1.14,178,82,67,18,0.5637078651685393,0.4344943820224719,0.0017977528089887676,0.6848780487804877,0.2763414634146341,0.03878048780487805,0.055820895522388066,0.9337313432835821,0.01044776119402985,0.07333333333333333,0.060000000000000005,0.8666666666666667
z_plus_zsmooth,z_plus_zsmooth__LOGIT_return_sortino_vs_bond__cash_allowed__g1p0__tau3p0__c0p001__phl6p0__l10p001,LOGIT,return_sortino_vs_bond,cash_allowed,345,1996-02-29,2024-10-31,0.05401447834414232,0.10811326816476938,0.49961007803243795,-0.34111738696106386,-0.11143818956441888,397.9535665537111,0.019072463768115944,0.22886956521739132,1.9072463768115944e-05,0.00022886956521739132,0.48533333333333334,0.4547246376811594,0.05994202898550723,1.0,3.0,0.001,6.0,36.0,z_plus_zsmooth__LOGIT_return_sortino_vs_bond__cash_allowed__g1p0__tau3p0__c0p001__phl6p0__l10p001,z_plus_zsmooth,0.001,0.004,1.0,200,74,50,21,0.5417000000000001,0.4582999999999998,-9.714451465470119e-18,0.6967567567567567,0.22270270270270276,0.08054054054054052,0.09759999999999999,0.8968,0.005600000000000001,0.12666666666666668,0.18571428571428575,0.6876190476190478
z_smooth_only,z_smooth_only__LOGIT_return_sortino_vs_bond__cash_allowed__g0p25__tau5p0__c0p0005__phl6p0__l10p001,LOGIT,return_sortino_vs_bond,cash_allowed,345,1996-02-29,2024-10-31,0.05833761175177882,0.11681712024852228,0.49939265432728186,-0.36338663589539644,-0.11695075,437.810974210661,0.020753623188405797,0.24904347826086956,1.0376811594202898e-05,0.00012452173913043478,0.5377391304347826,0.4093913043478261,0.0528695652173913,0.25,5.0,0.0005,6.0,36.0,z_smooth_only__LOGIT_return_sortino_vs_bond__cash_allowed__g0p25__tau5p0__c0p0005__phl6p0__l10p001,z_smooth_only,0.001,0.0035,1.88,172,101,48,24,0.6573255813953488,0.3426744186046512,-3.2273925134452225e-19,0.6152475247524752,0.35207920792079206,0.032673267326732675,0.13041666666666665,0.8695833333333334,-2.3129646346357427e-18,0.1691666666666667,0.20833333333333334,0.6224999999999999
z_smooth_only,z_smooth_only__LOGIT_return_sortino_vs_bond__cash_allowed__g0p25__tau1p0__c0p001__phl6p0__l10p0025,LOGIT,return_sortino_vs_bond,cash_allowed,345,1996-02-29,2024-10-31,0.058213090012648384,0.11681979672516409,0.49831528255098156,-0.3640134574167311,-0.11695075,436.2494122256297,0.020753623188405797,0.24904347826086956,2.0753623188405796e-05,0.00024904347826086955,0.5377391304347826,0.4093913043478261,0.0528695652173913,0.25,1.0,0.001,6.0,36.0,z_smooth_only__LOGIT_return_sortino_vs_bond__cash_allowed__g0p25__tau1p0__c0p001__phl6p0__l10p0025,z_smooth_only,0.0025,0.0035,1.88,172,101,48,24,0.6573255813953488,0.3426744186046512,-3.2273925134452225e-19,0.6152475247524752,0.35207920792079206,0.032673267326732675,0.13041666666666665,0.8695833333333334,-2.3129646346357427e-18,0.1691666666666667,0.20833333333333334,0.6224999999999999
z_smooth_only,z_smooth_only__LOGIT_return_sortino_vs_bond__cash_allowed__g0p25__tau3p0__c0p001__phl6p0__l10p0005,LOGIT,return_sortino_vs_bond,cash_allowed,345,1996-02-29,2024-10-31,0.058213090012648384,0.11681979672516409,0.49831528255098156,-0.3640134574167311,-0.11695075,436.2494122256297,0.020753623188405797,0.24904347826086956,2.0753623188405796e-05,0.00024904347826086955,0.5377391304347826,0.4093913043478261,0.0528695652173913,0.25,3.0,0.001,6.0,36.0,z_smooth_only__LOGIT_return_sortino_vs_bond__cash_allowed__g0p25__tau3p0__c0p001__phl6p0__l10p0005,z_smooth_only,0.0005,0.0035,1.88,172,101,48,24,0.6573255813953488,0.3426744186046512,-3.2273925134452225e-19,0.6152475247524752,0.35207920792079206,0.032673267326732675,0.13041666666666665,0.8695833333333334,-2.3129646346357427e-18,0.1691666666666667,0.20833333333333334,0.6224999999999999
z_plus_zsmooth,z_plus_zsmooth__RF_return_sortino_vs_bond__cash_allowed__g1p0__tau5p0__c0p0005__phl0p0__l10p001,RF,return_sortino_vs_bond,cash_allowed,345,1996-02-29,2024-10-31,0.042436387755885624,0.08535585941757819,0.4971701772490885,-0.2582695075329219,-0.09932754772427305,304.2328721596985,0.043246376811594205,0.5189565217391304,2.16231884057971e-05,0.0002594782608695652,0.3834202898550725,0.5634202898550724,0.05315942028985508,1.0,5.0,0.0005,0.0,36.0,z_plus_zsmooth__RF_return_sortino_vs_bond__cash_allowed__g1p0__tau5p0__c0p0005__phl0p0__l10p001,z_plus_zsmooth,0.001,0.0035,1.08,165,83,72,25,0.4592727272727273,0.5374545454545455,0.003272727272727287,0.5542168674698795,0.4332530120481929,0.012530120481927727,0.11,0.8025,0.0875,0.1032,0.47839999999999994,0.41840000000000005
z_smooth_only,z_smooth_only__LOGIT_return_sortino_vs_bond__cash_allowed__g0p5__tau1p0__c0p0005__phl6p0__l10p0025,LOGIT,return_sortino_vs_bond,cash_allowed,345,1996-02-29,2024-10-31,0.057682827545840684,0.11608324722764474,0.4969091485933533,-0.3024198792889873,-0.11654600000000001,430.77423634878426,0.028405797101449276,0.3408695652173913,1.4202898550724638e-05,0.00017043478260869564,0.5839420289855072,0.3587246376811594,0.05733333333333333,0.5,1.0,0.0005,6.0,36.0,z_smooth_only__LOGIT_return_sortino_vs_bond__cash_allowed__g0p5__tau1p0__c0p0005__phl6p0__l10p0025,z_smooth_only,0.0025,0.003,1.2799999999999998,172,101,48,24,0.6855813953488372,0.3144186046511628,-1.6136962567226112e-18,0.7336633663366338,0.2346534653465346,0.031683168316831684,0.14625000000000002,0.8537500000000001,-1.734723475976807e-18,0.10083333333333334,0.20833333333333334,0.6908333333333333
z_smooth_only,z_smooth_only__LOGIT_return_sortino_vs_bond__cash_allowed__g0p5__tau5p0__c0p0005__phl6p0__l10p0005,LOGIT,return_sortino_vs_bond,cash_allowed,345,1996-02-29,2024-10-31,0.057682827545840684,0.11608324722764474,0.4969091485933533,-0.3024198792889873,-0.11654600000000001,430.77423634878426,0.028405797101449276,0.3408695652173913,1.4202898550724638e-05,0.00017043478260869564,0.5839420289855072,0.3587246376811594,0.05733333333333333,0.5,5.0,0.0005,6.0,36.0,z_smooth_only__LOGIT_return_sortino_vs_bond__cash_allowed__g0p5__tau5p0__c0p0005__phl6p0__l10p0005,z_smooth_only,0.0005,0.003,1.2799999999999998,172,101,48,24,0.6855813953488372,0.3144186046511628,-1.6136962567226112e-18,0.7336633663366338,0.2346534653465346,0.031683168316831684,0.14625000000000002,0.8537500000000001,-1.734723475976807e-18,0.10083333333333334,0.20833333333333334,0.6908333333333333
z_plus_zsmooth,z_plus_zsmooth__RF_return_sortino_vs_bond__cash_allowed__g0p25__tau1p0__c0p0025__phl0p0__l10p001,RF,return_sortino_vs_bond,cash_allowed,345,1996-02-29,2024-10-31,0.04875178714996685,0.09813424970045216,0.49678667028869344,-0.2700305337947527,-0.1048285,352.4648320839707,0.06086956521739131,0.7304347826086957,0.00015217391304347827,0.0018260869565217392,0.5620869565217391,0.36434782608695654,0.07356521739130434,0.25,1.0,0.0025,0.0,36.0,z_plus_zsmooth__RF_return_sortino_vs_bond__cash_allowed__g0p25__tau1p0__c0p0025__phl0p0__l10p001,z_plus_zsmooth,0.001,0.0035,2.0,165,83,72,25,0.6272727272727273,0.3666666666666667,0.006060606060606062,0.8966265060240964,0.09132530120481928,0.012048192771084338,0.15805555555555553,0.7447222222222223,0.09722222222222222,0.1848,0.16,0.6552000000000001
z_smooth_only,z_smooth_only__LOGIT_return_sortino_vs_bond__cash_allowed__g0p5__tau1p0__c0p0025__phl6p0__l10p001,LOGIT,return_sortino_vs_bond,cash_allowed,345,1996-02-29,2024-10-31,0.057252885097830594,0.11525590206230461,0.49674579846575695,-0.346487259076784,-0.11695075,426.64644942717615,0.020753623188405797,0.24904347826086956,5.188405797101449e-05,0.0006226086956521739,0.5310724637681159,0.41142028985507245,0.057507246376811594,0.5,1.0,0.0025,6.0,36.0,z_smooth_only__LOGIT_return_sortino_vs_bond__cash_allowed__g0p5__tau1p0__c0p0025__phl6p0__l10p001,z_smooth_only,0.001,0.0035,1.3599999999999999,172,101,48,24,0.6536046511627908,0.34639534883720935,0.0,0.6118811881188119,0.34930693069306934,0.03881188118811881,0.12333333333333334,0.8766666666666666,-1.1564823173178713e-18,0.12833333333333333,0.20833333333333334,0.6633333333333333
z_plus_zsmooth,z_plus_zsmooth__LOGIT_return_sortino_vs_bond__cash_allowed__g0p5__tau3p0__c0p0005__phl6p0__l10p0025,LOGIT,return_sortino_vs_bond,cash_allowed,345,1996-02-29,2024-10-31,0.05732543775192099,0.1156406476661025,0.49572048331518176,-0.3575296978897736,-0.11695075,426.9212685536389,0.020289855072463767,0.2434782608695652,1.0144927536231884e-05,0.0001217391304347826,0.5311304347826087,0.40973913043478266,0.05913043478260869,0.5,3.0,0.0005,6.0,36.0,z_plus_zsmooth__LOGIT_return_sortino_vs_bond__cash_allowed__g0p5__tau3p0__c0p0005__phl6p0__l10p0025,z_plus_zsmooth,0.0025,0.004,1.0,200,74,50,21,0.5779,0.42210000000000003,0.0,0.7751351351351351,0.1518918918918919,0.07297297297297298,0.126,0.8740000000000001,2.220446049250313e-18,0.19047619047619047,0.09523809523809523,0.7142857142857143
z_smooth_only,z_smooth_only__LOGIT_return_sortino_vs_bond__cash_allowed__g0p5__tau3p0__c0p001__phl6p0__l10p0,LOGIT,return_sortino_vs_bond,cash_allowed,345,1996-02-29,2024-10-31,0.057512392763232,0.11609338997643855,0.49539765162257976,-0.30312598474827734,-0.11654600000000001,428.6632037990136,0.028405797101449276,0.3408695652173913,2.8405797101449275e-05,0.0003408695652173913,0.5839420289855072,0.3587246376811594,0.05733333333333333,0.5,3.0,0.001,6.0,36.0,z_smooth_only__LOGIT_return_sortino_vs_bond__cash_allowed__g0p5__tau3p0__c0p001__phl6p0__l10p0,z_smooth_only,0.0,0.003,1.2799999999999998,172,101,48,24,0.6855813953488372,0.3144186046511628,-1.6136962567226112e-18,0.7336633663366338,0.2346534653465346,0.031683168316831684,0.14625000000000002,0.8537500000000001,-1.734723475976807e-18,0.10083333333333334,0.20833333333333334,0.6908333333333333
z_smooth_only,z_smooth_only__LOGIT_return_sortino_vs_bond__cash_allowed__g0p25__tau1p0__c0p0025__phl6p0__l10p001,LOGIT,return_sortino_vs_bond,cash_allowed,345,1996-02-29,2024-10-31,0.057839524795257086,0.11683147412417602,0.49506800482361035,-0.3658934918926807,-0.11695075,431.59268464872855,0.020753623188405797,0.24904347826086956,5.188405797101449e-05,0.0006226086956521739,0.5377391304347826,0.4093913043478261,0.0528695652173913,0.25,1.0,0.0025,6.0,36.0,z_smooth_only__LOGIT_return_sortino_vs_bond__cash_allowed__g0p25__tau1p0__c0p0025__phl6p0__l10p001,z_smooth_only,0.001,0.0035,1.88,172,101,48,24,0.6573255813953488,0.3426744186046512,-3.2273925134452225e-19,0.6152475247524752,0.35207920792079206,0.032673267326732675,0.13041666666666665,0.8695833333333334,-2.3129646346357427e-18,0.1691666666666667,0.20833333333333334,0.6224999999999999
z_plus_zsmooth,z_plus_zsmooth__RF_return_sortino_vs_bond__cash_allowed__g1p0__tau3p0__c0p0005__phl3p0__l10p0005,RF,return_sortino_vs_bond,cash_allowed,345,1996-02-29,2024-10-31,0.04841701947020139,0.09781901369408727,0.494965320562499,-0.26789216538351057,-0.10457845671473968,349.3727509031017,0.04533333333333334,0.544,2.2666666666666668e-05,0.000272,0.5122318840579709,0.4317681159420289,0.05600000000000001,1.0,3.0,0.0005,3.0,36.0,z_plus_zsmooth__RF_return_sortino_vs_bond__cash_allowed__g1p0__tau3p0__c0p0005__phl3p0__l10p0005,z_plus_zsmooth,0.0005,0.002,1.0,190,72,66,17,0.6294736842105262,0.3696842105263159,0.000842105263157905,0.7425,0.2152777777777778,0.042222222222222244,0.04727272727272727,0.9527272727272726,0.0,0.031764705882352945,0.02,0.9482352941176471
z_plus_zsmooth,z_plus_zsmooth__LOGIT_return_sortino_vs_bond__cash_allowed__g0p5__tau3p0__c0p001__phl6p0__l10p001,LOGIT,return_sortino_vs_bond,cash_allowed,345,1996-02-29,2024-10-31,0.05720369862148621,0.11563148799629153,0.4947069315870155,-0.35752969788977385,-0.11695075,425.4490628048364,0.020289855072463767,0.2434782608695652,2.0289855072463767e-05,0.0002434782608695652,0.5311304347826087,0.40973913043478266,0.05913043478260869,0.5,3.0,0.001,6.0,36.0,z_plus_zsmooth__LOGIT_return_sortino_vs_bond__cash_allowed__g0p5__tau3p0__c0p001__phl6p0__l10p001,z_plus_zsmooth,0.001,0.004,1.0,200,74,50,21,0.5779,0.42210000000000003,0.0,0.7751351351351351,0.1518918918918919,0.07297297297297298,0.126,0.8740000000000001,2.220446049250313e-18,0.19047619047619047,0.09523809523809523,0.7142857142857143
z_plus_zsmooth,z_plus_zsmooth__RF_return_sortino_vs_bond__cash_allowed__g1p0__tau1p0__c0p001__phl0p0__l10p0025,RF,return_sortino_vs_bond,cash_allowed,345,1996-02-29,2024-10-31,0.04217690949501606,0.08535536234410786,0.49413309646535125,-0.25844189283186114,-0.09932754772427305,301.97937018871147,0.043246376811594205,0.5189565217391304,4.32463768115942e-05,0.0005189565217391304,0.3834202898550725,0.5634202898550724,0.05315942028985508,1.0,1.0,0.001,0.0,36.0,z_plus_zsmooth__RF_return_sortino_vs_bond__cash_allowed__g1p0__tau1p0__c0p001__phl0p0__l10p0025,z_plus_zsmooth,0.0025,0.0035,1.08,165,83,72,25,0.4592727272727273,0.5374545454545455,0.003272727272727287,0.5542168674698795,0.4332530120481929,0.012530120481927727,0.11,0.8025,0.0875,0.1032,0.47839999999999994,0.41840000000000005
z_plus_zsmooth,z_plus_zsmooth__RF_return_sortino_vs_bond__cash_allowed__g1p0__tau3p0__c0p001__phl0p0__l10p0005,RF,return_sortino_vs_bond,cash_allowed,345,1996-02-29,2024-10-31,0.04217690949501606,0.08535536234410786,0.49413309646535125,-0.25844189283186114,-0.09932754772427305,301.97937018871147,0.043246376811594205,0.5189565217391304,4.32463768115942e-05,0.0005189565217391304,0.3834202898550725,0.5634202898550724,0.05315942028985508,1.0,3.0,0.001,0.0,36.0,z_plus_zsmooth__RF_return_sortino_vs_bond__cash_allowed__g1p0__tau3p0__c0p001__phl0p0__l10p0005,z_plus_zsmooth,0.0005,0.0035,1.08,165,83,72,25,0.4592727272727273,0.5374545454545455,0.003272727272727287,0.5542168674698795,0.4332530120481929,0.012530120481927727,0.11,0.8025,0.0875,0.1032,0.47839999999999994,0.41840000000000005
z_plus_zsmooth,z_plus_zsmooth__RF_return_sortino_vs_bond__cash_allowed__g0p5__tau5p0__c0p0005__phl0p0__l10p001,RF,return_sortino_vs_bond,cash_allowed,345,1996-02-29,2024-10-31,0.04583316615958731,0.09285384929572366,0.49360545100953757,-0.2700305337947526,-0.1048285,328.8981121307325,0.058318840579710145,0.6998260869565217,2.9159420289855076e-05,0.0003499130434782609,0.48562318840579716,0.4357101449275363,0.07866666666666666,0.5,5.0,0.0005,0.0,36.0,z_plus_zsmooth__RF_return_sortino_vs_bond__cash_allowed__g0p5__tau5p0__c0p0005__phl0p0__l10p001,z_plus_zsmooth,0.001,0.0035,1.56,165,83,72,25,0.5492121212121213,0.4447272727272727,0.006060606060606056,0.7626506024096386,0.21951807228915662,0.017831325301204803,0.14277777777777778,0.76,0.09722222222222222,0.13360000000000002,0.16,0.7064
z_plus_zsmooth,z_plus_zsmooth__RF_return_sortino_vs_bond__cash_allowed__g1p0__tau1p0__c0p001__phl3p0__l10p001,RF,return_sortino_vs_bond,cash_allowed,345,1996-02-29,2024-10-31,0.04814501947020138,0.09781476905955487,0.49220603323091333,-0.2679235081651361,-0.10457845671473968,346.66486508327245,0.04533333333333334,0.544,4.5333333333333335e-05,0.000544,0.5122318840579709,0.4317681159420289,0.05600000000000001,1.0,1.0,0.001,3.0,36.0,z_plus_zsmooth__RF_return_sortino_vs_bond__cash_allowed__g1p0__tau1p0__c0p001__phl3p0__l10p001,z_plus_zsmooth,0.001,0.002,1.0,190,72,66,17,0.6294736842105262,0.3696842105263159,0.000842105263157905,0.7425,0.2152777777777778,0.042222222222222244,0.04727272727272727,0.9527272727272726,0.0,0.031764705882352945,0.02,0.9482352941176471
z_smooth_only,z_smooth_only__LOGIT_return_sortino_vs_bond__cash_allowed__g1p0__tau1p0__c0p0025__phl0p0__l10p0025,LOGIT,return_sortino_vs_bond,cash_allowed,345,1996-02-29,2024-10-31,0.046899274196859395,0.09533653848786768,0.4919338895740136,-0.23652450876087916,-0.10785718917700354,336.78691563048193,0.06771014492753626,0.8125217391304351,0.00016927536231884057,0.0020313043478260868,0.4736231884057971,0.42550724637681164,0.1008695652173913,1.0,1.0,0.0025,0.0,36.0,z_smooth_only__LOGIT_return_sortino_vs_bond__cash_allowed__g1p0__tau1p0__c0p0025__phl0p0__l10p0025,z_smooth_only,0.0025,0.005,1.88,149,107,55,34,0.5414765100671142,0.42590604026845635,0.032617449664429525,0.730841121495327,0.24411214953271027,0.025046728971962615,0.04036363636363636,0.842181818181818,0.11745454545454544,0.06764705882352942,0.3205882352941177,0.611764705882353
z_smooth_only,z_smooth_only__LOGIT_return_sortino_vs_bond__cash_allowed__g0p5__tau1p0__c0p0025__phl6p0__l10p0005,LOGIT,return_sortino_vs_bond,cash_allowed,345,1996-02-29,2024-10-31,0.05700108841540591,0.11612670718623613,0.4908525333796938,-0.30524204358571183,-0.11654600000000001,422.38770953118393,0.028405797101449276,0.3408695652173913,7.101449275362319e-05,0.0008521739130434783,0.5839420289855072,0.3587246376811594,0.05733333333333333,0.5,1.0,0.0025,6.0,36.0,z_smooth_only__LOGIT_return_sortino_vs_bond__cash_allowed__g0p5__tau1p0__c0p0025__phl6p0__l10p0005,z_smooth_only,0.0005,0.003,1.2799999999999998,172,101,48,24,0.6855813953488372,0.3144186046511628,-1.6136962567226112e-18,0.7336633663366338,0.2346534653465346,0.031683168316831684,0.14625000000000002,0.8537500000000001,-1.734723475976807e-18,0.10083333333333334,0.20833333333333334,0.6908333333333333
z_smooth_only,z_smooth_only__RF_return_sortino_vs_bond__cash_allowed__g0p5__tau1p0__c0p0005__phl6p0__l10p001,RF,return_sortino_vs_bond,cash_allowed,345,1996-02-29,2024-10-31,0.05819218872467967,0.11868978230223487,0.4902881073325882,-0.2700305337947526,-0.11695075,433.24849685329457,0.044173913043478265,0.5300869565217392,2.208695652173913e-05,0.00026504347826086956,0.6384927536231885,0.3160579710144928,0.04544927536231883,0.5,1.0,0.0005,6.0,36.0,z_smooth_only__RF_return_sortino_vs_bond__cash_allowed__g0p5__tau1p0__c0p0005__phl6p0__l10p001,z_smooth_only,0.001,0.0015,1.12,198,67,65,15,0.7612121212121212,0.23878787878787877,-1.1705002848005122e-17,0.9635820895522388,0.0008955223880597015,0.03552238805970149,0.05076923076923077,0.9492307692307693,-3.843079700625542e-18,0.11333333333333334,0.0,0.8866666666666667
z_smooth_only,z_smooth_only__RF_return_sortino_vs_bond__cash_allowed__g0p5__tau3p0__c0p0005__phl6p0__l10p0,RF,return_sortino_vs_bond,cash_allowed,345,1996-02-29,2024-10-31,0.05819218872467967,0.11868978230223487,0.4902881073325882,-0.2700305337947526,-0.11695075,433.24849685329457,0.044173913043478265,0.5300869565217392,2.208695652173913e-05,0.00026504347826086956,0.6384927536231885,0.3160579710144928,0.04544927536231883,0.5,3.0,0.0005,6.0,36.0,z_smooth_only__RF_return_sortino_vs_bond__cash_allowed__g0p5__tau3p0__c0p0005__phl6p0__l10p0,z_smooth_only,0.0,0.0015,1.12,198,67,65,15,0.7612121212121212,0.23878787878787877,-1.1705002848005122e-17,0.9635820895522388,0.0008955223880597015,0.03552238805970149,0.05076923076923077,0.9492307692307693,-3.843079700625542e-18,0.11333333333333334,0.0,0.8866666666666667
z_plus_zsmooth,z_plus_zsmooth__RF_return_sortino_vs_bond__cash_allowed__g0p5__tau1p0__c0p001__phl0p0__l10p0025,RF,return_sortino_vs_bond,cash_allowed,345,1996-02-29,2024-10-31,0.045483253116109054,0.09285129521336657,0.4898504970942121,-0.27003053379475284,-0.1048285,325.6197095934877,0.058318840579710145,0.6998260869565217,5.831884057971015e-05,0.0006998260869565218,0.48562318840579716,0.4357101449275363,0.07866666666666666,0.5,1.0,0.001,0.0,36.0,z_plus_zsmooth__RF_return_sortino_vs_bond__cash_allowed__g0p5__tau1p0__c0p001__phl0p0__l10p0025,z_plus_zsmooth,0.0025,0.0035,1.56,165,83,72,25,0.5492121212121213,0.4447272727272727,0.006060606060606056,0.7626506024096386,0.21951807228915662,0.017831325301204803,0.14277777777777778,0.76,0.09722222222222222,0.13360000000000002,0.16,0.7064
z_plus_zsmooth,z_plus_zsmooth__RF_return_sortino_vs_bond__cash_allowed__g0p5__tau3p0__c0p001__phl0p0__l10p0005,RF,return_sortino_vs_bond,cash_allowed,345,1996-02-29,2024-10-31,0.045483253116109054,0.09285129521336657,0.4898504970942121,-0.27003053379475284,-0.1048285,325.6197095934877,0.058318840579710145,0.6998260869565217,5.831884057971015e-05,0.0006998260869565218,0.48562318840579716,0.4357101449275363,0.07866666666666666,0.5,3.0,0.001,0.0,36.0,z_plus_zsmooth__RF_return_sortino_vs_bond__cash_allowed__g0p5__tau3p0__c0p001__phl0p0__l10p0005,z_plus_zsmooth,0.0005,0.0035,1.56,165,83,72,25,0.5492121212121213,0.4447272727272727,0.006060606060606056,0.7626506024096386,0.21951807228915662,0.017831325301204803,0.14277777777777778,0.76,0.09722222222222222,0.13360000000000002,0.16,0.7064
z_smooth_only,z_smooth_only__LOGIT_return_sortino_vs_bond__cash_allowed__g0p5__tau3p0__c0p0005__phl6p0__l10p0025,LOGIT,return_sortino_vs_bond,cash_allowed,345,1996-02-29,2024-10-31,0.05669424663444193,0.11581460051218381,0.48952590073889385,-0.3575296978897736,-0.11695075,419.0500231374286,0.020289855072463767,0.2434782608695652,1.0144927536231884e-05,0.0001217391304347826,0.5271884057971015,0.41460869565217395,0.058202898550724635,0.5,3.0,0.0005,6.0,36.0,z_smooth_only__LOGIT_return_sortino_vs_bond__cash_allowed__g0p5__tau3p0__c0p0005__phl6p0__l10p0025,z_smooth_only,0.0025,0.004,1.0,172,101,48,24,0.6459302325581395,0.3540697674418605,0.0,0.5906930693069307,0.3637623762376238,0.04554455445544554,0.15416666666666667,0.8416666666666667,0.004166666666666665,0.155,0.20833333333333334,0.6366666666666667
z_smooth_only,z_smooth_only__RF_return_sortino_vs_bond__cash_allowed__g0p25__tau3p0__c0p0005__phl6p0__l10p001,RF,return_sortino_vs_bond,cash_allowed,345,1996-02-29,2024-10-31,0.06006308451412751,0.12280897945388379,0.48907730347748635,-0.3966796339865508,-0.11695075,450.4746415108253,0.029333333333333336,0.35200000000000004,1.4666666666666668e-05,0.00017600000000000002,0.6440579710144927,0.33466666666666667,0.021275362318840578,0.25,3.0,0.0005,6.0,36.0,z_smooth_only__RF_return_sortino_vs_bond__cash_allowed__g0p25__tau3p0__c0p0005__phl6p0__l10p001,z_smooth_only,0.001,0.0025,1.4,198,67,65,15,0.6984848484848486,0.3015151515151515,-4.731064025391292e-19,0.846865671641791,0.12417910447761195,0.028955223880597018,0.2701538461538462,0.7298461538461538,-1.708035422500241e-18,0.64,0.0,0.36000000000000004
z_smooth_only,z_smooth_only__RF_return_sortino_vs_bond__cash_allowed__g0p25__tau5p0__c0p0005__phl6p0__l10p0,RF,return_sortino_vs_bond,cash_allowed,345,1996-02-29,2024-10-31,0.06006308451412751,0.12280897945388379,0.48907730347748635,-0.3966796339865508,-0.11695075,450.4746415108253,0.029333333333333336,0.35200000000000004,1.4666666666666668e-05,0.00017600000000000002,0.6440579710144927,0.33466666666666667,0.021275362318840578,0.25,5.0,0.0005,6.0,36.0,z_smooth_only__RF_return_sortino_vs_bond__cash_allowed__g0p25__tau5p0__c0p0005__phl6p0__l10p0,z_smooth_only,0.0,0.0025,1.4,198,67,65,15,0.6984848484848486,0.3015151515151515,-4.731064025391292e-19,0.846865671641791,0.12417910447761195,0.028955223880597018,0.2701538461538462,0.7298461538461538,-1.708035422500241e-18,0.64,0.0,0.36000000000000004
z_smooth_only,z_smooth_only__LOGIT_return_sortino_vs_bond__cash_allowed__g0p5__tau3p0__c0p001__phl6p0__l10p001,LOGIT,return_sortino_vs_bond,cash_allowed,345,1996-02-29,2024-10-31,0.05657250750400715,0.11580615671565106,0.48851036169790646,-0.35752969788977385,-0.11695075,417.6040258516795,0.020289855072463767,0.2434782608695652,2.0289855072463767e-05,0.0002434782608695652,0.5271884057971015,0.41460869565217395,0.058202898550724635,0.5,3.0,0.001,6.0,36.0,z_smooth_only__LOGIT_return_sortino_vs_bond__cash_allowed__g0p5__tau3p0__c0p001__phl6p0__l10p001,z_smooth_only,0.001,0.004,1.0,172,101,48,24,0.6459302325581395,0.3540697674418605,0.0,0.5906930693069307,0.3637623762376238,0.04554455445544554,0.15416666666666667,0.8416666666666667,0.004166666666666665,0.155,0.20833333333333334,0.6366666666666667
z_smooth_only,z_smooth_only__RF_return_sortino_vs_bond__cash_allowed__g0p5__tau1p0__c0p001__phl6p0__l10p0005,RF,return_sortino_vs_bond,cash_allowed,345,1996-02-29,2024-10-31,0.0579271452464188,0.11870079849489736,0.4880097352412413,-0.27003053379475284,-0.11695075,429.95789747541113,0.044173913043478265,0.5300869565217392,4.417391304347826e-05,0.0005300869565217391,0.6384927536231885,0.3160579710144928,0.04544927536231883,0.5,1.0,0.001,6.0,36.0,z_smooth_only__RF_return_sortino_vs_bond__cash_allowed__g0p5__tau1p0__c0p001__phl6p0__l10p0005,z_smooth_only,0.0005,0.0015,1.12,198,67,65,15,0.7612121212121212,0.23878787878787877,-1.1705002848005122e-17,0.9635820895522388,0.0008955223880597015,0.03552238805970149,0.05076923076923077,0.9492307692307693,-3.843079700625542e-18,0.11333333333333334,0.0,0.8866666666666667
z_plus_zsmooth,z_plus_zsmooth__RF_return_sortino_vs_bond__cash_allowed__g0p25__tau3p0__c0p0005__phl6p0__l10p0005,RF,return_sortino_vs_bond,cash_allowed,345,1996-02-29,2024-10-31,0.05950195433429037,0.12229294923450536,0.4865526157210517,-0.3636371296451948,-0.11695075,444.07966352412336,0.03628985507246377,0.4354782608695652,1.8144927536231883e-05,0.0002177391304347826,0.649913043478261,0.3264347826086957,0.023652173913043473,0.25,3.0,0.0005,6.0,36.0,z_plus_zsmooth__RF_return_sortino_vs_bond__cash_allowed__g0p25__tau3p0__c0p0005__phl6p0__l10p0005,z_plus_zsmooth,0.0005,0.002,1.6,215,55,60,15,0.7112558139534885,0.28874418604651164,5.163828021512356e-19,0.9647272727272728,0.010545454545454547,0.024727272727272726,0.1673333333333334,0.8326666666666667,-2.7755575615628915e-18,0.5466666666666667,0.0,0.4533333333333332
z_plus_zsmooth,z_plus_zsmooth__RF_return_sortino_vs_bond__cash_allowed__g1p0__tau3p0__c0p0005__phl3p0__l10p001,RF,return_sortino_vs_bond,cash_allowed,345,1996-02-29,2024-10-31,0.04512728033461346,0.09304625504693145,0.484998351753671,-0.2700305337947526,-0.10057776415057462,322.2843618593599,0.03211594202898551,0.3853913043478261,1.6057971014492752e-05,0.00019269565217391302,0.4201739130434783,0.5408695652173914,0.038956521739130424,1.0,3.0,0.0005,3.0,36.0,z_plus_zsmooth__RF_return_sortino_vs_bond__cash_allowed__g1p0__tau3p0__c0p0005__phl3p0__l10p001,z_plus_zsmooth,0.001,0.0025,1.0,190,72,66,17,0.5189473684210525,0.47989473684210543,0.001157894736842096,0.5605555555555556,0.4177777777777778,0.021666666666666622,0.0796969696969697,0.9024242424242425,0.017878787878787876,0.04352941176470588,0.34,0.616470588235294
z_plus_zsmooth,z_plus_zsmooth__RF_return_sortino_vs_bond__cash_allowed__g1p0__tau5p0__c0p0005__phl3p0__l10p0,RF,return_sortino_vs_bond,cash_allowed,345,1996-02-29,2024-10-31,0.04512728033461346,0.09304625504693145,0.484998351753671,-0.2700305337947526,-0.10057776415057462,322.2843618593599,0.03211594202898551,0.3853913043478261,1.6057971014492752e-05,0.00019269565217391302,0.4201739130434783,0.5408695652173914,0.038956521739130424,1.0,5.0,0.0005,3.0,36.0,z_plus_zsmooth__RF_return_sortino_vs_bond__cash_allowed__g1p0__tau5p0__c0p0005__phl3p0__l10p0,z_plus_zsmooth,0.0,0.0025,1.0,190,72,66,17,0.5189473684210525,0.47989473684210543,0.001157894736842096,0.5605555555555556,0.4177777777777778,0.021666666666666622,0.0796969696969697,0.9024242424242425,0.017878787878787876,0.04352941176470588,0.34,0.616470588235294
z_plus_zsmooth,z_plus_zsmooth__RF_return_sortino_vs_bond__cash_allowed__g1p0__tau1p0__c0p0025__phl0p0__l10p001,RF,return_sortino_vs_bond,cash_allowed,345,1996-02-29,2024-10-31,0.04139847471240736,0.08535911342064201,0.4849918544537759,-0.25895904872867836,-0.09932754772427305,295.3144916996577,0.043246376811594205,0.5189565217391304,0.0001081159420289855,0.001297391304347826,0.3834202898550725,0.5634202898550724,0.05315942028985508,1.0,1.0,0.0025,0.0,36.0,z_plus_zsmooth__RF_return_sortino_vs_bond__cash_allowed__g1p0__tau1p0__c0p0025__phl0p0__l10p001,z_plus_zsmooth,0.001,0.0035,1.08,165,83,72,25,0.4592727272727273,0.5374545454545455,0.003272727272727287,0.5542168674698795,0.4332530120481929,0.012530120481927727,0.11,0.8025,0.0875,0.1032,0.47839999999999994,0.41840000000000005
z_plus_zsmooth,z_plus_zsmooth__RF_return_sortino_vs_bond__cash_allowed__g0p25__tau1p0__c0p001__phl6p0__l10p001,RF,return_sortino_vs_bond,cash_allowed,345,1996-02-29,2024-10-31,0.059284215203855586,0.12229556565030007,0.48476177274797305,-0.3642667320895976,-0.11695075,441.3168019636255,0.03628985507246377,0.4354782608695652,3.628985507246377e-05,0.0004354782608695652,0.649913043478261,0.3264347826086957,0.023652173913043473,0.25,1.0,0.001,6.0,36.0,z_plus_zsmooth__RF_return_sortino_vs_bond__cash_allowed__g0p25__tau1p0__c0p001__phl6p0__l10p001,z_plus_zsmooth,0.001,0.002,1.6,215,55,60,15,0.7112558139534885,0.28874418604651164,5.163828021512356e-19,0.9647272727272728,0.010545454545454547,0.024727272727272726,0.1673333333333334,0.8326666666666667,-2.7755575615628915e-18,0.5466666666666667,0.0,0.4533333333333332
z_smooth_only,z_smooth_only__RF_return_sortino_vs_bond__cash_allowed__g0p5__tau1p0__c0p0005__phl6p0__l10p0,RF,return_sortino_vs_bond,cash_allowed,345,1996-02-29,2024-10-31,0.05466993415696643,0.11297117347015011,0.48392817811538114,-0.2700305337947526,-0.10879025,399.0937489339943,0.05507246376811594,0.6608695652173913,2.753623188405797e-05,0.0003304347826086956,0.6575652173913044,0.2957101449275362,0.04672463768115942,0.5,1.0,0.0005,6.0,36.0,z_smooth_only__RF_return_sortino_vs_bond__cash_allowed__g0p5__tau1p0__c0p0005__phl6p0__l10p0,z_smooth_only,0.0,0.0005,1.3199999999999998,198,67,65,15,0.8122222222222222,0.18777777777777777,4.380614838325271e-19,0.9770149253731345,0.0,0.02298507462686567,0.0024615384615384616,0.9975384615384616,0.0,0.028,0.0,0.972
z_smooth_only,z_smooth_only__RF_return_sortino_vs_bond__cash_allowed__g0p25__tau1p0__c0p0025__phl6p0__l10p0,RF,return_sortino_vs_bond,cash_allowed,345,1996-02-29,2024-10-31,0.05935908451412751,0.12284195709757809,0.48321506687634663,-0.4039418272019414,-0.11695075,441.43747956657637,0.029333333333333336,0.35200000000000004,7.333333333333333e-05,0.0008799999999999999,0.6440579710144927,0.33466666666666667,0.021275362318840578,0.25,1.0,0.0025,6.0,36.0,z_smooth_only__RF_return_sortino_vs_bond__cash_allowed__g0p25__tau1p0__c0p0025__phl6p0__l10p0,z_smooth_only,0.0,0.0025,1.4,198,67,65,15,0.6984848484848486,0.3015151515151515,-4.731064025391292e-19,0.846865671641791,0.12417910447761195,0.028955223880597018,0.2701538461538462,0.7298461538461538,-1.708035422500241e-18,0.64,0.0,0.36000000000000004
z_smooth_only,z_smooth_only__RF_return_sortino_vs_bond__cash_allowed__g0p25__tau1p0__c0p0005__phl6p0__l10p0,RF,return_sortino_vs_bond,cash_allowed,345,1996-02-29,2024-10-31,0.05698894798731533,0.1180171460382527,0.48288702023724245,-0.2700305337947526,-0.11695075,419.18619750221933,0.05507246376811594,0.6608695652173913,2.753623188405797e-05,0.0003304347826086956,0.6884057971014492,0.26910144927536234,0.042492753623188405,0.25,1.0,0.0005,6.0,36.0,z_smooth_only__RF_return_sortino_vs_bond__cash_allowed__g0p25__tau1p0__c0p0005__phl6p0__l10p0,z_smooth_only,0.0,0.0005,2.0,198,67,65,15,0.8577777777777776,0.14222222222222222,-2.1026951223961299e-19,0.9925373134328358,0.0,0.007462686567164179,0.004923076923076923,0.9950769230769232,-1.708035422500241e-18,0.05600000000000001,0.0,0.9440000000000001
z_plus_zsmooth,z_plus_zsmooth__RF_return_sortino_vs_bond__cash_allowed__g0p5__tau1p0__c0p0005__phl6p0__l10p0,RF,return_sortino_vs_bond,cash_allowed,345,1996-02-29,2024-10-31,0.05435435169215798,0.11256719496113343,0.4828613852457205,-0.2700305337947526,-0.10879025,396.044427808195,0.05507246376811594,0.6608695652173913,2.753623188405797e-05,0.0003304347826086956,0.658840579710145,0.2951884057971015,0.04597101449275362,0.5,1.0,0.0005,6.0,36.0,z_plus_zsmooth__RF_return_sortino_vs_bond__cash_allowed__g0p5__tau1p0__c0p0005__phl6p0__l10p0,z_plus_zsmooth,0.0,0.0005,1.24,215,55,60,15,0.8048372093023257,0.19516279069767442,-1.5975592941553852e-18,0.9741818181818181,0.0,0.025818181818181817,0.002,0.9979999999999999,0.0,0.03733333333333333,0.0,0.9626666666666667
z_smooth_only,z_smooth_only__LOGIT_return_sortino_vs_bond__cash_allowed__g0p25__tau1p0__c0p0005__phl6p0__l10p0025,LOGIT,return_sortino_vs_bond,cash_allowed,345,1996-02-29,2024-10-31,0.05766080613804463,0.11949179315907282,0.4825503460416229,-0.3418365866065033,-0.11695075,425.4574920012551,0.03188405797101449,0.3826086956521739,1.594202898550725e-05,0.000191304347826087,0.6177391304347826,0.3283478260869565,0.053913043478260876,0.25,1.0,0.0005,6.0,36.0,z_smooth_only__LOGIT_return_sortino_vs_bond__cash_allowed__g0p25__tau1p0__c0p0005__phl6p0__l10p0025,z_smooth_only,0.0025,0.003,1.68,172,101,48,24,0.6990697674418606,0.3009302325581395,0.0,0.805940594059406,0.1685148514851485,0.025544554455445546,0.17708333333333334,0.8229166666666666,3.0357660829594124e-18,0.12416666666666669,0.20833333333333334,0.6675
z_smooth_only,z_smooth_only__LOGIT_return_sortino_vs_bond__cash_allowed__g0p25__tau5p0__c0p0005__phl6p0__l10p0005,LOGIT,return_sortino_vs_bond,cash_allowed,345,1996-02-29,2024-10-31,0.05766080613804463,0.11949179315907282,0.4825503460416229,-0.3418365866065033,-0.11695075,425.4574920012551,0.03188405797101449,0.3826086956521739,1.594202898550725e-05,0.000191304347826087,0.6177391304347826,0.3283478260869565,0.053913043478260876,0.25,5.0,0.0005,6.0,36.0,z_smooth_only__LOGIT_return_sortino_vs_bond__cash_allowed__g0p25__tau5p0__c0p0005__phl6p0__l10p0005,z_smooth_only,0.0005,0.003,1.68,172,101,48,24,0.6990697674418606,0.3009302325581395,0.0,0.805940594059406,0.1685148514851485,0.025544554455445546,0.17708333333333334,0.8229166666666666,3.0357660829594124e-18,0.12416666666666669,0.20833333333333334,0.6675
z_smooth_only,z_smooth_only__RF_return_sortino_vs_bond__cash_allowed__g1p0__tau1p0__c0p0005__phl6p0__l10p0005,RF,return_sortino_vs_bond,cash_allowed,345,1996-02-29,2024-10-31,0.05051156722581272,0.10486386954408737,0.4816870428815942,-0.2582695075329219,-0.10695550000000001,363.4320645146036,0.05228985507246377,0.6274782608695653,2.6144927536231885e-05,0.0003137391304347826,0.570376811594203,0.37524637681159423,0.05437681159420289,1.0,1.0,0.0005,6.0,36.0,z_smooth_only__RF_return_sortino_vs_bond__cash_allowed__g1p0__tau1p0__c0p0005__phl6p0__l10p0005,z_smooth_only,0.0005,0.001,1.0,198,67,65,15,0.6769696969696971,0.323030303030303,-8.1128986805784e-18,0.922089552238806,0.015223880597014926,0.06268656716417911,0.008,0.9920000000000001,-1.708035422500241e-18,0.029333333333333336,0.0,0.9706666666666667
z_smooth_only,z_smooth_only__LOGIT_return_sortino_vs_bond__cash_allowed__g0p25__tau3p0__c0p001__phl6p0__l10p0,LOGIT,return_sortino_vs_bond,cash_allowed,345,1996-02-29,2024-10-31,0.057469501790218536,0.11948654069041038,0.480970504779463,-0.3438178635048754,-0.11695075,423.141130336467,0.03188405797101449,0.3826086956521739,3.18840579710145e-05,0.000382608695652174,0.6177391304347826,0.3283478260869565,0.053913043478260876,0.25,3.0,0.001,6.0,36.0,z_smooth_only__LOGIT_return_sortino_vs_bond__cash_allowed__g0p25__tau3p0__c0p001__phl6p0__l10p0,z_smooth_only,0.0,0.003,1.68,172,101,48,24,0.6990697674418606,0.3009302325581395,0.0,0.805940594059406,0.1685148514851485,0.025544554455445546,0.17708333333333334,0.8229166666666666,3.0357660829594124e-18,0.12416666666666669,0.20833333333333334,0.6675
z_plus_zsmooth,z_plus_zsmooth__RF_return_sortino_vs_bond__cash_allowed__g0p5__tau3p0__c0p0005__phl3p0__l10p0005,RF,return_sortino_vs_bond,cash_allowed,345,1996-02-29,2024-10-31,0.05510817519830889,0.11487660387793594,0.4797162636951299,-0.2700305337947526,-0.11654600000000001,401.57219225278203,0.04881159420289855,0.5857391304347827,2.4405797101449276e-05,0.0002928695652173913,0.6575652173913044,0.29159420289855076,0.050840579710144926,0.5,3.0,0.0005,3.0,36.0,z_plus_zsmooth__RF_return_sortino_vs_bond__cash_allowed__g0p5__tau3p0__c0p0005__phl3p0__l10p0005,z_plus_zsmooth,0.0005,0.002,1.52,190,72,66,17,0.8072631578947368,0.19273684210526315,-1.0426601102976387e-17,0.9252777777777779,0.051666666666666666,0.023055555555555555,0.08696969696969697,0.9130303030303031,-1.471886585677291e-18,0.06588235294117648,0.0,0.9341176470588235
z_smooth_only,z_smooth_only__RF_return_sortino_vs_bond__cash_allowed__g1p0__tau1p0__c0p001__phl6p0__l10p0,RF,return_sortino_vs_bond,cash_allowed,345,1996-02-29,2024-10-31,0.05019782809537794,0.10486145864818874,0.4787061780610182,-0.25844189283186114,-0.10695550000000001,360.1832837648231,0.05228985507246377,0.6274782608695653,5.228985507246377e-05,0.0006274782608695652,0.570376811594203,0.37524637681159423,0.05437681159420289,1.0,1.0,0.001,6.0,36.0,z_smooth_only__RF_return_sortino_vs_bond__cash_allowed__g1p0__tau1p0__c0p001__phl6p0__l10p0,z_smooth_only,0.0,0.001,1.0,198,67,65,15,0.6769696969696971,0.323030303030303,-8.1128986805784e-18,0.922089552238806,0.015223880597014926,0.06268656716417911,0.008,0.9920000000000001,-1.708035422500241e-18,0.029333333333333336,0.0,0.9706666666666667
z_plus_zsmooth,z_plus_zsmooth__RF_return_sortino_vs_bond__cash_allowed__g0p5__tau1p0__c0p0025__phl0p0__l10p001,RF,return_sortino_vs_bond,cash_allowed,345,1996-02-29,2024-10-31,0.04443351398567426,0.09285322895645066,0.4785349361034513,-0.2700305337947527,-0.1048285,315.9707030533718,0.058318840579710145,0.6998260869565217,0.00014579710144927539,0.0017495652173913046,0.48562318840579716,0.4357101449275363,0.07866666666666666,0.5,1.0,0.0025,0.0,36.0,z_plus_zsmooth__RF_return_sortino_vs_bond__cash_allowed__g0p5__tau1p0__c0p0025__phl0p0__l10p001,z_plus_zsmooth,0.001,0.0035,1.56,165,83,72,25,0.5492121212121213,0.4447272727272727,0.006060606060606056,0.7626506024096386,0.21951807228915662,0.017831325301204803,0.14277777777777778,0.76,0.09722222222222222,0.13360000000000002,0.16,0.7064
z_plus_zsmooth,z_plus_zsmooth__RF_return_sortino_vs_bond__cash_allowed__g0p25__tau1p0__c0p0005__phl6p0__l10p0005,RF,return_sortino_vs_bond,cash_allowed,345,1996-02-29,2024-10-31,0.05852836943519809,0.1224068490458784,0.47814619763034255,-0.2700305337947526,-0.11695075,431.71997664626014,0.04742028985507246,0.5690434782608695,2.371014492753623e-05,0.0002845217391304348,0.70568115942029,0.2550144927536232,0.03930434782608695,0.25,1.0,0.0005,6.0,36.0,z_plus_zsmooth__RF_return_sortino_vs_bond__cash_allowed__g0p25__tau1p0__c0p0005__phl6p0__l10p0005,z_plus_zsmooth,0.0005,0.001,1.68,215,55,60,15,0.8629767441860465,0.1370232558139535,-2.581914010756178e-18,0.9876363636363636,0.0,0.012363636363636363,0.024666666666666667,0.9753333333333333,0.0,0.14133333333333334,0.0,0.8586666666666666
z_plus_zsmooth,z_plus_zsmooth__RF_return_sortino_vs_bond__cash_allowed__g0p5__tau1p0__c0p001__phl3p0__l10p001,RF,return_sortino_vs_bond,cash_allowed,345,1996-02-29,2024-10-31,0.054815305633091505,0.11487599858770443,0.4771693504909264,-0.27003053379475284,-0.11654600000000001,398.2191182926628,0.04881159420289855,0.5857391304347827,4.881159420289855e-05,0.0005857391304347826,0.6575652173913044,0.29159420289855076,0.050840579710144926,0.5,1.0,0.001,3.0,36.0,z_plus_zsmooth__RF_return_sortino_vs_bond__cash_allowed__g0p5__tau1p0__c0p001__phl3p0__l10p001,z_plus_zsmooth,0.001,0.002,1.52,190,72,66,17,0.8072631578947368,0.19273684210526315,-1.0426601102976387e-17,0.9252777777777779,0.051666666666666666,0.023055555555555555,0.08696969696969697,0.9130303030303031,-1.471886585677291e-18,0.06588235294117648,0.0,0.9341176470588235
z_plus_zsmooth,z_plus_zsmooth__RF_return_sortino_vs_bond__cash_allowed__g1p0__tau1p0__c0p0025__phl3p0__l10p0,RF,return_sortino_vs_bond,cash_allowed,345,1996-02-29,2024-10-31,0.04435649772591781,0.09309051113876901,0.47648785234185737,-0.2700305337947527,-0.10057776415057462,315.2073601325113,0.03211594202898551,0.3853913043478261,8.028985507246375e-05,0.000963478260869565,0.4201739130434783,0.5408695652173914,0.038956521739130424,1.0,1.0,0.0025,3.0,36.0,z_plus_zsmooth__RF_return_sortino_vs_bond__cash_allowed__g1p0__tau1p0__c0p0025__phl3p0__l10p0,z_plus_zsmooth,0.0,0.0025,1.0,190,72,66,17,0.5189473684210525,0.47989473684210543,0.001157894736842096,0.5605555555555556,0.4177777777777778,0.021666666666666622,0.0796969696969697,0.9024242424242425,0.017878787878787876,0.04352941176470588,0.34,0.616470588235294
z_smooth_only,z_smooth_only__LOGIT_return_sortino_vs_bond__cash_allowed__g0p25__tau1p0__c0p0025__phl6p0__l10p0005,LOGIT,return_sortino_vs_bond,cash_allowed,345,1996-02-29,2024-10-31,0.056895588746740285,0.11947546137304908,0.47621150061174494,-0.3497324930748483,-0.11695075,416.2606735662883,0.03188405797101449,0.3826086956521739,7.971014492753625e-05,0.0009565217391304349,0.6177391304347826,0.3283478260869565,0.053913043478260876,0.25,1.0,0.0025,6.0,36.0,z_smooth_only__LOGIT_return_sortino_vs_bond__cash_allowed__g0p25__tau1p0__c0p0025__phl6p0__l10p0005,z_smooth_only,0.0005,0.003,1.68,172,101,48,24,0.6990697674418606,0.3009302325581395,0.0,0.805940594059406,0.1685148514851485,0.025544554455445546,0.17708333333333334,0.8229166666666666,3.0357660829594124e-18,0.12416666666666669,0.20833333333333334,0.6675
z_plus_zsmooth,z_plus_zsmooth__LOGIT_return_sortino_vs_bond__cash_allowed__g0p5__tau1p0__c0p0005__phl6p0__l10p0025,LOGIT,return_sortino_vs_bond,cash_allowed,345,1996-02-29,2024-10-31,0.05625806230336523,0.11823377860094457,0.4758205562662765,-0.33735415017956927,-0.11654600000000001,410.5461851649161,0.03188405797101449,0.3826086956521739,1.5942028985507246e-05,0.00019130434782608694,0.6158840579710144,0.3257971014492754,0.05831884057971014,0.5,1.0,0.0005,6.0,36.0,z_plus_zsmooth__LOGIT_return_sortino_vs_bond__cash_allowed__g0p5__tau1p0__c0p0005__phl6p0__l10p0025,z_plus_zsmooth,0.0025,0.003,1.12,200,74,50,21,0.6694999999999999,0.33049999999999996,-2.7755575615628914e-19,0.9413513513513513,0.006756756756756757,0.05189189189189189,0.124,0.8759999999999999,1.1102230246251566e-18,0.1295238095238095,0.09523809523809523,0.7752380952380953
z_plus_zsmooth,z_plus_zsmooth__LOGIT_return_sortino_vs_bond__cash_allowed__g0p5__tau5p0__c0p0005__phl6p0__l10p0005,LOGIT,return_sortino_vs_bond,cash_allowed,345,1996-02-29,2024-10-31,0.05625806230336523,0.11823377860094457,0.4758205562662765,-0.33735415017956927,-0.11654600000000001,410.5461851649161,0.03188405797101449,0.3826086956521739,1.5942028985507246e-05,0.00019130434782608694,0.6158840579710144,0.3257971014492754,0.05831884057971014,0.5,5.0,0.0005,6.0,36.0,z_plus_zsmooth__LOGIT_return_sortino_vs_bond__cash_allowed__g0p5__tau5p0__c0p0005__phl6p0__l10p0005,z_plus_zsmooth,0.0005,0.003,1.12,200,74,50,21,0.6694999999999999,0.33049999999999996,-2.7755575615628914e-19,0.9413513513513513,0.006756756756756757,0.05189189189189189,0.124,0.8759999999999999,1.1102230246251566e-18,0.1295238095238095,0.09523809523809523,0.7752380952380953
z_plus_zsmooth,z_plus_zsmooth__RF_return_sortino_vs_bond__cash_allowed__g0p25__tau1p0__c0p001__phl6p0__l10p0,RF,return_sortino_vs_bond,cash_allowed,345,1996-02-29,2024-10-31,0.058243847696067635,0.12241107213546992,0.4758053881891526,-0.27003053379475284,-0.11695075,428.2112248834213,0.04742028985507246,0.5690434782608695,4.742028985507246e-05,0.0005690434782608696,0.70568115942029,0.2550144927536232,0.03930434782608695,0.25,1.0,0.001,6.0,36.0,z_plus_zsmooth__RF_return_sortino_vs_bond__cash_allowed__g0p25__tau1p0__c0p001__phl6p0__l10p0,z_plus_zsmooth,0.0,0.001,1.68,215,55,60,15,0.8629767441860465,0.1370232558139535,-2.581914010756178e-18,0.9876363636363636,0.0,0.012363636363636363,0.024666666666666667,0.9753333333333333,0.0,0.14133333333333334,0.0,0.8586666666666666
z_plus_zsmooth,z_plus_zsmooth__LOGIT_return_sortino_vs_bond__cash_allowed__g0p5__tau3p0__c0p001__phl6p0__l10p0,LOGIT,return_sortino_vs_bond,cash_allowed,345,1996-02-29,2024-10-31,0.05606675795553916,0.11824291394684101,0.47416590207465054,-0.3393490374520428,-0.11654600000000001,408.2910047576244,0.03188405797101449,0.3826086956521739,3.188405797101449e-05,0.0003826086956521739,0.6158840579710144,0.3257971014492754,0.05831884057971014,0.5,3.0,0.001,6.0,36.0,z_plus_zsmooth__LOGIT_return_sortino_vs_bond__cash_allowed__g0p5__tau3p0__c0p001__phl6p0__l10p0,z_plus_zsmooth,0.0,0.003,1.12,200,74,50,21,0.6694999999999999,0.33049999999999996,-2.7755575615628914e-19,0.9413513513513513,0.006756756756756757,0.05189189189189189,0.124,0.8759999999999999,1.1102230246251566e-18,0.1295238095238095,0.09523809523809523,0.7752380952380953
z_smooth_only,z_smooth_only__RF_return_sortino_vs_bond__cash_allowed__g0p5__tau3p0__c0p0005__phl3p0__l10p001,RF,return_sortino_vs_bond,cash_allowed,345,1996-02-29,2024-10-31,0.054433568012195996,0.11500612823783674,0.4733101517827419,-0.2700305337947526,-0.11654600000000001,393.9990518862781,0.042086956521739126,0.5050434782608695,2.1043478260869565e-05,0.00025252173913043477,0.6048695652173913,0.343536231884058,0.051594202898550726,0.5,3.0,0.0005,3.0,36.0,z_smooth_only__RF_return_sortino_vs_bond__cash_allowed__g0p5__tau3p0__c0p0005__phl3p0__l10p001,z_smooth_only,0.001,0.0025,1.66,178,82,67,18,0.7180898876404495,0.2819101123595506,-2.1830228012292403e-18,0.8758536585365855,0.0970731707317073,0.027073170731707313,0.09850746268656715,0.9011940298507461,0.0002985074626865666,0.13555555555555554,0.0,0.8644444444444445
z_smooth_only,z_smooth_only__RF_return_sortino_vs_bond__cash_allowed__g0p5__tau5p0__c0p0005__phl3p0__l10p0,RF,return_sortino_vs_bond,cash_allowed,345,1996-02-29,2024-10-31,0.054433568012195996,0.11500612823783674,0.4733101517827419,-0.2700305337947526,-0.11654600000000001,393.9990518862781,0.042086956521739126,0.5050434782608695,2.1043478260869565e-05,0.00025252173913043477,0.6048695652173913,0.343536231884058,0.051594202898550726,0.5,5.0,0.0005,3.0,36.0,z_smooth_only__RF_return_sortino_vs_bond__cash_allowed__g0p5__tau5p0__c0p0005__phl3p0__l10p0,z_smooth_only,0.0,0.0025,1.66,178,82,67,18,0.7180898876404495,0.2819101123595506,-2.1830228012292403e-18,0.8758536585365855,0.0970731707317073,0.027073170731707313,0.09850746268656715,0.9011940298507461,0.0002985074626865666,0.13555555555555554,0.0,0.8644444444444445
z_smooth_only,z_smooth_only__RF_return_sortino_vs_bond__cash_allowed__g1p0__tau5p0__c0p0005__phl0p0__l10p001,RF,return_sortino_vs_bond,cash_allowed,345,1996-02-29,2024-10-31,0.04127466310038104,0.0873689355424139,0.47241806076879517,-0.24864684968233308,-0.10157793729161589,292.79426019189265,0.05194202898550725,0.623304347826087,2.5971014492753622e-05,0.00031165217391304346,0.4189565217391305,0.5071884057971014,0.0738550724637681,1.0,5.0,0.0005,0.0,36.0,z_smooth_only__RF_return_sortino_vs_bond__cash_allowed__g1p0__tau5p0__c0p0005__phl0p0__l10p001,z_smooth_only,0.001,0.0035,1.08,163,88,69,25,0.49975460122699383,0.4912883435582822,0.008957055214723909,0.6231818181818182,0.3479545454545454,0.028863636363636345,0.08115942028985507,0.7907246376811592,0.12811594202898552,0.1056,0.38880000000000003,0.5055999999999999
z_smooth_only,z_smooth_only__RF_return_sortino_vs_bond__cash_allowed__g0p5__tau1p0__c0p0005__phl6p0__l10p0005,RF,return_sortino_vs_bond,cash_allowed,345,1996-02-29,2024-10-31,0.05593084422017699,0.1184142398955014,0.47233207990470594,-0.2700305337947526,-0.11695075,406.20831918548436,0.04973913043478261,0.5968695652173913,2.4869565217391308e-05,0.0002984347826086957,0.667768115942029,0.2857391304347826,0.0464927536231884,0.5,1.0,0.0005,6.0,36.0,z_smooth_only__RF_return_sortino_vs_bond__cash_allowed__g0p5__tau1p0__c0p0005__phl6p0__l10p0005,z_smooth_only,0.0005,0.001,1.2,198,67,65,15,0.8250505050505051,0.17494949494949497,-1.8924256101565167e-18,0.971641791044776,0.0,0.02835820895522388,0.016307692307692308,0.9836923076923076,-8.540177112501205e-19,0.05733333333333334,0.0,0.9426666666666667
z_plus_zsmooth,z_plus_zsmooth__RF_return_sortino_vs_bond__cash_allowed__g0p25__tau1p0__c0p0005__phl6p0__l10p0,RF,return_sortino_vs_bond,cash_allowed,345,1996-02-29,2024-10-31,0.05552334905472671,0.11800340122426664,0.4705232940633976,-0.2700305337947526,-0.11695075,401.9787945561479,0.05507246376811594,0.6608695652173913,2.753623188405797e-05,0.0003304347826086956,0.693159420289855,0.2652753623188406,0.041565217391304345,0.25,1.0,0.0005,6.0,36.0,z_plus_zsmooth__RF_return_sortino_vs_bond__cash_allowed__g0p25__tau1p0__c0p0005__phl6p0__l10p0,z_plus_zsmooth,0.0,0.0005,2.0,215,55,60,15,0.8523720930232558,0.1476279069767442,-7.745742032268534e-19,0.992,0.0,0.007999999999999998,0.0036666666666666666,0.9963333333333334,0.0,0.07333333333333332,0.0,0.9266666666666666
z_smooth_only,z_smooth_only__RF_return_sortino_vs_bond__cash_allowed__g0p5__tau1p0__c0p001__phl6p0__l10p0,RF,return_sortino_vs_bond,cash_allowed,345,1996-02-29,2024-10-31,0.055632409437568295,0.11839838924657464,0.46987471528611,-0.27003053379475284,-0.11695075,402.77331967222034,0.04973913043478261,0.5968695652173913,4.9739130434782617e-05,0.0005968695652173914,0.667768115942029,0.2857391304347826,0.0464927536231884,0.5,1.0,0.001,6.0,36.0,z_smooth_only__RF_return_sortino_vs_bond__cash_allowed__g0p5__tau1p0__c0p001__phl6p0__l10p0,z_smooth_only,0.0,0.001,1.2,198,67,65,15,0.8250505050505051,0.17494949494949497,-1.8924256101565167e-18,0.971641791044776,0.0,0.02835820895522388,0.016307692307692308,0.9836923076923076,-8.540177112501205e-19,0.05733333333333334,0.0,0.9426666666666667
z_plus_zsmooth,z_plus_zsmooth__LOGIT_return_sortino_vs_bond__cash_allowed__g0p5__tau1p0__c0p0025__phl6p0__l10p0005,LOGIT,return_sortino_vs_bond,cash_allowed,345,1996-02-29,2024-10-31,0.055492844912060885,0.11827388502706902,0.46918933033577426,-0.34530243173655095,-0.11654600000000001,401.59442578877247,0.03188405797101449,0.3826086956521739,7.971014492753625e-05,0.0009565217391304349,0.6158840579710144,0.3257971014492754,0.05831884057971014,0.5,1.0,0.0025,6.0,36.0,z_plus_zsmooth__LOGIT_return_sortino_vs_bond__cash_allowed__g0p5__tau1p0__c0p0025__phl6p0__l10p0005,z_plus_zsmooth,0.0005,0.003,1.12,200,74,50,21,0.6694999999999999,0.33049999999999996,-2.7755575615628914e-19,0.9413513513513513,0.006756756756756757,0.05189189189189189,0.124,0.8759999999999999,1.1102230246251566e-18,0.1295238095238095,0.09523809523809523,0.7752380952380953
z_plus_zsmooth,z_plus_zsmooth__RF_return_sortino_vs_bond__cash_allowed__g0p25__tau1p0__c0p0005__phl6p0__l10p001,RF,return_sortino_vs_bond,cash_allowed,345,1996-02-29,2024-10-31,0.0579127824148076,0.12350737496540677,0.4689014111993588,-0.3230333594967415,-0.11695075,422.59179364267663,0.043478260869565216,0.5217391304347826,2.1739130434782607e-05,0.0002608695652173913,0.6790724637681159,0.28405797101449276,0.0368695652173913,0.25,1.0,0.0005,6.0,36.0,z_plus_zsmooth__RF_return_sortino_vs_bond__cash_allowed__g0p25__tau1p0__c0p0005__phl6p0__l10p001,z_plus_zsmooth,0.001,0.0015,1.24,215,55,60,15,0.8051162790697675,0.1948837209302326,0.0,0.976,0.0,0.023999999999999997,0.065,0.935,-2.3129646346357427e-18,0.24000000000000002,0.0,0.76
z_plus_zsmooth,z_plus_zsmooth__RF_return_sortino_vs_bond__cash_allowed__g0p25__tau3p0__c0p0005__phl6p0__l10p0,RF,return_sortino_vs_bond,cash_allowed,345,1996-02-29,2024-10-31,0.0579127824148076,0.12350737496540677,0.4689014111993588,-0.3230333594967415,-0.11695075,422.59179364267663,0.043478260869565216,0.5217391304347826,2.1739130434782607e-05,0.0002608695652173913,0.6790724637681159,0.28405797101449276,0.0368695652173913,0.25,3.0,0.0005,6.0,36.0,z_plus_zsmooth__RF_return_sortino_vs_bond__cash_allowed__g0p25__tau3p0__c0p0005__phl6p0__l10p0,z_plus_zsmooth,0.0,0.0015,1.24,215,55,60,15,0.8051162790697675,0.1948837209302326,0.0,0.976,0.0,0.023999999999999997,0.065,0.935,-2.3129646346357427e-18,0.24000000000000002,0.0,0.76
z_smooth_only,z_smooth_only__RF_return_sortino_vs_bond__cash_allowed__g1p0__tau1p0__c0p001__phl0p0__l10p0025,RF,return_sortino_vs_bond,cash_allowed,345,1996-02-29,2024-10-31,0.04096301092646801,0.08736933847339888,0.46884881632633524,-0.2489602774985863,-0.10157793729161589,290.19020322627244,0.05194202898550725,0.623304347826087,5.1942028985507244e-05,0.0006233043478260869,0.4189565217391305,0.5071884057971014,0.0738550724637681,1.0,1.0,0.001,0.0,36.0,z_smooth_only__RF_return_sortino_vs_bond__cash_allowed__g1p0__tau1p0__c0p001__phl0p0__l10p0025,z_smooth_only,0.0025,0.0035,1.08,163,88,69,25,0.49975460122699383,0.4912883435582822,0.008957055214723909,0.6231818181818182,0.3479545454545454,0.028863636363636345,0.08115942028985507,0.7907246376811592,0.12811594202898552,0.1056,0.38880000000000003,0.5055999999999999
z_smooth_only,z_smooth_only__RF_return_sortino_vs_bond__cash_allowed__g1p0__tau3p0__c0p001__phl0p0__l10p0005,RF,return_sortino_vs_bond,cash_allowed,345,1996-02-29,2024-10-31,0.04096301092646801,0.08736933847339888,0.46884881632633524,-0.2489602774985863,-0.10157793729161589,290.19020322627244,0.05194202898550725,0.623304347826087,5.1942028985507244e-05,0.0006233043478260869,0.4189565217391305,0.5071884057971014,0.0738550724637681,1.0,3.0,0.001,0.0,36.0,z_smooth_only__RF_return_sortino_vs_bond__cash_allowed__g1p0__tau3p0__c0p001__phl0p0__l10p0005,z_smooth_only,0.0005,0.0035,1.08,163,88,69,25,0.49975460122699383,0.4912883435582822,0.008957055214723909,0.6231818181818182,0.3479545454545454,0.028863636363636345,0.08115942028985507,0.7907246376811592,0.12811594202898552,0.1056,0.38880000000000003,0.5055999999999999
z_plus_zsmooth,z_plus_zsmooth__RF_return_sortino_vs_bond__cash_allowed__g1p0__tau1p0__c0p0005__phl6p0__l10p0005,RF,return_sortino_vs_bond,cash_allowed,345,1996-02-29,2024-10-31,0.048671171413491206,0.10397137841884009,0.46812086319971075,-0.2614770601497848,-0.10695550000000001,345.68720093146146,0.052985507246376816,0.6358260869565218,2.6492753623188404e-05,0.00031791304347826083,0.5652173913043478,0.3804057971014493,0.05437681159420289,1.0,1.0,0.0005,6.0,36.0,z_plus_zsmooth__RF_return_sortino_vs_bond__cash_allowed__g1p0__tau1p0__c0p0005__phl6p0__l10p0005,z_plus_zsmooth,0.0005,0.001,1.0,215,55,60,15,0.6708837209302326,0.3291162790697675,-4.3569798931510504e-18,0.9054545454545456,0.01672727272727273,0.07781818181818183,0.007333333333333333,0.9926666666666667,-1.8503717077085942e-18,0.034666666666666665,0.0,0.9653333333333334
z_plus_zsmooth,z_plus_zsmooth__RF_return_sortino_vs_bond__cash_allowed__g0p25__tau1p0__c0p001__phl6p0__l10p0005,RF,return_sortino_vs_bond,cash_allowed,345,1996-02-29,2024-10-31,0.05765191284959022,0.12351059250682025,0.4667770729575819,-0.3237172885489512,-0.11695075,419.4433142473522,0.043478260869565216,0.5217391304347826,4.3478260869565214e-05,0.0005217391304347826,0.6790724637681159,0.28405797101449276,0.0368695652173913,0.25,1.0,0.001,6.0,36.0,z_plus_zsmooth__RF_return_sortino_vs_bond__cash_allowed__g0p25__tau1p0__c0p001__phl6p0__l10p0005,z_plus_zsmooth,0.0005,0.0015,1.24,215,55,60,15,0.8051162790697675,0.1948837209302326,0.0,0.976,0.0,0.023999999999999997,0.065,0.935,-2.3129646346357427e-18,0.24000000000000002,0.0,0.76
z_plus_zsmooth,z_plus_zsmooth__RF_return_sortino_vs_bond__cash_allowed__g0p5__tau3p0__c0p0005__phl3p0__l10p001,RF,return_sortino_vs_bond,cash_allowed,345,1996-02-29,2024-10-31,0.05122373165064596,0.10976011101423734,0.4666880452043417,-0.2850976469497891,-0.11153902747730267,365.5452101999867,0.03976811594202899,0.47721739130434787,1.9884057971014492e-05,0.0002386086956521739,0.5470724637681159,0.40069565217391306,0.052231884057970995,0.5,3.0,0.0005,3.0,36.0,z_plus_zsmooth__RF_return_sortino_vs_bond__cash_allowed__g0p5__tau3p0__c0p0005__phl3p0__l10p001,z_plus_zsmooth,0.001,0.0025,1.3599999999999999,190,72,66,17,0.6578947368421053,0.3421052631578948,-8.10754971930213e-18,0.7508333333333334,0.22,0.02916666666666665,0.12393939393939396,0.8696969696969697,0.0063636363636363595,0.08823529411764706,0.0,0.9117647058823529
z_plus_zsmooth,z_plus_zsmooth__RF_return_sortino_vs_bond__cash_allowed__g0p5__tau5p0__c0p0005__phl3p0__l10p0,RF,return_sortino_vs_bond,cash_allowed,345,1996-02-29,2024-10-31,0.05122373165064596,0.10976011101423734,0.4666880452043417,-0.2850976469497891,-0.11153902747730267,365.5452101999867,0.03976811594202899,0.47721739130434787,1.9884057971014492e-05,0.0002386086956521739,0.5470724637681159,0.40069565217391306,0.052231884057970995,0.5,5.0,0.0005,3.0,36.0,z_plus_zsmooth__RF_return_sortino_vs_bond__cash_allowed__g0p5__tau5p0__c0p0005__phl3p0__l10p0,z_plus_zsmooth,0.0,0.0025,1.3599999999999999,190,72,66,17,0.6578947368421053,0.3421052631578948,-8.10754971930213e-18,0.7508333333333334,0.22,0.02916666666666665,0.12393939393939396,0.8696969696969697,0.0063636363636363595,0.08823529411764706,0.0,0.9117647058823529
z_plus_zsmooth,z_plus_zsmooth__RF_return_sortino_vs_bond__cash_allowed__g1p0__tau1p0__c0p001__phl6p0__l10p0,RF,return_sortino_vs_bond,cash_allowed,345,1996-02-29,2024-10-31,0.04835325837001295,0.10396967110135397,0.4650708024542673,-0.26160243127628613,-0.10695550000000001,342.55490897042284,0.052985507246376816,0.6358260869565218,5.298550724637681e-05,0.0006358260869565217,0.5652173913043478,0.3804057971014493,0.05437681159420289,1.0,1.0,0.001,6.0,36.0,z_plus_zsmooth__RF_return_sortino_vs_bond__cash_allowed__g1p0__tau1p0__c0p001__phl6p0__l10p0,z_plus_zsmooth,0.0,0.001,1.0,215,55,60,15,0.6708837209302326,0.3291162790697675,-4.3569798931510504e-18,0.9054545454545456,0.01672727272727273,0.07781818181818183,0.007333333333333333,0.9926666666666667,-1.8503717077085942e-18,0.034666666666666665,0.0,0.9653333333333334
z_smooth_only,z_smooth_only__RF_return_sortino_vs_bond__cash_allowed__g0p25__tau1p0__c0p0005__phl6p0__l10p001,RF,return_sortino_vs_bond,cash_allowed,345,1996-02-29,2024-10-31,0.05848659278587991,0.12580208179029473,0.46490957823236895,-0.29834252364180003,-0.11695075,426.15235094683186,0.043478260869565216,0.5217391304347826,2.1739130434782607e-05,0.0002608695652173913,0.6897971014492754,0.27066666666666667,0.03953623188405797,0.25,1.0,0.0005,6.0,36.0,z_smooth_only__RF_return_sortino_vs_bond__cash_allowed__g0p25__tau1p0__c0p0005__phl6p0__l10p001,z_smooth_only,0.001,0.0015,2.0,198,67,65,15,0.8327272727272726,0.1672727272727273,-7.534657521919466e-19,0.977313432835821,0.0,0.022686567164179106,0.07292307692307692,0.927076923076923,-5.871371764844578e-19,0.19200000000000003,0.0,0.808
z_smooth_only,z_smooth_only__RF_return_sortino_vs_bond__cash_allowed__g0p25__tau3p0__c0p0005__phl6p0__l10p0,RF,return_sortino_vs_bond,cash_allowed,345,1996-02-29,2024-10-31,0.05848659278587991,0.12580208179029473,0.46490957823236895,-0.29834252364180003,-0.11695075,426.15235094683186,0.043478260869565216,0.5217391304347826,2.1739130434782607e-05,0.0002608695652173913,0.6897971014492754,0.27066666666666667,0.03953623188405797,0.25,3.0,0.0005,6.0,36.0,z_smooth_only__RF_return_sortino_vs_bond__cash_allowed__g0p25__tau3p0__c0p0005__phl6p0__l10p0,z_smooth_only,0.0,0.0015,2.0,198,67,65,15,0.8327272727272726,0.1672727272727273,-7.534657521919466e-19,0.977313432835821,0.0,0.022686567164179106,0.07292307692307692,0.927076923076923,-5.871371764844578e-19,0.19200000000000003,0.0,0.808
z_smooth_only,z_smooth_only__RF_return_sortino_vs_bond__cash_allowed__g0p5__tau1p0__c0p0025__phl3p0__l10p0,RF,return_sortino_vs_bond,cash_allowed,345,1996-02-29,2024-10-31,0.05342348105567425,0.1150657614474354,0.4642865121965866,-0.2700305337947527,-0.11654600000000001,382.69174456397934,0.042086956521739126,0.5050434782608695,0.00010521739130434784,0.001262608695652174,0.6048695652173913,0.343536231884058,0.051594202898550726,0.5,1.0,0.0025,3.0,36.0,z_smooth_only__RF_return_sortino_vs_bond__cash_allowed__g0p5__tau1p0__c0p0025__phl3p0__l10p0,z_smooth_only,0.0,0.0025,1.66,178,82,67,18,0.7180898876404495,0.2819101123595506,-2.1830228012292403e-18,0.8758536585365855,0.0970731707317073,0.027073170731707313,0.09850746268656715,0.9011940298507461,0.0002985074626865666,0.13555555555555554,0.0,0.8644444444444445
z_smooth_only,z_smooth_only__RF_return_sortino_vs_bond__cash_allowed__g0p5__tau5p0__c0p0005__phl0p0__l10p001,RF,return_sortino_vs_bond,cash_allowed,345,1996-02-29,2024-10-31,0.04415184975829972,0.09515570680015721,0.4639958153116968,-0.2700305337947526,-0.1048285,311.45580309993977,0.06342028985507246,0.7610434782608695,3.171014492753624e-05,0.0003805217391304349,0.5140289855072464,0.4001159420289856,0.08585507246376811,0.5,5.0,0.0005,0.0,36.0,z_smooth_only__RF_return_sortino_vs_bond__cash_allowed__g0p5__tau5p0__c0p0005__phl0p0__l10p001,z_smooth_only,0.001,0.0035,2.0,163,88,69,25,0.5801226993865031,0.4076073619631902,0.012269938650306744,0.8193181818181817,0.14613636363636365,0.034545454545454546,0.10521739130434782,0.778840579710145,0.11594202898550725,0.1368,0.2,0.6631999999999999
z_smooth_only,z_smooth_only__RF_return_sortino_vs_bond__cash_allowed__g0p25__tau1p0__c0p001__phl6p0__l10p0005,RF,return_sortino_vs_bond,cash_allowed,345,1996-02-29,2024-10-31,0.05822572322066252,0.12580453760932053,0.46282689263148424,-0.29903871411246985,-0.11695075,422.97841846302305,0.043478260869565216,0.5217391304347826,4.3478260869565214e-05,0.0005217391304347826,0.6897971014492754,0.27066666666666667,0.03953623188405797,0.25,1.0,0.001,6.0,36.0,z_smooth_only__RF_return_sortino_vs_bond__cash_allowed__g0p25__tau1p0__c0p001__phl6p0__l10p0005,z_smooth_only,0.0005,0.0015,2.0,198,67,65,15,0.8327272727272726,0.1672727272727273,-7.534657521919466e-19,0.977313432835821,0.0,0.022686567164179106,0.07292307692307692,0.927076923076923,-5.871371764844578e-19,0.19200000000000003,0.0,0.808
z_smooth_only,z_smooth_only__RF_return_sortino_vs_bond__cash_allowed__g0p25__tau5p0__c0p0005__phl0p0__l10p001,RF,return_sortino_vs_bond,cash_allowed,345,1996-02-29,2024-10-31,0.04536139168319875,0.0984161481016555,0.46091411377271435,-0.2700305337947526,-0.1048285,319.5450319940479,0.06597101449275362,0.7916521739130435,3.298550724637681e-05,0.0003958260869565217,0.5638260869565218,0.3571014492753623,0.07907246376811594,0.25,5.0,0.0005,0.0,36.0,z_smooth_only__RF_return_sortino_vs_bond__cash_allowed__g0p25__tau5p0__c0p0005__phl0p0__l10p001,z_smooth_only,0.001,0.0035,2.0,163,88,69,25,0.627239263803681,0.36049079754601226,0.012269938650306731,0.8861363636363637,0.09045454545454544,0.023409090909090904,0.13797101449275365,0.7460869565217391,0.11594202898550725,0.1912,0.2,0.6088
z_plus_zsmooth,z_plus_zsmooth__LOGIT_return_sortino_vs_bond__cash_allowed__g0p5__tau5p0__c0p0005__phl6p0__l10p001,LOGIT,return_sortino_vs_bond,cash_allowed,345,1996-02-29,2024-10-31,0.05377629229893158,0.11672446421385144,0.4607114083677246,-0.36115174857130095,-0.11654600000000001,384.32707859793254,0.02701449275362319,0.32417391304347826,1.3507246376811594e-05,0.00016208695652173913,0.5793623188405796,0.36127536231884055,0.0593623188405797,0.5,5.0,0.0005,6.0,36.0,z_plus_zsmooth__LOGIT_return_sortino_vs_bond__cash_allowed__g0p5__tau5p0__c0p0005__phl6p0__l10p001,z_plus_zsmooth,0.001,0.0035,1.4,200,74,50,21,0.6295000000000001,0.3705,3.608224830031759e-18,0.8618918918918919,0.07432432432432433,0.0637837837837838,0.13920000000000002,0.8608,2.5673907444456745e-18,0.1542857142857143,0.09523809523809523,0.7504761904761905
z_smooth_only,z_smooth_only__RF_return_sortino_vs_bond__cash_allowed__g0p5__tau1p0__c0p001__phl0p0__l10p0025,RF,return_sortino_vs_bond,cash_allowed,345,1996-02-29,2024-10-31,0.043771328019169276,0.09514591190079809,0.4600442325342001,-0.27003053379475284,-0.1048285,308.08577937922064,0.06342028985507246,0.7610434782608695,6.342028985507248e-05,0.0007610434782608698,0.5140289855072464,0.4001159420289856,0.08585507246376811,0.5,1.0,0.001,0.0,36.0,z_smooth_only__RF_return_sortino_vs_bond__cash_allowed__g0p5__tau1p0__c0p001__phl0p0__l10p0025,z_smooth_only,0.0025,0.0035,2.0,163,88,69,25,0.5801226993865031,0.4076073619631902,0.012269938650306744,0.8193181818181817,0.14613636363636365,0.034545454545454546,0.10521739130434782,0.778840579710145,0.11594202898550725,0.1368,0.2,0.6631999999999999
z_smooth_only,z_smooth_only__RF_return_sortino_vs_bond__cash_allowed__g0p5__tau3p0__c0p001__phl0p0__l10p0005,RF,return_sortino_vs_bond,cash_allowed,345,1996-02-29,2024-10-31,0.043771328019169276,0.09514591190079809,0.4600442325342001,-0.27003053379475284,-0.1048285,308.08577937922064,0.06342028985507246,0.7610434782608695,6.342028985507248e-05,0.0007610434782608698,0.5140289855072464,0.4001159420289856,0.08585507246376811,0.5,3.0,0.001,0.0,36.0,z_smooth_only__RF_return_sortino_vs_bond__cash_allowed__g0p5__tau3p0__c0p001__phl0p0__l10p0005,z_smooth_only,0.0005,0.0035,2.0,163,88,69,25,0.5801226993865031,0.4076073619631902,0.012269938650306744,0.8193181818181817,0.14613636363636365,0.034545454545454546,0.10521739130434782,0.778840579710145,0.11594202898550725,0.1368,0.2,0.6631999999999999
z_plus_zsmooth,z_plus_zsmooth__LOGIT_return_sortino_vs_bond__cash_allowed__g0p5__tau1p0__c0p001__phl6p0__l10p0025,LOGIT,return_sortino_vs_bond,cash_allowed,345,1996-02-29,2024-10-31,0.05361420534240985,0.11673596327691403,0.45927753399549587,-0.36178629866746936,-0.11654600000000001,382.5325172715842,0.02701449275362319,0.32417391304347826,2.701449275362319e-05,0.00032417391304347825,0.5793623188405796,0.36127536231884055,0.0593623188405797,0.5,1.0,0.001,6.0,36.0,z_plus_zsmooth__LOGIT_return_sortino_vs_bond__cash_allowed__g0p5__tau1p0__c0p001__phl6p0__l10p0025,z_plus_zsmooth,0.0025,0.0035,1.4,200,74,50,21,0.6295000000000001,0.3705,3.608224830031759e-18,0.8618918918918919,0.07432432432432433,0.0637837837837838,0.13920000000000002,0.8608,2.5673907444456745e-18,0.1542857142857143,0.09523809523809523,0.7504761904761905
z_plus_zsmooth,z_plus_zsmooth__LOGIT_return_sortino_vs_bond__cash_allowed__g0p5__tau3p0__c0p001__phl6p0__l10p0005,LOGIT,return_sortino_vs_bond,cash_allowed,345,1996-02-29,2024-10-31,0.05361420534240985,0.11673596327691403,0.45927753399549587,-0.36178629866746936,-0.11654600000000001,382.5325172715842,0.02701449275362319,0.32417391304347826,2.701449275362319e-05,0.00032417391304347825,0.5793623188405796,0.36127536231884055,0.0593623188405797,0.5,3.0,0.001,6.0,36.0,z_plus_zsmooth__LOGIT_return_sortino_vs_bond__cash_allowed__g0p5__tau3p0__c0p001__phl6p0__l10p0005,z_plus_zsmooth,0.0005,0.0035,1.4,200,74,50,21,0.6295000000000001,0.3705,3.608224830031759e-18,0.8618918918918919,0.07432432432432433,0.0637837837837838,0.13920000000000002,0.8608,2.5673907444456745e-18,0.1542857142857143,0.09523809523809523,0.7504761904761905
z_smooth_only,z_smooth_only__RF_return_sortino_vs_bond__cash_allowed__g1p0__tau1p0__c0p0025__phl0p0__l10p001,RF,return_sortino_vs_bond,cash_allowed,345,1996-02-29,2024-10-31,0.04002805440472887,0.08737716428896337,0.4581065857476541,-0.2499005609473447,-0.10157793729161589,282.5111205341956,0.05194202898550725,0.623304347826087,0.0001298550724637681,0.0015582608695652173,0.4189565217391305,0.5071884057971014,0.0738550724637681,1.0,1.0,0.0025,0.0,36.0,z_smooth_only__RF_return_sortino_vs_bond__cash_allowed__g1p0__tau1p0__c0p0025__phl0p0__l10p001,z_smooth_only,0.001,0.0035,1.08,163,88,69,25,0.49975460122699383,0.4912883435582822,0.008957055214723909,0.6231818181818182,0.3479545454545454,0.028863636363636345,0.08115942028985507,0.7907246376811592,0.12811594202898552,0.1056,0.38880000000000003,0.5055999999999999
z_plus_zsmooth,z_plus_zsmooth__RF_return_sortino_vs_bond__cash_allowed__g0p5__tau1p0__c0p0025__phl3p0__l10p0,RF,return_sortino_vs_bond,cash_allowed,345,1996-02-29,2024-10-31,0.05026929686803727,0.10983762367766038,0.457669195535058,-0.287982757216944,-0.11153902747730267,355.6013889899305,0.03976811594202899,0.47721739130434787,9.942028985507246e-05,0.0011930434782608695,0.5470724637681159,0.40069565217391306,0.052231884057970995,0.5,1.0,0.0025,3.0,36.0,z_plus_zsmooth__RF_return_sortino_vs_bond__cash_allowed__g0p5__tau1p0__c0p0025__phl3p0__l10p0,z_plus_zsmooth,0.0,0.0025,1.3599999999999999,190,72,66,17,0.6578947368421053,0.3421052631578948,-8.10754971930213e-18,0.7508333333333334,0.22,0.02916666666666665,0.12393939393939396,0.8696969696969697,0.0063636363636363595,0.08823529411764706,0.0,0.9117647058823529
z_smooth_only,z_smooth_only__RF_return_sortino_vs_bond__cash_allowed__g0p25__tau1p0__c0p001__phl0p0__l10p0025,RF,return_sortino_vs_bond,cash_allowed,345,1996-02-29,2024-10-31,0.04496556559624223,0.09840573267431839,0.45694050919837514,-0.27003053379475284,-0.1048285,315.9498316465929,0.06597101449275362,0.7916521739130435,6.597101449275362e-05,0.0007916521739130434,0.5638260869565218,0.3571014492753623,0.07907246376811594,0.25,1.0,0.001,0.0,36.0,z_smooth_only__RF_return_sortino_vs_bond__cash_allowed__g0p25__tau1p0__c0p001__phl0p0__l10p0025,z_smooth_only,0.0025,0.0035,2.0,163,88,69,25,0.627239263803681,0.36049079754601226,0.012269938650306731,0.8861363636363637,0.09045454545454544,0.023409090909090904,0.13797101449275365,0.7460869565217391,0.11594202898550725,0.1912,0.2,0.6088
z_smooth_only,z_smooth_only__RF_return_sortino_vs_bond__cash_allowed__g0p25__tau3p0__c0p001__phl0p0__l10p0005,RF,return_sortino_vs_bond,cash_allowed,345,1996-02-29,2024-10-31,0.04496556559624223,0.09840573267431839,0.45694050919837514,-0.27003053379475284,-0.1048285,315.9498316465929,0.06597101449275362,0.7916521739130435,6.597101449275362e-05,0.0007916521739130434,0.5638260869565218,0.3571014492753623,0.07907246376811594,0.25,3.0,0.001,0.0,36.0,z_smooth_only__RF_return_sortino_vs_bond__cash_allowed__g0p25__tau3p0__c0p001__phl0p0__l10p0005,z_smooth_only,0.0005,0.0035,2.0,163,88,69,25,0.627239263803681,0.36049079754601226,0.012269938650306731,0.8861363636363637,0.09045454545454544,0.023409090909090904,0.13797101449275365,0.7460869565217391,0.11594202898550725,0.1912,0.2,0.6088
z_smooth_only,z_smooth_only__RF_return_sortino_vs_bond__cash_allowed__g0p25__tau3p0__c0p0005__phl3p0__l10p001,RF,return_sortino_vs_bond,cash_allowed,345,1996-02-29,2024-10-31,0.054777108576193057,0.12016506362346523,0.45584887091506066,-0.2847497315432197,-0.11654600000000001,390.9837368261638,0.043478260869565216,0.5217391304347826,2.1739130434782607e-05,0.0002608695652173913,0.6614492753623188,0.2893333333333334,0.049217391304347824,0.25,3.0,0.0005,3.0,36.0,z_smooth_only__RF_return_sortino_vs_bond__cash_allowed__g0p25__tau3p0__c0p0005__phl3p0__l10p001,z_smooth_only,0.001,0.0025,1.6400000000000001,178,82,67,18,0.7941573033707864,0.20584269662921348,-7.952440204477947e-18,0.9290243902439025,0.04829268292682927,0.022682926829268292,0.11611940298507462,0.8838805970149254,-1.6570492904853082e-18,0.16,0.0,0.8400000000000001
z_smooth_only,z_smooth_only__RF_return_sortino_vs_bond__cash_allowed__g0p25__tau5p0__c0p0005__phl3p0__l10p0,RF,return_sortino_vs_bond,cash_allowed,345,1996-02-29,2024-10-31,0.054777108576193057,0.12016506362346523,0.45584887091506066,-0.2847497315432197,-0.11654600000000001,390.9837368261638,0.043478260869565216,0.5217391304347826,2.1739130434782607e-05,0.0002608695652173913,0.6614492753623188,0.2893333333333334,0.049217391304347824,0.25,5.0,0.0005,3.0,36.0,z_smooth_only__RF_return_sortino_vs_bond__cash_allowed__g0p25__tau5p0__c0p0005__phl3p0__l10p0,z_smooth_only,0.0,0.0025,1.6400000000000001,178,82,67,18,0.7941573033707864,0.20584269662921348,-7.952440204477947e-18,0.9290243902439025,0.04829268292682927,0.022682926829268292,0.11611940298507462,0.8838805970149254,-1.6570492904853082e-18,0.16,0.0,0.8400000000000001
z_smooth_only,z_smooth_only__LOGIT_return_sortino_vs_bond__cash_allowed__g0p5__tau5p0__c0p0005__phl0p0__l10p0025,LOGIT,return_sortino_vs_bond,cash_allowed,345,1996-02-29,2024-10-31,0.04565303297437296,0.10028469814542133,0.45523428617367107,-0.2624852054756821,-0.111724,320.41406245483677,0.0782608695652174,0.9391304347826088,3.91304347826087e-05,0.0004695652173913044,0.5382608695652173,0.37414492753623185,0.08759420289855072,0.5,5.0,0.0005,0.0,36.0,z_smooth_only__LOGIT_return_sortino_vs_bond__cash_allowed__g0p5__tau5p0__c0p0005__phl0p0__l10p0025,z_smooth_only,0.0025,0.005,2.0,149,107,55,34,0.5930201342281879,0.3789261744966443,0.028053691275167783,0.8388785046728972,0.14392523364485982,0.01719626168224299,0.06145454545454545,0.8585454545454545,0.08,0.12352941176470589,0.29411764705882354,0.5823529411764705
z_plus_zsmooth,z_plus_zsmooth__LOGIT_return_sortino_vs_bond__cash_allowed__g0p5__tau1p0__c0p0025__phl6p0__l10p001,LOGIT,return_sortino_vs_bond,cash_allowed,345,1996-02-29,2024-10-31,0.05312794447284462,0.11677343776427154,0.45496600502670004,-0.3636882508453707,-0.11654600000000001,377.1950221176355,0.02701449275362319,0.32417391304347826,6.753623188405797e-05,0.0008104347826086957,0.5793623188405796,0.36127536231884055,0.0593623188405797,0.5,1.0,0.0025,6.0,36.0,z_plus_zsmooth__LOGIT_return_sortino_vs_bond__cash_allowed__g0p5__tau1p0__c0p0025__phl6p0__l10p001,z_plus_zsmooth,0.001,0.0035,1.4,200,74,50,21,0.6295000000000001,0.3705,3.608224830031759e-18,0.8618918918918919,0.07432432432432433,0.0637837837837838,0.13920000000000002,0.8608,2.5673907444456745e-18,0.1542857142857143,0.09523809523809523,0.7504761904761905
z_plus_zsmooth,z_plus_zsmooth__RF_return_sortino_vs_bond__cash_allowed__g0p5__tau1p0__c0p0005__phl6p0__l10p001,RF,return_sortino_vs_bond,cash_allowed,345,1996-02-29,2024-10-31,0.05354831128072196,0.11770459382143961,0.4549381595246477,-0.2979587641848249,-0.11695075,380.41896599694894,0.04556521739130435,0.5467826086956522,2.2782608695652177e-05,0.00027339130434782613,0.6295652173913043,0.3265507246376812,0.04388405797101449,0.5,1.0,0.0005,6.0,36.0,z_plus_zsmooth__RF_return_sortino_vs_bond__cash_allowed__g0p5__tau1p0__c0p0005__phl6p0__l10p001,z_plus_zsmooth,0.001,0.0015,1.2,215,55,60,15,0.7426046511627908,0.2573953488372093,-7.616646331730725e-18,0.9574545454545454,0.0014545454545454547,0.04109090909090909,0.046,0.954,0.0,0.14133333333333334,0.0,0.8586666666666666
z_plus_zsmooth,z_plus_zsmooth__RF_return_sortino_vs_bond__cash_allowed__g0p5__tau3p0__c0p0005__phl6p0__l10p0,RF,return_sortino_vs_bond,cash_allowed,345,1996-02-29,2024-10-31,0.05354831128072196,0.11770459382143961,0.4549381595246477,-0.2979587641848249,-0.11695075,380.41896599694894,0.04556521739130435,0.5467826086956522,2.2782608695652177e-05,0.00027339130434782613,0.6295652173913043,0.3265507246376812,0.04388405797101449,0.5,3.0,0.0005,6.0,36.0,z_plus_zsmooth__RF_return_sortino_vs_bond__cash_allowed__g0p5__tau3p0__c0p0005__phl6p0__l10p0,z_plus_zsmooth,0.0,0.0015,1.2,215,55,60,15,0.7426046511627908,0.2573953488372093,-7.616646331730725e-18,0.9574545454545454,0.0014545454545454547,0.04109090909090909,0.046,0.954,0.0,0.14133333333333334,0.0,0.8586666666666666
z_plus_zsmooth,z_plus_zsmooth__RF_return_sortino_vs_bond__cash_allowed__g0p5__tau1p0__c0p001__phl6p0__l10p0005,RF,return_sortino_vs_bond,cash_allowed,345,1996-02-29,2024-10-31,0.05327491997637413,0.11771251296467575,0.4525850195073259,-0.2986709029529343,-0.11695075,377.4418199184825,0.04556521739130435,0.5467826086956522,4.5565217391304355e-05,0.0005467826086956523,0.6295652173913043,0.3265507246376812,0.04388405797101449,0.5,1.0,0.001,6.0,36.0,z_plus_zsmooth__RF_return_sortino_vs_bond__cash_allowed__g0p5__tau1p0__c0p001__phl6p0__l10p0005,z_plus_zsmooth,0.0005,0.0015,1.2,215,55,60,15,0.7426046511627908,0.2573953488372093,-7.616646331730725e-18,0.9574545454545454,0.0014545454545454547,0.04109090909090909,0.046,0.954,0.0,0.14133333333333334,0.0,0.8586666666666666
z_smooth_only,z_smooth_only__RF_return_sortino_vs_bond__cash_allowed__g0p25__tau3p0__c0p0005__phl3p0__l10p0025,RF,return_sortino_vs_bond,cash_allowed,345,1996-02-29,2024-10-31,0.05240109491118222,0.11582901243957917,0.45240042893844606,-0.3575296978897736,-0.11695075,370.54575574632963,0.023304347826086955,0.2796521739130435,1.1652173913043476e-05,0.00013982608695652172,0.5253333333333333,0.4041739130434783,0.07049275362318841,0.25,3.0,0.0005,3.0,36.0,z_smooth_only__RF_return_sortino_vs_bond__cash_allowed__g0p25__tau3p0__c0p0005__phl3p0__l10p0025,z_smooth_only,0.0025,0.004,1.3599999999999999,178,82,67,18,0.6062921348314607,0.38202247191011235,0.011685393258426966,0.625609756097561,0.3353658536585366,0.03902439024390244,0.2608955223880597,0.655820895522388,0.08328358208955221,0.25222222222222224,0.0,0.7477777777777779
z_plus_zsmooth,z_plus_zsmooth__LOGIT_return_sortino_vs_bond__cash_allowed__g0p25__tau1p0__c0p0005__phl6p0__l10p0025,LOGIT,return_sortino_vs_bond,cash_allowed,345,1996-02-29,2024-10-31,0.05432072540997459,0.12009312080982526,0.4523217070526025,-0.36455886101560053,-0.11695075,385.7911881421418,0.03188405797101449,0.3826086956521739,1.5942028985507246e-05,0.00019130434782608694,0.6256231884057972,0.319536231884058,0.05484057971014493,0.25,1.0,0.0005,6.0,36.0,z_plus_zsmooth__LOGIT_return_sortino_vs_bond__cash_allowed__g0p25__tau1p0__c0p0005__phl6p0__l10p0025,z_plus_zsmooth,0.0025,0.003,2.0,200,74,50,21,0.6727,0.32730000000000004,-2.7755575615628914e-19,0.9581081081081082,0.0,0.04189189189189189,0.1444,0.8556,6.938893903907229e-19,0.1514285714285714,0.09523809523809523,0.7533333333333333
z_plus_zsmooth,z_plus_zsmooth__LOGIT_return_sortino_vs_bond__cash_allowed__g0p25__tau5p0__c0p0005__phl6p0__l10p0005,LOGIT,return_sortino_vs_bond,cash_allowed,345,1996-02-29,2024-10-31,0.05432072540997459,0.12009312080982526,0.4523217070526025,-0.36455886101560053,-0.11695075,385.7911881421418,0.03188405797101449,0.3826086956521739,1.5942028985507246e-05,0.00019130434782608694,0.6256231884057972,0.319536231884058,0.05484057971014493,0.25,5.0,0.0005,6.0,36.0,z_plus_zsmooth__LOGIT_return_sortino_vs_bond__cash_allowed__g0p25__tau5p0__c0p0005__phl6p0__l10p0005,z_plus_zsmooth,0.0005,0.003,2.0,200,74,50,21,0.6727,0.32730000000000004,-2.7755575615628914e-19,0.9581081081081082,0.0,0.04189189189189189,0.1444,0.8556,6.938893903907229e-19,0.1514285714285714,0.09523809523809523,0.7533333333333333
z_smooth_only,z_smooth_only__RF_return_sortino_vs_bond__cash_allowed__g0p25__tau3p0__c0p0005__phl6p0__l10p0005,RF,return_sortino_vs_bond,cash_allowed,345,1996-02-29,2024-10-31,0.05478146949668099,0.12126185855221537,0.4517617505680245,-0.35549352465908834,-0.11695075,389.3885476113556,0.04173913043478261,0.5008695652173913,2.0869565217391303e-05,0.00025043478260869563,0.6157101449275362,0.34944927536231885,0.034840579710144925,0.25,3.0,0.0005,6.0,36.0,z_smooth_only__RF_return_sortino_vs_bond__cash_allowed__g0p25__tau3p0__c0p0005__phl6p0__l10p0005,z_smooth_only,0.0005,0.002,1.76,198,67,65,15,0.675050505050505,0.324949494949495,2.523234146875356e-18,0.9608955223880596,0.008358208955223882,0.03074626865671641,0.1436923076923077,0.8563076923076923,0.0,0.3359999999999998,0.0,0.6639999999999998
z_smooth_only,z_smooth_only__RF_return_sortino_vs_bond__cash_allowed__g0p25__tau3p0__c0p001__phl3p0__l10p001,RF,return_sortino_vs_bond,cash_allowed,345,1996-02-29,2024-10-31,0.0522612688242257,0.11582726796715359,0.4512000476351216,-0.35752969788977385,-0.11695075,369.06663200713837,0.023304347826086955,0.2796521739130435,2.3304347826086952e-05,0.00027965217391304344,0.5253333333333333,0.4041739130434783,0.07049275362318841,0.25,3.0,0.001,3.0,36.0,z_smooth_only__RF_return_sortino_vs_bond__cash_allowed__g0p25__tau3p0__c0p001__phl3p0__l10p001,z_smooth_only,0.001,0.004,1.3599999999999999,178,82,67,18,0.6062921348314607,0.38202247191011235,0.011685393258426966,0.625609756097561,0.3353658536585366,0.03902439024390244,0.2608955223880597,0.655820895522388,0.08328358208955221,0.25222222222222224,0.0,0.7477777777777779
z_plus_zsmooth,z_plus_zsmooth__LOGIT_return_sortino_vs_bond__cash_allowed__g0p25__tau3p0__c0p001__phl6p0__l10p0,LOGIT,return_sortino_vs_bond,cash_allowed,345,1996-02-29,2024-10-31,0.05412942106214849,0.12009624849193307,0.4507170019202089,-0.3664520687916719,-0.11695075,383.6800459376843,0.03188405797101449,0.3826086956521739,3.188405797101449e-05,0.0003826086956521739,0.6256231884057972,0.319536231884058,0.05484057971014493,0.25,3.0,0.001,6.0,36.0,z_plus_zsmooth__LOGIT_return_sortino_vs_bond__cash_allowed__g0p25__tau3p0__c0p001__phl6p0__l10p0,z_plus_zsmooth,0.0,0.003,2.0,200,74,50,21,0.6727,0.32730000000000004,-2.7755575615628914e-19,0.9581081081081082,0.0,0.04189189189189189,0.1444,0.8556,6.938893903907229e-19,0.1514285714285714,0.09523809523809523,0.7533333333333333
z_smooth_only,z_smooth_only__LOGIT_return_sortino_vs_bond__cash_allowed__g0p5__tau5p0__c0p001__phl0p0__l10p0,LOGIT,return_sortino_vs_bond,cash_allowed,345,1996-02-29,2024-10-31,0.04518346775698165,0.10028407647098748,0.4505547575148021,-0.2646728354301874,-0.111724,316.13246845693794,0.0782608695652174,0.9391304347826088,7.82608695652174e-05,0.0009391304347826088,0.5382608695652173,0.37414492753623185,0.08759420289855072,0.5,5.0,0.001,0.0,36.0,z_smooth_only__LOGIT_return_sortino_vs_bond__cash_allowed__g0p5__tau5p0__c0p001__phl0p0__l10p0,z_smooth_only,0.0,0.005,2.0,149,107,55,34,0.5930201342281879,0.3789261744966443,0.028053691275167783,0.8388785046728972,0.14392523364485982,0.01719626168224299,0.06145454545454545,0.8585454545454545,0.08,0.12352941176470589,0.29411764705882354,0.5823529411764705
z_smooth_only,z_smooth_only__RF_return_sortino_vs_bond__cash_allowed__g0p25__tau1p0__c0p001__phl6p0__l10p001,RF,return_sortino_vs_bond,cash_allowed,345,1996-02-29,2024-10-31,0.0545310347140723,0.12126330879630622,0.4496911329186274,-0.35613414490017403,-0.11695075,386.60471203144357,0.04173913043478261,0.5008695652173913,4.1739130434782605e-05,0.0005008695652173913,0.6157101449275362,0.34944927536231885,0.034840579710144925,0.25,1.0,0.001,6.0,36.0,z_smooth_only__RF_return_sortino_vs_bond__cash_allowed__g0p25__tau1p0__c0p001__phl6p0__l10p001,z_smooth_only,0.001,0.002,1.76,198,67,65,15,0.675050505050505,0.324949494949495,2.523234146875356e-18,0.9608955223880596,0.008358208955223882,0.03074626865671641,0.1436923076923077,0.8563076923076923,0.0,0.3359999999999998,0.0,0.6639999999999998
z_plus_zsmooth,z_plus_zsmooth__RF_return_sortino_vs_bond__cash_allowed__g0p25__tau5p0__c0p0005__phl3p0__l10p001,RF,return_sortino_vs_bond,cash_allowed,345,1996-02-29,2024-10-31,0.04813288547513368,0.10731265621809898,0.4485294388511814,-0.3575296978897736,-0.10932687337021589,336.99703881063215,0.022492753623188404,0.26991304347826084,1.1246376811594204e-05,0.00013495652173913046,0.48226086956521735,0.46382608695652167,0.05391304347826086,0.25,5.0,0.0005,3.0,36.0,z_plus_zsmooth__RF_return_sortino_vs_bond__cash_allowed__g0p25__tau5p0__c0p0005__phl3p0__l10p001,z_plus_zsmooth,0.001,0.0035,1.0,190,72,66,17,0.5594736842105263,0.4325263157894736,0.00799999999999999,0.5927777777777778,0.3811111111111112,0.026111111111111092,0.22424242424242422,0.7172727272727273,0.05848484848484849,0.15294117647058827,0.18,0.6670588235294117
z_smooth_only,z_smooth_only__RF_return_sortino_vs_bond__cash_allowed__g0p5__tau1p0__c0p0025__phl0p0__l10p001,RF,return_sortino_vs_bond,cash_allowed,345,1996-02-29,2024-10-31,0.042629762801777965,0.09512865580283683,0.4481274589870395,-0.2700305337947527,-0.1048285,298.18258042127655,0.06342028985507246,0.7610434782608695,0.00015855072463768116,0.001902608695652174,0.5140289855072464,0.4001159420289856,0.08585507246376811,0.5,1.0,0.0025,0.0,36.0,z_smooth_only__RF_return_sortino_vs_bond__cash_allowed__g0p5__tau1p0__c0p0025__phl0p0__l10p001,z_smooth_only,0.001,0.0035,2.0,163,88,69,25,0.5801226993865031,0.4076073619631902,0.012269938650306744,0.8193181818181817,0.14613636363636365,0.034545454545454546,0.10521739130434782,0.778840579710145,0.11594202898550725,0.1368,0.2,0.6631999999999999
z_plus_zsmooth,z_plus_zsmooth__RF_return_sortino_vs_bond__cash_allowed__g0p5__tau3p0__c0p0005__phl6p0__l10p0005,RF,return_sortino_vs_bond,cash_allowed,345,1996-02-29,2024-10-31,0.05237060623418411,0.11699233618057597,0.4476413408255292,-0.3590462515515178,-0.11456610165153511,368.77254288241,0.03976811594202899,0.47721739130434787,1.9884057971014492e-05,0.0002386086956521739,0.5839420289855073,0.37884057971014495,0.03721739130434782,0.5,3.0,0.0005,6.0,36.0,z_plus_zsmooth__RF_return_sortino_vs_bond__cash_allowed__g0p5__tau3p0__c0p0005__phl6p0__l10p0005,z_plus_zsmooth,0.0005,0.002,1.2000000000000002,215,55,60,15,0.6636279069767442,0.33637209302325577,-7.455276706058464e-18,0.8527272727272728,0.09854545454545455,0.048727272727272716,0.11733333333333335,0.8826666666666666,-9.251858538542971e-19,0.3226666666666667,0.0,0.6773333333333333
z_plus_zsmooth,z_plus_zsmooth__RF_return_sortino_vs_bond__cash_allowed__g0p25__tau1p0__c0p001__phl3p0__l10p0025,RF,return_sortino_vs_bond,cash_allowed,345,1996-02-29,2024-10-31,0.04799792895339455,0.1073028420624293,0.4473127461569855,-0.35752969788977385,-0.10932687337021589,335.7069249050076,0.022492753623188404,0.26991304347826084,2.2492753623188408e-05,0.0002699130434782609,0.48226086956521735,0.46382608695652167,0.05391304347826086,0.25,1.0,0.001,3.0,36.0,z_plus_zsmooth__RF_return_sortino_vs_bond__cash_allowed__g0p25__tau1p0__c0p001__phl3p0__l10p0025,z_plus_zsmooth,0.0025,0.0035,1.0,190,72,66,17,0.5594736842105263,0.4325263157894736,0.00799999999999999,0.5927777777777778,0.3811111111111112,0.026111111111111092,0.22424242424242422,0.7172727272727273,0.05848484848484849,0.15294117647058827,0.18,0.6670588235294117
z_plus_zsmooth,z_plus_zsmooth__RF_return_sortino_vs_bond__cash_allowed__g0p25__tau3p0__c0p001__phl3p0__l10p0005,RF,return_sortino_vs_bond,cash_allowed,345,1996-02-29,2024-10-31,0.04799792895339455,0.1073028420624293,0.4473127461569855,-0.35752969788977385,-0.10932687337021589,335.7069249050076,0.022492753623188404,0.26991304347826084,2.2492753623188408e-05,0.0002699130434782609,0.48226086956521735,0.46382608695652167,0.05391304347826086,0.25,3.0,0.001,3.0,36.0,z_plus_zsmooth__RF_return_sortino_vs_bond__cash_allowed__g0p25__tau3p0__c0p001__phl3p0__l10p0005,z_plus_zsmooth,0.0005,0.0035,1.0,190,72,66,17,0.5594736842105263,0.4325263157894736,0.00799999999999999,0.5927777777777778,0.3811111111111112,0.026111111111111092,0.22424242424242422,0.7172727272727273,0.05848484848484849,0.15294117647058827,0.18,0.6670588235294117
z_smooth_only,z_smooth_only__RF_return_sortino_vs_bond__cash_allowed__g0p25__tau1p0__c0p0025__phl3p0__l10p0,RF,return_sortino_vs_bond,cash_allowed,345,1996-02-29,2024-10-31,0.05373363031532349,0.12020085875119914,0.44703200021678235,-0.2875890809423005,-0.11654600000000001,379.42860187932394,0.043478260869565216,0.5217391304347826,0.00010869565217391306,0.0013043478260869566,0.6614492753623188,0.2893333333333334,0.049217391304347824,0.25,1.0,0.0025,3.0,36.0,z_smooth_only__RF_return_sortino_vs_bond__cash_allowed__g0p25__tau1p0__c0p0025__phl3p0__l10p0,z_smooth_only,0.0,0.0025,1.6400000000000001,178,82,67,18,0.7941573033707864,0.20584269662921348,-7.952440204477947e-18,0.9290243902439025,0.04829268292682927,0.022682926829268292,0.11611940298507462,0.8838805970149254,-1.6570492904853082e-18,0.16,0.0,0.8400000000000001
z_plus_zsmooth,z_plus_zsmooth__RF_return_sortino_vs_bond__cash_allowed__g0p5__tau1p0__c0p0005__phl6p0__l10p0005,RF,return_sortino_vs_bond,cash_allowed,345,1996-02-29,2024-10-31,0.05203957067933733,0.11669033899518796,0.445962974548247,-0.2700305337947526,-0.11695075,365.41141672547843,0.051130434782608696,0.6135652173913043,2.5565217391304346e-05,0.00030678260869565217,0.663072463768116,0.2917101449275362,0.04521739130434782,0.5,1.0,0.0005,6.0,36.0,z_plus_zsmooth__RF_return_sortino_vs_bond__cash_allowed__g0p5__tau1p0__c0p0005__phl6p0__l10p0005,z_plus_zsmooth,0.0005,0.001,1.12,215,55,60,15,0.8068837209302326,0.19311627906976744,-6.906619978772776e-18,0.9698181818181819,0.0,0.03018181818181818,0.014666666666666666,0.9853333333333333,0.0,0.07066666666666667,0.0,0.9293333333333335
z_plus_zsmooth,z_plus_zsmooth__LOGIT_return_sortino_vs_bond__cash_allowed__g0p25__tau1p0__c0p0025__phl6p0__l10p0005,LOGIT,return_sortino_vs_bond,cash_allowed,345,1996-02-29,2024-10-31,0.05355550801867024,0.12011167706155239,0.4458809445415136,-0.37210547600665345,-0.11695075,377.4076425696774,0.03188405797101449,0.3826086956521739,7.971014492753625e-05,0.0009565217391304349,0.6256231884057972,0.319536231884058,0.05484057971014493,0.25,1.0,0.0025,6.0,36.0,z_plus_zsmooth__LOGIT_return_sortino_vs_bond__cash_allowed__g0p25__tau1p0__c0p0025__phl6p0__l10p0005,z_plus_zsmooth,0.0005,0.003,2.0,200,74,50,21,0.6727,0.32730000000000004,-2.7755575615628914e-19,0.9581081081081082,0.0,0.04189189189189189,0.1444,0.8556,6.938893903907229e-19,0.1514285714285714,0.09523809523809523,0.7533333333333333
z_plus_zsmooth,z_plus_zsmooth__RF_return_sortino_vs_bond__cash_allowed__g0p5__tau1p0__c0p001__phl6p0__l10p001,RF,return_sortino_vs_bond,cash_allowed,345,1996-02-29,2024-10-31,0.052131997538531934,0.1169968671528232,0.445584559716768,-0.36097850387662844,-0.11456610165153511,366.25552255762966,0.03976811594202899,0.47721739130434787,3.9768115942028984e-05,0.0004772173913043478,0.5839420289855073,0.37884057971014495,0.03721739130434782,0.5,1.0,0.001,6.0,36.0,z_plus_zsmooth__RF_return_sortino_vs_bond__cash_allowed__g0p5__tau1p0__c0p001__phl6p0__l10p001,z_plus_zsmooth,0.001,0.002,1.2000000000000002,215,55,60,15,0.6636279069767442,0.33637209302325577,-7.455276706058464e-18,0.8527272727272728,0.09854545454545455,0.048727272727272716,0.11733333333333335,0.8826666666666666,-9.251858538542971e-19,0.3226666666666667,0.0,0.6773333333333333
z_smooth_only,z_smooth_only__RF_return_sortino_vs_bond__cash_allowed__g0p25__tau1p0__c0p0025__phl0p0__l10p001,RF,return_sortino_vs_bond,cash_allowed,345,1996-02-29,2024-10-31,0.04377808733537267,0.09838944088142947,0.444947007963286,-0.2700305337947527,-0.1048285,305.3917505506415,0.06597101449275362,0.7916521739130435,0.00016492753623188405,0.0019791304347826087,0.5638260869565218,0.3571014492753623,0.07907246376811594,0.25,1.0,0.0025,0.0,36.0,z_smooth_only__RF_return_sortino_vs_bond__cash_allowed__g0p25__tau1p0__c0p0025__phl0p0__l10p001,z_smooth_only,0.001,0.0035,2.0,163,88,69,25,0.627239263803681,0.36049079754601226,0.012269938650306731,0.8861363636363637,0.09045454545454544,0.023409090909090904,0.13797101449275365,0.7460869565217391,0.11594202898550725,0.1912,0.2,0.6088
z_plus_zsmooth,z_plus_zsmooth__RF_return_sortino_vs_bond__cash_allowed__g1p0__tau3p0__c0p0005__phl6p0__l10p0005,RF,return_sortino_vs_bond,cash_allowed,345,1996-02-29,2024-10-31,0.04289083428165627,0.09654102459879656,0.44427573106771157,-0.2965625458116017,-0.10164454367613757,299.3836447350438,0.032,0.384,1.6000000000000003e-05,0.00019200000000000003,0.4408115942028985,0.5332173913043479,0.02597101449275362,1.0,3.0,0.0005,6.0,36.0,z_plus_zsmooth__RF_return_sortino_vs_bond__cash_allowed__g1p0__tau3p0__c0p0005__phl6p0__l10p0005,z_plus_zsmooth,0.0005,0.002,1.0,215,55,60,15,0.5331162790697676,0.46688372093023245,8.068481283613056e-20,0.566909090909091,0.39527272727272705,0.03781818181818182,0.06933333333333333,0.9306666666666668,-5.088522196198634e-18,0.14133333333333337,0.40000000000000013,0.45866666666666667
z_plus_zsmooth,z_plus_zsmooth__RF_return_sortino_vs_bond__cash_allowed__g0p25__tau1p0__c0p0025__phl3p0__l10p001,RF,return_sortino_vs_bond,cash_allowed,345,1996-02-29,2024-10-31,0.047593059388177164,0.10727548336764493,0.443652714433087,-0.35752969788977373,-0.10932687337021589,331.8639769442865,0.022492753623188404,0.26991304347826084,5.623188405797102e-05,0.0006747826086956522,0.48226086956521735,0.46382608695652167,0.05391304347826086,0.25,1.0,0.0025,3.0,36.0,z_plus_zsmooth__RF_return_sortino_vs_bond__cash_allowed__g0p25__tau1p0__c0p0025__phl3p0__l10p001,z_plus_zsmooth,0.001,0.0035,1.0,190,72,66,17,0.5594736842105263,0.4325263157894736,0.00799999999999999,0.5927777777777778,0.3811111111111112,0.026111111111111092,0.22424242424242422,0.7172727272727273,0.05848484848484849,0.15294117647058827,0.18,0.6670588235294117
z_plus_zsmooth,z_plus_zsmooth__RF_return_sortino_vs_bond__cash_allowed__g0p5__tau1p0__c0p001__phl6p0__l10p0,RF,return_sortino_vs_bond,cash_allowed,345,1996-02-29,2024-10-31,0.051732788070641675,0.11667914837014413,0.4433764626609073,-0.27003053379475284,-0.11695075,362.22812475192205,0.051130434782608696,0.6135652173913043,5.113043478260869e-05,0.0006135652173913043,0.663072463768116,0.2917101449275362,0.04521739130434782,0.5,1.0,0.001,6.0,36.0,z_plus_zsmooth__RF_return_sortino_vs_bond__cash_allowed__g0p5__tau1p0__c0p001__phl6p0__l10p0,z_plus_zsmooth,0.0,0.001,1.12,215,55,60,15,0.8068837209302326,0.19311627906976744,-6.906619978772776e-18,0.9698181818181819,0.0,0.03018181818181818,0.014666666666666666,0.9853333333333333,0.0,0.07066666666666667,0.0,0.9293333333333335
z_plus_zsmooth,z_plus_zsmooth__RF_return_sortino_vs_bond__cash_allowed__g1p0__tau1p0__c0p001__phl6p0__l10p001,RF,return_sortino_vs_bond,cash_allowed,345,1996-02-29,2024-10-31,0.04269883428165627,0.09654627283195791,0.4422628966317017,-0.2972749913741307,-0.10164454367613757,297.73657518496395,0.032,0.384,3.2000000000000005e-05,0.00038400000000000006,0.4408115942028985,0.5332173913043479,0.02597101449275362,1.0,1.0,0.001,6.0,36.0,z_plus_zsmooth__RF_return_sortino_vs_bond__cash_allowed__g1p0__tau1p0__c0p001__phl6p0__l10p001,z_plus_zsmooth,0.001,0.002,1.0,215,55,60,15,0.5331162790697676,0.46688372093023245,8.068481283613056e-20,0.566909090909091,0.39527272727272705,0.03781818181818182,0.06933333333333333,0.9306666666666668,-5.088522196198634e-18,0.14133333333333337,0.40000000000000013,0.45866666666666667
z_smooth_only,z_smooth_only__RF_return_sortino_vs_bond__cash_allowed__g0p5__tau3p0__c0p0005__phl6p0__l10p001,RF,return_sortino_vs_bond,cash_allowed,345,1996-02-29,2024-10-31,0.046436088388914006,0.10534446391944315,0.4408023607621531,-0.35779111460932245,-0.10736025,322.9342332563423,0.03223188405797102,0.38678260869565223,1.6115942028985506e-05,0.00019339130434782608,0.5068985507246376,0.4576231884057971,0.035478260869565216,0.5,3.0,0.0005,6.0,36.0,z_smooth_only__RF_return_sortino_vs_bond__cash_allowed__g0p5__tau3p0__c0p0005__phl6p0__l10p001,z_smooth_only,0.001,0.0025,1.2400000000000002,198,67,65,15,0.5565656565656566,0.4434343434343435,-2.2428747972225387e-18,0.6865671641791045,0.2647761194029851,0.048656716417910445,0.19476923076923078,0.8052307692307692,-5.978123978750843e-18,0.40133333333333326,0.0,0.5986666666666667
z_smooth_only,z_smooth_only__RF_return_sortino_vs_bond__cash_allowed__g0p5__tau5p0__c0p0005__phl6p0__l10p0,RF,return_sortino_vs_bond,cash_allowed,345,1996-02-29,2024-10-31,0.046436088388914006,0.10534446391944315,0.4408023607621531,-0.35779111460932245,-0.10736025,322.9342332563423,0.03223188405797102,0.38678260869565223,1.6115942028985506e-05,0.00019339130434782608,0.5068985507246376,0.4576231884057971,0.035478260869565216,0.5,5.0,0.0005,6.0,36.0,z_smooth_only__RF_return_sortino_vs_bond__cash_allowed__g0p5__tau5p0__c0p0005__phl6p0__l10p0,z_smooth_only,0.0,0.0025,1.2400000000000002,198,67,65,15,0.5565656565656566,0.4434343434343435,-2.2428747972225387e-18,0.6865671641791045,0.2647761194029851,0.048656716417910445,0.19476923076923078,0.8052307692307692,-5.978123978750843e-18,0.40133333333333326,0.0,0.5986666666666667
z_smooth_only,z_smooth_only__RF_return_sortino_vs_bond__cash_allowed__g0p5__tau3p0__c0p0005__phl0p0__l10p0025,RF,return_sortino_vs_bond,cash_allowed,345,1996-02-29,2024-10-31,0.04115767536320936,0.09339647038576998,0.4406769891111453,-0.2700305337947526,-0.10547656869325664,287.2735122601781,0.0462608695652174,0.5551304347826087,2.31304347826087e-05,0.0002775652173913044,0.41982608695652174,0.4968695652173912,0.08330434782608696,0.5,3.0,0.0005,0.0,36.0,z_smooth_only__RF_return_sortino_vs_bond__cash_allowed__g0p5__tau3p0__c0p0005__phl0p0__l10p0025,z_smooth_only,0.0025,0.004,1.4,163,88,69,25,0.5062576687116565,0.4823312883435583,0.01141104294478527,0.5563636363636363,0.41409090909090907,0.02954545454545454,0.1371014492753623,0.6753623188405795,0.18753623188405794,0.15600000000000003,0.39039999999999997,0.4536
z_plus_zsmooth,z_plus_zsmooth__RF_return_sortino_vs_bond__cash_allowed__g0p25__tau3p0__c0p0005__phl3p0__l10p001,RF,return_sortino_vs_bond,cash_allowed,345,1996-02-29,2024-10-31,0.05241603319134713,0.119022546442973,0.4403874287504099,-0.3035421094436699,-0.11695075,366.74547184646764,0.043478260869565216,0.5217391304347826,2.1739130434782607e-05,0.0002608695652173913,0.6450434782608695,0.30631884057971015,0.048637681159420285,0.25,3.0,0.0005,3.0,36.0,z_plus_zsmooth__RF_return_sortino_vs_bond__cash_allowed__g0p25__tau3p0__c0p0005__phl3p0__l10p001,z_plus_zsmooth,0.001,0.0025,1.84,190,72,66,17,0.7606315789473683,0.2393684210526316,-1.1686558153949016e-17,0.9147222222222222,0.06055555555555556,0.024722222222222222,0.15393939393939393,0.8460606060606061,4.2053902447922597e-19,0.11764705882352941,0.0,0.8823529411764706
z_plus_zsmooth,z_plus_zsmooth__RF_return_sortino_vs_bond__cash_allowed__g0p25__tau5p0__c0p0005__phl3p0__l10p0,RF,return_sortino_vs_bond,cash_allowed,345,1996-02-29,2024-10-31,0.05241603319134713,0.119022546442973,0.4403874287504099,-0.3035421094436699,-0.11695075,366.74547184646764,0.043478260869565216,0.5217391304347826,2.1739130434782607e-05,0.0002608695652173913,0.6450434782608695,0.30631884057971015,0.048637681159420285,0.25,5.0,0.0005,3.0,36.0,z_plus_zsmooth__RF_return_sortino_vs_bond__cash_allowed__g0p25__tau5p0__c0p0005__phl3p0__l10p0,z_plus_zsmooth,0.0,0.0025,1.84,190,72,66,17,0.7606315789473683,0.2393684210526316,-1.1686558153949016e-17,0.9147222222222222,0.06055555555555556,0.024722222222222222,0.15393939393939393,0.8460606060606061,4.2053902447922597e-19,0.11764705882352941,0.0,0.8823529411764706
z_smooth_only,z_smooth_only__RF_return_sortino_vs_bond__cash_allowed__g1p0__tau3p0__c0p0005__phl6p0__l10p0005,RF,return_sortino_vs_bond,cash_allowed,345,1996-02-29,2024-10-31,0.04393069713610385,0.09992953005227073,0.43961676906841,-0.2757026830957766,-0.10490670278664815,305.47401125713935,0.037449275362318846,0.44939130434782615,1.8724637681159422e-05,0.00022469565217391306,0.4543188405797101,0.5008695652173912,0.044811594202898535,1.0,3.0,0.0005,6.0,36.0,z_smooth_only__RF_return_sortino_vs_bond__cash_allowed__g1p0__tau3p0__c0p0005__phl6p0__l10p0005,z_smooth_only,0.0005,0.002,1.0,198,67,65,15,0.5326262626262627,0.4673737373737375,-1.2511035978256972e-17,0.6805970149253732,0.26,0.059402985074626845,0.06553846153846155,0.9344615384615385,8.540177112501205e-19,0.09466666666666668,0.14000000000000007,0.7653333333333332
z_smooth_only,z_smooth_only__RF_return_sortino_vs_bond__cash_allowed__g1p0__tau1p0__c0p0005__phl6p0__l10p001,RF,return_sortino_vs_bond,cash_allowed,345,1996-02-29,2024-10-31,0.04628096217859152,0.1055642022007091,0.43841530759260205,-0.2700305337947526,-0.10915437912883776,321.22063385625205,0.04765217391304347,0.5718260869565217,2.3826086956521738e-05,0.00028591304347826087,0.5293333333333333,0.4161739130434782,0.054492753623188395,1.0,1.0,0.0005,6.0,36.0,z_smooth_only__RF_return_sortino_vs_bond__cash_allowed__g1p0__tau1p0__c0p0005__phl6p0__l10p001,z_smooth_only,0.001,0.0015,1.0,198,67,65,15,0.6251515151515151,0.3748484848484848,-5.02894583439741e-18,0.8391044776119403,0.09164179104477613,0.06925373134328358,0.027384615384615386,0.9726153846153845,0.0,0.056,0.0,0.9440000000000001
z_smooth_only,z_smooth_only__RF_return_sortino_vs_bond__cash_allowed__g1p0__tau3p0__c0p0005__phl6p0__l10p0,RF,return_sortino_vs_bond,cash_allowed,345,1996-02-29,2024-10-31,0.04628096217859152,0.1055642022007091,0.43841530759260205,-0.2700305337947526,-0.10915437912883776,321.22063385625205,0.04765217391304347,0.5718260869565217,2.3826086956521738e-05,0.00028591304347826087,0.5293333333333333,0.4161739130434782,0.054492753623188395,1.0,3.0,0.0005,6.0,36.0,z_smooth_only__RF_return_sortino_vs_bond__cash_allowed__g1p0__tau3p0__c0p0005__phl6p0__l10p0,z_smooth_only,0.0,0.0015,1.0,198,67,65,15,0.6251515151515151,0.3748484848484848,-5.02894583439741e-18,0.8391044776119403,0.09164179104477613,0.06925373134328358,0.027384615384615386,0.9726153846153845,0.0,0.056,0.0,0.9440000000000001
z_smooth_only,z_smooth_only__RF_return_sortino_vs_bond__cash_allowed__g0p5__tau3p0__c0p001__phl0p0__l10p001,RF,return_sortino_vs_bond,cash_allowed,345,1996-02-29,2024-10-31,0.04088011014581806,0.09339031560568051,0.43773393291040025,-0.27003053379475284,-0.10547656869325664,285.00183584244184,0.0462608695652174,0.5551304347826087,4.62608695652174e-05,0.0005551304347826088,0.41982608695652174,0.4968695652173912,0.08330434782608696,0.5,3.0,0.001,0.0,36.0,z_smooth_only__RF_return_sortino_vs_bond__cash_allowed__g0p5__tau3p0__c0p001__phl0p0__l10p001,z_smooth_only,0.001,0.004,1.4,163,88,69,25,0.5062576687116565,0.4823312883435583,0.01141104294478527,0.5563636363636363,0.41409090909090907,0.02954545454545454,0.1371014492753623,0.6753623188405795,0.18753623188405794,0.15600000000000003,0.39039999999999997,0.4536
z_smooth_only,z_smooth_only__RF_return_sortino_vs_bond__cash_allowed__g1p0__tau1p0__c0p001__phl6p0__l10p001,RF,return_sortino_vs_bond,cash_allowed,345,1996-02-29,2024-10-31,0.04370600148392994,0.09993324794139968,0.4373519562734406,-0.27643279939244225,-0.10490670278664815,303.5101605272744,0.037449275362318846,0.44939130434782615,3.7449275362318844e-05,0.0004493913043478261,0.4543188405797101,0.5008695652173912,0.044811594202898535,1.0,1.0,0.001,6.0,36.0,z_smooth_only__RF_return_sortino_vs_bond__cash_allowed__g1p0__tau1p0__c0p001__phl6p0__l10p001,z_smooth_only,0.001,0.002,1.0,198,67,65,15,0.5326262626262627,0.4673737373737375,-1.2511035978256972e-17,0.6805970149253732,0.26,0.059402985074626845,0.06553846153846155,0.9344615384615385,8.540177112501205e-19,0.09466666666666668,0.14000000000000007,0.7653333333333332
z_smooth_only,z_smooth_only__LOGIT_return_sortino_vs_bond__cash_allowed__g0p5__tau1p0__c0p0025__phl0p0__l10p0025,LOGIT,return_sortino_vs_bond,cash_allowed,345,1996-02-29,2024-10-31,0.043774772104807735,0.10029896665480999,0.43644290230290667,-0.27120501857828794,-0.111724,303.6123897054646,0.0782608695652174,0.9391304347826088,0.0001956521739130435,0.0023478260869565218,0.5382608695652173,0.37414492753623185,0.08759420289855072,0.5,1.0,0.0025,0.0,36.0,z_smooth_only__LOGIT_return_sortino_vs_bond__cash_allowed__g0p5__tau1p0__c0p0025__phl0p0__l10p0025,z_smooth_only,0.0025,0.005,2.0,149,107,55,34,0.5930201342281879,0.3789261744966443,0.028053691275167783,0.8388785046728972,0.14392523364485982,0.01719626168224299,0.06145454545454545,0.8585454545454545,0.08,0.12352941176470589,0.29411764705882354,0.5823529411764705
z_smooth_only,z_smooth_only__RF_return_sortino_vs_bond__cash_allowed__g1p0__tau1p0__c0p001__phl6p0__l10p0005,RF,return_sortino_vs_bond,cash_allowed,345,1996-02-29,2024-10-31,0.04599504913511326,0.10556004449737133,0.43572404079707094,-0.27003053379475284,-0.10915437912883776,318.603299465478,0.04765217391304347,0.5718260869565217,4.7652173913043475e-05,0.0005718260869565217,0.5293333333333333,0.4161739130434782,0.054492753623188395,1.0,1.0,0.001,6.0,36.0,z_smooth_only__RF_return_sortino_vs_bond__cash_allowed__g1p0__tau1p0__c0p001__phl6p0__l10p0005,z_smooth_only,0.0005,0.0015,1.0,198,67,65,15,0.6251515151515151,0.3748484848484848,-5.02894583439741e-18,0.8391044776119403,0.09164179104477613,0.06925373134328358,0.027384615384615386,0.9726153846153845,0.0,0.056,0.0,0.9440000000000001
z_smooth_only,z_smooth_only__LOGIT_return_sortino_vs_bond__cash_allowed__g0p25__tau5p0__c0p0005__phl0p0__l10p0025,LOGIT,return_sortino_vs_bond,cash_allowed,345,1996-02-29,2024-10-31,0.04471470785115438,0.10282072011388921,0.4348803218030977,-0.2893530149743294,-0.11385100000000001,309.560696095692,0.0783768115942029,0.9405217391304348,3.918840579710145e-05,0.0004702608695652174,0.5554782608695652,0.36776811594202896,0.07675362318840581,0.25,5.0,0.0005,0.0,36.0,z_smooth_only__LOGIT_return_sortino_vs_bond__cash_allowed__g0p25__tau5p0__c0p0005__phl0p0__l10p0025,z_smooth_only,0.0025,0.005,2.0,149,107,55,34,0.608724832214765,0.3685906040268456,0.02268456375838926,0.8439252336448598,0.14018691588785046,0.01588785046728972,0.08618181818181818,0.8538181818181817,0.06,0.1735294117647059,0.29411764705882354,0.5323529411764706
z_smooth_only,z_smooth_only__RF_return_sortino_vs_bond__cash_allowed__g0p5__tau3p0__c0p0005__phl6p0__l10p0005,RF,return_sortino_vs_bond,cash_allowed,345,1996-02-29,2024-10-31,0.051557084153152605,0.11888586290292077,0.4336687550079258,-0.3340166869988469,-0.11695075,357.9894181907143,0.042434782608695654,0.5092173913043478,2.1217391304347825e-05,0.0002546086956521739,0.5739130434782609,0.3828985507246377,0.04318840579710145,0.5,3.0,0.0005,6.0,36.0,z_smooth_only__RF_return_sortino_vs_bond__cash_allowed__g0p5__tau3p0__c0p0005__phl6p0__l10p0005,z_smooth_only,0.0005,0.002,1.2,198,67,65,15,0.6460606060606061,0.35393939393939394,-1.5945438011503985e-18,0.8925373134328358,0.06268656716417911,0.04477611940298507,0.11046153846153846,0.8895384615384615,-3.416070845000482e-18,0.2066666666666667,0.0,0.7933333333333334
z_smooth_only,z_smooth_only__RF_return_sortino_vs_bond__cash_allowed__g0p5__tau1p0__c0p0025__phl6p0__l10p0,RF,return_sortino_vs_bond,cash_allowed,345,1996-02-29,2024-10-31,0.045662523171522695,0.1053611452338562,0.4333905356682639,-0.3637453769675876,-0.10736025,315.83923097196856,0.03223188405797102,0.38678260869565223,8.057971014492754e-05,0.0009669565217391305,0.5068985507246376,0.4576231884057971,0.035478260869565216,0.5,1.0,0.0025,6.0,36.0,z_smooth_only__RF_return_sortino_vs_bond__cash_allowed__g0p5__tau1p0__c0p0025__phl6p0__l10p0,z_smooth_only,0.0,0.0025,1.2400000000000002,198,67,65,15,0.5565656565656566,0.4434343434343435,-2.2428747972225387e-18,0.6865671641791045,0.2647761194029851,0.048656716417910445,0.19476923076923078,0.8052307692307692,-5.978123978750843e-18,0.40133333333333326,0.0,0.5986666666666667
z_plus_zsmooth,z_plus_zsmooth__LOGIT_return_sortino_vs_bond__cash_allowed__g0p25__tau5p0__c0p0005__phl6p0__l10p001,LOGIT,return_sortino_vs_bond,cash_allowed,345,1996-02-29,2024-10-31,0.052206357818966896,0.12081388674983698,0.43212216098193973,-0.4139649635735203,-0.11695075,362.1842018652767,0.03188405797101449,0.3826086956521739,1.5942028985507246e-05,0.00019130434782608694,0.6211014492753624,0.3234202898550725,0.05547826086956522,0.25,5.0,0.0005,6.0,36.0,z_plus_zsmooth__LOGIT_return_sortino_vs_bond__cash_allowed__g0p25__tau5p0__c0p0005__phl6p0__l10p001,z_plus_zsmooth,0.001,0.0035,1.3199999999999998,200,74,50,21,0.6631999999999999,0.3368,0.0,0.925945945945946,0.02,0.05405405405405406,0.1852,0.8147999999999999,-2.220446049250313e-18,0.1838095238095238,0.09523809523809523,0.720952380952381
z_smooth_only,z_smooth_only__RF_return_sortino_vs_bond__cash_allowed__g0p5__tau1p0__c0p001__phl6p0__l10p001,RF,return_sortino_vs_bond,cash_allowed,345,1996-02-29,2024-10-31,0.051302475457500434,0.11888987226445087,0.43151257950203326,-0.33602090227531134,-0.11695075,355.3836736226608,0.042434782608695654,0.5092173913043478,4.243478260869565e-05,0.0005092173913043478,0.5739130434782609,0.3828985507246377,0.04318840579710145,0.5,1.0,0.001,6.0,36.0,z_smooth_only__RF_return_sortino_vs_bond__cash_allowed__g0p5__tau1p0__c0p001__phl6p0__l10p001,z_smooth_only,0.001,0.002,1.2,198,67,65,15,0.6460606060606061,0.35393939393939394,-1.5945438011503985e-18,0.8925373134328358,0.06268656716417911,0.04477611940298507,0.11046153846153846,0.8895384615384615,-3.416070845000482e-18,0.2066666666666667,0.0,0.7933333333333334
z_plus_zsmooth,z_plus_zsmooth__RF_return_sortino_vs_bond__cash_allowed__g0p25__tau1p0__c0p0025__phl3p0__l10p0,RF,return_sortino_vs_bond,cash_allowed,345,1996-02-29,2024-10-31,0.05137255493047757,0.11909845521217176,0.43134526672876056,-0.30632187151891843,-0.11695075,355.85533139104115,0.043478260869565216,0.5217391304347826,0.00010869565217391306,0.0013043478260869566,0.6450434782608695,0.30631884057971015,0.048637681159420285,0.25,1.0,0.0025,3.0,36.0,z_plus_zsmooth__RF_return_sortino_vs_bond__cash_allowed__g0p25__tau1p0__c0p0025__phl3p0__l10p0,z_plus_zsmooth,0.0,0.0025,1.84,190,72,66,17,0.7606315789473683,0.2393684210526316,-1.1686558153949016e-17,0.9147222222222222,0.06055555555555556,0.024722222222222222,0.15393939393939393,0.8460606060606061,4.2053902447922597e-19,0.11764705882352941,0.0,0.8823529411764706
z_plus_zsmooth,z_plus_zsmooth__LOGIT_return_sortino_vs_bond__cash_allowed__g0p25__tau1p0__c0p001__phl6p0__l10p0025,LOGIT,return_sortino_vs_bond,cash_allowed,345,1996-02-29,2024-10-31,0.05201505347114081,0.12082746203490172,0.4304903255860489,-0.4157551590053097,-0.11695075,360.1876489607262,0.03188405797101449,0.3826086956521739,3.188405797101449e-05,0.0003826086956521739,0.6211014492753624,0.3234202898550725,0.05547826086956522,0.25,1.0,0.001,6.0,36.0,z_plus_zsmooth__LOGIT_return_sortino_vs_bond__cash_allowed__g0p25__tau1p0__c0p001__phl6p0__l10p0025,z_plus_zsmooth,0.0025,0.0035,1.3199999999999998,200,74,50,21,0.6631999999999999,0.3368,0.0,0.925945945945946,0.02,0.05405405405405406,0.1852,0.8147999999999999,-2.220446049250313e-18,0.1838095238095238,0.09523809523809523,0.720952380952381
z_plus_zsmooth,z_plus_zsmooth__LOGIT_return_sortino_vs_bond__cash_allowed__g0p25__tau3p0__c0p001__phl6p0__l10p0005,LOGIT,return_sortino_vs_bond,cash_allowed,345,1996-02-29,2024-10-31,0.05201505347114081,0.12082746203490172,0.4304903255860489,-0.4157551590053097,-0.11695075,360.1876489607262,0.03188405797101449,0.3826086956521739,3.188405797101449e-05,0.0003826086956521739,0.6211014492753624,0.3234202898550725,0.05547826086956522,0.25,3.0,0.001,6.0,36.0,z_plus_zsmooth__LOGIT_return_sortino_vs_bond__cash_allowed__g0p25__tau3p0__c0p001__phl6p0__l10p0005,z_plus_zsmooth,0.0005,0.0035,1.3199999999999998,200,74,50,21,0.6631999999999999,0.3368,0.0,0.925945945945946,0.02,0.05405405405405406,0.1852,0.8147999999999999,-2.220446049250313e-18,0.1838095238095238,0.09523809523809523,0.720952380952381
z_smooth_only,z_smooth_only__LOGIT_return_sortino_vs_bond__cash_allowed__g0p25__tau5p0__c0p001__phl0p0__l10p0,LOGIT,return_sortino_vs_bond,cash_allowed,345,1996-02-29,2024-10-31,0.044244446981589164,0.10280188419392128,0.43038556470548966,-0.29147421435024534,-0.11385100000000001,305.4333058841028,0.0783768115942029,0.9405217391304348,7.83768115942029e-05,0.0009405217391304349,0.5554782608695652,0.36776811594202896,0.07675362318840581,0.25,5.0,0.001,0.0,36.0,z_smooth_only__LOGIT_return_sortino_vs_bond__cash_allowed__g0p25__tau5p0__c0p001__phl0p0__l10p0,z_smooth_only,0.0,0.005,2.0,149,107,55,34,0.608724832214765,0.3685906040268456,0.02268456375838926,0.8439252336448598,0.14018691588785046,0.01588785046728972,0.08618181818181818,0.8538181818181817,0.06,0.1735294117647059,0.29411764705882354,0.5323529411764706
z_plus_zsmooth,z_plus_zsmooth__RF_return_sortino_vs_bond__cash_allowed__g1p0__tau1p0__c0p0005__phl6p0__l10p001,RF,return_sortino_vs_bond,cash_allowed,345,1996-02-29,2024-10-31,0.0443140308371685,0.10297405281814695,0.4303417183688734,-0.2700305337947526,-0.10786121704172152,305.99636596562505,0.04510144927536232,0.5412173913043479,2.2550724637681158e-05,0.00027060869565217387,0.5132753623188405,0.4394782608695652,0.04724637681159421,1.0,1.0,0.0005,6.0,36.0,z_plus_zsmooth__RF_return_sortino_vs_bond__cash_allowed__g1p0__tau1p0__c0p0005__phl6p0__l10p001,z_plus_zsmooth,0.001,0.0015,1.0,215,55,60,15,0.6154418604651163,0.38455813953488377,-2.130079058873847e-18,0.7669090909090909,0.16327272727272724,0.0698181818181818,0.025666666666666667,0.9743333333333334,9.251858538542971e-19,0.06933333333333333,0.10000000000000003,0.8306666666666669
z_plus_zsmooth,z_plus_zsmooth__RF_return_sortino_vs_bond__cash_allowed__g1p0__tau3p0__c0p0005__phl6p0__l10p0,RF,return_sortino_vs_bond,cash_allowed,345,1996-02-29,2024-10-31,0.0443140308371685,0.10297405281814695,0.4303417183688734,-0.2700305337947526,-0.10786121704172152,305.99636596562505,0.04510144927536232,0.5412173913043479,2.2550724637681158e-05,0.00027060869565217387,0.5132753623188405,0.4394782608695652,0.04724637681159421,1.0,3.0,0.0005,6.0,36.0,z_plus_zsmooth__RF_return_sortino_vs_bond__cash_allowed__g1p0__tau3p0__c0p0005__phl6p0__l10p0,z_plus_zsmooth,0.0,0.0015,1.0,215,55,60,15,0.6154418604651163,0.38455813953488377,-2.130079058873847e-18,0.7669090909090909,0.16327272727272724,0.0698181818181818,0.025666666666666667,0.9743333333333334,9.251858538542971e-19,0.06933333333333333,0.10000000000000003,0.8306666666666669
z_plus_zsmooth,z_plus_zsmooth__RF_return_sortino_vs_bond__cash_allowed__g1p0__tau1p0__c0p001__phl6p0__l10p0005,RF,return_sortino_vs_bond,cash_allowed,345,1996-02-29,2024-10-31,0.04404342214151633,0.10297400285919125,0.4277139949754328,-0.27003053379475284,-0.10786121704172152,303.6322779426047,0.04510144927536232,0.5412173913043479,4.5101449275362316e-05,0.0005412173913043477,0.5132753623188405,0.4394782608695652,0.04724637681159421,1.0,1.0,0.001,6.0,36.0,z_plus_zsmooth__RF_return_sortino_vs_bond__cash_allowed__g1p0__tau1p0__c0p001__phl6p0__l10p0005,z_plus_zsmooth,0.0005,0.0015,1.0,215,55,60,15,0.6154418604651163,0.38455813953488377,-2.130079058873847e-18,0.7669090909090909,0.16327272727272724,0.0698181818181818,0.025666666666666667,0.9743333333333334,9.251858538542971e-19,0.06933333333333333,0.10000000000000003,0.8306666666666669
z_plus_zsmooth,z_plus_zsmooth__RF_return_sortino_vs_bond__cash_allowed__g0p5__tau5p0__c0p0005__phl3p0__l10p001,RF,return_sortino_vs_bond,cash_allowed,345,1996-02-29,2024-10-31,0.047355205720550846,0.11086715655440389,0.42713466451458104,-0.3575296978897736,-0.11356236038676262,325.8994297508381,0.02411594202898551,0.2893913043478261,1.2057971014492755e-05,0.00014469565217391307,0.4838260869565218,0.4430724637681159,0.07310144927536232,0.5,5.0,0.0005,3.0,36.0,z_plus_zsmooth__RF_return_sortino_vs_bond__cash_allowed__g0p5__tau5p0__c0p0005__phl3p0__l10p001,z_plus_zsmooth,0.001,0.0035,1.3199999999999998,190,72,66,17,0.5777894736842105,0.40747368421052627,0.014736842105263158,0.6069444444444444,0.351388888888889,0.04166666666666666,0.1684848484848485,0.7390909090909091,0.09242424242424244,0.13647058823529412,0.08,0.783529411764706
z_plus_zsmooth,z_plus_zsmooth__RF_return_sortino_vs_bond__cash_allowed__g0p5__tau1p0__c0p001__phl3p0__l10p0025,RF,return_sortino_vs_bond,cash_allowed,345,1996-02-29,2024-10-31,0.047210510068376926,0.1108691489331864,0.4258218857333127,-0.35752969788977385,-0.11356236038676262,324.5492817005029,0.02411594202898551,0.2893913043478261,2.411594202898551e-05,0.00028939130434782614,0.4838260869565218,0.4430724637681159,0.07310144927536232,0.5,1.0,0.001,3.0,36.0,z_plus_zsmooth__RF_return_sortino_vs_bond__cash_allowed__g0p5__tau1p0__c0p001__phl3p0__l10p0025,z_plus_zsmooth,0.0025,0.0035,1.3199999999999998,190,72,66,17,0.5777894736842105,0.40747368421052627,0.014736842105263158,0.6069444444444444,0.351388888888889,0.04166666666666666,0.1684848484848485,0.7390909090909091,0.09242424242424244,0.13647058823529412,0.08,0.783529411764706
z_plus_zsmooth,z_plus_zsmooth__RF_return_sortino_vs_bond__cash_allowed__g0p5__tau3p0__c0p001__phl3p0__l10p0005,RF,return_sortino_vs_bond,cash_allowed,345,1996-02-29,2024-10-31,0.047210510068376926,0.1108691489331864,0.4258218857333127,-0.35752969788977385,-0.11356236038676262,324.5492817005029,0.02411594202898551,0.2893913043478261,2.411594202898551e-05,0.00028939130434782614,0.4838260869565218,0.4430724637681159,0.07310144927536232,0.5,3.0,0.001,3.0,36.0,z_plus_zsmooth__RF_return_sortino_vs_bond__cash_allowed__g0p5__tau3p0__c0p001__phl3p0__l10p0005,z_plus_zsmooth,0.0005,0.0035,1.3199999999999998,190,72,66,17,0.5777894736842105,0.40747368421052627,0.014736842105263158,0.6069444444444444,0.351388888888889,0.04166666666666666,0.1684848484848485,0.7390909090909091,0.09242424242424244,0.13647058823529412,0.08,0.783529411764706
z_plus_zsmooth,z_plus_zsmooth__LOGIT_return_sortino_vs_bond__cash_allowed__g0p25__tau1p0__c0p0025__phl6p0__l10p001,LOGIT,return_sortino_vs_bond,cash_allowed,345,1996-02-29,2024-10-31,0.05144114042766255,0.12087251286311246,0.42558179034400806,-0.42109855443664634,-0.11695075,354.25821071905335,0.03188405797101449,0.3826086956521739,7.971014492753623e-05,0.0009565217391304348,0.6211014492753624,0.3234202898550725,0.05547826086956522,0.25,1.0,0.0025,6.0,36.0,z_plus_zsmooth__LOGIT_return_sortino_vs_bond__cash_allowed__g0p25__tau1p0__c0p0025__phl6p0__l10p001,z_plus_zsmooth,0.001,0.0035,1.3199999999999998,200,74,50,21,0.6631999999999999,0.3368,0.0,0.925945945945946,0.02,0.05405405405405406,0.1852,0.8147999999999999,-2.220446049250313e-18,0.1838095238095238,0.09523809523809523,0.720952380952381
z_plus_zsmooth,z_plus_zsmooth__RF_return_sortino_vs_bond__cash_allowed__g0p5__tau1p0__c0p0025__phl3p0__l10p001,RF,return_sortino_vs_bond,cash_allowed,345,1996-02-29,2024-10-31,0.04677642311185519,0.11087763997864235,0.42187426717294335,-0.35752969788977373,-0.11356236038676262,320.52967058555515,0.02411594202898551,0.2893913043478261,6.028985507246377e-05,0.0007234782608695652,0.4838260869565218,0.4430724637681159,0.07310144927536232,0.5,1.0,0.0025,3.0,36.0,z_plus_zsmooth__RF_return_sortino_vs_bond__cash_allowed__g0p5__tau1p0__c0p0025__phl3p0__l10p001,z_plus_zsmooth,0.001,0.0035,1.3199999999999998,190,72,66,17,0.5777894736842105,0.40747368421052627,0.014736842105263158,0.6069444444444444,0.351388888888889,0.04166666666666666,0.1684848484848485,0.7390909090909091,0.09242424242424244,0.13647058823529412,0.08,0.783529411764706
z_smooth_only,z_smooth_only__LOGIT_return_sortino_vs_bond__cash_allowed__g0p25__tau1p0__c0p0025__phl0p0__l10p0025,LOGIT,return_sortino_vs_bond,cash_allowed,345,1996-02-29,2024-10-31,0.04283366437289352,0.10276351437355621,0.41681782327128897,-0.29780845783702803,-0.11385100000000001,293.3619804004765,0.0783768115942029,0.9405217391304348,0.00019594202898550722,0.0023513043478260868,0.5554782608695652,0.36776811594202896,0.07675362318840581,0.25,1.0,0.0025,0.0,36.0,z_smooth_only__LOGIT_return_sortino_vs_bond__cash_allowed__g0p25__tau1p0__c0p0025__phl0p0__l10p0025,z_smooth_only,0.0025,0.005,2.0,149,107,55,34,0.608724832214765,0.3685906040268456,0.02268456375838926,0.8439252336448598,0.14018691588785046,0.01588785046728972,0.08618181818181818,0.8538181818181817,0.06,0.1735294117647059,0.29411764705882354,0.5323529411764706
z_smooth_only,z_smooth_only__RF_return_sortino_vs_bond__cash_allowed__g0p5__tau1p0__c0p0005__phl3p0__l10p0025,RF,return_sortino_vs_bond,cash_allowed,345,1996-02-29,2024-10-31,0.04162164720642167,0.09995266700995202,0.4164135730593113,-0.30465016978526793,-0.1048285,285.93102626077325,0.035130434782608695,0.42156521739130437,1.756521739130435e-05,0.00021078260869565217,0.43600000000000005,0.5063768115942029,0.057623188405797096,0.5,1.0,0.0005,3.0,36.0,z_smooth_only__RF_return_sortino_vs_bond__cash_allowed__g0p5__tau1p0__c0p0005__phl3p0__l10p0025,z_smooth_only,0.0025,0.003,1.3599999999999999,178,82,67,18,0.4978651685393259,0.5021348314606742,-9.355812005268173e-18,0.633658536585366,0.3353658536585366,0.03097560975609756,0.11402985074626866,0.8561194029850746,0.029850746268656716,0.12222222222222223,0.025555555555555557,0.8522222222222222
z_smooth_only,z_smooth_only__RF_return_sortino_vs_bond__cash_allowed__g0p5__tau5p0__c0p0005__phl3p0__l10p0005,RF,return_sortino_vs_bond,cash_allowed,345,1996-02-29,2024-10-31,0.04162164720642167,0.09995266700995202,0.4164135730593113,-0.30465016978526793,-0.1048285,285.93102626077325,0.035130434782608695,0.42156521739130437,1.756521739130435e-05,0.00021078260869565217,0.43600000000000005,0.5063768115942029,0.057623188405797096,0.5,5.0,0.0005,3.0,36.0,z_smooth_only__RF_return_sortino_vs_bond__cash_allowed__g0p5__tau5p0__c0p0005__phl3p0__l10p0005,z_smooth_only,0.0005,0.003,1.3599999999999999,178,82,67,18,0.4978651685393259,0.5021348314606742,-9.355812005268173e-18,0.633658536585366,0.3353658536585366,0.03097560975609756,0.11402985074626866,0.8561194029850746,0.029850746268656716,0.12222222222222223,0.025555555555555557,0.8522222222222222
z_smooth_only,z_smooth_only__RF_return_sortino_vs_bond__cash_allowed__g0p5__tau3p0__c0p001__phl3p0__l10p0,RF,return_sortino_vs_bond,cash_allowed,345,1996-02-29,2024-10-31,0.04141086459772602,0.09997080289087983,0.4142295890423809,-0.3053529988013861,-0.1048285,284.1937248338877,0.035130434782608695,0.42156521739130437,3.51304347826087e-05,0.00042156521739130433,0.43600000000000005,0.5063768115942029,0.057623188405797096,0.5,3.0,0.001,3.0,36.0,z_smooth_only__RF_return_sortino_vs_bond__cash_allowed__g0p5__tau3p0__c0p001__phl3p0__l10p0,z_smooth_only,0.0,0.003,1.3599999999999999,178,82,67,18,0.4978651685393259,0.5021348314606742,-9.355812005268173e-18,0.633658536585366,0.3353658536585366,0.03097560975609756,0.11402985074626866,0.8561194029850746,0.029850746268656716,0.12222222222222223,0.025555555555555557,0.8522222222222222
z_smooth_only,z_smooth_only__RF_return_sortino_vs_bond__cash_allowed__g0p5__tau1p0__c0p0025__phl3p0__l10p0005,RF,return_sortino_vs_bond,cash_allowed,345,1996-02-29,2024-10-31,0.04077851677163906,0.1000287713247164,0.40766787626794504,-0.3074594211055104,-0.1048285,279.0418157272652,0.035130434782608695,0.42156521739130437,8.782608695652173e-05,0.0010539130434782608,0.43600000000000005,0.5063768115942029,0.057623188405797096,0.5,1.0,0.0025,3.0,36.0,z_smooth_only__RF_return_sortino_vs_bond__cash_allowed__g0p5__tau1p0__c0p0025__phl3p0__l10p0005,z_smooth_only,0.0005,0.003,1.3599999999999999,178,82,67,18,0.4978651685393259,0.5021348314606742,-9.355812005268173e-18,0.633658536585366,0.3353658536585366,0.03097560975609756,0.11402985074626866,0.8561194029850746,0.029850746268656716,0.12222222222222223,0.025555555555555557,0.8522222222222222
z_smooth_only,z_smooth_only__RF_return_sortino_vs_bond__cash_allowed__g0p25__tau1p0__c0p0005__phl3p0__l10p0025,RF,return_sortino_vs_bond,cash_allowed,345,1996-02-29,2024-10-31,0.04502814617659393,0.11435712961967259,0.39375023075822146,-0.32563133428299695,-0.11695075,301.49899976392595,0.03768115942028986,0.4521739130434783,1.8840579710144928e-05,0.00022608695652173914,0.5220289855072464,0.42527536231884056,0.05269565217391304,0.25,1.0,0.0005,3.0,36.0,z_smooth_only__RF_return_sortino_vs_bond__cash_allowed__g0p25__tau1p0__c0p0005__phl3p0__l10p0025,z_smooth_only,0.0025,0.003,1.1600000000000001,178,82,67,18,0.6,0.4,0.0,0.7439024390243902,0.23073170731707318,0.025365853658536587,0.13880597014925375,0.844776119402985,0.016417910447761197,0.16666666666666666,0.0,0.8333333333333334
z_smooth_only,z_smooth_only__RF_return_sortino_vs_bond__cash_allowed__g0p25__tau5p0__c0p0005__phl3p0__l10p0005,RF,return_sortino_vs_bond,cash_allowed,345,1996-02-29,2024-10-31,0.04502814617659393,0.11435712961967259,0.39375023075822146,-0.32563133428299695,-0.11695075,301.49899976392595,0.03768115942028986,0.4521739130434783,1.8840579710144928e-05,0.00022608695652173914,0.5220289855072464,0.42527536231884056,0.05269565217391304,0.25,5.0,0.0005,3.0,36.0,z_smooth_only__RF_return_sortino_vs_bond__cash_allowed__g0p25__tau5p0__c0p0005__phl3p0__l10p0005,z_smooth_only,0.0005,0.003,1.1600000000000001,178,82,67,18,0.6,0.4,0.0,0.7439024390243902,0.23073170731707318,0.025365853658536587,0.13880597014925375,0.844776119402985,0.016417910447761197,0.16666666666666666,0.0,0.8333333333333334
z_smooth_only,z_smooth_only__RF_return_sortino_vs_bond__cash_allowed__g0p25__tau3p0__c0p001__phl3p0__l10p0,RF,return_sortino_vs_bond,cash_allowed,345,1996-02-29,2024-10-31,0.04480205922007219,0.11437491176569943,0.3917122953664051,-0.32631293505470393,-0.11695075,299.534126342617,0.03768115942028986,0.4521739130434783,3.7681159420289856e-05,0.0004521739130434783,0.5220289855072464,0.42527536231884056,0.05269565217391304,0.25,3.0,0.001,3.0,36.0,z_smooth_only__RF_return_sortino_vs_bond__cash_allowed__g0p25__tau3p0__c0p001__phl3p0__l10p0,z_smooth_only,0.0,0.003,1.1600000000000001,178,82,67,18,0.6,0.4,0.0,0.7439024390243902,0.23073170731707318,0.025365853658536587,0.13880597014925375,0.844776119402985,0.016417910447761197,0.16666666666666666,0.0,0.8333333333333334
z_smooth_only,z_smooth_only__RF_return_sortino_vs_bond__cash_allowed__g0p25__tau3p0__c0p0005__phl0p0__l10p0025,RF,return_sortino_vs_bond,cash_allowed,345,1996-02-29,2024-10-31,0.04067150233440233,0.10484027215277947,0.3879377790543447,-0.31079453788737377,-0.11654600000000001,274.0451365738043,0.05623188405797101,0.6747826086956521,2.811594202898551e-05,0.0003373913043478261,0.5074202898550725,0.3953043478260869,0.09727536231884058,0.25,3.0,0.0005,0.0,36.0,z_smooth_only__RF_return_sortino_vs_bond__cash_allowed__g0p25__tau3p0__c0p0005__phl0p0__l10p0025,z_smooth_only,0.0025,0.004,2.0,163,88,69,25,0.5977914110429448,0.38674846625766873,0.015460122699386503,0.6911363636363635,0.27204545454545453,0.03681818181818182,0.16202898550724637,0.6434782608695652,0.19449275362318844,0.2248,0.2,0.5751999999999999
z_smooth_only,z_smooth_only__RF_return_sortino_vs_bond__cash_allowed__g0p25__tau1p0__c0p0025__phl3p0__l10p0005,RF,return_sortino_vs_bond,cash_allowed,345,1996-02-29,2024-10-31,0.04412379835050696,0.11443337059426106,0.3855850624810645,-0.32835573967398335,-0.11695075,293.71078014931345,0.03768115942028986,0.4521739130434783,9.420289855072465e-05,0.0011304347826086958,0.5220289855072464,0.42527536231884056,0.05269565217391304,0.25,1.0,0.0025,3.0,36.0,z_smooth_only__RF_return_sortino_vs_bond__cash_allowed__g0p25__tau1p0__c0p0025__phl3p0__l10p0005,z_smooth_only,0.0005,0.003,1.1600000000000001,178,82,67,18,0.6,0.4,0.0,0.7439024390243902,0.23073170731707318,0.025365853658536587,0.13880597014925375,0.844776119402985,0.016417910447761197,0.16666666666666666,0.0,0.8333333333333334
z_smooth_only,z_smooth_only__RF_return_sortino_vs_bond__cash_allowed__g0p25__tau3p0__c0p001__phl0p0__l10p001,RF,return_sortino_vs_bond,cash_allowed,345,1996-02-29,2024-10-31,0.0403341110300545,0.10484447299186749,0.3847042183442813,-0.31340603449948545,-0.11654600000000001,271.40352645612654,0.05623188405797101,0.6747826086956521,5.623188405797102e-05,0.0006747826086956522,0.5074202898550725,0.3953043478260869,0.09727536231884058,0.25,3.0,0.001,0.0,36.0,z_smooth_only__RF_return_sortino_vs_bond__cash_allowed__g0p25__tau3p0__c0p001__phl0p0__l10p001,z_smooth_only,0.001,0.004,2.0,163,88,69,25,0.5977914110429448,0.38674846625766873,0.015460122699386503,0.6911363636363635,0.27204545454545453,0.03681818181818182,0.16202898550724637,0.6434782608695652,0.19449275362318844,0.2248,0.2,0.5751999999999999
