scenario_id,feature_design,family,target,asset,feature_group,feature,feature_block,n_fits,mean_signed_importance,mean_abs_importance,median_abs_importance,importance_std,positive_share,negative_share,top10_frequency,top20_frequency,sign_consistency,feature_transform,total_abs_importance,importance_share,importance_rank,cum_importance_share,selected_for_plot
teacher_majority_all_models__student_with_credit__z_plus_zsmooth,z_plus_zsmooth,LOGIT,bd_bond_canonical_state_h1,bond,bond_canonical,factor_corr_avg_12m_z,equity_cross_section,1041,0.4367923004730806,0.4367923004730806,0.33629235813889985,0.2957757145443137,1.0,0.0,0.9942363112391931,0.9971181556195965,1.0,z,22.9669772047536,0.01901827552572636,1,0.01901827552572636,True
teacher_majority_all_models__student_with_credit__z_plus_zsmooth,z_plus_zsmooth,LOGIT,bd_bond_canonical_state_h1,bond,bond_canonical,credit_ig_ret_6m_z,credit,1041,0.4263630671570887,0.4263630671570887,0.4006373857120426,0.18857037911218272,1.0,0.0,0.9855907780979827,1.0,1.0,z,22.9669772047536,0.01856417861854463,2,0.037582454144270985,True
teacher_majority_all_models__student_with_credit__z_plus_zsmooth,z_plus_zsmooth,LOGIT,bd_bond_canonical_state_h1,bond,bond_canonical,credit_spread_diff_z_smooth,credit,1041,-0.3118526720681538,0.3118526720681538,0.24442819358378218,0.226789422023098,0.0,1.0,0.8357348703170029,0.8789625360230547,1.0,z_smooth,22.9669772047536,0.01357830720551279,3,0.05116076134978378,True
teacher_majority_all_models__student_with_credit__z_plus_zsmooth,z_plus_zsmooth,LOGIT,bd_bond_canonical_state_h1,bond,bond_canonical,size_value_rotation_speed_12m_z,equity_cross_section,1041,-0.2721191512658631,0.2721191512658631,0.1452702495334862,0.21134539802258298,0.0,1.0,0.43515850144092216,0.9221902017291066,1.0,z,22.9669772047536,0.011848278893643049,4,0.06300904024342682,True
teacher_majority_all_models__student_with_credit__z_plus_zsmooth,z_plus_zsmooth,LOGIT,bd_bond_canonical_state_h1,bond,bond_canonical,size_value_lambda_corr_12m_z_smooth,equity_cross_section,1041,-0.24105789927911614,0.24105789927911614,0.19455398472175528,0.1619273946977233,0.0,1.0,0.5129682997118156,0.7406340057636888,1.0,z_smooth,22.9669772047536,0.010495847891956067,5,0.07350488813538289,True
teacher_majority_all_models__student_with_credit__z_plus_zsmooth,z_plus_zsmooth,LOGIT,bd_bond_canonical_state_h1,bond,bond_canonical,factor_lambda_cov_12m_z_smooth,equity_cross_section,1041,-0.24104572262783497,0.24104572262783497,0.2230092935097186,0.14516551901234195,0.0,1.0,0.6512968299711815,0.7089337175792507,1.0,z_smooth,22.9669772047536,0.010495317711115436,6,0.08400020584649834,True
teacher_majority_all_models__student_with_credit__z_plus_zsmooth,z_plus_zsmooth,LOGIT,bd_bond_canonical_state_h1,bond,bond_canonical,size_value_lambda_cov_12m_z,equity_cross_section,1041,-0.24086888288932526,0.24086888288932526,0.13715726833358144,0.208346125302974,0.0,1.0,0.21037463976945245,0.5763688760806917,1.0,z,22.9669772047536,0.010487617971749078,7,0.09448782381824741,True
teacher_majority_all_models__student_with_credit__z_plus_zsmooth,z_plus_zsmooth,LOGIT,bd_bond_canonical_state_h1,bond,bond_canonical,bond_10y_mom_diff_z_smooth,treasury_rates,1041,0.21192955876015365,0.21192955876015365,0.17623309264850848,0.10472780670605833,1.0,0.0,0.5273775216138329,0.7982708933717579,1.0,z_smooth,22.9669772047536,0.009227577354685119,8,0.10371540117293253,True
teacher_majority_all_models__student_with_credit__z_plus_zsmooth,z_plus_zsmooth,LOGIT,bd_bond_canonical_state_h1,bond,bond_canonical,credit_hy_ret_6m_z,credit,1041,0.21058136412762027,0.21058136412762027,0.16314516525741657,0.2206377308901867,1.0,0.0,0.43804034582132567,0.5417867435158501,1.0,z,22.9669772047536,0.009168875914764922,9,0.11288427708769745,True
teacher_majority_all_models__student_with_credit__z_plus_zsmooth,z_plus_zsmooth,LOGIT,bd_bond_canonical_state_h1,bond,bond_canonical,factor_lambda_corr_diff_z,equity_cross_section,1041,0.20995329938843812,0.20995329938843812,0.15738671044213073,0.14920729627349852,1.0,0.0,0.345821325648415,0.4812680115273775,1.0,z,22.9669772047536,0.009141529488912583,10,0.12202580657661004,True
teacher_majority_all_models__student_with_credit__z_plus_zsmooth,z_plus_zsmooth,LOGIT,bd_bond_canonical_state_h1,bond,bond_canonical,core_inflation_diff_z_smooth,macro,1041,0.20703905616101811,0.20703905616101811,0.1601774750965665,0.14715762055315634,1.0,0.0,0.2276657060518732,0.590778097982709,1.0,z_smooth,22.9669772047536,0.009014641078590268,11,0.1310404476552003,True
teacher_majority_all_models__student_with_credit__z_plus_zsmooth,z_plus_zsmooth,LOGIT,bd_bond_canonical_state_h1,bond,bond_canonical,credit_hy_minus_ig_z_smooth,credit,1041,-0.20550115449194445,0.20550115449194445,0.1481788805048091,0.1107498468947059,0.0,1.0,0.2622478386167147,0.6829971181556196,1.0,z_smooth,22.9669772047536,0.008947679647167967,12,0.13998812730236826,True
teacher_majority_all_models__student_with_credit__z_plus_zsmooth,z_plus_zsmooth,LOGIT,bd_bond_canonical_state_h1,bond,bond_canonical,ff_rmw_minus_cma_z,equity_cross_section,1041,-0.20247055614354306,0.20247055614354306,0.14997328771249221,0.15283296553975126,0.0,1.0,0.20461095100864554,0.5072046109510087,1.0,z,22.9669772047536,0.00881572504463655,13,0.14880385234700483,True
teacher_majority_all_models__student_with_credit__z_plus_zsmooth,z_plus_zsmooth,LOGIT,bd_bond_canonical_state_h1,bond,bond_canonical,ff_rmw_minus_cma_z_smooth,equity_cross_section,1041,0.19923078713912837,0.19923078713912837,0.16313236280583043,0.15605464940084263,1.0,0.0,0.345821325648415,0.5244956772334294,1.0,z_smooth,22.9669772047536,0.008674662989515768,14,0.15747851533652057,True
teacher_majority_all_models__student_with_credit__z_plus_zsmooth,z_plus_zsmooth,LOGIT,bd_bond_canonical_state_h1,bond,bond_canonical,cmdty_ret_6m_z,commodities,1041,-0.023877615854173223,0.1892764448572488,0.11544447426731835,0.1501208475383913,0.5619596541786743,0.43804034582132567,0.1930835734870317,0.3746397694524496,0.5619596541786743,z,22.9669772047536,0.008241243206270663,15,0.16571975854279125,True
teacher_majority_all_models__student_with_credit__z_plus_zsmooth,z_plus_zsmooth,LOGIT,bd_bond_canonical_state_h1,bond,bond_canonical,tsy_ret_dispersion_6m_z_smooth,treasury_rates,1041,-0.17988089666511461,0.18004029038314373,0.13844425972781768,0.10771187374933587,0.008645533141210375,0.9913544668587896,0.207492795389049,0.5590778097982709,0.9913544668587896,z_smooth,22.9669772047536,0.007839093877181182,16,0.17355885241997243,True
teacher_majority_all_models__student_with_credit__z_plus_zsmooth,z_plus_zsmooth,LOGIT,bd_bond_canonical_state_h1,bond,bond_canonical,industry_pca1_share_12m_z_smooth,equity_cross_section,1041,0.1782793006172956,0.1782793006172956,0.1432807343935841,0.11067209305891712,1.0,0.0,0.08645533141210375,0.42363112391930835,1.0,z_smooth,22.9669772047536,0.0077624190170048225,17,0.18132127143697724,True
teacher_majority_all_models__student_with_credit__z_plus_zsmooth,z_plus_zsmooth,LOGIT,bd_bond_canonical_state_h1,bond,bond_canonical,bond_10y_mom_diff_z,treasury_rates,1041,0.17814859764608476,0.17814859764608476,0.12851973720279408,0.1047911329601086,1.0,0.0,0.06340057636887608,0.2507204610951009,1.0,z,22.9669772047536,0.0077567281082689616,18,0.1890779995452462,True
teacher_majority_all_models__student_with_credit__z_plus_zsmooth,z_plus_zsmooth,LOGIT,bd_bond_canonical_state_h1,bond,bond_canonical,industry_corr_absavg_12m_z_smooth,equity_cross_section,1041,0.1757763585774284,0.1757763585774284,0.14421949861210553,0.11264958503560456,1.0,0.0,0.0,0.49855907780979825,1.0,z_smooth,22.9669772047536,0.007653438979381536,19,0.19673143852462774,False
teacher_majority_all_models__student_with_credit__z_plus_zsmooth,z_plus_zsmooth,LOGIT,bd_bond_canonical_state_h1,bond,bond_canonical,industry_corr_avg_12m_z_smooth,equity_cross_section,1041,0.16911318085624727,0.16911318085624727,0.13893466829947856,0.0993734785345793,1.0,0.0,0.040345821325648415,0.3256484149855908,1.0,z_smooth,22.9669772047536,0.0073633190536386735,20,0.20409475757826642,False
teacher_majority_all_models__student_with_credit__z_plus_zsmooth,z_plus_zsmooth,LOGIT,bd_bond_canonical_state_h1,bond,bond_canonical,tsy_ret_dispersion_1m_z_smooth,treasury_rates,1041,-0.16588856073651675,0.16588856073651675,0.12271868453143345,0.1178135270268422,0.0,1.0,0.17579250720461095,0.27089337175792505,1.0,z_smooth,22.9669772047536,0.007222916592706066,21,0.2113176741709725,False
teacher_majority_all_models__student_with_credit__z_plus_zsmooth,z_plus_zsmooth,LOGIT,bd_bond_canonical_state_h1,bond,bond_canonical,policy_rate_diff_z,treasury_rates,1041,-0.16193365712425753,0.16193365712425753,0.09653363036935735,0.1787569236644626,0.0,1.0,0.06628242074927954,0.10086455331412104,1.0,z,22.9669772047536,0.007050717022122582,22,0.21836839119309506,False
teacher_majority_all_models__student_with_credit__z_plus_zsmooth,z_plus_zsmooth,LOGIT,bd_bond_canonical_state_h1,bond,bond_canonical,cross_bond_cmdty_corr_12m_fisher_diff_z_smooth,treasury_rates,1041,-0.15749759417650103,0.15749759417650103,0.12669810307933593,0.11924822466682035,0.0,1.0,0.06340057636887608,0.2478386167146974,1.0,z_smooth,22.9669772047536,0.006857567400898664,23,0.22522595859399375,False
teacher_majority_all_models__student_with_credit__z_plus_zsmooth,z_plus_zsmooth,LOGIT,bd_bond_canonical_state_h1,bond,bond_canonical,tsy_long_minus_short_z_smooth,treasury_rates,1041,0.15104108777165992,0.15104108777165992,0.10962505529058082,0.0888874245021878,1.0,0.0,0.005763688760806916,0.1037463976945245,1.0,z_smooth,22.9669772047536,0.006576446104557378,24,0.23180240469855112,False
teacher_majority_all_models__student_with_credit__z_plus_zsmooth,z_plus_zsmooth,LOGIT,bd_bond_canonical_state_h1,bond,bond_canonical,ff_rmw_z_smooth,equity_cross_section,1041,0.14235179665462633,0.14996401387236963,0.13914245136999984,0.10787670087742082,0.9164265129682997,0.08357348703170028,0.0,0.30835734870317005,0.9164265129682997,z_smooth,22.9669772047536,0.0065295494716357694,25,0.23833195417018688,False
teacher_majority_all_models__student_with_credit__z_plus_zsmooth,z_plus_zsmooth,LOGIT,bd_bond_canonical_state_h1,bond,bond_canonical,industry_rotation_speed_12m_z_smooth,equity_cross_section,1041,-0.14859898591884266,0.14859898591884266,0.13081399018245968,0.08611867528938605,0.0,1.0,0.0345821325648415,0.23631123919308358,1.0,z_smooth,22.9669772047536,0.006470115095864088,26,0.24480206926605097,False
teacher_majority_all_models__student_with_credit__z_plus_zsmooth,z_plus_zsmooth,LOGIT,bd_bond_canonical_state_h1,bond,bond_canonical,nfci_minus_anfci_z,financial_conditions,1041,0.14722295380643813,0.14722295380643813,0.1415575891264222,0.10263319968262717,1.0,0.0,0.2680115273775216,0.4812680115273775,1.0,z,22.9669772047536,0.006410201590480378,27,0.25121227085653136,False
teacher_majority_all_models__student_with_credit__z_plus_zsmooth,z_plus_zsmooth,LOGIT,bd_bond_canonical_state_h1,bond,bond_canonical,sentiment_logdiff_z_smooth,macro,1041,-0.14676500855135763,0.14676500855135763,0.1135020258751055,0.09566946962815905,0.0,1.0,0.023054755043227664,0.1988472622478386,1.0,z_smooth,22.9669772047536,0.006390262298905442,28,0.2576025331554368,False
teacher_majority_all_models__student_with_credit__z_plus_zsmooth,z_plus_zsmooth,LOGIT,bd_bond_canonical_state_h1,bond,bond_canonical,factor_pca1_share_diff_z,equity_cross_section,1041,-0.14572808457471806,0.14572808457471806,0.07910080634004103,0.18305046136053063,0.0,1.0,0.0893371757925072,0.17002881844380405,1.0,z,22.9669772047536,0.0063451138247551326,29,0.2639476469801919,False
teacher_majority_all_models__student_with_credit__z_plus_zsmooth,z_plus_zsmooth,LOGIT,bd_bond_canonical_state_h1,bond,bond_canonical,industry_lambda_cov_diff_z_smooth,equity_cross_section,1041,0.14508586469429624,0.14508586469429624,0.11624218366655602,0.12086589565532485,1.0,0.0,0.0,0.13544668587896252,1.0,z_smooth,22.9669772047536,0.006317151073074912,30,0.2702647980532668,False
teacher_majority_all_models__student_with_credit__z_plus_zsmooth,z_plus_zsmooth,LOGIT,bd_bond_canonical_state_h1,bond,bond_canonical,credit_hy_ret_6m_z_smooth,credit,1041,-0.14303088179793255,0.14303088179793255,0.11375701304089042,0.12595562865561094,0.0,1.0,0.0,0.03170028818443804,1.0,z_smooth,22.9669772047536,0.0062276755239835686,31,0.27649247357725043,False
teacher_majority_all_models__student_with_credit__z_plus_zsmooth,z_plus_zsmooth,LOGIT,bd_bond_canonical_state_h1,bond,bond_canonical,factor_lambda_cov_diff_z,equity_cross_section,1041,0.14057747297635637,0.1430121491586493,0.09292687669382678,0.10379283297140404,0.9798270893371758,0.020172910662824207,0.06628242074927954,0.35446685878962536,0.9798270893371758,z,22.9669772047536,0.006226859890340697,32,0.2827193334675911,False
teacher_majority_all_models__student_with_credit__z_plus_zsmooth,z_plus_zsmooth,LOGIT,bd_bond_canonical_state_h1,bond,bond_canonical,factor_pca1_share_diff_z_smooth,equity_cross_section,1041,0.14003327927529982,0.14208479110587383,0.12407547867477643,0.12785925686781724,0.9740634005763689,0.025936599423631124,0.08357348703170028,0.38904899135446686,0.9740634005763689,z_smooth,22.9669772047536,0.006186482001491505,33,0.2889058154690826,False
teacher_majority_all_models__student_with_credit__z_plus_zsmooth,z_plus_zsmooth,LOGIT,bd_bond_canonical_state_h1,bond,bond_canonical,size_value_lambda_cov_diff_z,equity_cross_section,1041,-0.14194142747368496,0.14194142747368496,0.1331924283501211,0.09683110768641183,0.0,1.0,0.05475504322766571,0.2420749279538905,1.0,z,22.9669772047536,0.006180239837757429,34,0.29508605530684,False
teacher_majority_all_models__student_with_credit__z_plus_zsmooth,z_plus_zsmooth,LOGIT,bd_bond_canonical_state_h1,bond,bond_canonical,crsp_tsy_10_20y_z_smooth,treasury_rates,1041,0.14121031495033737,0.14121031495033737,0.10939860679689854,0.07256286858715998,1.0,0.0,0.0,0.008645533141210375,1.0,z_smooth,22.9669772047536,0.006148406631461728,35,0.3012344619383018,False
teacher_majority_all_models__student_with_credit__z_plus_zsmooth,z_plus_zsmooth,LOGIT,bd_bond_canonical_state_h1,bond,bond_canonical,size_value_lambda_corr_12m_z,equity_cross_section,1041,-0.13917384839724498,0.1410262897943601,0.13107898870931972,0.10112148141027474,0.043227665706051875,0.9567723342939481,0.14697406340057637,0.3573487031700288,0.9567723342939481,z,22.9669772047536,0.006140394033446035,36,0.3073748559717478,False
teacher_majority_all_models__student_with_credit__z_plus_zsmooth,z_plus_zsmooth,LOGIT,bd_bond_canonical_state_h1,bond,bond_canonical,factor_ret_dispersion_6m_z,equity_cross_section,1041,0.13965596727538773,0.13965596727538773,0.1087996176841649,0.08938809633557965,1.0,0.0,0.005763688760806916,0.06051873198847262,1.0,z,22.9669772047536,0.006080729128188553,37,0.3134555850999364,False
teacher_majority_all_models__student_with_credit__z_plus_zsmooth,z_plus_zsmooth,LOGIT,bd_bond_canonical_state_h1,bond,bond_canonical,tsy_ret_dispersion_6m_z,treasury_rates,1041,-0.13805295830004527,0.13807600410041287,0.12944034042323163,0.07694665219991782,0.002881844380403458,0.9971181556195965,0.21037463976945245,0.2881844380403458,0.9971181556195965,z,22.9669772047536,0.0060119363061776595,38,0.319467521406114,False
teacher_majority_all_models__student_with_credit__z_plus_zsmooth,z_plus_zsmooth,LOGIT,bd_bond_canonical_state_h1,bond,bond_canonical,tsy_20y_minus_1_3y_z_smooth,treasury_rates,1041,0.13773763145113638,0.13773763145113638,0.0996778739392879,0.08538602534397413,1.0,0.0,0.005763688760806916,0.10086455331412104,1.0,z_smooth,22.9669772047536,0.005997203298596389,39,0.3254647247047104,False
teacher_majority_all_models__student_with_credit__z_plus_zsmooth,z_plus_zsmooth,LOGIT,bd_bond_canonical_state_h1,bond,bond_canonical,cmdty_sharpe_12m_z,commodities,1041,-0.13654019543329765,0.13654019543329765,0.08855807806559546,0.10994958535217385,0.0,1.0,0.1037463976945245,0.11527377521613832,1.0,z,22.9669772047536,0.005945066005683899,40,0.3314097907103943,False
teacher_majority_all_models__student_with_credit__z_plus_zsmooth,z_plus_zsmooth,LOGIT,bd_bond_canonical_state_h1,bond,bond_canonical,crsp_ind12_utils_z,other,1041,0.12497567882829203,0.13390074988912587,0.11805811224080641,0.14549437214410615,0.8674351585014409,0.13256484149855907,0.0345821325648415,0.2276657060518732,0.8674351585014409,z,22.9669772047536,0.00583014249961513,41,0.33723993321000945,False
teacher_majority_all_models__student_with_credit__z_plus_zsmooth,z_plus_zsmooth,LOGIT,bd_bond_canonical_state_h1,bond,bond_canonical,credit_hy_proxy_ret_z,credit,1041,-0.13260163185214255,0.13371560405669605,0.08158458717129773,0.15680171871718546,0.0893371757925072,0.9106628242074928,0.043227665706051875,0.08645533141210375,0.9106628242074928,z,22.9669772047536,0.00582208110647753,42,0.343062014316487,False
teacher_majority_all_models__student_with_credit__z_plus_zsmooth,z_plus_zsmooth,LOGIT,bd_bond_canonical_state_h1,bond,bond_canonical,industry_lambda_cov_12m_z_smooth,equity_cross_section,1041,0.1308580420151249,0.131091323558596,0.10253967524287881,0.07961633341743554,0.9913544668587896,0.008645533141210375,0.0,0.0,0.9913544668587896,z_smooth,22.9669772047536,0.005707817898276284,43,0.34876983221476326,False
teacher_majority_all_models__student_with_credit__z_plus_zsmooth,z_plus_zsmooth,LOGIT,bd_bond_canonical_state_h1,bond,bond_canonical,bihi_vwret_z,other,1041,0.12692728979149764,0.12810834754535358,0.06594567635821998,0.15097915547635524,0.9221902017291066,0.07780979827089338,0.011527377521613832,0.04899135446685879,0.9221902017291066,z,22.9669772047536,0.005577936809152155,44,0.3543477690239154,False
teacher_majority_all_models__student_with_credit__z_plus_zsmooth,z_plus_zsmooth,LOGIT,bd_bond_canonical_state_h1,bond,bond_canonical,crsp_ind12_buseq_z_smooth,other,1041,-0.12630605773680792,0.127662512506452,0.0830860458385209,0.09704336333257396,0.02881844380403458,0.9711815561959655,0.020172910662824207,0.09510086455331412,0.9711815561959655,z_smooth,22.9669772047536,0.005558524805781973,45,0.35990629382969735,False
teacher_majority_all_models__student_with_credit__z_plus_zsmooth,z_plus_zsmooth,LOGIT,bd_bond_canonical_state_h1,bond,bond_canonical,tsy_lambda_cov_diff_z,treasury_rates,1041,0.1162365919161327,0.12690568972998217,0.03945271871750226,0.17482949127622377,0.659942363112392,0.3400576368876081,0.2132564841498559,0.25936599423631124,0.659942363112392,z,22.9669772047536,0.005525572155125221,46,0.3654318659848226,False
teacher_majority_all_models__student_with_credit__z_plus_zsmooth,z_plus_zsmooth,LOGIT,bd_bond_canonical_state_h1,bond,bond_canonical,size_value_lambda_cov_12m_z_smooth,equity_cross_section,1041,-0.1263543106373151,0.12639744877517617,0.06417097682200416,0.14422797126990075,0.005763688760806916,0.9942363112391931,0.023054755043227664,0.16138328530259366,0.9942363112391931,z_smooth,22.9669772047536,0.005503442949776386,47,0.370935308934599,False
teacher_majority_all_models__student_with_credit__z_plus_zsmooth,z_plus_zsmooth,LOGIT,bd_bond_canonical_state_h1,bond,bond_canonical,smlo_vwret_z,other,1041,0.1262083198618317,0.1262083198618317,0.07375868094782864,0.1084922492062021,1.0,0.0,0.0,0.0,1.0,z,22.9669772047536,0.005495208130206603,48,0.37643051706480557,False
teacher_majority_all_models__student_with_credit__z_plus_zsmooth,z_plus_zsmooth,LOGIT,bd_bond_canonical_state_h1,bond,bond_canonical,size_value_corr_avg_12m_z,equity_cross_section,1041,-0.12449656221698253,0.12526162948070738,0.08810261883211651,0.09831610122327344,0.0893371757925072,0.9106628242074928,0.0,0.0,0.9106628242074928,z,22.9669772047536,0.0054539884967875225,49,0.3818845055615931,False
teacher_majority_all_models__student_with_credit__z_plus_zsmooth,z_plus_zsmooth,LOGIT,bd_bond_canonical_state_h1,bond,bond_canonical,crsp_ind12_utils_z_smooth,other,1041,0.12430523620999977,0.12430523620999977,0.0772781816376403,0.10498613423182918,1.0,0.0,0.002881844380403458,0.03170028818443804,1.0,z_smooth,22.9669772047536,0.005412346392030713,50,0.3872968519536238,False
teacher_majority_all_models__student_with_credit__z_plus_zsmooth,z_plus_zsmooth,LOGIT,bd_bond_canonical_state_h1,bond,bond_canonical,cfnai_level_z,macro,1041,-0.11227263229236567,0.12395622622259875,0.07771892778256763,0.11867234390996258,0.08357348703170028,0.9164265129682997,0.1786743515850144,0.28530259365994237,0.9164265129682997,z,22.9669772047536,0.005397150226497497,51,0.3926940021801213,False
teacher_majority_all_models__student_with_credit__z_plus_zsmooth,z_plus_zsmooth,LOGIT,bd_bond_canonical_state_h1,bond,bond_canonical,tsy_long_ret_z_smooth,treasury_rates,1041,0.12338121708135129,0.12338121708135129,0.09425742580232079,0.06556515018572907,1.0,0.0,0.0,0.011527377521613832,1.0,z_smooth,22.9669772047536,0.00537211388252758,52,0.3980661160626489,False
teacher_majority_all_models__student_with_credit__z_plus_zsmooth,z_plus_zsmooth,LOGIT,bd_bond_canonical_state_h1,bond,bond_canonical,tsy_ret_dispersion_1m_z,treasury_rates,1041,-0.013252106053602566,0.12148059552930238,0.09343327761300853,0.1000177263275249,0.4034582132564842,0.5965417867435159,0.0,0.03170028818443804,0.5965417867435159,z,22.9669772047536,0.005289359346085773,53,0.4033554754087347,False
teacher_majority_all_models__student_with_credit__z_plus_zsmooth,z_plus_zsmooth,LOGIT,bd_bond_canonical_state_h1,bond,bond_canonical,crsp_ind12_shops_z_smooth,other,1041,-0.11572434594772384,0.12057685524088275,0.09780345966708719,0.09236172755029155,0.1037463976945245,0.8962536023054755,0.0,0.0,0.8962536023054755,z_smooth,22.9669772047536,0.0052500097930138715,54,0.40860548520174855,False
teacher_majority_all_models__student_with_credit__z_plus_zsmooth,z_plus_zsmooth,LOGIT,bd_bond_canonical_state_h1,bond,bond_canonical,cross_eq_tsy20_corr_12m_fisher_diff_z_smooth,treasury_rates,1041,-0.1204998728874782,0.1204998728874782,0.09562732755554026,0.10280338563862487,0.0,1.0,0.0,0.002881844380403458,1.0,z_smooth,22.9669772047536,0.005246657921641412,55,0.41385214312338997,False
teacher_majority_all_models__student_with_credit__z_plus_zsmooth,z_plus_zsmooth,LOGIT,bd_bond_canonical_state_h1,bond,bond_canonical,cross_bond_credit_ig_corr_12m_fisher_diff_z_smooth,treasury_rates,1041,0.1158859081396629,0.1158859081396629,0.07636411224511186,0.10738863491500368,1.0,0.0,0.005763688760806916,0.0893371757925072,1.0,z_smooth,22.9669772047536,0.005045762318067585,56,0.41889790544145755,False
teacher_majority_all_models__student_with_credit__z_plus_zsmooth,z_plus_zsmooth,LOGIT,bd_bond_canonical_state_h1,bond,bond_canonical,credit_ret_dispersion_6m_z,credit,1041,-0.11258269366150495,0.11548151423517551,0.07498911666837639,0.13702571302405253,0.11239193083573487,0.8876080691642652,0.15561959654178675,0.29971181556195964,0.8876080691642652,z,22.9669772047536,0.005028154693830308,57,0.42392606013528783,False
teacher_majority_all_models__student_with_credit__z_plus_zsmooth,z_plus_zsmooth,LOGIT,bd_bond_canonical_state_h1,bond,bond_canonical,credit_ig_ret_6m_z_smooth,credit,1041,-0.09560395203426611,0.1126078822591326,0.04709518268891137,0.17545303830961734,0.2276657060518732,0.7723342939481268,0.04899135446685879,0.10662824207492795,0.7723342939481268,z_smooth,22.9669772047536,0.004903034528889833,58,0.4288290946641777,False
teacher_majority_all_models__student_with_credit__z_plus_zsmooth,z_plus_zsmooth,LOGIT,bd_bond_canonical_state_h1,bond,bond_canonical,crsp_tsy_20y_plus_z_smooth,treasury_rates,1041,0.11149852556726393,0.11149852556726393,0.08519827768451108,0.06569740000701654,1.0,0.0,0.0,0.002881844380403458,1.0,z_smooth,22.9669772047536,0.004854732278141787,59,0.43368382694231944,False
teacher_majority_all_models__student_with_credit__z_plus_zsmooth,z_plus_zsmooth,LOGIT,bd_bond_canonical_state_h1,bond,bond_canonical,cross_eq_tsy20_corr_12m_fisher_diff_z,treasury_rates,1041,-0.1098032420975484,0.10996680413563738,0.09416099136403208,0.10229535962728642,0.008645533141210375,0.9913544668587896,0.0,0.0,0.9913544668587896,z,22.9669772047536,0.0047880399390511415,60,0.43847186688137063,False
teacher_majority_all_models__student_with_credit__z_plus_zsmooth,z_plus_zsmooth,LOGIT,bd_bond_canonical_state_h1,bond,bond_canonical,credit_hy_ig_corr_12m_fisher_z_smooth,credit,1041,-0.10753890394336925,0.10972239911853225,0.08248217489866061,0.0986004421061548,0.02881844380403458,0.9711815561959655,0.011527377521613832,0.06051873198847262,0.9711815561959655,z_smooth,22.9669772047536,0.004777398355053116,61,0.4432492652364237,False
teacher_majority_all_models__student_with_credit__z_plus_zsmooth,z_plus_zsmooth,LOGIT,bd_bond_canonical_state_h1,bond,bond_canonical,credit_spread_diff_z,credit,1041,0.09996259631200294,0.10777391193624951,0.049012626966666896,0.1342581526510071,0.9048991354466859,0.09510086455331412,0.02881844380403458,0.13544668587896252,0.9048991354466859,z,22.9669772047536,0.004692559711947768,62,0.4479418249483715,False
teacher_majority_all_models__student_with_credit__z_plus_zsmooth,z_plus_zsmooth,LOGIT,bd_bond_canonical_state_h1,bond,bond_canonical,anfci_diff_z,financial_conditions,1041,-0.09215305495644875,0.10480052384072716,0.07931458580949109,0.1127113890630547,0.2420749279538905,0.7579250720461095,0.0,0.03170028818443804,0.7579250720461095,z,22.9669772047536,0.004563096088197276,63,0.45250492103656875,False
teacher_majority_all_models__student_with_credit__z_plus_zsmooth,z_plus_zsmooth,LOGIT,bd_bond_canonical_state_h1,bond,bond_canonical,cross_bond_proxy_ret_z_smooth,treasury_rates,1041,0.10443442000092765,0.10443442000092765,0.08432769176879888,0.0509109451679218,1.0,0.0,0.0,0.0,1.0,z_smooth,22.9669772047536,0.004547155643073146,64,0.4570520766796419,False
teacher_majority_all_models__student_with_credit__z_plus_zsmooth,z_plus_zsmooth,LOGIT,bd_bond_canonical_state_h1,bond,bond_canonical,value_minus_growth_z,equity_cross_section,1041,-0.10351358440403331,0.10351358440403331,0.06668769355467259,0.07468879970761436,0.0,1.0,0.0,0.005763688760806916,1.0,z,22.9669772047536,0.0045070617470116415,65,0.4615591384266535,False
teacher_majority_all_models__student_with_credit__z_plus_zsmooth,z_plus_zsmooth,LOGIT,bd_bond_canonical_state_h1,bond,bond_canonical,ff_hml_z,equity_cross_section,1041,-0.10282272355554405,0.10282272355554405,0.06641546195782964,0.07388281439667777,0.0,1.0,0.0,0.008645533141210375,1.0,z,22.9669772047536,0.004476981129857275,66,0.4660361195565108,False
teacher_majority_all_models__student_with_credit__z_plus_zsmooth,z_plus_zsmooth,LOGIT,bd_bond_canonical_state_h1,bond,bond_canonical,ff_cma_z_smooth,equity_cross_section,1041,-0.10180594063304887,0.10180594063304887,0.06874604347322277,0.0901150346835306,0.0,1.0,0.0,0.06051873198847262,1.0,z_smooth,22.9669772047536,0.004432709612825215,67,0.470468829169336,False
teacher_majority_all_models__student_with_credit__z_plus_zsmooth,z_plus_zsmooth,LOGIT,bd_bond_canonical_state_h1,bond,bond_canonical,size_value_ret_dispersion_6m_z,equity_cross_section,1041,0.10141497575676114,0.10175372001144999,0.06518010993257978,0.10129810993041276,0.9510086455331412,0.04899135446685879,0.0,0.005763688760806916,0.9510086455331412,z,22.9669772047536,0.004430435886460037,68,0.47489926505579605,False
teacher_majority_all_models__student_with_credit__z_plus_zsmooth,z_plus_zsmooth,LOGIT,bd_bond_canonical_state_h1,bond,bond_canonical,industry_rotation_speed_12m_z,equity_cross_section,1041,0.09738406521915005,0.10121166510410014,0.06990064330078861,0.11572880293195237,0.8213256484149856,0.1786743515850144,0.0,0.020172910662824207,0.8213256484149856,z,22.9669772047536,0.004406834395392347,69,0.4793060994511884,False
teacher_majority_all_models__student_with_credit__z_plus_zsmooth,z_plus_zsmooth,LOGIT,bd_bond_canonical_state_h1,bond,bond_canonical,cmdty_vol_12m_z,commodities,1041,-0.07073284002406034,0.10050067848494555,0.11131102849604387,0.050040756883109425,0.1873198847262248,0.8126801152737753,0.0,0.2132564841498559,0.8126801152737753,z,22.9669772047536,0.004375877486574262,70,0.48368197693776266,False
teacher_majority_all_models__student_with_credit__z_plus_zsmooth,z_plus_zsmooth,LOGIT,bd_bond_canonical_state_h1,bond,bond_canonical,industry_ret_dispersion_1m_z_smooth,equity_cross_section,1041,-0.09895697896379957,0.09895697896379957,0.0803942493037062,0.06330702152433372,0.0,1.0,0.005763688760806916,0.020172910662824207,1.0,z_smooth,22.9669772047536,0.00430866361217609,71,0.4879906405499388,False
teacher_majority_all_models__student_with_credit__z_plus_zsmooth,z_plus_zsmooth,LOGIT,bd_bond_canonical_state_h1,bond,bond_canonical,crsp_ind12_enrgy_z_smooth,other,1041,0.07902777098780162,0.09824802666516443,0.04635540814668308,0.12376093614880135,0.6743515850144092,0.3256484149855908,0.011527377521613832,0.06051873198847262,0.6743515850144092,z_smooth,22.9669772047536,0.00427779527925118,72,0.49226843582918994,False
teacher_majority_all_models__student_with_credit__z_plus_zsmooth,z_plus_zsmooth,LOGIT,bd_bond_canonical_state_h1,bond,bond_canonical,curve_10y_2y_diff_z_smooth,treasury_rates,1041,-0.09639530472927967,0.09817863462897657,0.06515375662552447,0.11253317438080797,0.09221902017291066,0.9077809798270894,0.0,0.0,0.9077809798270894,z_smooth,22.9669772047536,0.00427477389617716,73,0.49654320972536714,False
teacher_majority_all_models__student_with_credit__z_plus_zsmooth,z_plus_zsmooth,LOGIT,bd_bond_canonical_state_h1,bond,bond_canonical,small_minus_big_z_smooth,equity_cross_section,1041,-0.09461551028757023,0.09733034287222146,0.11272436961269491,0.055445490058189384,0.07204610951008646,0.9279538904899135,0.0,0.01440922190201729,0.9279538904899135,z_smooth,22.9669772047536,0.004237838615178164,74,0.5007810483405453,False
teacher_majority_all_models__student_with_credit__z_plus_zsmooth,z_plus_zsmooth,LOGIT,bd_bond_canonical_state_h1,bond,bond_canonical,industry_best_minus_worst_1m_z,equity_cross_section,1041,-0.09453238265801506,0.09682658682257361,0.06188601883142333,0.0883304745946483,0.043227665706051875,0.9567723342939481,0.0,0.0,0.9567723342939481,z,22.9669772047536,0.004215904686078274,75,0.5049969530266235,False
teacher_majority_all_models__student_with_credit__z_plus_zsmooth,z_plus_zsmooth,LOGIT,bd_bond_canonical_state_h1,bond,bond_canonical,cross_bond_credit_ig_corr_12m_fisher_diff_z,treasury_rates,1041,-0.08015264086659982,0.09647308971942499,0.07140905219199362,0.09160867256490347,0.1930835734870317,0.8069164265129684,0.002881844380403458,0.023054755043227664,0.8069164265129684,z,22.9669772047536,0.004200513148045335,76,0.5091974661746689,False
teacher_majority_all_models__student_with_credit__z_plus_zsmooth,z_plus_zsmooth,LOGIT,bd_bond_canonical_state_h1,bond,bond_canonical,crsp_ind12_buseq_z,other,1041,0.09197809392414229,0.09638421697818444,0.061280940709410266,0.10792769997497823,0.8587896253602305,0.14121037463976946,0.0,0.0,0.8587896253602305,z,22.9669772047536,0.004196643559964664,77,0.5133941097346335,False
teacher_majority_all_models__student_with_credit__z_plus_zsmooth,z_plus_zsmooth,LOGIT,bd_bond_canonical_state_h1,bond,bond_canonical,industry_ret_dispersion_6m_z_smooth,equity_cross_section,1041,-0.09623397205670761,0.0962959735540311,0.08311512599518454,0.06623972605279345,0.005763688760806916,0.9942363112391931,0.0,0.01440922190201729,0.9942363112391931,z_smooth,22.9669772047536,0.004192801372838051,78,0.5175869111074716,False
teacher_majority_all_models__student_with_credit__z_plus_zsmooth,z_plus_zsmooth,LOGIT,bd_bond_canonical_state_h1,bond,bond_canonical,factor_corr_avg_12m_z_smooth,equity_cross_section,1041,-0.09530206675917983,0.09530206675917983,0.0830509241950503,0.043883069483669636,0.0,1.0,0.0,0.03170028818443804,1.0,z_smooth,22.9669772047536,0.004149525900145651,79,0.5217364370076173,False
teacher_majority_all_models__student_with_credit__z_plus_zsmooth,z_plus_zsmooth,LOGIT,bd_bond_canonical_state_h1,bond,bond_canonical,size_value_pca1_share_12m_z,equity_cross_section,1041,-0.09370178845541886,0.09514884232227622,0.07238608187652988,0.06907116528230436,0.09221902017291066,0.9077809798270894,0.0,0.0,0.9077809798270894,z,22.9669772047536,0.004142854389326547,80,0.5258792913969438,False
teacher_majority_all_models__student_with_credit__z_plus_zsmooth,z_plus_zsmooth,LOGIT,bd_bond_canonical_state_h1,bond,bond_canonical,crsp_ind12_durbl_z_smooth,other,1041,0.012118816295276549,0.09307195233560091,0.0555267700021881,0.0947326114676655,0.5619596541786743,0.43804034582132567,0.0,0.0,0.5619596541786743,z_smooth,22.9669772047536,0.004052424988532548,81,0.5299317163854763,False
teacher_majority_all_models__student_with_credit__z_plus_zsmooth,z_plus_zsmooth,LOGIT,bd_bond_canonical_state_h1,bond,bond_canonical,ff_rmw_z,equity_cross_section,1041,-0.09276667210656653,0.09276667210656653,0.07013751489790569,0.08038076165235439,0.0,1.0,0.0,0.05475504322766571,1.0,z,22.9669772047536,0.004039132850594118,82,0.5339708492360705,False
teacher_majority_all_models__student_with_credit__z_plus_zsmooth,z_plus_zsmooth,LOGIT,bd_bond_canonical_state_h1,bond,bond_canonical,factor_corr_absavg_12m_z,equity_cross_section,1041,0.08681400773697309,0.09247628330377013,0.0682804752023254,0.08971564304853283,0.8847262247838616,0.11527377521613832,0.0,0.02881844380403458,0.8847262247838616,z,22.9669772047536,0.004026489096903436,83,0.5379973383329739,False
teacher_majority_all_models__student_with_credit__z_plus_zsmooth,z_plus_zsmooth,LOGIT,bd_bond_canonical_state_h1,bond,bond_canonical,credit_hy_minus_ig_z,credit,1041,-0.09201430715256484,0.0924375385222306,0.06861217277624541,0.06291862168073337,0.02881844380403458,0.9711815561959655,0.0,0.002881844380403458,0.9711815561959655,z,22.9669772047536,0.004024802119065904,84,0.5420221404520398,False
teacher_majority_all_models__student_with_credit__z_plus_zsmooth,z_plus_zsmooth,LOGIT,bd_bond_canonical_state_h1,bond,bond_canonical,crsp_ind12_manuf_z,other,1041,-0.08139850943544301,0.0918765790758205,0.06917615090923838,0.08611378655410139,0.14985590778097982,0.8501440922190202,0.0,0.0,0.8501440922190202,z,22.9669772047536,0.004000377509705731,85,0.5460225179617455,False
teacher_majority_all_models__student_with_credit__z_plus_zsmooth,z_plus_zsmooth,LOGIT,bd_bond_canonical_state_h1,bond,bond_canonical,industry_best_minus_worst_1m_z_smooth,equity_cross_section,1041,-0.09118590230843376,0.09128849941798185,0.07946573931868521,0.06080975752252881,0.01440922190201729,0.9855907780979827,0.0,0.011527377521613832,0.9855907780979827,z_smooth,22.9669772047536,0.0039747720653063295,86,0.5499972900270519,False
teacher_majority_all_models__student_with_credit__z_plus_zsmooth,z_plus_zsmooth,LOGIT,bd_bond_canonical_state_h1,bond,bond_canonical,crsp_tsy_7_10y_z_smooth,treasury_rates,1041,0.09060697469851038,0.09060697469851038,0.0730826948767076,0.04576430991127999,1.0,0.0,0.0,0.0,1.0,z_smooth,22.9669772047536,0.003945097950450221,87,0.5539423879775021,False
teacher_majority_all_models__student_with_credit__z_plus_zsmooth,z_plus_zsmooth,LOGIT,bd_bond_canonical_state_h1,bond,bond_canonical,crsp_ind12_shops_z,other,1041,-0.08881962608737264,0.08897556677778878,0.0595598363341155,0.0985970880923928,0.008645533141210375,0.9913544668587896,0.0,0.0,0.9913544668587896,z,22.9669772047536,0.003874065184310499,88,0.5578164531618126,False
teacher_majority_all_models__student_with_credit__z_plus_zsmooth,z_plus_zsmooth,LOGIT,bd_bond_canonical_state_h1,bond,bond_canonical,factor_lambda_cov_12m_z,equity_cross_section,1041,-0.0679251707614235,0.08822396416093742,0.06427525544381375,0.08868334126867287,0.11239193083573487,0.8876080691642652,0.0,0.069164265129683,0.8876080691642652,z,22.9669772047536,0.0038413398234521355,89,0.5616577929852647,False
teacher_majority_all_models__student_with_credit__z_plus_zsmooth,z_plus_zsmooth,LOGIT,bd_bond_canonical_state_h1,bond,bond_canonical,bond_10y_ret_level_z,treasury_rates,1041,-0.05857244148593346,0.08776035712635848,0.03385922155263029,0.12912515151093532,0.3227665706051873,0.6772334293948127,0.0,0.02881844380403458,0.6772334293948127,z,22.9669772047536,0.0038211540136067292,90,0.5654789469988715,False
teacher_majority_all_models__student_with_credit__z_plus_zsmooth,z_plus_zsmooth,LOGIT,bd_bond_canonical_state_h1,bond,bond_canonical,small_value_minus_big_growth_z,equity_cross_section,1041,-0.08736581597019408,0.08761461747609296,0.05380681849600399,0.10075952426774082,0.05475504322766571,0.9452449567723343,0.0,0.0,0.9452449567723343,z,22.9669772047536,0.0038148083962028265,91,0.5692937553950743,False
teacher_majority_all_models__student_with_credit__z_plus_zsmooth,z_plus_zsmooth,LOGIT,bd_bond_canonical_state_h1,bond,bond_canonical,credit_ret_dispersion_6m_z_smooth,credit,1041,-0.08460738927070877,0.08713223146754245,0.06783246912801122,0.07639111963263188,0.11815561959654179,0.8818443804034583,0.0,0.0,0.8818443804034583,z_smooth,22.9669772047536,0.003793804935266284,92,0.5730875603303406,False
teacher_majority_all_models__student_with_credit__z_plus_zsmooth,z_plus_zsmooth,LOGIT,bd_bond_canonical_state_h1,bond,bond_canonical,industry_corr_absavg_12m_z,equity_cross_section,1041,0.08649610825347705,0.08654953764048168,0.07819243954963408,0.06497880831056367,0.9971181556195965,0.002881844380403458,0.0,0.0,0.9971181556195965,z,22.9669772047536,0.003768433994116041,93,0.5768559943244566,False
teacher_majority_all_models__student_with_credit__z_plus_zsmooth,z_plus_zsmooth,LOGIT,bd_bond_canonical_state_h1,bond,bond_canonical,credit_ig_proxy_ret_z,credit,1041,0.08212986727261151,0.08606711160594151,0.08306673365456294,0.07469684103605824,0.9077809798270894,0.09221902017291066,0.0,0.011527377521613832,0.9077809798270894,z,22.9669772047536,0.0037474287904168653,94,0.5806034231148735,False
teacher_majority_all_models__student_with_credit__z_plus_zsmooth,z_plus_zsmooth,LOGIT,bd_bond_canonical_state_h1,bond,bond_canonical,cross_eq_cmdty_corr_12m_fisher_diff_z,commodities,1041,-0.08479466754077716,0.08545731046421245,0.0778690607986096,0.07150780315791959,0.01440922190201729,0.9855907780979827,0.0,0.0,0.9855907780979827,z,22.9669772047536,0.003720877575762338,95,0.5843243006906358,False
teacher_majority_all_models__student_with_credit__z_plus_zsmooth,z_plus_zsmooth,LOGIT,bd_bond_canonical_state_h1,bond,bond_canonical,tsy_pca1_share_diff_z_smooth,treasury_rates,1041,0.07158477812619003,0.08539805825274704,0.06162361545577846,0.0955754399209606,0.7636887608069164,0.23631123919308358,0.0,0.0,0.7636887608069164,z_smooth,22.9669772047536,0.0037182976885208794,96,0.5880425983791567,False
teacher_majority_all_models__student_with_credit__z_plus_zsmooth,z_plus_zsmooth,LOGIT,bd_bond_canonical_state_h1,bond,bond_canonical,crsp_ind12_nodur_z,other,1041,0.08237234172991695,0.08483450707470162,0.05674837093345003,0.08525948489326614,0.9279538904899135,0.07204610951008646,0.0,0.025936599423631124,0.9279538904899135,z,22.9669772047536,0.0036937602331552346,97,0.5917363586123119,False
teacher_majority_all_models__student_with_credit__z_plus_zsmooth,z_plus_zsmooth,LOGIT,bd_bond_canonical_state_h1,bond,bond_canonical,size_value_corr_absavg_12m_z,equity_cross_section,1041,-0.08372853808337154,0.08449360534709638,0.06864506589198514,0.06014097633949175,0.0893371757925072,0.9106628242074928,0.0,0.0,0.9106628242074928,z,22.9669772047536,0.003678917107542053,98,0.595415275719854,False
teacher_majority_all_models__student_with_credit__z_plus_zsmooth,z_plus_zsmooth,LOGIT,bd_bond_canonical_state_h1,bond,bond_canonical,anfci_diff_z_smooth,financial_conditions,1041,-0.05565281645765832,0.08398609806296221,0.07497398814206487,0.069762483733302,0.2017291066282421,0.7982708933717579,0.0,0.0,0.7982708933717579,z_smooth,22.9669772047536,0.0036568198467832828,99,0.5990720955666372,False
teacher_majority_all_models__student_with_credit__z_plus_zsmooth,z_plus_zsmooth,LOGIT,bd_bond_canonical_state_h1,bond,bond_canonical,crsp_ind12_telcm_z_smooth,other,1041,-0.08063085674197971,0.08375870044164364,0.05788700213713442,0.07234574204711865,0.09798270893371758,0.9020172910662824,0.0,0.0,0.9020172910662824,z_smooth,22.9669772047536,0.003646918777988235,100,0.6027190143446255,False
teacher_majority_all_models__student_with_credit__z_plus_zsmooth,z_plus_zsmooth,LOGIT,bd_bond_canonical_state_h1,bond,bond_canonical,industry_best_minus_worst_6m_z_smooth,equity_cross_section,1041,-0.07890831889264777,0.08348996176501282,0.07186577926357167,0.05569078743749769,0.1037463976945245,0.8962536023054755,0.0,0.0,0.8962536023054755,z_smooth,22.9669772047536,0.003635217687581997,101,0.6063542320322075,False
teacher_majority_all_models__student_with_credit__z_plus_zsmooth,z_plus_zsmooth,LOGIT,bd_bond_canonical_state_h1,bond,bond_canonical,sentiment_logdiff_z,macro,1041,-0.07463259511857773,0.08307556958681954,0.04357961250233192,0.10453956056304935,0.14697406340057637,0.8530259365994236,0.04899135446685879,0.17579250720461095,0.8530259365994236,z,22.9669772047536,0.0036171747307532022,102,0.6099714067629607,False
teacher_majority_all_models__student_with_credit__z_plus_zsmooth,z_plus_zsmooth,LOGIT,bd_bond_canonical_state_h1,bond,bond_canonical,tsy_intermediate_ret_z_smooth,treasury_rates,1041,0.0830733395250705,0.0830733395250705,0.06466379721841137,0.04261646943668995,1.0,0.0,0.0,0.0,1.0,z_smooth,22.9669772047536,0.0036170776321350793,103,0.6135884843950957,False
teacher_majority_all_models__student_with_credit__z_plus_zsmooth,z_plus_zsmooth,LOGIT,bd_bond_canonical_state_h1,bond,bond_canonical,tsy_rotation_speed_12m_z_smooth,treasury_rates,1041,0.05648237332615421,0.08306703793592711,0.056974546810586495,0.10482382919832284,0.7175792507204611,0.2824207492795389,0.0,0.01440922190201729,0.7175792507204611,z_smooth,22.9669772047536,0.003616803256056451,104,0.6172052876511522,False
teacher_majority_all_models__student_with_credit__z_plus_zsmooth,z_plus_zsmooth,LOGIT,bd_bond_canonical_state_h1,bond,bond_canonical,credit_hy_ig_corr_12m_fisher_diff_z,credit,1041,0.05064716384422021,0.08184675082529508,0.04915774009305813,0.09130944581548345,0.6138328530259366,0.3861671469740634,0.0,0.07780979827089338,0.6138328530259366,z,22.9669772047536,0.0035636710088411115,105,0.6207689586599934,False
teacher_majority_all_models__student_with_credit__z_plus_zsmooth,z_plus_zsmooth,LOGIT,bd_bond_canonical_state_h1,bond,bond_canonical,size_value_pca1_share_diff_z,equity_cross_section,1041,0.030244956740469987,0.08169273304554364,0.06621950198952681,0.06476420326532611,0.6801152737752162,0.31988472622478387,0.0,0.0,0.6801152737752162,z,22.9669772047536,0.003556964955259121,106,0.6243259236152524,False
teacher_majority_all_models__student_with_credit__z_plus_zsmooth,z_plus_zsmooth,LOGIT,bd_bond_canonical_state_h1,bond,bond_canonical,industry_lambda_corr_12m_z,equity_cross_section,1041,-0.0583225999022129,0.08136907719512397,0.05884785822620563,0.0645832710601579,0.2219020172910663,0.7780979827089337,0.0,0.0,0.7780979827089337,z,22.9669772047536,0.0035428727285139886,107,0.6278687963437665,False
teacher_majority_all_models__student_with_credit__z_plus_zsmooth,z_plus_zsmooth,LOGIT,bd_bond_canonical_state_h1,bond,bond_canonical,crsp_tsy_3_7y_z_smooth,treasury_rates,1041,0.080576933998509,0.080576933998509,0.06513004800782039,0.039846586369830614,1.0,0.0,0.0,0.0,1.0,z_smooth,22.9669772047536,0.0035083821993706493,108,0.6313771785431371,False
teacher_majority_all_models__student_with_credit__z_plus_zsmooth,z_plus_zsmooth,LOGIT,bd_bond_canonical_state_h1,bond,bond_canonical,factor_pca1_share_12m_z,equity_cross_section,1041,0.03886388278846696,0.0797728735696126,0.06787531362208611,0.06203408513735512,0.7377521613832853,0.2622478386167147,0.0,0.0,0.7377521613832853,z,22.9669772047536,0.0034733727846911248,109,0.6348505513278282,False
teacher_majority_all_models__student_with_credit__z_plus_zsmooth,z_plus_zsmooth,LOGIT,bd_bond_canonical_state_h1,bond,bond_canonical,crsp_ind12_nodur_z_smooth,other,1041,0.06806965407181066,0.07976437991542955,0.07335442105684171,0.04472052849274953,0.8357348703170029,0.1642651296829971,0.01729106628242075,0.06051873198847262,0.8357348703170029,z_smooth,22.9669772047536,0.003473002964400569,110,0.6383235542922288,False
teacher_majority_all_models__student_with_credit__z_plus_zsmooth,z_plus_zsmooth,LOGIT,bd_bond_canonical_state_h1,bond,bond_canonical,cross_eq_credit_hy_corr_12m_fisher_diff_z_smooth,credit,1041,0.07574753074021005,0.07918842344211786,0.04622609432169267,0.08810383938521565,0.8876080691642652,0.11239193083573487,0.0,0.0,0.8876080691642652,z_smooth,22.9669772047536,0.003447925372857853,111,0.6417714796650866,False
teacher_majority_all_models__student_with_credit__z_plus_zsmooth,z_plus_zsmooth,LOGIT,bd_bond_canonical_state_h1,bond,bond_canonical,growth_avg_ret_z,other,1041,0.07888963933820338,0.07888963933820338,0.04635079486869055,0.06518023006778499,1.0,0.0,0.0,0.0,1.0,z,22.9669772047536,0.003434916081245344,112,0.645206395746332,False
teacher_majority_all_models__student_with_credit__z_plus_zsmooth,z_plus_zsmooth,LOGIT,bd_bond_canonical_state_h1,bond,bond_canonical,crsp_ind12_telcm_z,other,1041,0.03718897920654885,0.07878944281878564,0.048111170617844944,0.09972247854801644,0.6368876080691642,0.3631123919308357,0.0,0.0,0.6368876080691642,z,22.9669772047536,0.0034305534470804523,113,0.6486369491934124,False
teacher_majority_all_models__student_with_credit__z_plus_zsmooth,z_plus_zsmooth,LOGIT,bd_bond_canonical_state_h1,bond,bond_canonical,credit_lambda_cov_diff_z,credit,1041,0.07629467027837669,0.07845104935164823,0.050058793766604145,0.0725345759019687,0.9654178674351584,0.0345821325648415,0.0,0.002881844380403458,0.9654178674351584,z,22.9669772047536,0.0034158195330733724,114,0.6520527687264858,False
teacher_majority_all_models__student_with_credit__z_plus_zsmooth,z_plus_zsmooth,LOGIT,bd_bond_canonical_state_h1,bond,bond_canonical,tsy_lambda_cov_12m_z_smooth,treasury_rates,1041,-0.03725741004978279,0.07835700824374521,0.05048138927290351,0.07876711371280688,0.4899135446685879,0.5100864553314121,0.0,0.0,0.5100864553314121,z_smooth,22.9669772047536,0.003411724910299786,115,0.6554644936367856,False
teacher_majority_all_models__student_with_credit__z_plus_zsmooth,z_plus_zsmooth,LOGIT,bd_bond_canonical_state_h1,bond,bond_canonical,tsy_lambda_corr_12m_z_smooth,treasury_rates,1041,-0.026149123232116725,0.07749694849988707,0.06881966346955815,0.05840519334109473,0.3285302593659942,0.6714697406340058,0.0,0.0,0.6714697406340058,z_smooth,22.9669772047536,0.003374277242015423,116,0.658838770878801,False
teacher_majority_all_models__student_with_credit__z_plus_zsmooth,z_plus_zsmooth,LOGIT,bd_bond_canonical_state_h1,bond,bond_canonical,industry_lambda_corr_diff_z_smooth,equity_cross_section,1041,-0.07732264505514799,0.07732264505514799,0.06952233386721557,0.04880385701933127,0.0,1.0,0.0,0.0,1.0,z_smooth,22.9669772047536,0.0033666879348469114,117,0.6622054588136479,False
teacher_majority_all_models__student_with_credit__z_plus_zsmooth,z_plus_zsmooth,LOGIT,bd_bond_canonical_state_h1,bond,bond_canonical,credit_ret_dispersion_1m_z_smooth,credit,1041,-0.0704726831648513,0.07694145549836189,0.06245492531606594,0.08605861850955351,0.2276657060518732,0.7723342939481268,0.0,0.0,0.7723342939481268,z_smooth,22.9669772047536,0.003350090645905152,118,0.6655555494595531,False
teacher_majority_all_models__student_with_credit__z_plus_zsmooth,z_plus_zsmooth,LOGIT,bd_bond_canonical_state_h1,bond,bond_canonical,crsp_ind12_other_z_smooth,other,1041,-0.06871224909264396,0.07653900618784573,0.057756681739375225,0.06859358355776568,0.1585014409221902,0.8414985590778098,0.0,0.0,0.8414985590778098,z_smooth,22.9669772047536,0.0033325676907975522,119,0.6688881171503507,False
teacher_majority_all_models__student_with_credit__z_plus_zsmooth,z_plus_zsmooth,LOGIT,bd_bond_canonical_state_h1,bond,bond_canonical,crsp_ind12_manuf_z_smooth,other,1041,0.07638329581213996,0.07638329581213996,0.0571121666492074,0.06306346251736564,1.0,0.0,0.0,0.0,1.0,z_smooth,22.9669772047536,0.0033257879402749826,120,0.6722139050906256,False
teacher_majority_all_models__student_with_credit__z_plus_zsmooth,z_plus_zsmooth,LOGIT,bd_bond_canonical_state_h1,bond,bond_canonical,tsy_pca1_share_12m_z_smooth,treasury_rates,1041,-0.06786673683062135,0.07576411778486446,0.05921684497172571,0.079597151864311,0.16138328530259366,0.8386167146974063,0.0,0.0,0.8386167146974063,z_smooth,22.9669772047536,0.0032988284487513292,121,0.6755127335393769,False
teacher_majority_all_models__student_with_credit__z_plus_zsmooth,z_plus_zsmooth,LOGIT,bd_bond_canonical_state_h1,bond,bond_canonical,tsy_lambda_corr_12m_z,treasury_rates,1041,0.07563329241664232,0.07574005128520274,0.055466581323928774,0.06041326643734733,0.9971181556195965,0.002881844380403458,0.0,0.0,0.9971181556195965,z,22.9669772047536,0.003297780574690796,122,0.6788105141140678,False
teacher_majority_all_models__student_with_credit__z_plus_zsmooth,z_plus_zsmooth,LOGIT,bd_bond_canonical_state_h1,bond,bond_canonical,tsy_corr_absavg_12m_z,treasury_rates,1041,-0.06666060093951535,0.07549969567238615,0.0673315036097418,0.04847629965303953,0.11815561959654179,0.8818443804034583,0.0,0.0,0.8818443804034583,z,22.9669772047536,0.003287315304896091,123,0.6820978294189638,False
teacher_majority_all_models__student_with_credit__z_plus_zsmooth,z_plus_zsmooth,LOGIT,bd_bond_canonical_state_h1,bond,bond_canonical,tsy_corr_avg_12m_z,treasury_rates,1041,-0.06666060093951535,0.07549969567238615,0.0673315036097418,0.04847629965303953,0.11815561959654179,0.8818443804034583,0.0,0.0,0.8818443804034583,z,22.9669772047536,0.003287315304896091,124,0.6853851447238599,False
teacher_majority_all_models__student_with_credit__z_plus_zsmooth,z_plus_zsmooth,LOGIT,bd_bond_canonical_state_h1,bond,bond_canonical,tsy_pca1_share_12m_z,treasury_rates,1041,-0.07055320717094196,0.07540671847944595,0.06831114145817105,0.051282192674886734,0.08645533141210375,0.9135446685878963,0.0,0.0,0.9135446685878963,z,22.9669772047536,0.0032832670058051266,125,0.6886684117296651,False
teacher_majority_all_models__student_with_credit__z_plus_zsmooth,z_plus_zsmooth,LOGIT,bd_bond_canonical_state_h1,bond,bond_canonical,factor_ret_dispersion_1m_z,equity_cross_section,1041,0.015053315263447303,0.07538602263601836,0.040760326965751256,0.08361882044558652,0.6195965417867435,0.3804034582132565,0.0,0.0,0.6195965417867435,z,22.9669772047536,0.003282365892731208,126,0.6919507776223962,False
teacher_majority_all_models__student_with_credit__z_plus_zsmooth,z_plus_zsmooth,LOGIT,bd_bond_canonical_state_h1,bond,bond_canonical,tsy_lambda_cov_12m_z,treasury_rates,1041,-0.04027280164327641,0.07507973329572905,0.05409233319806573,0.0890887052699562,0.3285302593659942,0.6714697406340058,0.0,0.0,0.6714697406340058,z,22.9669772047536,0.003269029817306101,127,0.6952198074397024,False
teacher_majority_all_models__student_with_credit__z_plus_zsmooth,z_plus_zsmooth,LOGIT,bd_bond_canonical_state_h1,bond,bond_canonical,tsy_corr_absavg_12m_z_smooth,treasury_rates,1041,-0.06696152057363641,0.07485766858553762,0.05881600760541786,0.07788648817369694,0.16138328530259366,0.8386167146974063,0.0,0.0,0.8386167146974063,z_smooth,22.9669772047536,0.0032593609475975757,128,0.6984791683873,False
teacher_majority_all_models__student_with_credit__z_plus_zsmooth,z_plus_zsmooth,LOGIT,bd_bond_canonical_state_h1,bond,bond_canonical,tsy_corr_avg_12m_z_smooth,treasury_rates,1041,-0.06696152057363641,0.07485766858553762,0.05881600760541786,0.07788648817369694,0.16138328530259366,0.8386167146974063,0.0,0.0,0.8386167146974063,z_smooth,22.9669772047536,0.0032593609475975757,129,0.7017385293348976,False
teacher_majority_all_models__student_with_credit__z_plus_zsmooth,z_plus_zsmooth,LOGIT,bd_bond_canonical_state_h1,bond,bond_canonical,cmdty_broad_aqr_ret_z,commodities,1041,-0.07467248933473086,0.07471447824008702,0.03836202426027424,0.08281397696700804,0.005763688760806916,0.9942363112391931,0.0,0.023054755043227664,0.9942363112391931,z,22.9669772047536,0.0032531263289024798,130,0.7049916556638,False
teacher_majority_all_models__student_with_credit__z_plus_zsmooth,z_plus_zsmooth,LOGIT,bd_bond_canonical_state_h1,bond,bond_canonical,cmdty_ret_1m_z,commodities,1041,-0.07467248933473086,0.07471447824008702,0.03836202426027424,0.08281397696700804,0.005763688760806916,0.9942363112391931,0.0,0.020172910662824207,0.9942363112391931,z,22.9669772047536,0.0032531263289024798,131,0.7082447819927025,False
teacher_majority_all_models__student_with_credit__z_plus_zsmooth,z_plus_zsmooth,LOGIT,bd_bond_canonical_state_h1,bond,bond_canonical,rho_12m_eq_fi_fisher_diff_z,volatility_dependence,1041,0.07321342433144237,0.07459887957087094,0.018950640360924573,0.1358066010050931,0.9221902017291066,0.07780979827089338,0.0,0.011527377521613832,0.9221902017291066,z,22.9669772047536,0.003248093073189919,132,0.7114928750658924,False
teacher_majority_all_models__student_with_credit__z_plus_zsmooth,z_plus_zsmooth,LOGIT,bd_bond_canonical_state_h1,bond,bond_canonical,size_value_lambda_corr_diff_z,equity_cross_section,1041,0.03258966495626406,0.07339461599628151,0.028834496704493253,0.09924837375170016,0.48703170028818443,0.5129682997118156,0.011527377521613832,0.04610951008645533,0.5129682997118156,z,22.9669772047536,0.003195658503161253,133,0.7146885335690536,False
teacher_majority_all_models__student_with_credit__z_plus_zsmooth,z_plus_zsmooth,LOGIT,bd_bond_canonical_state_h1,bond,bond_canonical,cross_eq_bond_corr_12m_fisher_diff_z_smooth,treasury_rates,1041,-0.07212970294125115,0.07220551158538548,0.06273543338533304,0.052435006382606904,0.002881844380403458,0.9971181556195965,0.0,0.002881844380403458,0.9971181556195965,z_smooth,22.9669772047536,0.0031438839748767944,134,0.7178324175439305,False
teacher_majority_all_models__student_with_credit__z_plus_zsmooth,z_plus_zsmooth,LOGIT,bd_bond_canonical_state_h1,bond,bond_canonical,crsp_tsy_1_3y_z,treasury_rates,1041,0.07134859405955873,0.07212016566950231,0.047893245406957635,0.0861566395129264,0.968299711815562,0.03170028818443804,0.0,0.0,0.968299711815562,z,22.9669772047536,0.0031401679475074854,135,0.720972585491438,False
teacher_majority_all_models__student_with_credit__z_plus_zsmooth,z_plus_zsmooth,LOGIT,bd_bond_canonical_state_h1,bond,bond_canonical,tsy_short_ret_z,treasury_rates,1041,0.07134859405955873,0.07212016566950231,0.047893245406957635,0.0861566395129264,0.968299711815562,0.03170028818443804,0.0,0.0,0.968299711815562,z,22.9669772047536,0.0031401679475074854,136,0.7241127534389454,False
teacher_majority_all_models__student_with_credit__z_plus_zsmooth,z_plus_zsmooth,LOGIT,bd_bond_canonical_state_h1,bond,bond_canonical,bond_10y_ret_level_z_smooth,treasury_rates,1041,0.062038880264885334,0.07200459342905262,0.06676446303072125,0.04323031742280311,0.9135446685878963,0.08645533141210375,0.0,0.0,0.9135446685878963,z_smooth,22.9669772047536,0.0031351358425239103,137,0.7272478892814693,False
teacher_majority_all_models__student_with_credit__z_plus_zsmooth,z_plus_zsmooth,LOGIT,bd_bond_canonical_state_h1,bond,bond_canonical,cmdty_sharpe_12m_z_smooth,commodities,1041,-0.0512128509045214,0.07160262193896368,0.054123669331356684,0.07219652321498508,0.30547550432276654,0.6945244956772334,0.0,0.0,0.6945244956772334,z_smooth,22.9669772047536,0.003117633692088295,138,0.7303655229735576,False
teacher_majority_all_models__student_with_credit__z_plus_zsmooth,z_plus_zsmooth,LOGIT,bd_bond_canonical_state_h1,bond,bond_canonical,crsp_tsy_1_3y_z_smooth,treasury_rates,1041,0.07150293344094633,0.07150293344094633,0.063622241051362,0.03671006196376359,1.0,0.0,0.0,0.002881844380403458,1.0,z_smooth,22.9669772047536,0.003113293177569183,139,0.7334788161511268,False
teacher_majority_all_models__student_with_credit__z_plus_zsmooth,z_plus_zsmooth,LOGIT,bd_bond_canonical_state_h1,bond,bond_canonical,tsy_short_ret_z_smooth,treasury_rates,1041,0.07150293344094633,0.07150293344094633,0.063622241051362,0.03671006196376359,1.0,0.0,0.0,0.002881844380403458,1.0,z_smooth,22.9669772047536,0.003113293177569183,140,0.736592109328696,False
teacher_majority_all_models__student_with_credit__z_plus_zsmooth,z_plus_zsmooth,LOGIT,bd_bond_canonical_state_h1,bond,bond_canonical,size_value_pca1_share_diff_z_smooth,equity_cross_section,1041,-0.07145799410243346,0.07145799410243346,0.056324767415418336,0.047573107908402565,0.0,1.0,0.0,0.0,1.0,z_smooth,22.9669772047536,0.003111336483916717,141,0.7397034458126127,False
teacher_majority_all_models__student_with_credit__z_plus_zsmooth,z_plus_zsmooth,LOGIT,bd_bond_canonical_state_h1,bond,bond_canonical,size_value_ret_dispersion_1m_z_smooth,equity_cross_section,1041,0.03880446141573975,0.07114863771432763,0.05685548519272608,0.06965897838836647,0.6282420749279539,0.37175792507204614,0.0,0.0,0.6282420749279539,z_smooth,22.9669772047536,0.003097866866850967,142,0.7428013126794637,False
teacher_majority_all_models__student_with_credit__z_plus_zsmooth,z_plus_zsmooth,LOGIT,bd_bond_canonical_state_h1,bond,bond_canonical,credit_hy_ig_corr_12m_fisher_z,credit,1041,-0.06765265013983186,0.07013933806644475,0.03612290998129318,0.08451733185417513,0.05475504322766571,0.9452449567723343,0.0,0.011527377521613832,0.9452449567723343,z,22.9669772047536,0.0030539211773993324,143,0.745855233856863,False
teacher_majority_all_models__student_with_credit__z_plus_zsmooth,z_plus_zsmooth,LOGIT,bd_bond_canonical_state_h1,bond,bond_canonical,industry_lambda_cov_diff_z,equity_cross_section,1041,-0.05440373321894011,0.0693759244897546,0.06352449043158197,0.0446785744480974,0.13256484149855907,0.8674351585014409,0.0,0.0,0.8674351585014409,z,22.9669772047536,0.003020681558189359,144,0.7488759154150524,False
teacher_majority_all_models__student_with_credit__z_plus_zsmooth,z_plus_zsmooth,LOGIT,bd_bond_canonical_state_h1,bond,bond_canonical,anfci_level_z_smooth,financial_conditions,1041,-0.06375102603619583,0.06915007118001593,0.058708562668950984,0.04416569939370493,0.1037463976945245,0.8962536023054755,0.0,0.0,0.8962536023054755,z_smooth,22.9669772047536,0.003010847729918222,145,0.7518867631449706,False
teacher_majority_all_models__student_with_credit__z_plus_zsmooth,z_plus_zsmooth,LOGIT,bd_bond_canonical_state_h1,bond,bond_canonical,fred_anfci_z_smooth,financial_conditions,1041,-0.06375102603619583,0.06915007118001593,0.058708562668950984,0.04416569939370493,0.1037463976945245,0.8962536023054755,0.0,0.0,0.8962536023054755,z_smooth,22.9669772047536,0.003010847729918222,146,0.7548976108748888,False
teacher_majority_all_models__student_with_credit__z_plus_zsmooth,z_plus_zsmooth,LOGIT,bd_bond_canonical_state_h1,bond,bond_canonical,factor_lambda_corr_diff_z_smooth,equity_cross_section,1041,0.06895477802862583,0.06895477802862583,0.057848972028919,0.04713818064452432,1.0,0.0,0.0,0.0,1.0,z_smooth,22.9669772047536,0.0030023445146431325,147,0.7578999553895319,False
teacher_majority_all_models__student_with_credit__z_plus_zsmooth,z_plus_zsmooth,LOGIT,bd_bond_canonical_state_h1,bond,bond_canonical,equity_market_level_z_smooth,other,1041,-0.06563537118933786,0.06830157900841495,0.04293102732549382,0.05653264962541314,0.10086455331412104,0.899135446685879,0.0,0.0,0.899135446685879,z_smooth,22.9669772047536,0.002973903722701401,148,0.7608738591122334,False
teacher_majority_all_models__student_with_credit__z_plus_zsmooth,z_plus_zsmooth,LOGIT,bd_bond_canonical_state_h1,bond,bond_canonical,cmdty_ret_12m_z,commodities,1041,0.004948032751977825,0.06813456069787961,0.04926155750952109,0.06933461354800335,0.5619596541786743,0.43804034582132567,0.03170028818443804,0.05475504322766571,0.5619596541786743,z,22.9669772047536,0.002966631615926254,149,0.7638404907281596,False
teacher_majority_all_models__student_with_credit__z_plus_zsmooth,z_plus_zsmooth,LOGIT,bd_bond_canonical_state_h1,bond,bond_canonical,small_avg_ret_z_smooth,equity_cross_section,1041,-0.06503529013935522,0.06767027072232158,0.0743613583094214,0.043620172390274735,0.09510086455331412,0.9048991354466859,0.0,0.0,0.9048991354466859,z_smooth,22.9669772047536,0.002946416070300949,150,0.7667869067984605,False
teacher_majority_all_models__student_with_credit__z_plus_zsmooth,z_plus_zsmooth,LOGIT,bd_bond_canonical_state_h1,bond,bond_canonical,crsp_ind12_chems_z_smooth,other,1041,0.06758154641217767,0.06761722165627058,0.0696357111360152,0.03549201239324662,0.9942363112391931,0.005763688760806916,0.0,0.0,0.9942363112391931,z_smooth,22.9669772047536,0.0029441062728218096,151,0.7697310130712823,False
teacher_majority_all_models__student_with_credit__z_plus_zsmooth,z_plus_zsmooth,LOGIT,bd_bond_canonical_state_h1,bond,bond_canonical,ff_cma_z,equity_cross_section,1041,0.06605301008841903,0.0666883808830392,0.06111341732237703,0.03544080817611873,0.9884726224783862,0.011527377521613832,0.0,0.0,0.9884726224783862,z,22.9669772047536,0.0029036638251740132,152,0.7726346768964564,False
teacher_majority_all_models__student_with_credit__z_plus_zsmooth,z_plus_zsmooth,LOGIT,bd_bond_canonical_state_h1,bond,bond_canonical,size_value_corr_avg_12m_z_smooth,equity_cross_section,1041,-0.04516166865142074,0.0655900932791003,0.061849398110212186,0.03752378423349925,0.15561959654178675,0.8443804034582133,0.0,0.0,0.8443804034582133,z_smooth,22.9669772047536,0.0028558435310992846,153,0.7754905204275556,False
teacher_majority_all_models__student_with_credit__z_plus_zsmooth,z_plus_zsmooth,LOGIT,bd_bond_canonical_state_h1,bond,bond_canonical,ff_mom_z_smooth,equity_cross_section,1041,0.007132395173845373,0.06523047530306825,0.05142657854807813,0.06383195017958676,0.4553314121037464,0.5446685878962536,0.0,0.0,0.5446685878962536,z_smooth,22.9669772047536,0.0028401854855138334,154,0.7783307059130695,False
teacher_majority_all_models__student_with_credit__z_plus_zsmooth,z_plus_zsmooth,LOGIT,bd_bond_canonical_state_h1,bond,bond_canonical,policy_rate_diff_z_smooth,treasury_rates,1041,-0.05935787891873447,0.06471745547741252,0.057699616940682714,0.03998063023094267,0.05763688760806916,0.9423631123919308,0.03170028818443804,0.05763688760806916,0.9423631123919308,z_smooth,22.9669772047536,0.002817848204421851,155,0.7811485541174913,False
teacher_majority_all_models__student_with_credit__z_plus_zsmooth,z_plus_zsmooth,LOGIT,bd_bond_canonical_state_h1,bond,bond_canonical,credit_ig_proxy_ret_z_smooth,credit,1041,0.06329005599177305,0.06461637544723665,0.06423733342404915,0.039164295245631885,0.968299711815562,0.03170028818443804,0.0,0.0,0.968299711815562,z_smooth,22.9669772047536,0.002813447101513326,156,0.7839620012190046,False
teacher_majority_all_models__student_with_credit__z_plus_zsmooth,z_plus_zsmooth,LOGIT,bd_bond_canonical_state_h1,bond,bond_canonical,industry_ret_dispersion_6m_z,equity_cross_section,1041,-0.06294970825503446,0.06452400256570609,0.052764428111696404,0.04712621573471868,0.05475504322766571,0.9452449567723343,0.0,0.0,0.9452449567723343,z,22.9669772047536,0.0028094251146098237,157,0.7867714263336145,False
teacher_majority_all_models__student_with_credit__z_plus_zsmooth,z_plus_zsmooth,LOGIT,bd_bond_canonical_state_h1,bond,bond_canonical,tsy_belly_minus_barbell_z_smooth,treasury_rates,1041,-0.06442360653565642,0.06442360653565642,0.04737060072570881,0.05058440871672395,0.0,1.0,0.0,0.0,1.0,z_smooth,22.9669772047536,0.0028050537935972834,158,0.7895764801272117,False
teacher_majority_all_models__student_with_credit__z_plus_zsmooth,z_plus_zsmooth,LOGIT,bd_bond_canonical_state_h1,bond,bond_canonical,size_value_pca1_share_12m_z_smooth,equity_cross_section,1041,-0.04245087414911349,0.06426957190376718,0.06284051289619859,0.03498227642026697,0.1873198847262248,0.8126801152737753,0.0,0.0,0.8126801152737753,z_smooth,22.9669772047536,0.002798347006260143,159,0.7923748271334718,False
teacher_majority_all_models__student_with_credit__z_plus_zsmooth,z_plus_zsmooth,LOGIT,bd_bond_canonical_state_h1,bond,bond_canonical,cmdty_ret_12m_z_smooth,commodities,1041,0.008325553255838305,0.06325139812698818,0.04711455912014005,0.04515127884190702,0.3804034582132565,0.6195965417867435,0.0,0.0,0.6195965417867435,z_smooth,22.9669772047536,0.0027540149303538603,160,0.7951288420638257,False
teacher_majority_all_models__student_with_credit__z_plus_zsmooth,z_plus_zsmooth,LOGIT,bd_bond_canonical_state_h1,bond,bond_canonical,factor_corr_absavg_12m_z_smooth,equity_cross_section,1041,0.058471110002495635,0.06320520982900969,0.05161397171783311,0.052903745514695615,0.9510086455331412,0.04899135446685879,0.0,0.0,0.9510086455331412,z_smooth,22.9669772047536,0.002752003856037605,161,0.7978808459198634,False
teacher_majority_all_models__student_with_credit__z_plus_zsmooth,z_plus_zsmooth,LOGIT,bd_bond_canonical_state_h1,bond,bond_canonical,credit_lambda_cov_12m_z,credit,1041,0.061662358112834256,0.06298838483113679,0.053372467331345715,0.0495132105391369,0.9740634005763689,0.025936599423631124,0.0,0.0,0.9740634005763689,z,22.9669772047536,0.0027425631274671943,162,0.8006234090473305,False
teacher_majority_all_models__student_with_credit__z_plus_zsmooth,z_plus_zsmooth,LOGIT,bd_bond_canonical_state_h1,bond,bond_canonical,smlo_vwret_z_smooth,other,1041,-0.034981661272029715,0.062856994193837,0.05818327047529941,0.03301917306626403,0.23054755043227665,0.7694524495677233,0.0,0.0,0.7694524495677233,z_smooth,22.9669772047536,0.0027368422772164874,163,0.803360251324547,False
teacher_majority_all_models__student_with_credit__z_plus_zsmooth,z_plus_zsmooth,LOGIT,bd_bond_canonical_state_h1,bond,bond_canonical,tsy_lambda_cov_diff_z_smooth,treasury_rates,1041,0.0008130963305605977,0.06264396338249867,0.04098926789068151,0.06084897305390389,0.42939481268011526,0.5706051873198847,0.0,0.0,0.5706051873198847,z_smooth,22.9669772047536,0.0027275667504704495,164,0.8060878180750175,False
teacher_majority_all_models__student_with_credit__z_plus_zsmooth,z_plus_zsmooth,LOGIT,bd_bond_canonical_state_h1,bond,bond_canonical,tsy_rotation_speed_12m_z,treasury_rates,1041,0.061268956700439685,0.06246075851747926,0.03986725805670393,0.06148543605138412,0.9481268011527377,0.05187319884726225,0.0,0.0,0.9481268011527377,z,22.9669772047536,0.0027195898685592555,165,0.8088074079435768,False
teacher_majority_all_models__student_with_credit__z_plus_zsmooth,z_plus_zsmooth,LOGIT,bd_bond_canonical_state_h1,bond,bond_canonical,factor_rotation_speed_12m_z,equity_cross_section,1041,-0.04341367458326094,0.062325808885421996,0.029176749575622773,0.07749846149528983,0.2564841498559078,0.7435158501440923,0.0,0.0,0.7435158501440923,z,22.9669772047536,0.0027137140569165577,166,0.8115211220004933,False
teacher_majority_all_models__student_with_credit__z_plus_zsmooth,z_plus_zsmooth,LOGIT,bd_bond_canonical_state_h1,bond,bond_canonical,size_value_corr_absavg_12m_z_smooth,equity_cross_section,1041,-0.04061127045531387,0.061713802697737005,0.06288125297381951,0.03474004311718668,0.2017291066282421,0.7982708933717579,0.0,0.0,0.7982708933717579,z_smooth,22.9669772047536,0.0026870668328509407,167,0.8142081888333442,False
teacher_majority_all_models__student_with_credit__z_plus_zsmooth,z_plus_zsmooth,LOGIT,bd_bond_canonical_state_h1,bond,bond_canonical,curve_belly_diff_z,treasury_rates,1041,0.05224016399986771,0.06142180782991887,0.056566105538601655,0.042746747570588106,0.8876080691642652,0.11239193083573487,0.0,0.0,0.8876080691642652,z,22.9669772047536,0.0026743531498435967,168,0.8168825419831879,False
teacher_majority_all_models__student_with_credit__z_plus_zsmooth,z_plus_zsmooth,LOGIT,bd_bond_canonical_state_h1,bond,bond_canonical,cmdty_vol_12m_z_smooth,commodities,1041,-0.04249446511824216,0.06024778185132834,0.05726348940488074,0.046838483714475194,0.1930835734870317,0.8069164265129684,0.0,0.008645533141210375,0.8069164265129684,z_smooth,22.9669772047536,0.0026232351481961036,169,0.819505777131384,False
teacher_majority_all_models__student_with_credit__z_plus_zsmooth,z_plus_zsmooth,LOGIT,bd_bond_canonical_state_h1,bond,bond_canonical,ff_smb_z,equity_cross_section,1041,0.05938543516667092,0.059596547213743925,0.03759488357940248,0.06484416899804589,0.9942363112391931,0.005763688760806916,0.0,0.0,0.9942363112391931,z,22.9669772047536,0.002594879886997445,170,0.8221006570183814,False
teacher_majority_all_models__student_with_credit__z_plus_zsmooth,z_plus_zsmooth,LOGIT,bd_bond_canonical_state_h1,bond,bond_canonical,credit_lambda_cov_diff_z_smooth,credit,1041,-0.05952849329943205,0.05952849329943205,0.046583103994703424,0.04355253411900276,0.0,1.0,0.0,0.0,1.0,z_smooth,22.9669772047536,0.0025919167667877124,171,0.8246925737851691,False
teacher_majority_all_models__student_with_credit__z_plus_zsmooth,z_plus_zsmooth,LOGIT,bd_bond_canonical_state_h1,bond,bond_canonical,cross_eq_cmdty_corr_12m_fisher_diff_z_smooth,commodities,1041,-0.040890744898953925,0.05947283695662237,0.023120414406767136,0.07513555967938254,0.30835734870317005,0.69164265129683,0.0,0.0,0.69164265129683,z_smooth,22.9669772047536,0.0025894934464563736,172,0.8272820672316255,False
teacher_majority_all_models__student_with_credit__z_plus_zsmooth,z_plus_zsmooth,LOGIT,bd_bond_canonical_state_h1,bond,bond_canonical,tsy_belly_minus_barbell_z,treasury_rates,1041,0.04786471559911191,0.058882016846156814,0.03819028230551971,0.059842331763130766,0.8328530259365994,0.16714697406340057,0.0,0.0,0.8328530259365994,z,22.9669772047536,0.0025637686806241826,173,0.8298458359122497,False
teacher_majority_all_models__student_with_credit__z_plus_zsmooth,z_plus_zsmooth,LOGIT,bd_bond_canonical_state_h1,bond,bond_canonical,smme_vwret_z_smooth,other,1041,-0.058745194696254964,0.05884867669094332,0.060948895590774,0.03066804312122852,0.011527377521613832,0.9884726224783862,0.0,0.0,0.9884726224783862,z_smooth,22.9669772047536,0.0025623170244085535,174,0.8324081529366583,False
teacher_majority_all_models__student_with_credit__z_plus_zsmooth,z_plus_zsmooth,LOGIT,bd_bond_canonical_state_h1,bond,bond_canonical,industry_pca1_share_12m_z,equity_cross_section,1041,0.05674480253920681,0.058838575591968555,0.05002983437216989,0.04677207582261211,0.9279538904899135,0.07204610951008646,0.0,0.0,0.9279538904899135,z,22.9669772047536,0.00256187721472508,175,0.8349700301513833,False
teacher_majority_all_models__student_with_credit__z_plus_zsmooth,z_plus_zsmooth,LOGIT,bd_bond_canonical_state_h1,bond,bond_canonical,ff_smb_z_smooth,equity_cross_section,1041,-0.04002227648318627,0.058578105457530255,0.06603831894091632,0.026181521703368876,0.21037463976945245,0.7896253602305475,0.0,0.0,0.7896253602305475,z_smooth,22.9669772047536,0.00255053614305874,176,0.837520566294442,False
teacher_majority_all_models__student_with_credit__z_plus_zsmooth,z_plus_zsmooth,LOGIT,bd_bond_canonical_state_h1,bond,bond_canonical,factor_pca1_share_12m_z_smooth,equity_cross_section,1041,0.05127420697729152,0.0582739572848531,0.05589573176755782,0.04067921652223182,0.9452449567723343,0.05475504322766571,0.0,0.0,0.9452449567723343,z_smooth,22.9669772047536,0.0025372932957320924,177,0.8400578595901741,False
teacher_majority_all_models__student_with_credit__z_plus_zsmooth,z_plus_zsmooth,LOGIT,bd_bond_canonical_state_h1,bond,bond_canonical,rv_60d_logdiff_z,volatility_dependence,1041,-0.025622141832832738,0.058090128413402685,0.043575874034484034,0.04916497642497983,0.27953890489913547,0.7204610951008645,0.0,0.020172910662824207,0.7204610951008645,z,22.9669772047536,0.002529289244096931,178,0.8425871488342711,False
teacher_majority_all_models__student_with_credit__z_plus_zsmooth,z_plus_zsmooth,LOGIT,bd_bond_canonical_state_h1,bond,bond_canonical,tsy_lambda_corr_diff_z,treasury_rates,1041,0.045657675145301044,0.05804013735776137,0.05245018984855601,0.037824659215679964,0.8472622478386167,0.15273775216138327,0.0,0.0,0.8472622478386167,z,22.9669772047536,0.002527112594762731,179,0.8451142614290338,False
teacher_majority_all_models__student_with_credit__z_plus_zsmooth,z_plus_zsmooth,LOGIT,bd_bond_canonical_state_h1,bond,bond_canonical,core_inflation_diff_z,macro,1041,0.004188121920747032,0.0574133083619023,0.036421061036550614,0.06834953173764043,0.7435158501440923,0.2564841498559078,0.0,0.023054755043227664,0.7435158501440923,z,22.9669772047536,0.0024998199741330853,180,0.8476140814031669,False
teacher_majority_all_models__student_with_credit__z_plus_zsmooth,z_plus_zsmooth,LOGIT,bd_bond_canonical_state_h1,bond,bond_canonical,industry_lambda_corr_12m_z_smooth,equity_cross_section,1041,0.03351816247543167,0.05736802847156275,0.032826313297807955,0.05242913696473395,0.6195965417867435,0.3804034582132565,0.08645533141210375,0.1037463976945245,0.6195965417867435,z_smooth,22.9669772047536,0.0024978484525899638,181,0.8501119298557569,False
teacher_majority_all_models__student_with_credit__z_plus_zsmooth,z_plus_zsmooth,LOGIT,bd_bond_canonical_state_h1,bond,bond_canonical,curve_10y_2y_diff_z,treasury_rates,1041,-0.024168837481516724,0.05734856786078552,0.024577081272984688,0.08977841259161429,0.4092219020172911,0.590778097982709,0.0,0.0,0.590778097982709,z,22.9669772047536,0.0024970011225036517,182,0.8526089309782605,False
teacher_majority_all_models__student_with_credit__z_plus_zsmooth,z_plus_zsmooth,LOGIT,bd_bond_canonical_state_h1,bond,bond_canonical,size_value_ret_dispersion_6m_z_smooth,equity_cross_section,1041,0.01886921068058769,0.05679612118880402,0.047540003785922345,0.03930848741757944,0.5619596541786743,0.43804034582132567,0.0,0.0,0.5619596541786743,z_smooth,22.9669772047536,0.0024729471659443547,183,0.8550818781442049,False
teacher_majority_all_models__student_with_credit__z_plus_zsmooth,z_plus_zsmooth,LOGIT,bd_bond_canonical_state_h1,bond,bond_canonical,smhi_vwret_z,other,1041,-0.05637715688220279,0.05677182645398151,0.03043374318957971,0.0737307832012227,0.07492795389048991,0.9250720461095101,0.0,0.0,0.9250720461095101,z,22.9669772047536,0.0024718893543479083,184,0.8575537674985527,False
teacher_majority_all_models__student_with_credit__z_plus_zsmooth,z_plus_zsmooth,LOGIT,bd_bond_canonical_state_h1,bond,bond_canonical,crsp_ind12_hlth_z_smooth,other,1041,0.004069454578895875,0.05589776017231978,0.04843183605347379,0.046892076911816155,0.5821325648414986,0.41786743515850144,0.0,0.0,0.5821325648414986,z_smooth,22.9669772047536,0.0024338318305445225,185,0.8599875993290973,False
teacher_majority_all_models__student_with_credit__z_plus_zsmooth,z_plus_zsmooth,LOGIT,bd_bond_canonical_state_h1,bond,bond_canonical,small_value_minus_big_growth_z_smooth,equity_cross_section,1041,-0.054631421561182496,0.055855833858694796,0.06639006918633736,0.026315061452977868,0.07204610951008646,0.9279538904899135,0.0,0.0,0.9279538904899135,z_smooth,22.9669772047536,0.002432006326332488,186,0.8624196056554297,False
teacher_majority_all_models__student_with_credit__z_plus_zsmooth,z_plus_zsmooth,LOGIT,bd_bond_canonical_state_h1,bond,bond_canonical,tsy_pca1_share_diff_z,treasury_rates,1041,0.03978339610038594,0.055516542271523445,0.030274853064306568,0.08629593734421395,0.7175792507204611,0.2824207492795389,0.0,0.0,0.7175792507204611,z,22.9669772047536,0.0024172333074825745,187,0.8648368389629123,False
teacher_majority_all_models__student_with_credit__z_plus_zsmooth,z_plus_zsmooth,LOGIT,bd_bond_canonical_state_h1,bond,bond_canonical,fred_nfci_z_smooth,financial_conditions,1041,-0.04873338048072063,0.055486831276179774,0.0401310425539232,0.042304085876439496,0.1037463976945245,0.8962536023054755,0.0,0.0,0.8962536023054755,z_smooth,22.9669772047536,0.0024159396677023463,188,0.8672527786306147,False
teacher_majority_all_models__student_with_credit__z_plus_zsmooth,z_plus_zsmooth,LOGIT,bd_bond_canonical_state_h1,bond,bond_canonical,nfci_level_z_smooth,financial_conditions,1041,-0.04873338048072063,0.055486831276179774,0.0401310425539232,0.042304085876439496,0.1037463976945245,0.8962536023054755,0.0,0.0,0.8962536023054755,z_smooth,22.9669772047536,0.0024159396677023463,189,0.869668718298317,False
teacher_majority_all_models__student_with_credit__z_plus_zsmooth,z_plus_zsmooth,LOGIT,bd_bond_canonical_state_h1,bond,bond_canonical,size_value_lambda_corr_diff_z_smooth,equity_cross_section,1041,0.05516892143526589,0.05525061272837013,0.030786658139726072,0.06012617906977412,0.9942363112391931,0.005763688760806916,0.0,0.0,0.9942363112391931,z_smooth,22.9669772047536,0.0024056545289266283,190,0.8720743728272436,False
teacher_majority_all_models__student_with_credit__z_plus_zsmooth,z_plus_zsmooth,LOGIT,bd_bond_canonical_state_h1,bond,bond_canonical,industry_ret_dispersion_1m_z,equity_cross_section,1041,-0.05312160961040852,0.055192493524576565,0.027417316273802998,0.05792899791163724,0.04899135446685879,0.9510086455331412,0.0,0.0,0.9510086455331412,z,22.9669772047536,0.002403123973717929,191,0.8744774968009615,False
teacher_majority_all_models__student_with_credit__z_plus_zsmooth,z_plus_zsmooth,LOGIT,bd_bond_canonical_state_h1,bond,bond_canonical,cross_eq_credit_hy_corr_12m_fisher_diff_z,credit,1041,0.052000076448350405,0.05480632034413234,0.05708833952739956,0.03638859965796777,0.9250720461095101,0.07492795389048991,0.0,0.0,0.9250720461095101,z,22.9669772047536,0.002386309693936944,192,0.8768638064948986,False
teacher_majority_all_models__student_with_credit__z_plus_zsmooth,z_plus_zsmooth,LOGIT,bd_bond_canonical_state_h1,bond,bond_canonical,credit_hy_ig_corr_12m_fisher_diff_z_smooth,credit,1041,0.054667727060738455,0.054755335717777034,0.04327188991997618,0.04889558573261159,0.9971181556195965,0.002881844380403458,0.0,0.0,0.9971181556195965,z_smooth,22.9669772047536,0.0023840897837632733,193,0.8792478962786618,False
teacher_majority_all_models__student_with_credit__z_plus_zsmooth,z_plus_zsmooth,LOGIT,bd_bond_canonical_state_h1,bond,bond_canonical,cmdty_ret_6m_z_smooth,commodities,1041,0.01237385557934131,0.05421615383872447,0.040485883884149906,0.04723505513067263,0.37752161383285304,0.622478386167147,0.0,0.0,0.622478386167147,z_smooth,22.9669772047536,0.0023606133865758812,194,0.8816085096652377,False
teacher_majority_all_models__student_with_credit__z_plus_zsmooth,z_plus_zsmooth,LOGIT,bd_bond_canonical_state_h1,bond,bond_canonical,crsp_ind12_durbl_z,other,1041,-0.048781814606734884,0.05226128625301843,0.03012971706121806,0.05842455849265378,0.15273775216138327,0.8472622478386167,0.0,0.0,0.8472622478386167,z,22.9669772047536,0.0022754969357570323,195,0.8838840066009948,False
teacher_majority_all_models__student_with_credit__z_plus_zsmooth,z_plus_zsmooth,LOGIT,bd_bond_canonical_state_h1,bond,bond_canonical,size_value_ret_dispersion_1m_z,equity_cross_section,1041,-0.03426885594871992,0.05106497408983906,0.027738798035504015,0.056562480472054734,0.2737752161383285,0.7262247838616714,0.0,0.0,0.7262247838616714,z,22.9669772047536,0.002223408576348039,196,0.8861074151773428,False
teacher_majority_all_models__student_with_credit__z_plus_zsmooth,z_plus_zsmooth,LOGIT,bd_bond_canonical_state_h1,bond,bond_canonical,cfnai_level_z_smooth,macro,1041,-0.05060782560930826,0.05086373892815705,0.04849162602178,0.022238828432440547,0.040345821325648415,0.9596541786743515,0.0,0.0,0.9596541786743515,z_smooth,22.9669772047536,0.0022146466413363926,197,0.8883220618186791,False
teacher_majority_all_models__student_with_credit__z_plus_zsmooth,z_plus_zsmooth,LOGIT,bd_bond_canonical_state_h1,bond,bond_canonical,crsp_ind12_hlth_z,other,1041,-0.03216648687289027,0.0507347481705824,0.03566860596758126,0.07552478691223083,0.34870317002881845,0.6512968299711815,0.0,0.0,0.6512968299711815,z,22.9669772047536,0.0022090302837101936,198,0.8905310921023893,False
teacher_majority_all_models__student_with_credit__z_plus_zsmooth,z_plus_zsmooth,LOGIT,bd_bond_canonical_state_h1,bond,bond_canonical,size_value_rotation_speed_12m_z_smooth,equity_cross_section,1041,-0.015561161868434342,0.05050472112079843,0.04714263360778203,0.025644600617688088,0.42939481268011526,0.5706051873198847,0.0,0.0,0.5706051873198847,z_smooth,22.9669772047536,0.0021990147275604555,199,0.8927301068299498,False
teacher_majority_all_models__student_with_credit__z_plus_zsmooth,z_plus_zsmooth,LOGIT,bd_bond_canonical_state_h1,bond,bond_canonical,industry_best_minus_worst_6m_z,equity_cross_section,1041,-0.03959201617398148,0.04965233578396774,0.03701281606999093,0.03695677798905168,0.18155619596541786,0.8184438040345822,0.0,0.0,0.8184438040345822,z,22.9669772047536,0.0021619012089101096,200,0.8948920080388599,False
teacher_majority_all_models__student_with_credit__z_plus_zsmooth,z_plus_zsmooth,LOGIT,bd_bond_canonical_state_h1,bond,bond_canonical,industry_pca1_share_diff_z_smooth,equity_cross_section,1041,0.016549869286467497,0.04922008426201514,0.03062776974960384,0.04532128592786351,0.654178674351585,0.345821325648415,0.0,0.0,0.654178674351585,z_smooth,22.9669772047536,0.002143080642402858,201,0.8970350886812628,False
teacher_majority_all_models__student_with_credit__z_plus_zsmooth,z_plus_zsmooth,LOGIT,bd_bond_canonical_state_h1,bond,bond_canonical,smhi_vwret_z_smooth,other,1041,-0.046258377739921586,0.0492095955552448,0.05250594591844644,0.02200439612761813,0.04610951008645533,0.9538904899135446,0.0,0.0,0.9538904899135446,z_smooth,22.9669772047536,0.002142623955975348,202,0.8991777126372381,False
teacher_majority_all_models__student_with_credit__z_plus_zsmooth,z_plus_zsmooth,LOGIT,bd_bond_canonical_state_h1,bond,bond_canonical,credit_lambda_cov_12m_z_smooth,credit,1041,0.002598873847821337,0.049041039127736566,0.04099765379898172,0.049066705135533926,0.6685878962536023,0.3314121037463977,0.0,0.0,0.6685878962536023,z_smooth,22.9669772047536,0.002135284878394283,203,0.9013129975156324,False
teacher_majority_all_models__student_with_credit__z_plus_zsmooth,z_plus_zsmooth,LOGIT,bd_bond_canonical_state_h1,bond,bond_canonical,factor_rotation_speed_12m_z_smooth,equity_cross_section,1041,0.030413652892161327,0.04882411637379429,0.031820924825978404,0.05332442003820221,0.6772334293948127,0.3227665706051873,0.0,0.0,0.6772334293948127,z_smooth,22.9669772047536,0.0021258398934487946,204,0.9034388374090812,False
teacher_majority_all_models__student_with_credit__z_plus_zsmooth,z_plus_zsmooth,LOGIT,bd_bond_canonical_state_h1,bond,bond_canonical,vix_logdiff_z_smooth,volatility_dependence,1041,-0.04234789103351467,0.04872039467957596,0.030706095413585783,0.051367330612174134,0.1440922190201729,0.8559077809798271,0.0,0.0,0.8559077809798271,z_smooth,22.9669772047536,0.0021213237704390646,205,0.9055601611795203,False
teacher_majority_all_models__student_with_credit__z_plus_zsmooth,z_plus_zsmooth,LOGIT,bd_bond_canonical_state_h1,bond,bond_canonical,factor_lambda_cov_diff_z_smooth,equity_cross_section,1041,-0.01365658912208881,0.048659081009769,0.029210572180721494,0.05721487828873707,0.3025936599423631,0.6974063400576369,0.0,0.0,0.6974063400576369,z_smooth,22.9669772047536,0.002118654125702609,206,0.9076788153052229,False
teacher_majority_all_models__student_with_credit__z_plus_zsmooth,z_plus_zsmooth,LOGIT,bd_bond_canonical_state_h1,bond,bond_canonical,small_avg_ret_z,equity_cross_section,1041,0.047117395430496124,0.047291005852931126,0.032945536621244755,0.03725418309557372,0.9827089337175793,0.01729106628242075,0.0,0.0,0.9827089337175793,z,22.9669772047536,0.002059087072335451,207,0.9097379023775584,False
teacher_majority_all_models__student_with_credit__z_plus_zsmooth,z_plus_zsmooth,LOGIT,bd_bond_canonical_state_h1,bond,bond_canonical,crsp_ind12_money_z,other,1041,-0.043555404425985905,0.04650196247216046,0.02646536673646793,0.05400462681223474,0.07780979827089338,0.9221902017291066,0.0,0.0,0.9221902017291066,z,22.9669772047536,0.0020247315115780973,208,0.9117626338891364,False
teacher_majority_all_models__student_with_credit__z_plus_zsmooth,z_plus_zsmooth,LOGIT,bd_bond_canonical_state_h1,bond,bond_canonical,rho_12m_eq_fi_fisher_diff_z_smooth,volatility_dependence,1041,-0.029858900864714703,0.045164377916355504,0.03136851893040945,0.04750180384296672,0.12968299711815562,0.8703170028818443,0.0,0.0,0.8703170028818443,z_smooth,22.9669772047536,0.001966492042627516,209,0.9137291259317639,False
teacher_majority_all_models__student_with_credit__z_plus_zsmooth,z_plus_zsmooth,LOGIT,bd_bond_canonical_state_h1,bond,bond_canonical,credit_ret_dispersion_1m_z,credit,1041,0.033733326157429945,0.04513279240026222,0.02153305585947137,0.0682168906579855,0.6253602305475504,0.3746397694524496,0.0,0.0,0.6253602305475504,z,22.9669772047536,0.0019651167847600263,210,0.915694242716524,False
teacher_majority_all_models__student_with_credit__z_plus_zsmooth,z_plus_zsmooth,LOGIT,bd_bond_canonical_state_h1,bond,bond_canonical,fred_nfci_z,financial_conditions,1041,0.03338745615347311,0.04510436323157309,0.02146596758219752,0.0641799458858487,0.7031700288184438,0.2968299711815562,0.0,0.0,0.7031700288184438,z,22.9669772047536,0.0019638789567064836,211,0.9176581216732305,False
teacher_majority_all_models__student_with_credit__z_plus_zsmooth,z_plus_zsmooth,LOGIT,bd_bond_canonical_state_h1,bond,bond_canonical,nfci_level_z,financial_conditions,1041,0.03338745615347311,0.04510436323157309,0.02146596758219752,0.0641799458858487,0.7031700288184438,0.2968299711815562,0.0,0.0,0.7031700288184438,z,22.9669772047536,0.0019638789567064836,212,0.9196220006299369,False
teacher_majority_all_models__student_with_credit__z_plus_zsmooth,z_plus_zsmooth,LOGIT,bd_bond_canonical_state_h1,bond,bond_canonical,bime_vwret_z_smooth,other,1041,0.018915172738329128,0.04510046370984418,0.03692285731908649,0.03685645224014213,0.6974063400576369,0.3025936599423631,0.0,0.0,0.6974063400576369,z_smooth,22.9669772047536,0.0019637091685060534,213,0.921585709798443,False
teacher_majority_all_models__student_with_credit__z_plus_zsmooth,z_plus_zsmooth,LOGIT,bd_bond_canonical_state_h1,bond,bond_canonical,anfci_level_z,financial_conditions,1041,-0.03369408182830427,0.04493973461607222,0.054847890776642316,0.02321366010134881,0.12968299711815562,0.8703170028818443,0.0,0.0,0.8703170028818443,z,22.9669772047536,0.0019567108991065136,214,0.9235424206975495,False
teacher_majority_all_models__student_with_credit__z_plus_zsmooth,z_plus_zsmooth,LOGIT,bd_bond_canonical_state_h1,bond,bond_canonical,fred_anfci_z,financial_conditions,1041,-0.03369408182830427,0.04493973461607222,0.054847890776642316,0.02321366010134881,0.12968299711815562,0.8703170028818443,0.0,0.0,0.8703170028818443,z,22.9669772047536,0.0019567108991065136,215,0.925499131596656,False
teacher_majority_all_models__student_with_credit__z_plus_zsmooth,z_plus_zsmooth,LOGIT,bd_bond_canonical_state_h1,bond,bond_canonical,factor_lambda_corr_12m_z_smooth,equity_cross_section,1041,-0.020305926767390573,0.044798117358254064,0.029633530736228594,0.05442380668530287,0.2824207492795389,0.7175792507204611,0.0,0.0,0.7175792507204611,z_smooth,22.9669772047536,0.0019505447738669742,216,0.927449676370523,False
teacher_majority_all_models__student_with_credit__z_plus_zsmooth,z_plus_zsmooth,LOGIT,bd_bond_canonical_state_h1,bond,bond_canonical,size_value_lambda_cov_diff_z_smooth,equity_cross_section,1041,-0.041546427224393126,0.04448704293536581,0.022179284501918348,0.0631390842969807,0.23054755043227665,0.7694524495677233,0.0,0.0,0.7694524495677233,z_smooth,22.9669772047536,0.0019370003522343412,217,0.9293866767227573,False
teacher_majority_all_models__student_with_credit__z_plus_zsmooth,z_plus_zsmooth,LOGIT,bd_bond_canonical_state_h1,bond,bond_canonical,crsp_ind12_other_z,other,1041,-0.03359054751963864,0.04425088659491879,0.02482003778987461,0.05848281507425778,0.21902017291066284,0.7809798270893372,0.0,0.0,0.7809798270893372,z,22.9669772047536,0.001926717922015438,218,0.9313133946447728,False
teacher_majority_all_models__student_with_credit__z_plus_zsmooth,z_plus_zsmooth,LOGIT,bd_bond_canonical_state_h1,bond,bond_canonical,cross_eq_bond_corr_12m_fisher_diff_z,treasury_rates,1041,0.00944409115180975,0.0437712381211879,0.02824855285358525,0.055668062587429144,0.3804034582132565,0.6195965417867435,0.0,0.0,0.6195965417867435,z,22.9669772047536,0.001905833655468092,219,0.9332192283002408,False
teacher_majority_all_models__student_with_credit__z_plus_zsmooth,z_plus_zsmooth,LOGIT,bd_bond_canonical_state_h1,bond,bond_canonical,ff_mom_minus_hml_z_smooth,equity_cross_section,1041,0.0318207759149469,0.04285201551215263,0.03117986821826264,0.04730230228229938,0.7838616714697406,0.21613832853025935,0.0,0.0,0.7838616714697406,z_smooth,22.9669772047536,0.001865809990148957,220,0.9350850382903898,False
teacher_majority_all_models__student_with_credit__z_plus_zsmooth,z_plus_zsmooth,LOGIT,bd_bond_canonical_state_h1,bond,bond_canonical,nfci_diff_z_smooth,financial_conditions,1041,0.0015004828295763144,0.042748184867651313,0.030276679974552682,0.04524347563617699,0.2881844380403458,0.7118155619596542,0.0,0.0,0.7118155619596542,z_smooth,22.9669772047536,0.001861289123359407,221,0.9369463274137492,False
teacher_majority_all_models__student_with_credit__z_plus_zsmooth,z_plus_zsmooth,LOGIT,bd_bond_canonical_state_h1,bond,bond_canonical,crsp_ind12_chems_z,other,1041,0.026069648108898315,0.04229320960705208,0.03697493806355171,0.036785210349853104,0.7579250720461095,0.2420749279538905,0.0,0.0,0.7579250720461095,z,22.9669772047536,0.0018414791476476244,222,0.9387878065613968,False
teacher_majority_all_models__student_with_credit__z_plus_zsmooth,z_plus_zsmooth,LOGIT,bd_bond_canonical_state_h1,bond,bond_canonical,bime_vwret_z,other,1041,-0.040407393497165475,0.040407393497165475,0.02520652786758702,0.04811728577286043,0.0,1.0,0.0,0.0,1.0,z,22.9669772047536,0.0017593692516402262,223,0.940547175813037,False
teacher_majority_all_models__student_with_credit__z_plus_zsmooth,z_plus_zsmooth,LOGIT,bd_bond_canonical_state_h1,bond,bond_canonical,factor_ret_dispersion_6m_z_smooth,equity_cross_section,1041,0.03177490755601666,0.040120618285570106,0.03583359084746891,0.03281279019519662,0.8213256484149856,0.1786743515850144,0.0,0.0,0.8213256484149856,z_smooth,22.9669772047536,0.0017468828365130315,224,0.9422940586495501,False
teacher_majority_all_models__student_with_credit__z_plus_zsmooth,z_plus_zsmooth,LOGIT,bd_bond_canonical_state_h1,bond,bond_canonical,big_avg_ret_z,credit,1041,0.03820839187042666,0.0395784893323955,0.023187683598835992,0.04167582920131277,0.8933717579250721,0.10662824207492795,0.0,0.0,0.8933717579250721,z,22.9669772047536,0.0017232781214327033,225,0.9440173367709828,False
teacher_majority_all_models__student_with_credit__z_plus_zsmooth,z_plus_zsmooth,LOGIT,bd_bond_canonical_state_h1,bond,bond_canonical,industry_lambda_corr_diff_z,equity_cross_section,1041,-0.007231799935154427,0.03946567119287503,0.016835497447079076,0.0632944670090185,0.6484149855907781,0.3515850144092219,0.0,0.0,0.6484149855907781,z,22.9669772047536,0.0017183659321395853,226,0.9457357027031223,False
teacher_majority_all_models__student_with_credit__z_plus_zsmooth,z_plus_zsmooth,LOGIT,bd_bond_canonical_state_h1,bond,bond_canonical,ff_mom_z,equity_cross_section,1041,-0.019290243344555057,0.03889479379224526,0.02081404513489178,0.048446313217772666,0.3112391930835735,0.6887608069164265,0.0,0.0,0.6887608069164265,z,22.9669772047536,0.0016935094873606175,227,0.947429212190483,False
teacher_majority_all_models__student_with_credit__z_plus_zsmooth,z_plus_zsmooth,LOGIT,bd_bond_canonical_state_h1,bond,bond_canonical,rv_60d_logdiff_z_smooth,volatility_dependence,1041,0.02240921536679992,0.038715750690747876,0.031039025754478453,0.02577278191322098,0.7002881844380403,0.29971181556195964,0.0,0.0,0.7002881844380403,z_smooth,22.9669772047536,0.0016857138118609124,228,0.9491149260023439,False
teacher_majority_all_models__student_with_credit__z_plus_zsmooth,z_plus_zsmooth,LOGIT,bd_bond_canonical_state_h1,bond,bond_canonical,ff_mktrf_z_smooth,equity_cross_section,1041,-0.03485846481823284,0.03813924783971343,0.01581094711847456,0.0413295052291481,0.10951008645533142,0.8904899135446686,0.0,0.0,0.8904899135446686,z_smooth,22.9669772047536,0.001660612430608393,229,0.9507755384329523,False
teacher_majority_all_models__student_with_credit__z_plus_zsmooth,z_plus_zsmooth,LOGIT,bd_bond_canonical_state_h1,bond,bond_canonical,nfci_diff_z,financial_conditions,1041,-0.03513847657348462,0.03810430735517292,0.03467931510432112,0.026710543727034616,0.10662824207492795,0.8933717579250721,0.0,0.0,0.8933717579250721,z,22.9669772047536,0.0016590910948126977,230,0.952434629527765,False
teacher_majority_all_models__student_with_credit__z_plus_zsmooth,z_plus_zsmooth,LOGIT,bd_bond_canonical_state_h1,bond,bond_canonical,credit_hy_proxy_ret_z_smooth,credit,1041,0.009198892323123296,0.03739658738693485,0.027149650949255418,0.036345481571773704,0.6051873198847262,0.39481268011527376,0.0,0.0,0.6051873198847262,z_smooth,22.9669772047536,0.0016282764185090353,231,0.9540629059462741,False
teacher_majority_all_models__student_with_credit__z_plus_zsmooth,z_plus_zsmooth,LOGIT,bd_bond_canonical_state_h1,bond,bond_canonical,nfci_minus_anfci_z_smooth,financial_conditions,1041,0.00640216180088085,0.03733915473841243,0.02349306240157243,0.04239044857543386,0.6743515850144092,0.3256484149855908,0.0,0.0,0.6743515850144092,z_smooth,22.9669772047536,0.0016257757564493137,232,0.9556886817027234,False
teacher_majority_all_models__student_with_credit__z_plus_zsmooth,z_plus_zsmooth,LOGIT,bd_bond_canonical_state_h1,bond,bond_canonical,cross_bond_cmdty_corr_12m_fisher_diff_z,treasury_rates,1041,-0.025558224121740584,0.03666494619360381,0.027705871576375777,0.04023956656281615,0.23631123919308358,0.7636887608069164,0.0,0.0,0.7636887608069164,z,22.9669772047536,0.001596420193512234,233,0.9572851018962356,False
teacher_majority_all_models__student_with_credit__z_plus_zsmooth,z_plus_zsmooth,LOGIT,bd_bond_canonical_state_h1,bond,bond_canonical,crsp_ind12_enrgy_z,other,1041,0.022860994001724262,0.03650536547969032,0.016133359217888704,0.05668006769494513,0.6195965417867435,0.3804034582132565,0.0,0.0,0.6195965417867435,z,22.9669772047536,0.001589471925462381,234,0.9588745738216979,False
teacher_majority_all_models__student_with_credit__z_plus_zsmooth,z_plus_zsmooth,LOGIT,bd_bond_canonical_state_h1,bond,bond_canonical,ff_mom_minus_hml_z,equity_cross_section,1041,0.0077653801152253775,0.03649062548672224,0.027177605534330598,0.039408002417159874,0.5561959654178674,0.4438040345821326,0.002881844380403458,0.005763688760806916,0.5561959654178674,z,22.9669772047536,0.0015888301347366503,235,0.9604634039564346,False
teacher_majority_all_models__student_with_credit__z_plus_zsmooth,z_plus_zsmooth,LOGIT,bd_bond_canonical_state_h1,bond,bond_canonical,crsp_tsy_7_10y_z,treasury_rates,1041,0.03354127799727016,0.03532299190794483,0.025873959175597268,0.02389220559006905,0.968299711815562,0.03170028818443804,0.0,0.0,0.968299711815562,z,22.9669772047536,0.0015379904631347757,236,0.9620013944195694,False
teacher_majority_all_models__student_with_credit__z_plus_zsmooth,z_plus_zsmooth,LOGIT,bd_bond_canonical_state_h1,bond,bond_canonical,value_avg_ret_z_smooth,equity_cross_section,1041,-0.026847072317561737,0.03482948420741932,0.03498878934233631,0.02231394138148116,0.1239193083573487,0.8760806916426513,0.0,0.0,0.8760806916426513,z_smooth,22.9669772047536,0.0015165027551039877,237,0.9635178971746734,False
teacher_majority_all_models__student_with_credit__z_plus_zsmooth,z_plus_zsmooth,LOGIT,bd_bond_canonical_state_h1,bond,bond_canonical,bilo_vwret_z_smooth,other,1041,-0.016827852805718156,0.03460092610915755,0.019616074738988323,0.037456203828217696,0.5821325648414986,0.41786743515850144,0.0,0.0,0.5821325648414986,z_smooth,22.9669772047536,0.001506551158242801,238,0.9650244483329162,False
teacher_majority_all_models__student_with_credit__z_plus_zsmooth,z_plus_zsmooth,LOGIT,bd_bond_canonical_state_h1,bond,bond_canonical,industry_lambda_cov_12m_z,equity_cross_section,1041,0.01672030209975507,0.03417872404312938,0.015664594850384805,0.05020241466834215,0.5878962536023055,0.41210374639769454,0.0,0.0,0.5878962536023055,z,22.9669772047536,0.0014881681528405586,239,0.9665126164857567,False
teacher_majority_all_models__student_with_credit__z_plus_zsmooth,z_plus_zsmooth,LOGIT,bd_bond_canonical_state_h1,bond,bond_canonical,small_minus_big_z,equity_cross_section,1041,0.031851105143361785,0.03375343646955562,0.017716803938464323,0.043076972656927726,0.9020172910662824,0.09798270893371758,0.0,0.0,0.9020172910662824,z,22.9669772047536,0.0014696508020467529,240,0.9679822672878035,False
teacher_majority_all_models__student_with_credit__z_plus_zsmooth,z_plus_zsmooth,LOGIT,bd_bond_canonical_state_h1,bond,bond_canonical,bihi_vwret_z_smooth,other,1041,-0.02824876911813292,0.03309087667168485,0.025821001532659333,0.029453182224136638,0.18155619596541786,0.8184438040345822,0.0,0.0,0.8184438040345822,z_smooth,22.9669772047536,0.0014408024345857692,241,0.9694230697223892,False
teacher_majority_all_models__student_with_credit__z_plus_zsmooth,z_plus_zsmooth,LOGIT,bd_bond_canonical_state_h1,bond,bond_canonical,industry_corr_avg_12m_z,equity_cross_section,1041,0.010415381747205148,0.03306366121063434,0.0302695893301802,0.03982461448055849,0.7694524495677233,0.23054755043227665,0.0,0.0,0.7694524495677233,z,22.9669772047536,0.001439617452304127,242,0.9708626871746934,False
teacher_majority_all_models__student_with_credit__z_plus_zsmooth,z_plus_zsmooth,LOGIT,bd_bond_canonical_state_h1,bond,bond_canonical,curve_belly_diff_z_smooth,treasury_rates,1041,-0.02909083497102999,0.03240714291336423,0.01455760657274619,0.0432551671319626,0.24495677233429394,0.7550432276657061,0.0,0.0,0.7550432276657061,z_smooth,22.9669772047536,0.0014110321364649045,243,0.9722737193111582,False
teacher_majority_all_models__student_with_credit__z_plus_zsmooth,z_plus_zsmooth,LOGIT,bd_bond_canonical_state_h1,bond,bond_canonical,factor_lambda_corr_12m_z,equity_cross_section,1041,-0.023143853497497105,0.03228194274784861,0.021067176094487446,0.035998205060262904,0.27953890489913547,0.7204610951008645,0.0,0.0,0.7204610951008645,z,22.9669772047536,0.0014055808241568264,244,0.9736793001353151,False
teacher_majority_all_models__student_with_credit__z_plus_zsmooth,z_plus_zsmooth,LOGIT,bd_bond_canonical_state_h1,bond,bond_canonical,vix_logdiff_z,volatility_dependence,1041,0.021396059597773326,0.03209172729723597,0.014240351228013723,0.0379670072566566,0.7579250720461095,0.2420749279538905,0.0,0.008645533141210375,0.7579250720461095,z,22.9669772047536,0.001397298695911701,245,0.9750765988312269,False
teacher_majority_all_models__student_with_credit__z_plus_zsmooth,z_plus_zsmooth,LOGIT,bd_bond_canonical_state_h1,bond,bond_canonical,cmdty_broad_aqr_ret_z_smooth,commodities,1041,0.024210161931003078,0.03208089394142965,0.027007744512735386,0.024179464536898728,0.8414985590778098,0.1585014409221902,0.0,0.0,0.8414985590778098,z_smooth,22.9669772047536,0.001396827003197865,246,0.9764734258344246,False
teacher_majority_all_models__student_with_credit__z_plus_zsmooth,z_plus_zsmooth,LOGIT,bd_bond_canonical_state_h1,bond,bond_canonical,cmdty_ret_1m_z_smooth,commodities,1041,0.024210161931003078,0.03208089394142965,0.027007744512735386,0.024179464536898728,0.8414985590778098,0.1585014409221902,0.0,0.0,0.8414985590778098,z_smooth,22.9669772047536,0.001396827003197865,247,0.9778702528376225,False
teacher_majority_all_models__student_with_credit__z_plus_zsmooth,z_plus_zsmooth,LOGIT,bd_bond_canonical_state_h1,bond,bond_canonical,value_minus_growth_z_smooth,equity_cross_section,1041,-0.011271422252022498,0.0319126183066964,0.02366823546637245,0.024150069994765027,0.3025936599423631,0.6974063400576369,0.0,0.0,0.6974063400576369,z_smooth,22.9669772047536,0.0013895001515519976,248,0.9792597529891746,False
teacher_majority_all_models__student_with_credit__z_plus_zsmooth,z_plus_zsmooth,LOGIT,bd_bond_canonical_state_h1,bond,bond_canonical,ff_hml_z_smooth,equity_cross_section,1041,-0.010946846332611717,0.03190823742231996,0.0237403334876166,0.02429630314544956,0.3025936599423631,0.6974063400576369,0.0,0.0,0.6974063400576369,z_smooth,22.9669772047536,0.0013893094044485636,249,0.9806490623936231,False
teacher_majority_all_models__student_with_credit__z_plus_zsmooth,z_plus_zsmooth,LOGIT,bd_bond_canonical_state_h1,bond,bond_canonical,crsp_ind12_money_z_smooth,other,1041,-0.02843381945300185,0.031462001727952334,0.023154288751812052,0.02844806156752166,0.08645533141210375,0.9135446685878963,0.0,0.0,0.9135446685878963,z_smooth,22.9669772047536,0.001369879956228653,250,0.9820189423498518,False
teacher_majority_all_models__student_with_credit__z_plus_zsmooth,z_plus_zsmooth,LOGIT,bd_bond_canonical_state_h1,bond,bond_canonical,industry_pca1_share_diff_z,equity_cross_section,1041,0.011731202454160488,0.029767359110836705,0.019462004466226656,0.04316916474206124,0.6570605187319885,0.34293948126801155,0.0,0.0,0.6570605187319885,z,22.9669772047536,0.001296093902364983,251,0.9833150362522167,False
teacher_majority_all_models__student_with_credit__z_plus_zsmooth,z_plus_zsmooth,LOGIT,bd_bond_canonical_state_h1,bond,bond_canonical,value_avg_ret_z,equity_cross_section,1041,0.025090333706885435,0.02956463210705138,0.012793439388682725,0.03675022304666701,0.7838616714697406,0.21613832853025935,0.0,0.0,0.7838616714697406,z,22.9669772047536,0.0012872670113911302,252,0.9846023032636079,False
teacher_majority_all_models__student_with_credit__z_plus_zsmooth,z_plus_zsmooth,LOGIT,bd_bond_canonical_state_h1,bond,bond_canonical,tsy_20y_minus_1_3y_z,treasury_rates,1041,-0.004294991396941712,0.02713460229348688,0.018033445271696324,0.03732472941975401,0.4899135446685879,0.5100864553314121,0.0,0.0,0.5100864553314121,z,22.9669772047536,0.0011814616286496197,253,0.9857837648922575,False
teacher_majority_all_models__student_with_credit__z_plus_zsmooth,z_plus_zsmooth,LOGIT,bd_bond_canonical_state_h1,bond,bond_canonical,equity_market_level_z,other,1041,-0.02452399002748131,0.027011435712466923,0.011307917865304027,0.049542264374439864,0.1844380403458213,0.8155619596541787,0.0,0.0,0.8155619596541787,z,22.9669772047536,0.0011760988601876706,254,0.9869598637524452,False
teacher_majority_all_models__student_with_credit__z_plus_zsmooth,z_plus_zsmooth,LOGIT,bd_bond_canonical_state_h1,bond,bond_canonical,crsp_tsy_3_7y_z,treasury_rates,1041,0.014242310041651945,0.02674410719620485,0.017027924867342573,0.0254359942728541,0.8040345821325648,0.19596541786743515,0.0,0.0,0.8040345821325648,z,22.9669772047536,0.0011644591692575668,255,0.9881243229217027,False
teacher_majority_all_models__student_with_credit__z_plus_zsmooth,z_plus_zsmooth,LOGIT,bd_bond_canonical_state_h1,bond,bond_canonical,growth_avg_ret_z_smooth,other,1041,-0.013380073594185722,0.026740031708828865,0.01975774549277555,0.019630153388561136,0.1873198847262248,0.8126801152737753,0.0,0.0,0.8126801152737753,z_smooth,22.9669772047536,0.0011642817193763895,256,0.9892886046410792,False
teacher_majority_all_models__student_with_credit__z_plus_zsmooth,z_plus_zsmooth,LOGIT,bd_bond_canonical_state_h1,bond,bond_canonical,tsy_intermediate_ret_z,treasury_rates,1041,0.011833602129264372,0.024908173094362517,0.014185274740844632,0.02578662527226118,0.7060518731988472,0.29394812680115273,0.0,0.0,0.7060518731988472,z,22.9669772047536,0.001084521174567419,257,0.9903731258156465,False
teacher_majority_all_models__student_with_credit__z_plus_zsmooth,z_plus_zsmooth,LOGIT,bd_bond_canonical_state_h1,bond,bond_canonical,crsp_tsy_10_20y_z,treasury_rates,1041,0.012658768660727801,0.023425400848424406,0.020913885317586145,0.013499676960021573,0.8559077809798271,0.1440922190201729,0.0,0.0,0.8559077809798271,z,22.9669772047536,0.0010199601209851823,258,0.9913930859366318,False
teacher_majority_all_models__student_with_credit__z_plus_zsmooth,z_plus_zsmooth,LOGIT,bd_bond_canonical_state_h1,bond,bond_canonical,tsy_lambda_corr_diff_z_smooth,treasury_rates,1041,0.007113730516179429,0.021212875127381372,0.01408226495711403,0.019927891335264476,0.654178674351585,0.345821325648415,0.0,0.0,0.654178674351585,z_smooth,22.9669772047536,0.0009236250351217672,259,0.9923167109717534,False
teacher_majority_all_models__student_with_credit__z_plus_zsmooth,z_plus_zsmooth,LOGIT,bd_bond_canonical_state_h1,bond,bond_canonical,tsy_long_minus_short_z,treasury_rates,1041,-0.0047429688266948915,0.021170643133837447,0.011553455237541334,0.030114557400689947,0.49855907780979825,0.5014409221902018,0.0,0.0,0.5014409221902018,z,22.9669772047536,0.0009217862213689855,260,0.9932384971931225,False
teacher_majority_all_models__student_with_credit__z_plus_zsmooth,z_plus_zsmooth,LOGIT,bd_bond_canonical_state_h1,bond,bond_canonical,crsp_tsy_20y_plus_z,treasury_rates,1041,0.0013773033212998774,0.02067407546721314,0.0096379867151475,0.029344935678422026,0.7665706051873199,0.2334293948126801,0.0,0.0,0.7665706051873199,z,22.9669772047536,0.0009001652800410371,261,0.9941386624731635,False
teacher_majority_all_models__student_with_credit__z_plus_zsmooth,z_plus_zsmooth,LOGIT,bd_bond_canonical_state_h1,bond,bond_canonical,factor_ret_dispersion_1m_z_smooth,equity_cross_section,1041,-0.0014231318873275415,0.019979839935637823,0.01453509853893444,0.019926224678055524,0.6340057636887608,0.3659942363112392,0.0,0.0,0.6340057636887608,z_smooth,22.9669772047536,0.0008699377265677995,262,0.9950086001997314,False
teacher_majority_all_models__student_with_credit__z_plus_zsmooth,z_plus_zsmooth,LOGIT,bd_bond_canonical_state_h1,bond,bond_canonical,ff_mktrf_z,equity_cross_section,1041,-0.018239879334394592,0.01991891262479964,0.00787959900561604,0.03950496148919688,0.23054755043227665,0.7694524495677233,0.0,0.0,0.7694524495677233,z,22.9669772047536,0.0008672849042004933,263,0.9958758851039318,False
teacher_majority_all_models__student_with_credit__z_plus_zsmooth,z_plus_zsmooth,LOGIT,bd_bond_canonical_state_h1,bond,bond_canonical,bilo_vwret_z,other,1041,0.014230310144467684,0.019510317517818992,0.013661802796244139,0.016904981594034838,0.8703170028818443,0.12968299711815562,0.0,0.0,0.8703170028818443,z,22.9669772047536,0.0008494943563483328,264,0.9967253794602802,False
teacher_majority_all_models__student_with_credit__z_plus_zsmooth,z_plus_zsmooth,LOGIT,bd_bond_canonical_state_h1,bond,bond_canonical,cross_bond_proxy_ret_z,treasury_rates,1041,0.014572162826648792,0.019420885623905912,0.014458115332072878,0.014172578765171473,0.861671469740634,0.138328530259366,0.0,0.0,0.861671469740634,z,22.9669772047536,0.0008456004223266379,265,0.9975709798826068,False
teacher_majority_all_models__student_with_credit__z_plus_zsmooth,z_plus_zsmooth,LOGIT,bd_bond_canonical_state_h1,bond,bond_canonical,big_avg_ret_z_smooth,credit,1041,-0.006066183886588202,0.019379146392302773,0.013023377637334767,0.022902819735441764,0.5965417867435159,0.4034582132564842,0.0,0.0,0.5965417867435159,z_smooth,22.9669772047536,0.0008437830638109296,266,0.9984147629464177,False
teacher_majority_all_models__student_with_credit__z_plus_zsmooth,z_plus_zsmooth,LOGIT,bd_bond_canonical_state_h1,bond,bond_canonical,tsy_long_ret_z,treasury_rates,1041,0.008031569126666976,0.01903664848983815,0.014057185209129006,0.014898475408347905,0.792507204610951,0.207492795389049,0.0,0.0,0.792507204610951,z,22.9669772047536,0.0008288704395064244,267,0.9992436333859241,False
teacher_majority_all_models__student_with_credit__z_plus_zsmooth,z_plus_zsmooth,LOGIT,bd_bond_canonical_state_h1,bond,bond_canonical,smme_vwret_z,other,1041,0.013919500078524239,0.017371454783915316,0.013026837412741207,0.01590703860638902,0.8414985590778098,0.1585014409221902,0.0,0.0,0.8414985590778098,z,22.9669772047536,0.0007563666140757893,268,0.9999999999999999,False
teacher_majority_all_models__student_with_credit__z_plus_zsmooth,z_plus_zsmooth,LOGIT,eq_return_sortino_state_h1,equity,return_sortino,crsp_ind12_buseq_z_smooth,other,1074,0.21924059751110433,0.21924059751110433,0.20109823735482346,0.10209644846838724,1.0,0.0,0.7681564245810056,0.8324022346368715,1.0,z_smooth,17.96901861185868,0.012201033470265103,1,0.012201033470265103,True
teacher_majority_all_models__student_with_credit__z_plus_zsmooth,z_plus_zsmooth,LOGIT,eq_return_sortino_state_h1,equity,return_sortino,cmdty_vol_12m_z,commodities,1074,0.21242603043658767,0.21242603043658767,0.17238157675962587,0.14915909267309785,1.0,0.0,0.4581005586592179,0.7067039106145251,1.0,z,17.96901861185868,0.011821793667484813,2,0.024022827137749916,True
teacher_majority_all_models__student_with_credit__z_plus_zsmooth,z_plus_zsmooth,LOGIT,eq_return_sortino_state_h1,equity,return_sortino,core_inflation_diff_z_smooth,macro,1074,-0.20973279416440524,0.20973279416440524,0.17228042957975612,0.1951085448129891,0.0,1.0,0.5251396648044693,0.7513966480446927,1.0,z_smooth,17.96901861185868,0.0116719114546407,3,0.03569473859239061,True
teacher_majority_all_models__student_with_credit__z_plus_zsmooth,z_plus_zsmooth,LOGIT,eq_return_sortino_state_h1,equity,return_sortino,crsp_ind12_money_z_smooth,other,1074,0.19910044449826883,0.19910044449826883,0.17887014778072508,0.11915490724593072,1.0,0.0,0.6256983240223464,0.8156424581005587,1.0,z_smooth,17.96901861185868,0.01108020692720927,4,0.04677494551959989,True
teacher_majority_all_models__student_with_credit__z_plus_zsmooth,z_plus_zsmooth,LOGIT,eq_return_sortino_state_h1,equity,return_sortino,crsp_ind12_shops_z_smooth,other,1074,0.19609190470041007,0.19609190470041007,0.17119647505735283,0.09568555199330883,1.0,0.0,0.6759776536312849,0.8798882681564246,1.0,z_smooth,17.96901861185868,0.010912777650026972,5,0.05768772316962686,True
teacher_majority_all_models__student_with_credit__z_plus_zsmooth,z_plus_zsmooth,LOGIT,eq_return_sortino_state_h1,equity,return_sortino,factor_rotation_speed_12m_z,equity_cross_section,1074,-0.1918850931110225,0.1918850931110225,0.13432179908737021,0.18645116709114207,0.0,1.0,0.24022346368715083,0.5502793296089385,1.0,z,17.96901861185868,0.010678662939576882,6,0.06836638610920374,True
teacher_majority_all_models__student_with_credit__z_plus_zsmooth,z_plus_zsmooth,LOGIT,eq_return_sortino_state_h1,equity,return_sortino,crsp_ind12_hlth_z,other,1074,0.18371317990625693,0.18371317990625693,0.17376251613847088,0.11806205040316538,1.0,0.0,0.4748603351955307,0.5837988826815642,1.0,z,17.96901861185868,0.010223885003102794,7,0.07859027111230653,True
teacher_majority_all_models__student_with_credit__z_plus_zsmooth,z_plus_zsmooth,LOGIT,eq_return_sortino_state_h1,equity,return_sortino,credit_lambda_cov_diff_z,credit,1074,0.180227438177964,0.1802956037577247,0.19355944949489012,0.1615131183785253,0.9972067039106145,0.002793296089385475,0.547486033519553,0.5865921787709497,0.9972067039106145,z,17.96901861185868,0.010033692304082669,8,0.0886239634163892,True
teacher_majority_all_models__student_with_credit__z_plus_zsmooth,z_plus_zsmooth,LOGIT,eq_return_sortino_state_h1,equity,return_sortino,factor_corr_avg_12m_z,equity_cross_section,1074,-0.17787162991845537,0.17787162991845537,0.16277367635233672,0.07887641469531473,0.0,1.0,0.32122905027932963,0.7653631284916201,1.0,z,17.96901861185868,0.009898794906977766,9,0.09852275832336697,True
teacher_majority_all_models__student_with_credit__z_plus_zsmooth,z_plus_zsmooth,LOGIT,eq_return_sortino_state_h1,equity,return_sortino,crsp_ind12_telcm_z_smooth,other,1074,0.1753529007813997,0.1753529007813997,0.1563819687149149,0.12127361578560769,1.0,0.0,0.3575418994413408,0.8100558659217877,1.0,z_smooth,17.96901861185868,0.009758624250390353,10,0.10828138257375733,True
teacher_majority_all_models__student_with_credit__z_plus_zsmooth,z_plus_zsmooth,LOGIT,eq_return_sortino_state_h1,equity,return_sortino,bilo_vwret_z_smooth,other,1074,0.17027627177615828,0.17027627177615828,0.15548350721040136,0.07387214747366314,1.0,0.0,0.2122905027932961,0.7067039106145251,1.0,z_smooth,17.96901861185868,0.009476103033461395,11,0.11775748560721871,True
teacher_majority_all_models__student_with_credit__z_plus_zsmooth,z_plus_zsmooth,LOGIT,eq_return_sortino_state_h1,equity,return_sortino,ff_mktrf_z_smooth,equity_cross_section,1074,0.16646290026277002,0.16646290026277002,0.15314394087012057,0.06833854490394489,1.0,0.0,0.17318435754189945,0.7374301675977654,1.0,z_smooth,17.96901861185868,0.009263883791233461,12,0.12702136939845218,True
teacher_majority_all_models__student_with_credit__z_plus_zsmooth,z_plus_zsmooth,LOGIT,eq_return_sortino_state_h1,equity,return_sortino,industry_lambda_cov_12m_z_smooth,equity_cross_section,1074,0.16541009009623886,0.16541009009623886,0.14080105788916275,0.15686169485617524,1.0,0.0,0.2011173184357542,0.5754189944134078,1.0,z_smooth,17.96901861185868,0.00920529349260489,13,0.13622666289105706,True
teacher_majority_all_models__student_with_credit__z_plus_zsmooth,z_plus_zsmooth,LOGIT,eq_return_sortino_state_h1,equity,return_sortino,factor_corr_avg_12m_z_smooth,equity_cross_section,1074,-0.16540292060035172,0.16540292060035172,0.14044253590685718,0.12692281241336686,0.0,1.0,0.3324022346368715,0.4553072625698324,1.0,z_smooth,17.96901861185868,0.009204894500537377,14,0.14543155739159444,True
teacher_majority_all_models__student_with_credit__z_plus_zsmooth,z_plus_zsmooth,LOGIT,eq_return_sortino_state_h1,equity,return_sortino,equity_market_level_z_smooth,other,1074,0.16424060107340993,0.16424060107340993,0.14524785107529214,0.061223926315813755,1.0,0.0,0.2681564245810056,0.7346368715083799,1.0,z_smooth,17.96901861185868,0.009140209859041445,15,0.1545717672506359,True
teacher_majority_all_models__student_with_credit__z_plus_zsmooth,z_plus_zsmooth,LOGIT,eq_return_sortino_state_h1,equity,return_sortino,size_value_lambda_cov_12m_z_smooth,equity_cross_section,1074,0.1618382494777875,0.1618382494777875,0.15100745407749272,0.12688040949190244,1.0,0.0,0.31564245810055863,0.5335195530726257,1.0,z_smooth,17.96901861185868,0.009006515768812333,16,0.1635782830194482,True
teacher_majority_all_models__student_with_credit__z_plus_zsmooth,z_plus_zsmooth,LOGIT,eq_return_sortino_state_h1,equity,return_sortino,cross_bond_cmdty_corr_12m_fisher_diff_z,treasury_rates,1074,-0.16092638149403818,0.16092638149403818,0.1309334608982174,0.09802855962516152,0.0,1.0,0.3128491620111732,0.3435754189944134,1.0,z,17.96901861185868,0.008955769091798625,17,0.17253405211124684,True
teacher_majority_all_models__student_with_credit__z_plus_zsmooth,z_plus_zsmooth,LOGIT,eq_return_sortino_state_h1,equity,return_sortino,sentiment_logdiff_z,macro,1074,0.16070655005991352,0.16070655005991352,0.15381574952938476,0.10943965765692247,1.0,0.0,0.39385474860335196,0.5502793296089385,1.0,z,17.96901861185868,0.008943535177477918,18,0.18147758728872476,True
teacher_majority_all_models__student_with_credit__z_plus_zsmooth,z_plus_zsmooth,LOGIT,eq_return_sortino_state_h1,equity,return_sortino,growth_avg_ret_z_smooth,other,1074,0.15837150211105377,0.15837150211105377,0.14504922608886783,0.049993375555970464,1.0,0.0,0.25139664804469275,0.6620111731843575,1.0,z_smooth,17.96901861185868,0.008813586625511995,19,0.19029117391423675,False
teacher_majority_all_models__student_with_credit__z_plus_zsmooth,z_plus_zsmooth,LOGIT,eq_return_sortino_state_h1,equity,return_sortino,credit_hy_ret_6m_z,credit,1074,0.15714052396593498,0.15714052396593498,0.1571665659660509,0.08131137302652465,1.0,0.0,0.2681564245810056,0.49162011173184356,1.0,z,17.96901861185868,0.008745081039775308,20,0.19903625495401206,False
teacher_majority_all_models__student_with_credit__z_plus_zsmooth,z_plus_zsmooth,LOGIT,eq_return_sortino_state_h1,equity,return_sortino,curve_10y_2y_diff_z,treasury_rates,1074,0.15519523911728345,0.15519523911728345,0.12136300404050854,0.12095493210900811,1.0,0.0,0.11731843575418995,0.3016759776536313,1.0,z,17.96901861185868,0.008636823327394303,21,0.20767307828140638,False
teacher_majority_all_models__student_with_credit__z_plus_zsmooth,z_plus_zsmooth,LOGIT,eq_return_sortino_state_h1,equity,return_sortino,cross_bond_credit_ig_corr_12m_fisher_diff_z,treasury_rates,1074,0.15403000131275363,0.15403000131275363,0.10991265227402124,0.14747603082480812,1.0,0.0,0.11173184357541899,0.18435754189944134,1.0,z,17.96901861185868,0.008571976279834298,22,0.21624505456124066,False
teacher_majority_all_models__student_with_credit__z_plus_zsmooth,z_plus_zsmooth,LOGIT,eq_return_sortino_state_h1,equity,return_sortino,cross_eq_credit_hy_corr_12m_fisher_diff_z_smooth,credit,1074,-0.15194972640524929,0.15194972640524929,0.13850346383943685,0.12066663614269622,0.0,1.0,0.06983240223463687,0.61731843575419,1.0,z_smooth,17.96901861185868,0.008456206189522773,23,0.22470126075076344,False
teacher_majority_all_models__student_with_credit__z_plus_zsmooth,z_plus_zsmooth,LOGIT,eq_return_sortino_state_h1,equity,return_sortino,big_avg_ret_z_smooth,credit,1074,0.1510370652400925,0.1510370652400925,0.13446054505466318,0.05541156280415861,1.0,0.0,0.027932960893854747,0.44972067039106145,1.0,z_smooth,17.96901861185868,0.008405415370899297,24,0.23310667612166275,False
teacher_majority_all_models__student_with_credit__z_plus_zsmooth,z_plus_zsmooth,LOGIT,eq_return_sortino_state_h1,equity,return_sortino,ff_cma_z,equity_cross_section,1074,-0.14729763985423305,0.14729763985423305,0.1129350913263893,0.10631771828226778,0.0,1.0,0.036312849162011177,0.31843575418994413,1.0,z,17.96901861185868,0.008197311329903334,25,0.2413039874515661,False
teacher_majority_all_models__student_with_credit__z_plus_zsmooth,z_plus_zsmooth,LOGIT,eq_return_sortino_state_h1,equity,return_sortino,crsp_ind12_shops_z,other,1074,0.14640626165833237,0.14640626165833237,0.11651942453878053,0.12279445210175069,1.0,0.0,0.019553072625698324,0.12011173184357542,1.0,z,17.96901861185868,0.0081477049370805,26,0.24945169238864656,False
teacher_majority_all_models__student_with_credit__z_plus_zsmooth,z_plus_zsmooth,LOGIT,eq_return_sortino_state_h1,equity,return_sortino,crsp_ind12_hlth_z_smooth,other,1074,0.1428435746536702,0.1428435746536702,0.1251138490332353,0.07105684734235758,1.0,0.0,0.18435754189944134,0.2681564245810056,1.0,z_smooth,17.96901861185868,0.007949436624179374,27,0.25740112901282597,False
teacher_majority_all_models__student_with_credit__z_plus_zsmooth,z_plus_zsmooth,LOGIT,eq_return_sortino_state_h1,equity,return_sortino,factor_lambda_cov_12m_z_smooth,equity_cross_section,1074,-0.13821164758471924,0.13821164758471924,0.10256652981477149,0.13683664516099628,0.0,1.0,0.03910614525139665,0.15083798882681565,1.0,z_smooth,17.96901861185868,0.007691663666790699,28,0.26509279267961666,False
teacher_majority_all_models__student_with_credit__z_plus_zsmooth,z_plus_zsmooth,LOGIT,eq_return_sortino_state_h1,equity,return_sortino,bime_vwret_z_smooth,other,1074,0.13700517978836463,0.13700517978836463,0.12281811803729668,0.0731544256282711,1.0,0.0,0.0,0.061452513966480445,1.0,z_smooth,17.96901861185868,0.007624522114855392,29,0.27271731479447203,False
teacher_majority_all_models__student_with_credit__z_plus_zsmooth,z_plus_zsmooth,LOGIT,eq_return_sortino_state_h1,equity,return_sortino,size_value_pca1_share_diff_z,equity_cross_section,1074,0.13166434625665674,0.13166434625665674,0.08914487904493468,0.13506564537796786,1.0,0.0,0.1340782122905028,0.2905027932960894,1.0,z,17.96901861185868,0.0073272975614686415,30,0.2800446123559407,False
teacher_majority_all_models__student_with_credit__z_plus_zsmooth,z_plus_zsmooth,LOGIT,eq_return_sortino_state_h1,equity,return_sortino,cross_eq_credit_hy_corr_12m_fisher_diff_z,credit,1074,-0.13147533737509984,0.13147533737509984,0.12716090508843064,0.0782101975074685,0.0,1.0,0.019553072625698324,0.17039106145251395,1.0,z,17.96901861185868,0.0073167789635619,31,0.28736139131950256,False
teacher_majority_all_models__student_with_credit__z_plus_zsmooth,z_plus_zsmooth,LOGIT,eq_return_sortino_state_h1,equity,return_sortino,policy_rate_diff_z,treasury_rates,1074,-0.12875107427331225,0.12875107427331225,0.11531270598191373,0.12222519386731542,0.0,1.0,0.11731843575418995,0.329608938547486,1.0,z,17.96901861185868,0.007165170066012553,32,0.29452656138551514,False
teacher_majority_all_models__student_with_credit__z_plus_zsmooth,z_plus_zsmooth,LOGIT,eq_return_sortino_state_h1,equity,return_sortino,factor_corr_absavg_12m_z_smooth,equity_cross_section,1074,-0.1249268659458061,0.1249268659458061,0.10499704933077023,0.08903295313016635,0.0,1.0,0.0,0.13128491620111732,1.0,z_smooth,17.96901861185868,0.00695234774053606,33,0.3014789091260512,False
teacher_majority_all_models__student_with_credit__z_plus_zsmooth,z_plus_zsmooth,LOGIT,eq_return_sortino_state_h1,equity,return_sortino,cross_eq_cmdty_corr_12m_fisher_diff_z,commodities,1074,0.12492171708572358,0.12492171708572358,0.10291812297827377,0.09552874321550578,1.0,0.0,0.18435754189944134,0.18435754189944134,1.0,z,17.96901861185868,0.006952061199562747,34,0.30843097032561395,False
teacher_majority_all_models__student_with_credit__z_plus_zsmooth,z_plus_zsmooth,LOGIT,eq_return_sortino_state_h1,equity,return_sortino,small_avg_ret_z_smooth,equity_cross_section,1074,0.12330112585388035,0.12330112585388035,0.11679751315577963,0.02663658659137944,1.0,0.0,0.06983240223463687,0.2709497206703911,1.0,z_smooth,17.96901861185868,0.006861873122692833,35,0.31529284344830677,False
teacher_majority_all_models__student_with_credit__z_plus_zsmooth,z_plus_zsmooth,LOGIT,eq_return_sortino_state_h1,equity,return_sortino,industry_lambda_cov_12m_z,equity_cross_section,1074,0.12198351167921163,0.12198351167921163,0.09251863893906034,0.13465107768475554,1.0,0.0,0.06983240223463687,0.23743016759776536,1.0,z,17.96901861185868,0.006788546125646976,36,0.32208138957395377,False
teacher_majority_all_models__student_with_credit__z_plus_zsmooth,z_plus_zsmooth,LOGIT,eq_return_sortino_state_h1,equity,return_sortino,smlo_vwret_z_smooth,other,1074,0.12148985989140286,0.12148985989140286,0.11832664789266577,0.0262929520440455,1.0,0.0,0.18435754189944134,0.2709497206703911,1.0,z_smooth,17.96901861185868,0.006761073741179469,37,0.3288424633151332,False
teacher_majority_all_models__student_with_credit__z_plus_zsmooth,z_plus_zsmooth,LOGIT,eq_return_sortino_state_h1,equity,return_sortino,nfci_diff_z,financial_conditions,1074,-0.12003342183008357,0.12003342183008357,0.09036776176796082,0.11499573592794063,0.0,1.0,0.05307262569832402,0.19273743016759776,1.0,z,17.96901861185868,0.006680021008541187,38,0.33552248432367443,False
teacher_majority_all_models__student_with_credit__z_plus_zsmooth,z_plus_zsmooth,LOGIT,eq_return_sortino_state_h1,equity,return_sortino,factor_corr_absavg_12m_z,equity_cross_section,1074,-0.11915355520426409,0.11915355520426409,0.09715692940950979,0.08218395928026954,0.0,1.0,0.0,0.0223463687150838,1.0,z,17.96901861185868,0.006631055250041787,39,0.3421535395737162,False
teacher_majority_all_models__student_with_credit__z_plus_zsmooth,z_plus_zsmooth,LOGIT,eq_return_sortino_state_h1,equity,return_sortino,credit_ret_dispersion_6m_z,credit,1074,-0.11434204792413201,0.11434204792413201,0.07484272831350339,0.12117967931851481,0.0,1.0,0.04189944134078212,0.055865921787709494,1.0,z,17.96901861185868,0.006363288412905968,40,0.34851682798662215,False
teacher_majority_all_models__student_with_credit__z_plus_zsmooth,z_plus_zsmooth,LOGIT,eq_return_sortino_state_h1,equity,return_sortino,ff_rmw_minus_cma_z,equity_cross_section,1074,0.11323763399286589,0.11323763399286589,0.08800808490020494,0.07159528509064865,1.0,0.0,0.0223463687150838,0.12849162011173185,1.0,z,17.96901861185868,0.00630182629551814,41,0.3548186542821403,False
teacher_majority_all_models__student_with_credit__z_plus_zsmooth,z_plus_zsmooth,LOGIT,eq_return_sortino_state_h1,equity,return_sortino,factor_ret_dispersion_1m_z,equity_cross_section,1074,0.11102327548283447,0.11102327548283447,0.09123771974278913,0.06914897561604809,1.0,0.0,0.0,0.013966480446927373,1.0,z,17.96901861185868,0.006178594272787079,42,0.3609972485549274,False
teacher_majority_all_models__student_with_credit__z_plus_zsmooth,z_plus_zsmooth,LOGIT,eq_return_sortino_state_h1,equity,return_sortino,smhi_vwret_z_smooth,other,1074,0.10988620197058346,0.10988620197058346,0.10205160115387564,0.036432323029425735,1.0,0.0,0.0,0.01675977653631285,1.0,z_smooth,17.96901861185868,0.006115314605888599,43,0.367112563160816,False
teacher_majority_all_models__student_with_credit__z_plus_zsmooth,z_plus_zsmooth,LOGIT,eq_return_sortino_state_h1,equity,return_sortino,credit_hy_proxy_ret_z_smooth,credit,1074,0.10905773180468667,0.10905773180468667,0.10316898915653921,0.036466360959130174,1.0,0.0,0.0,0.1424581005586592,1.0,z_smooth,17.96901861185868,0.006069209129357453,44,0.3731817722901734,False
teacher_majority_all_models__student_with_credit__z_plus_zsmooth,z_plus_zsmooth,LOGIT,eq_return_sortino_state_h1,equity,return_sortino,tsy_lambda_corr_12m_z_smooth,treasury_rates,1074,-0.10571347481145144,0.10604515149753732,0.10323677853949545,0.08708921737478321,0.05307262569832402,0.946927374301676,0.0,0.12290502793296089,0.946927374301676,z_smooth,17.96901861185868,0.005901554992410808,45,0.37908332728258426,False
teacher_majority_all_models__student_with_credit__z_plus_zsmooth,z_plus_zsmooth,LOGIT,eq_return_sortino_state_h1,equity,return_sortino,size_value_lambda_corr_diff_z,equity_cross_section,1074,-0.10502095363527715,0.10502095363527715,0.08135205068802792,0.08686620644202328,0.0,1.0,0.00558659217877095,0.030726256983240222,1.0,z,17.96901861185868,0.005844557006912355,46,0.3849278842894966,False
teacher_majority_all_models__student_with_credit__z_plus_zsmooth,z_plus_zsmooth,LOGIT,eq_return_sortino_state_h1,equity,return_sortino,credit_hy_proxy_ret_z,credit,1074,0.104887155799503,0.104887155799503,0.09149879611671334,0.06798914568102978,1.0,0.0,0.0,0.0,1.0,z,17.96901861185868,0.005837110977796114,47,0.3907649952672927,False
teacher_majority_all_models__student_with_credit__z_plus_zsmooth,z_plus_zsmooth,LOGIT,eq_return_sortino_state_h1,equity,return_sortino,tsy_lambda_cov_diff_z_smooth,treasury_rates,1074,-0.10476210080711973,0.10476210080711973,0.07322536617100069,0.10184865898746706,0.0,1.0,0.0,0.002793296089385475,1.0,z_smooth,17.96901861185868,0.005830151499647389,48,0.3965951467669401,False
teacher_majority_all_models__student_with_credit__z_plus_zsmooth,z_plus_zsmooth,LOGIT,eq_return_sortino_state_h1,equity,return_sortino,crsp_ind12_durbl_z_smooth,other,1074,0.10327962233911143,0.10327962233911143,0.09235228250232637,0.03648400608739531,1.0,0.0,0.0,0.09776536312849161,1.0,z_smooth,17.96901861185868,0.005747649583430889,49,0.402342796350371,False
teacher_majority_all_models__student_with_credit__z_plus_zsmooth,z_plus_zsmooth,LOGIT,eq_return_sortino_state_h1,equity,return_sortino,crsp_ind12_enrgy_z_smooth,other,1074,-0.09544232846802309,0.10303472272621975,0.089510707011739,0.10214408169383266,0.19832402234636873,0.8016759776536313,0.0,0.025139664804469275,0.8016759776536313,z_smooth,17.96901861185868,0.005734020591320543,50,0.4080768169416915,False
teacher_majority_all_models__student_with_credit__z_plus_zsmooth,z_plus_zsmooth,LOGIT,eq_return_sortino_state_h1,equity,return_sortino,value_avg_ret_z_smooth,equity_cross_section,1074,0.10128394913880148,0.10128394913880148,0.09093522531051973,0.03434210259571602,1.0,0.0,0.05307262569832402,0.15363128491620112,1.0,z_smooth,17.96901861185868,0.00563658769165941,51,0.41371340463335093,False
teacher_majority_all_models__student_with_credit__z_plus_zsmooth,z_plus_zsmooth,LOGIT,eq_return_sortino_state_h1,equity,return_sortino,crsp_ind12_money_z,other,1074,0.09978222034637468,0.100601345680087,0.09379590260126161,0.09539633138502293,0.9776536312849162,0.0223463687150838,0.0,0.01675977653631285,0.9776536312849162,z,17.96901861185868,0.005598599893134676,52,0.4193120045264856,False
teacher_majority_all_models__student_with_credit__z_plus_zsmooth,z_plus_zsmooth,LOGIT,eq_return_sortino_state_h1,equity,return_sortino,size_value_ret_dispersion_6m_z,equity_cross_section,1074,0.08762690881118149,0.09933897837063171,0.08425684515882156,0.06545380317097894,0.8268156424581006,0.17318435754189945,0.0,0.0,0.8268156424581006,z,17.96901861185868,0.005528347458278707,53,0.42484035198476433,False
teacher_majority_all_models__student_with_credit__z_plus_zsmooth,z_plus_zsmooth,LOGIT,eq_return_sortino_state_h1,equity,return_sortino,cfnai_level_z,macro,1074,0.09672993712853821,0.09869770540284718,0.11142091411377525,0.044754007847772906,0.9245810055865922,0.07541899441340782,0.0,0.00558659217877095,0.9245810055865922,z,17.96901861185868,0.005492659757039346,54,0.43033301174180366,False
teacher_majority_all_models__student_with_credit__z_plus_zsmooth,z_plus_zsmooth,LOGIT,eq_return_sortino_state_h1,equity,return_sortino,credit_ig_ret_6m_z_smooth,credit,1074,0.09809624117059958,0.09809624117059958,0.07712312479328137,0.057010035641884234,1.0,0.0,0.0,0.0,1.0,z_smooth,17.96901861185868,0.005459187465355555,55,0.4357921992071592,False
teacher_majority_all_models__student_with_credit__z_plus_zsmooth,z_plus_zsmooth,LOGIT,eq_return_sortino_state_h1,equity,return_sortino,fred_nfci_z,financial_conditions,1074,-0.09704307872323281,0.09704307872323281,0.098061547831681,0.05641364186787833,0.0,1.0,0.0,0.0,1.0,z,17.96901861185868,0.005400577561825724,56,0.44119277676898494,False
teacher_majority_all_models__student_with_credit__z_plus_zsmooth,z_plus_zsmooth,LOGIT,eq_return_sortino_state_h1,equity,return_sortino,nfci_level_z,financial_conditions,1074,-0.09704307872323281,0.09704307872323281,0.098061547831681,0.05641364186787833,0.0,1.0,0.0,0.0,1.0,z,17.96901861185868,0.005400577561825724,57,0.44659335433081065,False
teacher_majority_all_models__student_with_credit__z_plus_zsmooth,z_plus_zsmooth,LOGIT,eq_return_sortino_state_h1,equity,return_sortino,tsy_pca1_share_12m_z,treasury_rates,1074,-0.09643526961404407,0.09643526961404407,0.07922021682794332,0.05605441500183691,0.0,1.0,0.0,0.008379888268156424,1.0,z,17.96901861185868,0.005366752169225396,58,0.45196010650003604,False
teacher_majority_all_models__student_with_credit__z_plus_zsmooth,z_plus_zsmooth,LOGIT,eq_return_sortino_state_h1,equity,return_sortino,tsy_corr_absavg_12m_z,treasury_rates,1074,-0.09501171340962561,0.09501171340962561,0.07801448033170927,0.05603151048948728,0.0,1.0,0.0,0.002793296089385475,1.0,z,17.96901861185868,0.00528752935605078,59,0.45724763585608685,False
teacher_majority_all_models__student_with_credit__z_plus_zsmooth,z_plus_zsmooth,LOGIT,eq_return_sortino_state_h1,equity,return_sortino,tsy_corr_avg_12m_z,treasury_rates,1074,-0.09501171340962561,0.09501171340962561,0.07801448033170927,0.05603151048948728,0.0,1.0,0.0,0.0,1.0,z,17.96901861185868,0.00528752935605078,60,0.4625351652121376,False
teacher_majority_all_models__student_with_credit__z_plus_zsmooth,z_plus_zsmooth,LOGIT,eq_return_sortino_state_h1,equity,return_sortino,size_value_ret_dispersion_1m_z,equity_cross_section,1074,0.09266273305618694,0.095000014406328,0.09454278896368251,0.06295469558602994,0.9189944134078212,0.08100558659217877,0.0,0.0,0.9189944134078212,z,17.96901861185868,0.005286878290817319,61,0.4678220435029549,False
teacher_majority_all_models__student_with_credit__z_plus_zsmooth,z_plus_zsmooth,LOGIT,eq_return_sortino_state_h1,equity,return_sortino,bihi_vwret_z_smooth,other,1074,0.09493288338424805,0.09493288338424805,0.08414108048704712,0.043709968394877514,1.0,0.0,0.11173184357541899,0.1787709497206704,1.0,z_smooth,17.96901861185868,0.005283142359349384,62,0.4731051858623043,False
teacher_majority_all_models__student_with_credit__z_plus_zsmooth,z_plus_zsmooth,LOGIT,eq_return_sortino_state_h1,equity,return_sortino,rho_12m_eq_fi_fisher_diff_z_smooth,volatility_dependence,1074,0.09487704726483387,0.09487704726483387,0.0905072691531653,0.06372548213138636,1.0,0.0,0.0,0.0,1.0,z_smooth,17.96901861185868,0.005280035004372449,63,0.4783852208666768,False
teacher_majority_all_models__student_with_credit__z_plus_zsmooth,z_plus_zsmooth,LOGIT,eq_return_sortino_state_h1,equity,return_sortino,tsy_belly_minus_barbell_z,treasury_rates,1074,-0.09378742785358472,0.09389494422584457,0.0837807263463469,0.09798525849203314,0.0446927374301676,0.9553072625698324,0.0,0.01675977653631285,0.9553072625698324,z,17.96901861185868,0.005225379652279868,64,0.48361060051895666,False
teacher_majority_all_models__student_with_credit__z_plus_zsmooth,z_plus_zsmooth,LOGIT,eq_return_sortino_state_h1,equity,return_sortino,tsy_pca1_share_diff_z,treasury_rates,1074,-0.08775520258778018,0.09276594754495139,0.06414436933693865,0.09918766405909525,0.12011173184357542,0.8798882681564246,0.0,0.0,0.8798882681564246,z,17.96901861185868,0.00516254947188548,65,0.48877314999084215,False
teacher_majority_all_models__student_with_credit__z_plus_zsmooth,z_plus_zsmooth,LOGIT,eq_return_sortino_state_h1,equity,return_sortino,crsp_ind12_nodur_z_smooth,other,1074,0.09214197108467807,0.09214197108467807,0.0771987583704112,0.052666621542947864,1.0,0.0,0.10893854748603352,0.1871508379888268,1.0,z_smooth,17.96901861185868,0.005127824344500865,66,0.49390097433534297,False
teacher_majority_all_models__student_with_credit__z_plus_zsmooth,z_plus_zsmooth,LOGIT,eq_return_sortino_state_h1,equity,return_sortino,cmdty_ret_6m_z_smooth,commodities,1074,-0.08853575791465318,0.09207197020800649,0.084164971677819,0.06993250135960494,0.1005586592178771,0.8994413407821229,0.0,0.0,0.8994413407821229,z_smooth,17.96901861185868,0.005123928701773589,67,0.4990249030371166,False
teacher_majority_all_models__student_with_credit__z_plus_zsmooth,z_plus_zsmooth,LOGIT,eq_return_sortino_state_h1,equity,return_sortino,credit_spread_diff_z,credit,1074,0.0216488629430359,0.09188730955512732,0.07016241787571098,0.08314726666454868,0.441340782122905,0.5586592178770949,0.13966480446927373,0.14804469273743018,0.5586592178770949,z,17.96901861185868,0.005113652088628043,68,0.5041385551257447,False
teacher_majority_all_models__student_with_credit__z_plus_zsmooth,z_plus_zsmooth,LOGIT,eq_return_sortino_state_h1,equity,return_sortino,crsp_ind12_other_z_smooth,other,1074,0.09075201781155544,0.09075201781155544,0.08249830624158164,0.029077838959980142,1.0,0.0,0.0,0.0,1.0,z_smooth,17.96901861185868,0.005050471579547673,69,0.5091890267052923,False
teacher_majority_all_models__student_with_credit__z_plus_zsmooth,z_plus_zsmooth,LOGIT,eq_return_sortino_state_h1,equity,return_sortino,sentiment_logdiff_z_smooth,macro,1074,0.08754002174863618,0.08808787712450192,0.0918779551820776,0.0558830868787839,0.9776536312849162,0.0223463687150838,0.0,0.0,0.9776536312849162,z_smooth,17.96901861185868,0.004902208575061979,70,0.5140912352803543,False
teacher_majority_all_models__student_with_credit__z_plus_zsmooth,z_plus_zsmooth,LOGIT,eq_return_sortino_state_h1,equity,return_sortino,anfci_level_z_smooth,financial_conditions,1074,-0.08694011649651613,0.0880850002014973,0.09637279185455619,0.0655517269689726,0.036312849162011177,0.9636871508379888,0.0,0.0,0.9636871508379888,z_smooth,17.96901861185868,0.004902048470435969,71,0.5189932837507902,False
teacher_majority_all_models__student_with_credit__z_plus_zsmooth,z_plus_zsmooth,LOGIT,eq_return_sortino_state_h1,equity,return_sortino,fred_anfci_z_smooth,financial_conditions,1074,-0.08694011649651613,0.0880850002014973,0.09637279185455619,0.0655517269689726,0.036312849162011177,0.9636871508379888,0.0,0.0,0.9636871508379888,z_smooth,17.96901861185868,0.004902048470435969,72,0.5238953322212262,False
teacher_majority_all_models__student_with_credit__z_plus_zsmooth,z_plus_zsmooth,LOGIT,eq_return_sortino_state_h1,equity,return_sortino,credit_ret_dispersion_1m_z,credit,1074,0.08685890864284287,0.08685890864284287,0.06690702930676318,0.07622836900891791,1.0,0.0,0.0,0.002793296089385475,1.0,z,17.96901861185868,0.004833814829793777,73,0.52872914705102,False
teacher_majority_all_models__student_with_credit__z_plus_zsmooth,z_plus_zsmooth,LOGIT,eq_return_sortino_state_h1,equity,return_sortino,factor_lambda_cov_diff_z,equity_cross_section,1074,-0.08629548686013763,0.08684014886022555,0.05870551680772825,0.10674759863471395,0.07541899441340782,0.9245810055865922,0.0,0.00558659217877095,0.9245810055865922,z,17.96901861185868,0.004832770822715675,74,0.5335619178737356,False
teacher_majority_all_models__student_with_credit__z_plus_zsmooth,z_plus_zsmooth,LOGIT,eq_return_sortino_state_h1,equity,return_sortino,cmdty_ret_12m_z_smooth,commodities,1074,-0.0824320770817431,0.08653299624984882,0.07374988480581335,0.062118745769369016,0.09776536312849161,0.9022346368715084,0.0,0.0,0.9022346368715084,z_smooth,17.96901861185868,0.004815677367752363,75,0.538377595241488,False
teacher_majority_all_models__student_with_credit__z_plus_zsmooth,z_plus_zsmooth,LOGIT,eq_return_sortino_state_h1,equity,return_sortino,crsp_ind12_enrgy_z,other,1074,-0.08465229719368333,0.08465229719368333,0.05161468020140968,0.09483186015408754,0.0,1.0,0.030726256983240222,0.036312849162011177,1.0,z,17.96901861185868,0.0047110139413967175,76,0.5430886091828847,False
teacher_majority_all_models__student_with_credit__z_plus_zsmooth,z_plus_zsmooth,LOGIT,eq_return_sortino_state_h1,equity,return_sortino,credit_hy_minus_ig_z_smooth,credit,1074,0.08307248418908111,0.08307248418908111,0.05481842572968283,0.07093436851231096,1.0,0.0,0.0,0.013966480446927373,1.0,z_smooth,17.96901861185868,0.004623095227596755,77,0.5477117044104814,False
teacher_majority_all_models__student_with_credit__z_plus_zsmooth,z_plus_zsmooth,LOGIT,eq_return_sortino_state_h1,equity,return_sortino,ff_mom_z_smooth,equity_cross_section,1074,-0.08293585944810594,0.08293585944810594,0.06824226193198435,0.06695004218276088,0.0,1.0,0.0,0.0,1.0,z_smooth,17.96901861185868,0.004615491877412398,78,0.552327196287894,False
teacher_majority_all_models__student_with_credit__z_plus_zsmooth,z_plus_zsmooth,LOGIT,eq_return_sortino_state_h1,equity,return_sortino,factor_pca1_share_diff_z,equity_cross_section,1074,-0.08253932770267312,0.08277565777541773,0.06744465027168584,0.06997311902764398,0.013966480446927373,0.9860335195530726,0.0,0.00558659217877095,0.9860335195530726,z,17.96901861185868,0.004606576439338196,79,0.5569337727272321,False
teacher_majority_all_models__student_with_credit__z_plus_zsmooth,z_plus_zsmooth,LOGIT,eq_return_sortino_state_h1,equity,return_sortino,tsy_ret_dispersion_1m_z,treasury_rates,1074,0.08258714449838857,0.08258714449838857,0.059148967554567104,0.08073632644592307,1.0,0.0,0.030726256983240222,0.06424581005586592,1.0,z,17.96901861185868,0.00459608542248852,80,0.5615298581497206,False
teacher_majority_all_models__student_with_credit__z_plus_zsmooth,z_plus_zsmooth,LOGIT,eq_return_sortino_state_h1,equity,return_sortino,ff_cma_z_smooth,equity_cross_section,1074,-0.08258478172170988,0.08258478172170988,0.0694332626609136,0.04479252692629513,0.0,1.0,0.12569832402234637,0.15083798882681565,1.0,z_smooth,17.96901861185868,0.004595953930795527,81,0.5661258120805162,False
teacher_majority_all_models__student_with_credit__z_plus_zsmooth,z_plus_zsmooth,LOGIT,eq_return_sortino_state_h1,equity,return_sortino,tsy_lambda_corr_diff_z,treasury_rates,1074,0.07016784040774908,0.08027626905747137,0.05196870106580512,0.07449505814292132,0.8156424581005587,0.18435754189944134,0.0,0.0,0.8156424581005587,z,17.96901861185868,0.004467482103028873,82,0.570593294183545,False
teacher_majority_all_models__student_with_credit__z_plus_zsmooth,z_plus_zsmooth,LOGIT,eq_return_sortino_state_h1,equity,return_sortino,credit_hy_minus_ig_z,credit,1074,0.07948297297740445,0.07948297297740445,0.05631376351688966,0.07733816049978098,1.0,0.0,0.0,0.01675977653631285,1.0,z,17.96901861185868,0.004423334111577443,83,0.5750166282951225,False
teacher_majority_all_models__student_with_credit__z_plus_zsmooth,z_plus_zsmooth,LOGIT,eq_return_sortino_state_h1,equity,return_sortino,size_value_corr_absavg_12m_z,equity_cross_section,1074,-0.07936244931521845,0.07936244931521845,0.06625106666409217,0.054891366112051525,0.0,1.0,0.0,0.0,1.0,z,17.96901861185868,0.004416626808035198,84,0.5794332551031577,False
teacher_majority_all_models__student_with_credit__z_plus_zsmooth,z_plus_zsmooth,LOGIT,eq_return_sortino_state_h1,equity,return_sortino,factor_pca1_share_12m_z_smooth,equity_cross_section,1074,-0.07853132311387273,0.07853993289150009,0.0681349917001103,0.055283156055663925,0.002793296089385475,0.9972067039106145,0.0,0.0,0.9972067039106145,z_smooth,17.96901861185868,0.004370852665246144,85,0.5838041077684037,False
teacher_majority_all_models__student_with_credit__z_plus_zsmooth,z_plus_zsmooth,LOGIT,eq_return_sortino_state_h1,equity,return_sortino,crsp_ind12_utils_z_smooth,other,1074,-0.0213198629118927,0.07736214637331149,0.05876263724608421,0.055776676615220046,0.33798882681564246,0.6620111731843575,0.0,0.0,0.6620111731843575,z_smooth,17.96901861185868,0.004305307264930775,86,0.5881094150333346,False
teacher_majority_all_models__student_with_credit__z_plus_zsmooth,z_plus_zsmooth,LOGIT,eq_return_sortino_state_h1,equity,return_sortino,industry_lambda_corr_12m_z_smooth,equity_cross_section,1074,0.07506076972595485,0.07556860213386249,0.07219931058962756,0.04174828039975992,0.9776536312849162,0.0223463687150838,0.0,0.061452513966480445,0.9776536312849162,z_smooth,17.96901861185868,0.004205494121086328,87,0.5923149091544209,False
teacher_majority_all_models__student_with_credit__z_plus_zsmooth,z_plus_zsmooth,LOGIT,eq_return_sortino_state_h1,equity,return_sortino,factor_lambda_cov_12m_z,equity_cross_section,1074,-0.06764760519892221,0.07385262664246402,0.04033440277279574,0.10732715260487506,0.19832402234636873,0.8016759776536313,0.008379888268156424,0.05865921787709497,0.8016759776536313,z,17.96901861185868,0.004109997782167406,88,0.5964249069365883,False
teacher_majority_all_models__student_with_credit__z_plus_zsmooth,z_plus_zsmooth,LOGIT,eq_return_sortino_state_h1,equity,return_sortino,size_value_pca1_share_12m_z,equity_cross_section,1074,-0.07243553663919125,0.07243553663919125,0.05961313909409362,0.05329627293106433,0.0,1.0,0.0,0.0,1.0,z,17.96901861185868,0.0040311348217641286,89,0.6004560417583524,False
teacher_majority_all_models__student_with_credit__z_plus_zsmooth,z_plus_zsmooth,LOGIT,eq_return_sortino_state_h1,equity,return_sortino,credit_hy_ret_6m_z_smooth,credit,1074,0.06993778618732152,0.07172226529609624,0.062280439834455456,0.038255872321210256,0.9832402234636871,0.01675977653631285,0.0,0.09497206703910614,0.9832402234636871,z_smooth,17.96901861185868,0.0039914403143176125,90,0.6044474820726701,False
teacher_majority_all_models__student_with_credit__z_plus_zsmooth,z_plus_zsmooth,LOGIT,eq_return_sortino_state_h1,equity,return_sortino,smme_vwret_z_smooth,other,1074,0.07134420222890485,0.07155087102698317,0.06596348889031492,0.023026203005398583,0.9692737430167597,0.030726256983240222,0.0,0.0335195530726257,0.9692737430167597,z_smooth,17.96901861185868,0.00398190199323201,91,0.6084293840659021,False
teacher_majority_all_models__student_with_credit__z_plus_zsmooth,z_plus_zsmooth,LOGIT,eq_return_sortino_state_h1,equity,return_sortino,small_value_minus_big_growth_z_smooth,equity_cross_section,1074,-0.06788415716264895,0.07127911576619561,0.07271307559297238,0.050884937863570914,0.18435754189944134,0.8156424581005587,0.0,0.0,0.8156424581005587,z_smooth,17.96901861185868,0.003966778448276238,92,0.6123961625141783,False
teacher_majority_all_models__student_with_credit__z_plus_zsmooth,z_plus_zsmooth,LOGIT,eq_return_sortino_state_h1,equity,return_sortino,industry_lambda_cov_diff_z,equity_cross_section,1074,-0.04165031346386856,0.07075846301216146,0.06187133980993773,0.053005208433544865,0.3407821229050279,0.659217877094972,0.0,0.0,0.659217877094972,z,17.96901861185868,0.003937803423803251,93,0.6163339659379815,False
teacher_majority_all_models__student_with_credit__z_plus_zsmooth,z_plus_zsmooth,LOGIT,eq_return_sortino_state_h1,equity,return_sortino,core_inflation_diff_z,macro,1074,-0.02598964887440899,0.07023690004919361,0.059289566354671225,0.07083018585776213,0.19832402234636873,0.8016759776536313,0.0,0.0,0.8016759776536313,z,17.96901861185868,0.003908777744981613,94,0.6202427436829632,False
teacher_majority_all_models__student_with_credit__z_plus_zsmooth,z_plus_zsmooth,LOGIT,eq_return_sortino_state_h1,equity,return_sortino,credit_spread_diff_z_smooth,credit,1074,0.05945457500005608,0.06960099035400602,0.03871436019021405,0.10950093774867875,0.8156424581005587,0.18435754189944134,0.0,0.036312849162011177,0.8156424581005587,z_smooth,17.96901861185868,0.0038733885170597324,95,0.6241161322000229,False
teacher_majority_all_models__student_with_credit__z_plus_zsmooth,z_plus_zsmooth,LOGIT,eq_return_sortino_state_h1,equity,return_sortino,tsy_belly_minus_barbell_z_smooth,treasury_rates,1074,-0.06418654088246302,0.06958465928934873,0.054332300393008945,0.05973352011807256,0.08659217877094973,0.9134078212290503,0.0,0.0,0.9134078212290503,z_smooth,17.96901861185868,0.0038724796713954226,96,0.6279886118714183,False
teacher_majority_all_models__student_with_credit__z_plus_zsmooth,z_plus_zsmooth,LOGIT,eq_return_sortino_state_h1,equity,return_sortino,crsp_tsy_20y_plus_z_smooth,treasury_rates,1074,0.06911362143345383,0.06911362143345383,0.058951760520553065,0.036008532160011694,1.0,0.0,0.0,0.0,1.0,z_smooth,17.96901861185868,0.003846265782586601,97,0.6318348776540049,False
teacher_majority_all_models__student_with_credit__z_plus_zsmooth,z_plus_zsmooth,LOGIT,eq_return_sortino_state_h1,equity,return_sortino,cmdty_ret_6m_z,commodities,1074,0.06748665506528999,0.06801167487276093,0.045139714873406775,0.07126786920250958,0.9189944134078212,0.08100558659217877,0.0,0.0,0.9189944134078212,z,17.96901861185868,0.003784940977682361,98,0.6356198186316873,False
teacher_majority_all_models__student_with_credit__z_plus_zsmooth,z_plus_zsmooth,LOGIT,eq_return_sortino_state_h1,equity,return_sortino,fred_nfci_z_smooth,financial_conditions,1074,-0.06700700635776312,0.06796020293561397,0.07100278071016128,0.04901114647201356,0.036312849162011177,0.9636871508379888,0.0,0.0,0.9636871508379888,z_smooth,17.96901861185868,0.003782076495305288,99,0.6394018951269925,False
teacher_majority_all_models__student_with_credit__z_plus_zsmooth,z_plus_zsmooth,LOGIT,eq_return_sortino_state_h1,equity,return_sortino,nfci_level_z_smooth,financial_conditions,1074,-0.06700700635776312,0.06796020293561397,0.07100278071016128,0.04901114647201356,0.036312849162011177,0.9636871508379888,0.0,0.0,0.9636871508379888,z_smooth,17.96901861185868,0.003782076495305288,100,0.6431839716222979,False
teacher_majority_all_models__student_with_credit__z_plus_zsmooth,z_plus_zsmooth,LOGIT,eq_return_sortino_state_h1,equity,return_sortino,nfci_minus_anfci_z_smooth,financial_conditions,1074,0.05772652019187819,0.06771027154355679,0.06322232420125881,0.04049770864563451,0.8128491620111732,0.1871508379888268,0.0,0.0,0.8128491620111732,z_smooth,17.96901861185868,0.003768167477931783,101,0.6469521391002296,False
teacher_majority_all_models__student_with_credit__z_plus_zsmooth,z_plus_zsmooth,LOGIT,eq_return_sortino_state_h1,equity,return_sortino,size_value_rotation_speed_12m_z_smooth,equity_cross_section,1074,0.06615701442735294,0.06735128554353967,0.03993501271462327,0.07283103415320383,0.9413407821229051,0.05865921787709497,0.0,0.030726256983240222,0.9413407821229051,z_smooth,17.96901861185868,0.003748189425275073,102,0.6507003285255047,False
teacher_majority_all_models__student_with_credit__z_plus_zsmooth,z_plus_zsmooth,LOGIT,eq_return_sortino_state_h1,equity,return_sortino,size_value_lambda_cov_12m_z,equity_cross_section,1074,0.06646187754561135,0.06659485257338216,0.05873873497395357,0.03932126873489145,0.994413407821229,0.00558659217877095,0.0,0.008379888268156424,0.994413407821229,z,17.96901861185868,0.00370609291536004,103,0.6544064214408648,False
teacher_majority_all_models__student_with_credit__z_plus_zsmooth,z_plus_zsmooth,LOGIT,eq_return_sortino_state_h1,equity,return_sortino,nfci_diff_z_smooth,financial_conditions,1074,-0.06577394311190708,0.06577394311190708,0.06179345357169874,0.04669774518360808,0.0,1.0,0.0,0.0,1.0,z_smooth,17.96901861185868,0.0036604082021763546,104,0.6580668296430411,False
teacher_majority_all_models__student_with_credit__z_plus_zsmooth,z_plus_zsmooth,LOGIT,eq_return_sortino_state_h1,equity,return_sortino,vix_logdiff_z,volatility_dependence,1074,0.06024517842258415,0.0654435181012836,0.05382513416661748,0.051443456375362566,0.9608938547486033,0.03910614525139665,0.008379888268156424,0.030726256983240222,0.9608938547486033,z,17.96901861185868,0.003642019606907973,105,0.6617088492499491,False
teacher_majority_all_models__student_with_credit__z_plus_zsmooth,z_plus_zsmooth,LOGIT,eq_return_sortino_state_h1,equity,return_sortino,cross_bond_cmdty_corr_12m_fisher_diff_z_smooth,treasury_rates,1074,-0.003874810197015051,0.06411274686368085,0.06019010399969919,0.05039870893164169,0.6061452513966481,0.39385474860335196,0.0,0.0,0.6061452513966481,z_smooth,17.96901861185868,0.003567960401653185,106,0.6652768096516023,False
teacher_majority_all_models__student_with_credit__z_plus_zsmooth,z_plus_zsmooth,LOGIT,eq_return_sortino_state_h1,equity,return_sortino,size_value_lambda_cov_diff_z,equity_cross_section,1074,0.06271304866223264,0.06312831000571352,0.040521619471279545,0.07737273266538673,0.9385474860335196,0.061452513966480445,0.0,0.0,0.9385474860335196,z,17.96901861185868,0.0035131751694025127,107,0.6687899848210048,False
teacher_majority_all_models__student_with_credit__z_plus_zsmooth,z_plus_zsmooth,LOGIT,eq_return_sortino_state_h1,equity,return_sortino,tsy_20y_minus_1_3y_z_smooth,treasury_rates,1074,0.06254752966631608,0.06254752966631608,0.055153993464641185,0.03334108197160755,1.0,0.0,0.0,0.0,1.0,z_smooth,17.96901861185868,0.0034808539641134183,108,0.6722708387851182,False
teacher_majority_all_models__student_with_credit__z_plus_zsmooth,z_plus_zsmooth,LOGIT,eq_return_sortino_state_h1,equity,return_sortino,credit_ret_dispersion_1m_z_smooth,credit,1074,0.0610614338217075,0.062392870166697915,0.050523723952357616,0.0745994794717805,0.9050279329608939,0.09497206703910614,0.0,0.0,0.9050279329608939,z_smooth,17.96901861185868,0.0034722469554081072,109,0.6757430857405263,False
teacher_majority_all_models__student_with_credit__z_plus_zsmooth,z_plus_zsmooth,LOGIT,eq_return_sortino_state_h1,equity,return_sortino,size_value_pca1_share_diff_z_smooth,equity_cross_section,1074,-0.05580674062206594,0.062011365176986015,0.03941609752471399,0.04915603769355826,0.1452513966480447,0.8547486033519553,0.0,0.12011173184357542,0.8547486033519553,z_smooth,17.96901861185868,0.003451015690754615,110,0.6791941014312809,False
teacher_majority_all_models__student_with_credit__z_plus_zsmooth,z_plus_zsmooth,LOGIT,eq_return_sortino_state_h1,equity,return_sortino,curve_belly_diff_z_smooth,treasury_rates,1074,-0.05660534211128723,0.061457131860092974,0.04982271485691904,0.04171620005723549,0.08379888268156424,0.9162011173184358,0.0,0.0,0.9162011173184358,z_smooth,17.96901861185868,0.003420171862893739,111,0.6826142732941747,False
teacher_majority_all_models__student_with_credit__z_plus_zsmooth,z_plus_zsmooth,LOGIT,eq_return_sortino_state_h1,equity,return_sortino,industry_corr_avg_12m_z,equity_cross_section,1074,-0.06105021550107828,0.06111771827573092,0.05531432128293253,0.03594053121680128,0.00558659217877095,0.994413407821229,0.0,0.0,0.994413407821229,z,17.96901861185868,0.003401283041434227,112,0.6860155563356088,False
teacher_majority_all_models__student_with_credit__z_plus_zsmooth,z_plus_zsmooth,LOGIT,eq_return_sortino_state_h1,equity,return_sortino,anfci_level_z,financial_conditions,1074,-0.060103823467785505,0.060103823467785505,0.0658099749231599,0.02663947860686952,0.0,1.0,0.0,0.0,1.0,z,17.96901861185868,0.003344858434734989,113,0.6893604147703438,False
teacher_majority_all_models__student_with_credit__z_plus_zsmooth,z_plus_zsmooth,LOGIT,eq_return_sortino_state_h1,equity,return_sortino,fred_anfci_z,financial_conditions,1074,-0.060103823467785505,0.060103823467785505,0.0658099749231599,0.02663947860686952,0.0,1.0,0.0,0.0,1.0,z,17.96901861185868,0.003344858434734989,114,0.6927052732050789,False
teacher_majority_all_models__student_with_credit__z_plus_zsmooth,z_plus_zsmooth,LOGIT,eq_return_sortino_state_h1,equity,return_sortino,crsp_ind12_utils_z,other,1074,-0.020165198048389642,0.05884763161002002,0.049006933731461214,0.042225944556373005,0.39664804469273746,0.6033519553072626,0.0,0.0,0.6033519553072626,z,17.96901861185868,0.0032749496720529546,115,0.6959802228771318,False
teacher_majority_all_models__student_with_credit__z_plus_zsmooth,z_plus_zsmooth,LOGIT,eq_return_sortino_state_h1,equity,return_sortino,ff_smb_z,equity_cross_section,1074,0.05720290925678672,0.05720290925678672,0.04782040380485923,0.05126679610660137,1.0,0.0,0.0,0.0,1.0,z,17.96901861185868,0.00318341866589395,116,0.6991636415430258,False
teacher_majority_all_models__student_with_credit__z_plus_zsmooth,z_plus_zsmooth,LOGIT,eq_return_sortino_state_h1,equity,return_sortino,policy_rate_diff_z_smooth,treasury_rates,1074,-0.03999726136613834,0.05698518507882166,0.03597483851929538,0.07500618126373887,0.22905027932960895,0.770949720670391,0.0,0.0,0.770949720670391,z_smooth,17.96901861185868,0.003171302023206443,117,0.7023349435662322,False
teacher_majority_all_models__student_with_credit__z_plus_zsmooth,z_plus_zsmooth,LOGIT,eq_return_sortino_state_h1,equity,return_sortino,factor_lambda_corr_12m_z,equity_cross_section,1074,0.03722709128414322,0.05674471080511024,0.044657164203830035,0.047481672935103775,0.6620111731843575,0.33798882681564246,0.0,0.0,0.6620111731843575,z,17.96901861185868,0.003157919307160241,118,0.7054928628733924,False
teacher_majority_all_models__student_with_credit__z_plus_zsmooth,z_plus_zsmooth,LOGIT,eq_return_sortino_state_h1,equity,return_sortino,rv_60d_logdiff_z_smooth,volatility_dependence,1074,-0.05309960439720897,0.05669692628020144,0.05061081471507225,0.058211453185554644,0.11452513966480447,0.8854748603351955,0.0,0.0,0.8854748603351955,z_smooth,17.96901861185868,0.0031552600342226937,119,0.7086481229076151,False
teacher_majority_all_models__student_with_credit__z_plus_zsmooth,z_plus_zsmooth,LOGIT,eq_return_sortino_state_h1,equity,return_sortino,industry_lambda_corr_12m_z,equity_cross_section,1074,0.04268254290550508,0.05631722339758778,0.056951604716526376,0.03727550342148488,0.7486033519553073,0.25139664804469275,0.0,0.0,0.7486033519553073,z,17.96901861185868,0.003134129059247629,120,0.7117822519668627,False
teacher_majority_all_models__student_with_credit__z_plus_zsmooth,z_plus_zsmooth,LOGIT,eq_return_sortino_state_h1,equity,return_sortino,tsy_long_ret_z_smooth,treasury_rates,1074,0.0563019218398005,0.0563019218398005,0.048095536306294616,0.027314157480889053,1.0,0.0,0.0,0.0,1.0,z_smooth,17.96901861185868,0.0031332775070222235,121,0.714915529473885,False
teacher_majority_all_models__student_with_credit__z_plus_zsmooth,z_plus_zsmooth,LOGIT,eq_return_sortino_state_h1,equity,return_sortino,industry_rotation_speed_12m_z,equity_cross_section,1074,-0.05581583148039152,0.05581583148039152,0.0440208576718957,0.03506911240887233,0.0,1.0,0.0,0.0,1.0,z,17.96901861185868,0.003106225926192529,122,0.7180217554000775,False
teacher_majority_all_models__student_with_credit__z_plus_zsmooth,z_plus_zsmooth,LOGIT,eq_return_sortino_state_h1,equity,return_sortino,credit_ig_ret_6m_z,credit,1074,-0.05276697658150287,0.05578658305035113,0.03252777796342834,0.07075500866126729,0.14804469273743018,0.8519553072625698,0.0,0.0,0.8519553072625698,z,17.96901861185868,0.0031045982118096697,123,0.7211263536118871,False
teacher_majority_all_models__student_with_credit__z_plus_zsmooth,z_plus_zsmooth,LOGIT,eq_return_sortino_state_h1,equity,return_sortino,tsy_lambda_cov_diff_z,treasury_rates,1074,0.022890782649404345,0.05540923990526397,0.026541320861233605,0.10477072348903604,0.3240223463687151,0.6759776536312849,0.0,0.002793296089385475,0.6759776536312849,z,17.96901861185868,0.0030835985593946993,124,0.7242099521712819,False
teacher_majority_all_models__student_with_credit__z_plus_zsmooth,z_plus_zsmooth,LOGIT,eq_return_sortino_state_h1,equity,return_sortino,cross_eq_bond_corr_12m_fisher_diff_z_smooth,treasury_rates,1074,0.054693244306461226,0.054693244306461226,0.058804084309234034,0.028928140223139196,1.0,0.0,0.0,0.0,1.0,z_smooth,17.96901861185868,0.003043752443462123,125,0.727253704614744,False
teacher_majority_all_models__student_with_credit__z_plus_zsmooth,z_plus_zsmooth,LOGIT,eq_return_sortino_state_h1,equity,return_sortino,cross_eq_tsy20_corr_12m_fisher_diff_z,treasury_rates,1074,-0.0531108207632469,0.054435423330190184,0.02233600297643929,0.06368086306191356,0.06424581005586592,0.9357541899441341,0.0,0.04748603351955307,0.9357541899441341,z,17.96901861185868,0.0030294043601393704,126,0.7302831089748834,False
teacher_majority_all_models__student_with_credit__z_plus_zsmooth,z_plus_zsmooth,LOGIT,eq_return_sortino_state_h1,equity,return_sortino,crsp_ind12_chems_z,other,1074,0.0542252652929105,0.0542252652929105,0.03639705975029642,0.057189904675069424,1.0,0.0,0.0,0.0,1.0,z,17.96901861185868,0.0030177087833346927,127,0.7333008177582181,False
teacher_majority_all_models__student_with_credit__z_plus_zsmooth,z_plus_zsmooth,LOGIT,eq_return_sortino_state_h1,equity,return_sortino,tsy_lambda_cov_12m_z,treasury_rates,1074,-0.05417847582229642,0.05422194710500568,0.03873736616340012,0.06291415549137902,0.008379888268156424,0.9916201117318436,0.0,0.0,0.9916201117318436,z,17.96901861185868,0.0030175241217248127,128,0.7363183418799429,False
teacher_majority_all_models__student_with_credit__z_plus_zsmooth,z_plus_zsmooth,LOGIT,eq_return_sortino_state_h1,equity,return_sortino,cmdty_sharpe_12m_z_smooth,commodities,1074,-0.04999374164248227,0.053687891343326,0.04467914948136098,0.03217288022076913,0.09497206703910614,0.9050279329608939,0.0,0.0,0.9050279329608939,z_smooth,17.96901861185868,0.002987803201889646,129,0.7393061450818326,False
teacher_majority_all_models__student_with_credit__z_plus_zsmooth,z_plus_zsmooth,LOGIT,eq_return_sortino_state_h1,equity,return_sortino,tsy_pca1_share_diff_z_smooth,treasury_rates,1074,-0.05264185946187386,0.05264245776785564,0.049363406216777185,0.02790892556007933,0.002793296089385475,0.9972067039106145,0.0,0.0,0.9972067039106145,z_smooth,17.96901861185868,0.0029296234204529217,130,0.7422357685022855,False
teacher_majority_all_models__student_with_credit__z_plus_zsmooth,z_plus_zsmooth,LOGIT,eq_return_sortino_state_h1,equity,return_sortino,cross_bond_credit_ig_corr_12m_fisher_diff_z_smooth,treasury_rates,1074,0.02917389380029257,0.05217904593958673,0.026862680674050135,0.07785684446968362,0.5307262569832403,0.4692737430167598,0.0,0.0,0.5307262569832403,z_smooth,17.96901861185868,0.0029038339303155427,131,0.745139602432601,False
teacher_majority_all_models__student_with_credit__z_plus_zsmooth,z_plus_zsmooth,LOGIT,eq_return_sortino_state_h1,equity,return_sortino,credit_hy_ig_corr_12m_fisher_diff_z,credit,1074,0.002281446438176296,0.05180043912511103,0.04386826242424115,0.036773573911629755,0.5837988826815642,0.41620111731843573,0.0,0.0,0.5837988826815642,z,17.96901861185868,0.0028827639530032683,132,0.7480223663856043,False
teacher_majority_all_models__student_with_credit__z_plus_zsmooth,z_plus_zsmooth,LOGIT,eq_return_sortino_state_h1,equity,return_sortino,ff_hml_z_smooth,equity_cross_section,1074,-0.04713562402067686,0.05164539491779554,0.04473164454627884,0.04573374801386201,0.15083798882681565,0.8491620111731844,0.0,0.0,0.8491620111731844,z_smooth,17.96901861185868,0.002874135534798327,133,0.7508965019204026,False
teacher_majority_all_models__student_with_credit__z_plus_zsmooth,z_plus_zsmooth,LOGIT,eq_return_sortino_state_h1,equity,return_sortino,factor_ret_dispersion_6m_z,equity_cross_section,1074,0.045312767755663556,0.05161237030728836,0.055023404117944805,0.022671162049259688,0.8379888268156425,0.16201117318435754,0.0,0.0,0.8379888268156425,z,17.96901861185868,0.002872297670904893,134,0.7537687995913075,False
teacher_majority_all_models__student_with_credit__z_plus_zsmooth,z_plus_zsmooth,LOGIT,eq_return_sortino_state_h1,equity,return_sortino,value_minus_growth_z_smooth,equity_cross_section,1074,-0.04689282311750365,0.05145023630044635,0.04389724514546226,0.04549562721826065,0.15083798882681565,0.8491620111731844,0.0,0.0,0.8491620111731844,z_smooth,17.96901861185868,0.0028632746958418584,135,0.7566320742871494,False
teacher_majority_all_models__student_with_credit__z_plus_zsmooth,z_plus_zsmooth,LOGIT,eq_return_sortino_state_h1,equity,return_sortino,credit_lambda_cov_12m_z_smooth,credit,1074,-0.006284954665683732,0.051240736949662254,0.03540757761662709,0.054928574358535744,0.44972067039106145,0.5502793296089385,0.0,0.0,0.5502793296089385,z_smooth,17.96901861185868,0.0028516157758246103,136,0.759483690062974,False
teacher_majority_all_models__student_with_credit__z_plus_zsmooth,z_plus_zsmooth,LOGIT,eq_return_sortino_state_h1,equity,return_sortino,industry_pca1_share_diff_z,equity_cross_section,1074,0.0417834611945037,0.051186749585587464,0.012973013157021904,0.06527836741569129,0.6675977653631285,0.3324022346368715,0.15083798882681565,0.1787709497206704,0.6675977653631285,z,17.96901861185868,0.0028486113065633255,137,0.7623323013695373,False
teacher_majority_all_models__student_with_credit__z_plus_zsmooth,z_plus_zsmooth,LOGIT,eq_return_sortino_state_h1,equity,return_sortino,cmdty_ret_12m_z,commodities,1074,-0.05094134489753885,0.05094134489753885,0.03899531466043193,0.04257827372106372,0.0,1.0,0.0,0.0,1.0,z,17.96901861185868,0.00283495420634269,138,0.76516725557588,False
teacher_majority_all_models__student_with_credit__z_plus_zsmooth,z_plus_zsmooth,LOGIT,eq_return_sortino_state_h1,equity,return_sortino,tsy_long_minus_short_z_smooth,treasury_rates,1074,0.05033114056422305,0.05033114056422305,0.04973795124176053,0.0240893803471106,1.0,0.0,0.0,0.0,1.0,z_smooth,17.96901861185868,0.0028009955163053224,139,0.7679682510921853,False
teacher_majority_all_models__student_with_credit__z_plus_zsmooth,z_plus_zsmooth,LOGIT,eq_return_sortino_state_h1,equity,return_sortino,ff_smb_z_smooth,equity_cross_section,1074,-0.04572592119119784,0.050279591324774046,0.04114053556903237,0.04669506659389958,0.17597765363128492,0.8240223463687151,0.0,0.0,0.8240223463687151,z_smooth,17.96901861185868,0.002798126731951402,140,0.7707663778241367,False
teacher_majority_all_models__student_with_credit__z_plus_zsmooth,z_plus_zsmooth,LOGIT,eq_return_sortino_state_h1,equity,return_sortino,rv_60d_logdiff_z,volatility_dependence,1074,-0.032757666556508566,0.05000286223449194,0.05971707940399562,0.03821135750236316,0.41899441340782123,0.5810055865921788,0.0,0.0,0.5810055865921788,z,17.96901861185868,0.0027827263867094268,141,0.7735491042108461,False
teacher_majority_all_models__student_with_credit__z_plus_zsmooth,z_plus_zsmooth,LOGIT,eq_return_sortino_state_h1,equity,return_sortino,industry_corr_absavg_12m_z,equity_cross_section,1074,-0.04582320891758156,0.04973670783696852,0.046473932033416904,0.029920928483286764,0.04189944134078212,0.9581005586592178,0.0,0.0,0.9581005586592178,z,17.96901861185868,0.002767914537310608,142,0.7763170187481567,False
teacher_majority_all_models__student_with_credit__z_plus_zsmooth,z_plus_zsmooth,LOGIT,eq_return_sortino_state_h1,equity,return_sortino,credit_hy_ig_corr_12m_fisher_diff_z_smooth,credit,1074,-0.04965936566364796,0.04965936566364796,0.025548048967602446,0.07077940465479639,0.0,1.0,0.0,0.0,1.0,z_smooth,17.96901861185868,0.0027636103415728665,143,0.7790806290897296,False
teacher_majority_all_models__student_with_credit__z_plus_zsmooth,z_plus_zsmooth,LOGIT,eq_return_sortino_state_h1,equity,return_sortino,cmdty_vol_12m_z_smooth,commodities,1074,-0.0019597852839008524,0.049571318900859786,0.042517719549710925,0.035519181804056485,0.43575418994413406,0.5642458100558659,0.0,0.0,0.5642458100558659,z_smooth,17.96901861185868,0.002758710421065796,144,0.7818393395107954,False
teacher_majority_all_models__student_with_credit__z_plus_zsmooth,z_plus_zsmooth,LOGIT,eq_return_sortino_state_h1,equity,return_sortino,cmdty_broad_aqr_ret_z_smooth,commodities,1074,-0.04714183339279923,0.04876888169942578,0.05347052782054812,0.0267549923752013,0.11173184357541899,0.888268156424581,0.0,0.0,0.888268156424581,z_smooth,17.96901861185868,0.0027140537139429912,145,0.7845533932247384,False
teacher_majority_all_models__student_with_credit__z_plus_zsmooth,z_plus_zsmooth,LOGIT,eq_return_sortino_state_h1,equity,return_sortino,cmdty_ret_1m_z_smooth,commodities,1074,-0.04714183339279923,0.04876888169942578,0.05347052782054812,0.0267549923752013,0.11173184357541899,0.888268156424581,0.0,0.0,0.888268156424581,z_smooth,17.96901861185868,0.0027140537139429912,146,0.7872674469386813,False
teacher_majority_all_models__student_with_credit__z_plus_zsmooth,z_plus_zsmooth,LOGIT,eq_return_sortino_state_h1,equity,return_sortino,crsp_ind12_telcm_z,other,1074,0.033370720182632305,0.04835448624492015,0.03804958367136048,0.038999581634548766,0.9134078212290503,0.08659217877094973,0.0,0.0,0.9134078212290503,z,17.96901861185868,0.0026909920507850404,147,0.7899584389894664,False
teacher_majority_all_models__student_with_credit__z_plus_zsmooth,z_plus_zsmooth,LOGIT,eq_return_sortino_state_h1,equity,return_sortino,anfci_diff_z,financial_conditions,1074,-0.04805554430596872,0.048149193370619875,0.03741906539869044,0.0598917540292513,0.0223463687150838,0.9776536312849162,0.0,0.0,0.9776536312849162,z,17.96901861185868,0.0026795672268291686,148,0.7926380062162955,False
teacher_majority_all_models__student_with_credit__z_plus_zsmooth,z_plus_zsmooth,LOGIT,eq_return_sortino_state_h1,equity,return_sortino,size_value_corr_avg_12m_z,equity_cross_section,1074,-0.03993994940235716,0.04807873737145847,0.03364364359938034,0.045172826132195025,0.17318435754189945,0.8268156424581006,0.0,0.0,0.8268156424581006,z,17.96901861185868,0.0026756462559245635,149,0.7953136524722202,False
teacher_majority_all_models__student_with_credit__z_plus_zsmooth,z_plus_zsmooth,LOGIT,eq_return_sortino_state_h1,equity,return_sortino,cross_eq_tsy20_corr_12m_fisher_diff_z_smooth,treasury_rates,1074,0.047958941601390775,0.047958941601390775,0.04973123553297809,0.01889366265338596,1.0,0.0,0.0,0.0,1.0,z_smooth,17.96901861185868,0.0026689794605555253,150,0.7979826319327756,False
teacher_majority_all_models__student_with_credit__z_plus_zsmooth,z_plus_zsmooth,LOGIT,eq_return_sortino_state_h1,equity,return_sortino,size_value_ret_dispersion_6m_z_smooth,equity_cross_section,1074,-0.03871227593873341,0.04774732186402076,0.03651805905986551,0.05430844653135818,0.2430167597765363,0.7569832402234636,0.0,0.0,0.7569832402234636,z_smooth,17.96901861185868,0.002657202538179233,151,0.8006398344709549,False
teacher_majority_all_models__student_with_credit__z_plus_zsmooth,z_plus_zsmooth,LOGIT,eq_return_sortino_state_h1,equity,return_sortino,industry_ret_dispersion_6m_z,equity_cross_section,1074,-0.02736807523553421,0.047607146930485934,0.03193152333374032,0.06527944458818206,0.3687150837988827,0.6312849162011173,0.0,0.0,0.6312849162011173,z,17.96901861185868,0.002649401615014608,152,0.8032892360859695,False
teacher_majority_all_models__student_with_credit__z_plus_zsmooth,z_plus_zsmooth,LOGIT,eq_return_sortino_state_h1,equity,return_sortino,cross_eq_cmdty_corr_12m_fisher_diff_z_smooth,commodities,1074,-0.020274764911186648,0.04760682542694262,0.03702198088235126,0.0523169461417138,0.25977653631284914,0.7402234636871509,0.0,0.0,0.7402234636871509,z_smooth,17.96901861185868,0.0026493837229109676,153,0.8059386198088805,False
teacher_majority_all_models__student_with_credit__z_plus_zsmooth,z_plus_zsmooth,LOGIT,eq_return_sortino_state_h1,equity,return_sortino,crsp_tsy_3_7y_z,treasury_rates,1074,-0.04621319188231728,0.04733414192363213,0.03860720618714811,0.051538017800215184,0.13687150837988826,0.8631284916201117,0.0,0.0,0.8631284916201117,z,17.96901861185868,0.002634208520013102,154,0.8085728283288935,False
teacher_majority_all_models__student_with_credit__z_plus_zsmooth,z_plus_zsmooth,LOGIT,eq_return_sortino_state_h1,equity,return_sortino,ff_rmw_z_smooth,equity_cross_section,1074,-0.01496804413204276,0.04695689787591447,0.03680336605174744,0.03710344865099194,0.2988826815642458,0.7011173184357542,0.0,0.0,0.7011173184357542,z_smooth,17.96901861185868,0.002613214382499732,155,0.8111860427113933,False
teacher_majority_all_models__student_with_credit__z_plus_zsmooth,z_plus_zsmooth,LOGIT,eq_return_sortino_state_h1,equity,return_sortino,tsy_rotation_speed_12m_z,treasury_rates,1074,0.03819749547826262,0.04583618445760383,0.04610518874904048,0.04349738766763976,0.8910614525139665,0.10893854748603352,0.0,0.0,0.8910614525139665,z,17.96901861185868,0.002550845176784122,156,0.8137368878881774,False
teacher_majority_all_models__student_with_credit__z_plus_zsmooth,z_plus_zsmooth,LOGIT,eq_return_sortino_state_h1,equity,return_sortino,factor_rotation_speed_12m_z_smooth,equity_cross_section,1074,-0.030064250360231026,0.04511056765568898,0.04303041958316747,0.021593420699557282,0.20670391061452514,0.7932960893854749,0.0,0.0,0.7932960893854749,z_smooth,17.96901861185868,0.0025104636279867946,157,0.8162473515161642,False
teacher_majority_all_models__student_with_credit__z_plus_zsmooth,z_plus_zsmooth,LOGIT,eq_return_sortino_state_h1,equity,return_sortino,tsy_ret_dispersion_6m_z_smooth,treasury_rates,1074,0.044355528356554694,0.044506912765316535,0.03888485943594343,0.046195266241533445,0.946927374301676,0.05307262569832402,0.0,0.0,0.946927374301676,z_smooth,17.96901861185868,0.002476869423238514,158,0.8187242209394028,False
teacher_majority_all_models__student_with_credit__z_plus_zsmooth,z_plus_zsmooth,LOGIT,eq_return_sortino_state_h1,equity,return_sortino,crsp_ind12_nodur_z,other,1074,0.04210421566564445,0.04442590333225653,0.025967854876418284,0.04595649439106323,0.9608938547486033,0.03910614525139665,0.0,0.0,0.9608938547486033,z,17.96901861185868,0.0024723611395748453,159,0.8211965820789776,False
teacher_majority_all_models__student_with_credit__z_plus_zsmooth,z_plus_zsmooth,LOGIT,eq_return_sortino_state_h1,equity,return_sortino,credit_ig_proxy_ret_z_smooth,credit,1074,0.04433962604562161,0.04433962604562161,0.039997802770276376,0.014393351373228497,1.0,0.0,0.0,0.0,1.0,z_smooth,17.96901861185868,0.0024675596927903236,160,0.8236641417717679,False
teacher_majority_all_models__student_with_credit__z_plus_zsmooth,z_plus_zsmooth,LOGIT,eq_return_sortino_state_h1,equity,return_sortino,tsy_pca1_share_12m_z_smooth,treasury_rates,1074,0.035490154993342245,0.044075543932948776,0.0360201055431264,0.03261554984344077,0.8296089385474861,0.17039106145251395,0.0,0.0,0.8296089385474861,z_smooth,17.96901861185868,0.0024528631688244262,161,0.8261170049405924,False
teacher_majority_all_models__student_with_credit__z_plus_zsmooth,z_plus_zsmooth,LOGIT,eq_return_sortino_state_h1,equity,return_sortino,tsy_corr_absavg_12m_z_smooth,treasury_rates,1074,0.035259395970493504,0.04389887755487015,0.036139322881800426,0.03225042450604756,0.8296089385474861,0.17039106145251395,0.0,0.0,0.8296089385474861,z_smooth,17.96901861185868,0.0024430314477997717,162,0.8285600363883922,False
teacher_majority_all_models__student_with_credit__z_plus_zsmooth,z_plus_zsmooth,LOGIT,eq_return_sortino_state_h1,equity,return_sortino,tsy_corr_avg_12m_z_smooth,treasury_rates,1074,0.035259395970493504,0.04389887755487015,0.036139322881800426,0.03225042450604756,0.8296089385474861,0.17039106145251395,0.0,0.0,0.8296089385474861,z_smooth,17.96901861185868,0.0024430314477997717,163,0.8310030678361919,False
teacher_majority_all_models__student_with_credit__z_plus_zsmooth,z_plus_zsmooth,LOGIT,eq_return_sortino_state_h1,equity,return_sortino,cross_bond_proxy_ret_z_smooth,treasury_rates,1074,0.04380008603626043,0.04380008603626043,0.0388759266239566,0.025148277003330548,1.0,0.0,0.0,0.0,1.0,z_smooth,17.96901861185868,0.002437533567211873,164,0.8334406014034038,False
teacher_majority_all_models__student_with_credit__z_plus_zsmooth,z_plus_zsmooth,LOGIT,eq_return_sortino_state_h1,equity,return_sortino,factor_lambda_corr_12m_z_smooth,equity_cross_section,1074,-0.037197638630764786,0.04339273818056518,0.039764363723004334,0.030861912525854608,0.09776536312849161,0.9022346368715084,0.0,0.0,0.9022346368715084,z_smooth,17.96901861185868,0.00241486411238553,165,0.8358554655157893,False
teacher_majority_all_models__student_with_credit__z_plus_zsmooth,z_plus_zsmooth,LOGIT,eq_return_sortino_state_h1,equity,return_sortino,industry_pca1_share_12m_z,equity_cross_section,1074,-0.035078924855377204,0.04308427401172839,0.038507555247170505,0.027552192501105004,0.061452513966480445,0.9385474860335196,0.0,0.0,0.9385474860335196,z,17.96901861185868,0.0023976976674338164,166,0.8382531631832231,False
teacher_majority_all_models__student_with_credit__z_plus_zsmooth,z_plus_zsmooth,LOGIT,eq_return_sortino_state_h1,equity,return_sortino,bilo_vwret_z,other,1074,0.04249369252726799,0.043078615377798966,0.037763079919398104,0.017151749163252038,0.9832402234636871,0.01675977653631285,0.0,0.0,0.9832402234636871,z,17.96901861185868,0.002397382756861812,167,0.8406505459400849,False
teacher_majority_all_models__student_with_credit__z_plus_zsmooth,z_plus_zsmooth,LOGIT,eq_return_sortino_state_h1,equity,return_sortino,tsy_lambda_corr_12m_z,treasury_rates,1074,-0.03762579315825872,0.04303934405783159,0.05105500747803772,0.026391291272898305,0.13128491620111732,0.8687150837988827,0.0,0.0,0.8687150837988827,z,17.96901861185868,0.0023951972552038936,168,0.8430457431952888,False
teacher_majority_all_models__student_with_credit__z_plus_zsmooth,z_plus_zsmooth,LOGIT,eq_return_sortino_state_h1,equity,return_sortino,size_value_lambda_corr_12m_z_smooth,equity_cross_section,1074,-0.03664667624354653,0.04285769478400728,0.03671007753639774,0.029506596932755924,0.07541899441340782,0.9245810055865922,0.0,0.0,0.9245810055865922,z_smooth,17.96901861185868,0.002385088229343993,169,0.8454308314246328,False
teacher_majority_all_models__student_with_credit__z_plus_zsmooth,z_plus_zsmooth,LOGIT,eq_return_sortino_state_h1,equity,return_sortino,credit_hy_ig_corr_12m_fisher_z,credit,1074,-0.02898280879007192,0.04217631295224191,0.022244832579530104,0.06840122229346034,0.31564245810055863,0.6843575418994413,0.0,0.0,0.6843575418994413,z,17.96901861185868,0.002347168415998389,170,0.8477779998406312,False
teacher_majority_all_models__student_with_credit__z_plus_zsmooth,z_plus_zsmooth,LOGIT,eq_return_sortino_state_h1,equity,return_sortino,factor_pca1_share_diff_z_smooth,equity_cross_section,1074,0.03038374100879264,0.04046893785055538,0.02968895648080087,0.03581889248521062,0.7569832402234636,0.2430167597765363,0.0,0.0,0.7569832402234636,z_smooth,17.96901861185868,0.002252150700308577,171,0.8500301505409398,False
teacher_majority_all_models__student_with_credit__z_plus_zsmooth,z_plus_zsmooth,LOGIT,eq_return_sortino_state_h1,equity,return_sortino,crsp_ind12_manuf_z_smooth,other,1074,-0.0073239548834583895,0.03958196168877457,0.03226750395554605,0.043776629366886644,0.3854748603351955,0.6145251396648045,0.0,0.0,0.6145251396648045,z_smooth,17.96901861185868,0.002202789286592001,172,0.8522329398275318,False
teacher_majority_all_models__student_with_credit__z_plus_zsmooth,z_plus_zsmooth,LOGIT,eq_return_sortino_state_h1,equity,return_sortino,anfci_diff_z_smooth,financial_conditions,1074,-0.03515269754462503,0.03932659801606623,0.03692434482852396,0.026121300058133463,0.1564245810055866,0.8435754189944135,0.0,0.0,0.8435754189944135,z_smooth,17.96901861185868,0.0021885779555101906,173,0.854421517783042,False
teacher_majority_all_models__student_with_credit__z_plus_zsmooth,z_plus_zsmooth,LOGIT,eq_return_sortino_state_h1,equity,return_sortino,tsy_lambda_cov_12m_z_smooth,treasury_rates,1074,-0.029431559684037257,0.03931053280614073,0.025141687337324307,0.05005101100771689,0.32122905027932963,0.6787709497206704,0.0,0.0,0.6787709497206704,z_smooth,17.96901861185868,0.0021876839050184796,174,0.8566092016880604,False
teacher_majority_all_models__student_with_credit__z_plus_zsmooth,z_plus_zsmooth,LOGIT,eq_return_sortino_state_h1,equity,return_sortino,nfci_minus_anfci_z,financial_conditions,1074,-0.024021841798917108,0.03871677570034641,0.03296462398061355,0.045287733612434294,0.27932960893854747,0.7206703910614525,0.0,0.0,0.7206703910614525,z,17.96901861185868,0.002154640525264703,175,0.8587638422133251,False
teacher_majority_all_models__student_with_credit__z_plus_zsmooth,z_plus_zsmooth,LOGIT,eq_return_sortino_state_h1,equity,return_sortino,ff_hml_z,equity_cross_section,1074,-0.030913006935159543,0.038656419035690726,0.032051471354711716,0.03780346485601665,0.13128491620111732,0.8687150837988827,0.0,0.0,0.8687150837988827,z,17.96901861185868,0.002151281595878551,176,0.8609151238092037,False
teacher_majority_all_models__student_with_credit__z_plus_zsmooth,z_plus_zsmooth,LOGIT,eq_return_sortino_state_h1,equity,return_sortino,value_minus_growth_z,equity_cross_section,1074,-0.03077499936565369,0.03849977180948047,0.03221652029126584,0.037458141088130885,0.13128491620111732,0.8687150837988827,0.0,0.0,0.8687150837988827,z,17.96901861185868,0.0021425639675208804,177,0.8630576877767245,False
teacher_majority_all_models__student_with_credit__z_plus_zsmooth,z_plus_zsmooth,LOGIT,eq_return_sortino_state_h1,equity,return_sortino,bond_10y_ret_level_z_smooth,treasury_rates,1074,0.03647458466021693,0.03847181776993075,0.03123929109410708,0.029435689755505992,0.9776536312849162,0.0223463687150838,0.0,0.0,0.9776536312849162,z_smooth,17.96901861185868,0.0021410082877058863,178,0.8651986960644305,False
teacher_majority_all_models__student_with_credit__z_plus_zsmooth,z_plus_zsmooth,LOGIT,eq_return_sortino_state_h1,equity,return_sortino,crsp_tsy_10_20y_z_smooth,treasury_rates,1074,0.037950196543801475,0.037950196543801475,0.03144541368495953,0.021255907211819785,1.0,0.0,0.0,0.0,1.0,z_smooth,17.96901861185868,0.002111979366461126,179,0.8673106754308916,False
teacher_majority_all_models__student_with_credit__z_plus_zsmooth,z_plus_zsmooth,LOGIT,eq_return_sortino_state_h1,equity,return_sortino,cross_eq_bond_corr_12m_fisher_diff_z,treasury_rates,1074,-0.03384230394806644,0.037657658466796425,0.01248290135803528,0.04654455804777086,0.3100558659217877,0.6899441340782123,0.0,0.0,0.6899441340782123,z,17.96901861185868,0.0020956992298925108,180,0.8694063746607841,False
teacher_majority_all_models__student_with_credit__z_plus_zsmooth,z_plus_zsmooth,LOGIT,eq_return_sortino_state_h1,equity,return_sortino,factor_ret_dispersion_6m_z_smooth,equity_cross_section,1074,-0.02220262018170628,0.03741132493039868,0.02620132633968155,0.037128037016984784,0.4022346368715084,0.5977653631284916,0.0,0.0,0.5977653631284916,z_smooth,17.96901861185868,0.0020819904380147405,181,0.8714883650987988,False
teacher_majority_all_models__student_with_credit__z_plus_zsmooth,z_plus_zsmooth,LOGIT,eq_return_sortino_state_h1,equity,return_sortino,credit_lambda_cov_12m_z,credit,1074,0.036454931331747605,0.03704028437423098,0.026312205085386127,0.039590397583554086,0.9636871508379888,0.036312849162011177,0.0,0.0,0.9636871508379888,z,17.96901861185868,0.002061341533131152,182,0.87354970663193,False
teacher_majority_all_models__student_with_credit__z_plus_zsmooth,z_plus_zsmooth,LOGIT,eq_return_sortino_state_h1,equity,return_sortino,industry_best_minus_worst_6m_z,equity_cross_section,1074,0.033105237097809735,0.03703617078004144,0.02776952635609048,0.0331391158272024,0.835195530726257,0.164804469273743,0.0,0.0,0.835195530726257,z,17.96901861185868,0.0020611126060941006,183,0.8756108192380241,False
teacher_majority_all_models__student_with_credit__z_plus_zsmooth,z_plus_zsmooth,LOGIT,eq_return_sortino_state_h1,equity,return_sortino,ff_rmw_minus_cma_z_smooth,equity_cross_section,1074,0.0297620753981644,0.036737812547835445,0.03275969020694865,0.029989169825262365,0.7960893854748603,0.20391061452513967,0.0,0.0,0.7960893854748603,z_smooth,17.96901861185868,0.0020445085700779605,184,0.8776553278081021,False
teacher_majority_all_models__student_with_credit__z_plus_zsmooth,z_plus_zsmooth,LOGIT,eq_return_sortino_state_h1,equity,return_sortino,tsy_20y_minus_1_3y_z,treasury_rates,1074,0.03539773733359072,0.036212629455518244,0.026793157829921428,0.048032712732250175,0.9301675977653632,0.06983240223463687,0.0,0.0,0.9301675977653632,z,17.96901861185868,0.002015281426199852,185,0.879670609234302,False
teacher_majority_all_models__student_with_credit__z_plus_zsmooth,z_plus_zsmooth,LOGIT,eq_return_sortino_state_h1,equity,return_sortino,small_minus_big_z,equity_cross_section,1074,0.03551469837271745,0.035537903422589834,0.035836182934415525,0.02464475912821881,0.9888268156424581,0.0111731843575419,0.0,0.0,0.9888268156424581,z,17.96901861185868,0.0019777320169915426,186,0.8816483412512934,False
teacher_majority_all_models__student_with_credit__z_plus_zsmooth,z_plus_zsmooth,LOGIT,eq_return_sortino_state_h1,equity,return_sortino,size_value_corr_absavg_12m_z_smooth,equity_cross_section,1074,-0.024895330333546416,0.035485789015877664,0.026183004296708216,0.03154198170006053,0.20949720670391062,0.7905027932960894,0.0,0.0,0.7905027932960894,z_smooth,17.96901861185868,0.0019748317803209778,187,0.8836231730316144,False
teacher_majority_all_models__student_with_credit__z_plus_zsmooth,z_plus_zsmooth,LOGIT,eq_return_sortino_state_h1,equity,return_sortino,industry_best_minus_worst_6m_z_smooth,equity_cross_section,1074,0.015723143408052316,0.0351043340143579,0.028850374588754005,0.027513517967213626,0.7569832402234636,0.2430167597765363,0.0,0.0,0.7569832402234636,z_smooth,17.96901861185868,0.0019536032975774617,188,0.8855767763291919,False
teacher_majority_all_models__student_with_credit__z_plus_zsmooth,z_plus_zsmooth,LOGIT,eq_return_sortino_state_h1,equity,return_sortino,industry_ret_dispersion_6m_z_smooth,equity_cross_section,1074,-0.014839564570990423,0.034744220357471635,0.02235818011132812,0.031124242441278448,0.25977653631284914,0.7402234636871509,0.0,0.0,0.7402234636871509,z_smooth,17.96901861185868,0.0019335624893026789,189,0.8875103388184946,False
teacher_majority_all_models__student_with_credit__z_plus_zsmooth,z_plus_zsmooth,LOGIT,eq_return_sortino_state_h1,equity,return_sortino,crsp_tsy_7_10y_z_smooth,treasury_rates,1074,0.034495841263262605,0.03449915172520385,0.028112379356503438,0.03041385221847591,0.9916201117318436,0.008379888268156424,0.0,0.0,0.9916201117318436,z_smooth,17.96901861185868,0.0019199240910372302,190,0.8894302629095318,False
teacher_majority_all_models__student_with_credit__z_plus_zsmooth,z_plus_zsmooth,LOGIT,eq_return_sortino_state_h1,equity,return_sortino,crsp_ind12_buseq_z,other,1074,0.03401893700833829,0.03410769871133717,0.024542856444270678,0.039474711138557335,0.994413407821229,0.00558659217877095,0.0,0.0,0.994413407821229,z,17.96901861185868,0.001898139205489372,191,0.8913284021150212,False
teacher_majority_all_models__student_with_credit__z_plus_zsmooth,z_plus_zsmooth,LOGIT,eq_return_sortino_state_h1,equity,return_sortino,cmdty_sharpe_12m_z,commodities,1074,-0.030903527575801264,0.03400847197080911,0.03238699418851323,0.021383027470197824,0.08100558659217877,0.9189944134078212,0.0,0.0,0.9189944134078212,z,17.96901861185868,0.0018926171042176546,192,0.8932210192192388,False
teacher_majority_all_models__student_with_credit__z_plus_zsmooth,z_plus_zsmooth,LOGIT,eq_return_sortino_state_h1,equity,return_sortino,credit_lambda_cov_diff_z_smooth,credit,1074,0.033853117532762905,0.033853117532762905,0.032183013895107096,0.01239011018282956,1.0,0.0,0.0,0.0,1.0,z_smooth,17.96901861185868,0.0018839714212562223,193,0.8951049906404951,False
teacher_majority_all_models__student_with_credit__z_plus_zsmooth,z_plus_zsmooth,LOGIT,eq_return_sortino_state_h1,equity,return_sortino,bond_10y_ret_level_z,treasury_rates,1074,0.0040541231056799845,0.033799689855167084,0.0339627762312891,0.020528889363521794,0.6005586592178771,0.3994413407821229,0.0,0.0,0.6005586592178771,z,17.96901861185868,0.0018809980992985855,194,0.8969859887397936,False
teacher_majority_all_models__student_with_credit__z_plus_zsmooth,z_plus_zsmooth,LOGIT,eq_return_sortino_state_h1,equity,return_sortino,industry_lambda_corr_diff_z,equity_cross_section,1074,-0.026548049883771924,0.03364409525973133,0.026777529121024435,0.03738090922565336,0.1340782122905028,0.8659217877094972,0.0,0.0,0.8659217877094972,z,17.96901861185868,0.0018723390512561363,195,0.8988583277910498,False
teacher_majority_all_models__student_with_credit__z_plus_zsmooth,z_plus_zsmooth,LOGIT,eq_return_sortino_state_h1,equity,return_sortino,industry_pca1_share_diff_z_smooth,equity_cross_section,1074,0.0073780951234337965,0.033442314914208696,0.018906685415746707,0.04559771661197008,0.4860335195530726,0.5139664804469274,0.0,0.0,0.5139664804469274,z_smooth,17.96901861185868,0.0018611097042405193,196,0.9007194374952903,False
teacher_majority_all_models__student_with_credit__z_plus_zsmooth,z_plus_zsmooth,LOGIT,eq_return_sortino_state_h1,equity,return_sortino,small_minus_big_z_smooth,equity_cross_section,1074,-0.026635632806140706,0.03308253297697641,0.02570561287102857,0.038810458481953115,0.3687150837988827,0.6312849162011173,0.0,0.0,0.6312849162011173,z_smooth,17.96901861185868,0.001841087356609645,197,0.9025605248519,False
teacher_majority_all_models__student_with_credit__z_plus_zsmooth,z_plus_zsmooth,LOGIT,eq_return_sortino_state_h1,equity,return_sortino,curve_belly_diff_z,treasury_rates,1074,-0.02682010985922157,0.033049505299247585,0.022642022191604688,0.035873895123267455,0.26256983240223464,0.7374301675977654,0.0,0.0,0.7374301675977654,z,17.96901861185868,0.0018392493220212103,198,0.9043997741739211,False
teacher_majority_all_models__student_with_credit__z_plus_zsmooth,z_plus_zsmooth,LOGIT,eq_return_sortino_state_h1,equity,return_sortino,tsy_intermediate_ret_z,treasury_rates,1074,-0.03149604044819131,0.03293191888999645,0.026282358031417444,0.0333372141851062,0.19832402234636873,0.8016759776536313,0.0,0.0,0.8016759776536313,z,17.96901861185868,0.0018327054805465548,199,0.9062324796544677,False
teacher_majority_all_models__student_with_credit__z_plus_zsmooth,z_plus_zsmooth,LOGIT,eq_return_sortino_state_h1,equity,return_sortino,size_value_rotation_speed_12m_z,equity_cross_section,1074,0.03026340848433601,0.03260212290622079,0.023333985491014796,0.043942165249162765,0.9245810055865922,0.07541899441340782,0.0,0.0,0.9245810055865922,z,17.96901861185868,0.0018143518914664027,200,0.9080468315459341,False
teacher_majority_all_models__student_with_credit__z_plus_zsmooth,z_plus_zsmooth,LOGIT,eq_return_sortino_state_h1,equity,return_sortino,rho_12m_eq_fi_fisher_diff_z,volatility_dependence,1074,0.004579605576386141,0.03240242512795941,0.024923137079660613,0.029434198302874748,0.5726256983240223,0.4273743016759777,0.0,0.0,0.5726256983240223,z,17.96901861185868,0.0018032384421136603,201,0.9098500699880477,False
teacher_majority_all_models__student_with_credit__z_plus_zsmooth,z_plus_zsmooth,LOGIT,eq_return_sortino_state_h1,equity,return_sortino,ff_mom_minus_hml_z,equity_cross_section,1074,0.03188775871756488,0.032055829936839905,0.025409034397548477,0.02666887940054466,0.9916201117318436,0.008379888268156424,0.0,0.0,0.9916201117318436,z,17.96901861185868,0.0017839499546004486,202,0.9116340199426483,False
teacher_majority_all_models__student_with_credit__z_plus_zsmooth,z_plus_zsmooth,LOGIT,eq_return_sortino_state_h1,equity,return_sortino,ff_rmw_z,equity_cross_section,1074,0.005757457409625273,0.030959063842873853,0.019885812579038795,0.033826276194862906,0.5391061452513967,0.46089385474860334,0.0,0.0,0.5391061452513967,z,17.96901861185868,0.0017229134496216936,203,0.9133569333922699,False
teacher_majority_all_models__student_with_credit__z_plus_zsmooth,z_plus_zsmooth,LOGIT,eq_return_sortino_state_h1,equity,return_sortino,size_value_lambda_corr_12m_z,equity_cross_section,1074,-0.0037227408633523362,0.030942142203980675,0.023214981501075066,0.04109352609888166,0.276536312849162,0.723463687150838,0.0,0.0,0.723463687150838,z,17.96901861185868,0.0017219717377086117,204,0.9150789051299785,False
teacher_majority_all_models__student_with_credit__z_plus_zsmooth,z_plus_zsmooth,LOGIT,eq_return_sortino_state_h1,equity,return_sortino,size_value_corr_avg_12m_z_smooth,equity_cross_section,1074,0.025629063822582378,0.030913748317138705,0.03161885678855687,0.027116414328682444,0.6731843575418994,0.3268156424581006,0.0,0.0,0.6731843575418994,z_smooth,17.96901861185868,0.001720391579801533,205,0.91679929670978,False
teacher_majority_all_models__student_with_credit__z_plus_zsmooth,z_plus_zsmooth,LOGIT,eq_return_sortino_state_h1,equity,return_sortino,industry_pca1_share_12m_z_smooth,equity_cross_section,1074,-0.030686684662806107,0.030859500426685494,0.024151667860524036,0.0336261765373996,0.0223463687150838,0.9776536312849162,0.0,0.0,0.9776536312849162,z_smooth,17.96901861185868,0.001717372611897665,206,0.9185166693216777,False
teacher_majority_all_models__student_with_credit__z_plus_zsmooth,z_plus_zsmooth,LOGIT,eq_return_sortino_state_h1,equity,return_sortino,crsp_tsy_1_3y_z_smooth,treasury_rates,1074,0.021963124054254594,0.030704862810240267,0.022140806513499416,0.02479212599716017,0.6731843575418994,0.3268156424581006,0.0,0.0,0.6731843575418994,z_smooth,17.96901861185868,0.0017087668210202947,207,0.920225436142698,False
teacher_majority_all_models__student_with_credit__z_plus_zsmooth,z_plus_zsmooth,LOGIT,eq_return_sortino_state_h1,equity,return_sortino,tsy_short_ret_z_smooth,treasury_rates,1074,0.021963124054254594,0.030704862810240267,0.022140806513499416,0.02479212599716017,0.6731843575418994,0.3268156424581006,0.0,0.0,0.6731843575418994,z_smooth,17.96901861185868,0.0017087668210202947,208,0.9219342029637183,False
teacher_majority_all_models__student_with_credit__z_plus_zsmooth,z_plus_zsmooth,LOGIT,eq_return_sortino_state_h1,equity,return_sortino,industry_rotation_speed_12m_z_smooth,equity_cross_section,1074,-0.02514004650441844,0.030510296940471835,0.029931702650279463,0.01846455953675453,0.2541899441340782,0.7458100558659218,0.0,0.0,0.7458100558659218,z_smooth,17.96901861185868,0.0016979389692621566,209,0.9236321419329805,False
teacher_majority_all_models__student_with_credit__z_plus_zsmooth,z_plus_zsmooth,LOGIT,eq_return_sortino_state_h1,equity,return_sortino,crsp_tsy_3_7y_z_smooth,treasury_rates,1074,-0.0014142902757234893,0.03047928842508569,0.02504743789820746,0.026788409368596656,0.441340782122905,0.5586592178770949,0.0,0.0,0.5586592178770949,z_smooth,17.96901861185868,0.0016962133037677883,210,0.9253283552367483,False
teacher_majority_all_models__student_with_credit__z_plus_zsmooth,z_plus_zsmooth,LOGIT,eq_return_sortino_state_h1,equity,return_sortino,industry_best_minus_worst_1m_z,equity_cross_section,1074,0.029186578517937843,0.03015641948005499,0.014224262767677548,0.05751191289493612,0.9329608938547486,0.0670391061452514,0.0,0.0,0.9329608938547486,z,17.96901861185868,0.0016782452136898127,211,0.927006600450438,False
teacher_majority_all_models__student_with_credit__z_plus_zsmooth,z_plus_zsmooth,LOGIT,eq_return_sortino_state_h1,equity,return_sortino,tsy_lambda_corr_diff_z_smooth,treasury_rates,1074,-0.022019440084552578,0.029827557855686006,0.023602138500023725,0.03581941840465588,0.27932960893854747,0.7206703910614525,0.0,0.0,0.7206703910614525,z_smooth,17.96901861185868,0.0016599436229645433,212,0.9286665440734027,False
teacher_majority_all_models__student_with_credit__z_plus_zsmooth,z_plus_zsmooth,LOGIT,eq_return_sortino_state_h1,equity,return_sortino,industry_corr_absavg_12m_z_smooth,equity_cross_section,1074,-0.02825749215582075,0.02962599722810098,0.02316795347131719,0.03160561475787287,0.10893854748603352,0.8910614525139665,0.0,0.0,0.8910614525139665,z_smooth,17.96901861185868,0.001648726503547014,213,0.9303152705769496,False
teacher_majority_all_models__student_with_credit__z_plus_zsmooth,z_plus_zsmooth,LOGIT,eq_return_sortino_state_h1,equity,return_sortino,industry_corr_avg_12m_z_smooth,equity_cross_section,1074,-0.02877790120125356,0.029505716959212572,0.024774073367716573,0.031012974574340286,0.07262569832402235,0.9273743016759777,0.0,0.0,0.9273743016759777,z_smooth,17.96901861185868,0.0016420327451684108,214,0.931957303322118,False
teacher_majority_all_models__student_with_credit__z_plus_zsmooth,z_plus_zsmooth,LOGIT,eq_return_sortino_state_h1,equity,return_sortino,growth_avg_ret_z,other,1074,0.014275957323728576,0.0291201660941705,0.020390619676103106,0.026881235282653102,0.8910614525139665,0.10893854748603352,0.0,0.0,0.8910614525139665,z,17.96901861185868,0.0016205763221232687,215,0.9335778796442413,False
teacher_majority_all_models__student_with_credit__z_plus_zsmooth,z_plus_zsmooth,LOGIT,eq_return_sortino_state_h1,equity,return_sortino,tsy_rotation_speed_12m_z_smooth,treasury_rates,1074,-0.016640005093089754,0.02889282062596556,0.027399951763355822,0.019769781522677592,0.2849162011173184,0.7150837988826816,0.0,0.0,0.7150837988826816,z_smooth,17.96901861185868,0.001607924241722233,216,0.9351858038859635,False
teacher_majority_all_models__student_with_credit__z_plus_zsmooth,z_plus_zsmooth,LOGIT,eq_return_sortino_state_h1,equity,return_sortino,crsp_ind12_durbl_z,other,1074,-0.005121269283563094,0.028790723497048195,0.015056409437051933,0.03549416390726596,0.4776536312849162,0.5223463687150838,0.0,0.0,0.5223463687150838,z,17.96901861185868,0.001602242399484617,217,0.9367880462854481,False
teacher_majority_all_models__student_with_credit__z_plus_zsmooth,z_plus_zsmooth,LOGIT,eq_return_sortino_state_h1,equity,return_sortino,crsp_tsy_20y_plus_z,treasury_rates,1074,0.028479385944378283,0.028734304297949556,0.02392195400203915,0.03224375348822286,0.9413407821229051,0.05865921787709497,0.0,0.0,0.9413407821229051,z,17.96901861185868,0.0015991025953407557,218,0.9383871488807889,False
teacher_majority_all_models__student_with_credit__z_plus_zsmooth,z_plus_zsmooth,LOGIT,eq_return_sortino_state_h1,equity,return_sortino,bond_10y_mom_diff_z_smooth,treasury_rates,1074,0.007203659334905199,0.028592817822271497,0.0215430643717737,0.03615432143590393,0.45251396648044695,0.547486033519553,0.0,0.0,0.547486033519553,z_smooth,17.96901861185868,0.0015912286830957827,219,0.9399783775638847,False
teacher_majority_all_models__student_with_credit__z_plus_zsmooth,z_plus_zsmooth,LOGIT,eq_return_sortino_state_h1,equity,return_sortino,credit_hy_ig_corr_12m_fisher_z_smooth,credit,1074,0.017921859215266595,0.028410194442481128,0.017149928298871665,0.03036578516685568,0.5307262569832403,0.4692737430167598,0.0,0.0,0.5307262569832403,z_smooth,17.96901861185868,0.0015810654469316304,220,0.9415594430108163,False
teacher_majority_all_models__student_with_credit__z_plus_zsmooth,z_plus_zsmooth,LOGIT,eq_return_sortino_state_h1,equity,return_sortino,small_value_minus_big_growth_z,equity_cross_section,1074,-0.027966202885486135,0.02820703366769975,0.017405954549390555,0.02898873383706959,0.05027932960893855,0.9497206703910615,0.0,0.0,0.9497206703910615,z,17.96901861185868,0.001569759277175242,221,0.9431292022879916,False
teacher_majority_all_models__student_with_credit__z_plus_zsmooth,z_plus_zsmooth,LOGIT,eq_return_sortino_state_h1,equity,return_sortino,ff_mom_minus_hml_z_smooth,equity_cross_section,1074,-0.008492615700934677,0.027812209633552246,0.02461726524551305,0.026302991190025812,0.4441340782122905,0.5558659217877095,0.0,0.0,0.5558659217877095,z_smooth,17.96901861185868,0.0015477867898248789,222,0.9446769890778164,False
teacher_majority_all_models__student_with_credit__z_plus_zsmooth,z_plus_zsmooth,LOGIT,eq_return_sortino_state_h1,equity,return_sortino,crsp_tsy_1_3y_z,treasury_rates,1074,-0.016226906457036408,0.027769375165136903,0.011459570307840344,0.06016551634147841,0.4245810055865922,0.5754189944134078,0.0,0.0,0.5754189944134078,z,17.96901861185868,0.0015454029941741206,223,0.9462223920719905,False
teacher_majority_all_models__student_with_credit__z_plus_zsmooth,z_plus_zsmooth,LOGIT,eq_return_sortino_state_h1,equity,return_sortino,tsy_short_ret_z,treasury_rates,1074,-0.016226906457036408,0.027769375165136903,0.011459570307840344,0.06016551634147841,0.4245810055865922,0.5754189944134078,0.0,0.0,0.5754189944134078,z,17.96901861185868,0.0015454029941741206,224,0.9477677950661647,False
teacher_majority_all_models__student_with_credit__z_plus_zsmooth,z_plus_zsmooth,LOGIT,eq_return_sortino_state_h1,equity,return_sortino,cmdty_broad_aqr_ret_z,commodities,1074,-0.004353652955337913,0.027646449161285176,0.023884583348540017,0.031140660746307065,0.27932960893854747,0.7206703910614525,0.0,0.0,0.7206703910614525,z,17.96901861185868,0.0015385619970942578,225,0.9493063570632589,False
teacher_majority_all_models__student_with_credit__z_plus_zsmooth,z_plus_zsmooth,LOGIT,eq_return_sortino_state_h1,equity,return_sortino,cmdty_ret_1m_z,commodities,1074,-0.004353652955337913,0.027646449161285176,0.023884583348540017,0.031140660746307065,0.27932960893854747,0.7206703910614525,0.0,0.0,0.7206703910614525,z,17.96901861185868,0.0015385619970942578,226,0.9508449190603532,False
teacher_majority_all_models__student_with_credit__z_plus_zsmooth,z_plus_zsmooth,LOGIT,eq_return_sortino_state_h1,equity,return_sortino,curve_10y_2y_diff_z_smooth,treasury_rates,1074,0.01617893478978358,0.026729011194285612,0.008793780910066159,0.04965367821113109,0.6340782122905028,0.3659217877094972,0.0,0.0,0.6340782122905028,z_smooth,17.96901861185868,0.0014875053430378085,227,0.952332424403391,False
teacher_majority_all_models__student_with_credit__z_plus_zsmooth,z_plus_zsmooth,LOGIT,eq_return_sortino_state_h1,equity,return_sortino,credit_ret_dispersion_6m_z_smooth,credit,1074,2.440591470921158e-05,0.026647615416104515,0.02065632299892298,0.031269482368482364,0.4441340782122905,0.5558659217877095,0.0,0.0,0.5558659217877095,z_smooth,17.96901861185868,0.0014829755587496794,228,0.9538153999621407,False
teacher_majority_all_models__student_with_credit__z_plus_zsmooth,z_plus_zsmooth,LOGIT,eq_return_sortino_state_h1,equity,return_sortino,industry_lambda_cov_diff_z_smooth,equity_cross_section,1074,-0.008514245442481486,0.026536152374979104,0.017406371076577325,0.02266417171397468,0.42178770949720673,0.5782122905027933,0.0,0.0,0.5782122905027933,z_smooth,17.96901861185868,0.0014767724909287218,229,0.9552921724530694,False
teacher_majority_all_models__student_with_credit__z_plus_zsmooth,z_plus_zsmooth,LOGIT,eq_return_sortino_state_h1,equity,return_sortino,size_value_ret_dispersion_1m_z_smooth,equity_cross_section,1074,0.0234607304954968,0.02622399963274472,0.02422049180826724,0.01623317442999261,0.8212290502793296,0.1787709497206704,0.0,0.0,0.8212290502793296,z_smooth,17.96901861185868,0.001459400771917402,230,0.9567515732249868,False
teacher_majority_all_models__student_with_credit__z_plus_zsmooth,z_plus_zsmooth,LOGIT,eq_return_sortino_state_h1,equity,return_sortino,industry_best_minus_worst_1m_z_smooth,equity_cross_section,1074,0.009664479318827367,0.026195767025945435,0.025549882831635878,0.018437643322082104,0.723463687150838,0.276536312849162,0.0,0.0,0.723463687150838,z_smooth,17.96901861185868,0.0014578295894611352,231,0.958209402814448,False
teacher_majority_all_models__student_with_credit__z_plus_zsmooth,z_plus_zsmooth,LOGIT,eq_return_sortino_state_h1,equity,return_sortino,industry_lambda_corr_diff_z_smooth,equity_cross_section,1074,0.025861970029438183,0.025946610496639877,0.02756903179730256,0.012469071697421544,0.9860335195530726,0.013966480446927373,0.0,0.0,0.9860335195530726,z_smooth,17.96901861185868,0.001443963694239616,232,0.9596533665086876,False
teacher_majority_all_models__student_with_credit__z_plus_zsmooth,z_plus_zsmooth,LOGIT,eq_return_sortino_state_h1,equity,return_sortino,bond_10y_mom_diff_z,treasury_rates,1074,-0.010395103271599523,0.025560649743200724,0.015753431891715013,0.036964183764828705,0.4888268156424581,0.5111731843575419,0.0,0.0,0.5111731843575419,z,17.96901861185868,0.0014224844603551103,233,0.9610758509690427,False
teacher_majority_all_models__student_with_credit__z_plus_zsmooth,z_plus_zsmooth,LOGIT,eq_return_sortino_state_h1,equity,return_sortino,tsy_intermediate_ret_z_smooth,treasury_rates,1074,0.021261785953289335,0.025384526452272092,0.015483126379861798,0.028990958651772182,0.8156424581005587,0.18435754189944134,0.0,0.0,0.8156424581005587,z_smooth,17.96901861185868,0.0014126829628591702,234,0.9624885339319018,False
teacher_majority_all_models__student_with_credit__z_plus_zsmooth,z_plus_zsmooth,LOGIT,eq_return_sortino_state_h1,equity,return_sortino,crsp_tsy_7_10y_z,treasury_rates,1074,-0.022469400396079392,0.024622567326542825,0.01603484383421526,0.02277376294286775,0.24860335195530725,0.7513966480446927,0.0,0.0,0.7513966480446927,z,17.96901861185868,0.001370278914970522,235,0.9638588128468724,False
teacher_majority_all_models__student_with_credit__z_plus_zsmooth,z_plus_zsmooth,LOGIT,eq_return_sortino_state_h1,equity,return_sortino,size_value_lambda_corr_diff_z_smooth,equity_cross_section,1074,-0.024363391611015132,0.024363391611015132,0.020041175209171133,0.016808311670316965,0.0,1.0,0.0,0.0,1.0,z_smooth,17.96901861185868,0.0013558554385900896,236,0.9652146682854624,False
teacher_majority_all_models__student_with_credit__z_plus_zsmooth,z_plus_zsmooth,LOGIT,eq_return_sortino_state_h1,equity,return_sortino,size_value_pca1_share_12m_z_smooth,equity_cross_section,1074,-0.009391483177408618,0.02421685644972796,0.015410647581784127,0.021001520248486425,0.41899441340782123,0.5810055865921788,0.0,0.0,0.5810055865921788,z_smooth,17.96901861185868,0.001347700560215682,237,0.9665623688456781,False
teacher_majority_all_models__student_with_credit__z_plus_zsmooth,z_plus_zsmooth,LOGIT,eq_return_sortino_state_h1,equity,return_sortino,bime_vwret_z,other,1074,0.00477526440922756,0.02361494214259766,0.01679065609318131,0.034127818370911646,0.5335195530726257,0.4664804469273743,0.0,0.0,0.5335195530726257,z,17.96901861185868,0.0013142032212606729,238,0.9678765720669388,False
teacher_majority_all_models__student_with_credit__z_plus_zsmooth,z_plus_zsmooth,LOGIT,eq_return_sortino_state_h1,equity,return_sortino,tsy_ret_dispersion_1m_z_smooth,treasury_rates,1074,0.021273436347701402,0.023614266350506227,0.015787931519543084,0.027390854424051828,0.8156424581005587,0.18435754189944134,0.0,0.0,0.8156424581005587,z_smooth,17.96901861185868,0.0013141656125238781,239,0.9691907376794627,False
teacher_majority_all_models__student_with_credit__z_plus_zsmooth,z_plus_zsmooth,LOGIT,eq_return_sortino_state_h1,equity,return_sortino,crsp_ind12_chems_z_smooth,other,1074,0.020256058419178196,0.023382990657268152,0.021592957341729026,0.016404804924794077,0.9748603351955307,0.025139664804469275,0.0,0.0,0.9748603351955307,z_smooth,17.96901861185868,0.0013012948098254245,240,0.9704920324892881,False
teacher_majority_all_models__student_with_credit__z_plus_zsmooth,z_plus_zsmooth,LOGIT,eq_return_sortino_state_h1,equity,return_sortino,credit_ig_proxy_ret_z,credit,1074,0.004076948057260074,0.02293933295742273,0.007971082395177864,0.045611733885615506,0.6033519553072626,0.39664804469273746,0.0,0.0,0.6033519553072626,z,17.96901861185868,0.0012766046634446627,241,0.9717686371527328,False
teacher_majority_all_models__student_with_credit__z_plus_zsmooth,z_plus_zsmooth,LOGIT,eq_return_sortino_state_h1,equity,return_sortino,smlo_vwret_z,other,1074,0.003479215681564734,0.022737924205308818,0.014273555163118037,0.03413927553177396,0.8296089385474861,0.17039106145251395,0.0,0.0,0.8296089385474861,z,17.96901861185868,0.0012653959961009163,242,0.9730340331488337,False
teacher_majority_all_models__student_with_credit__z_plus_zsmooth,z_plus_zsmooth,LOGIT,eq_return_sortino_state_h1,equity,return_sortino,factor_pca1_share_12m_z,equity_cross_section,1074,-0.015365813441185214,0.022552247224686572,0.01732374957190245,0.016232235260417453,0.1424581005586592,0.8575418994413407,0.0,0.0,0.8575418994413407,z,17.96901861185868,0.0012550628229525671,243,0.9742890959717863,False
teacher_majority_all_models__student_with_credit__z_plus_zsmooth,z_plus_zsmooth,LOGIT,eq_return_sortino_state_h1,equity,return_sortino,tsy_ret_dispersion_6m_z,treasury_rates,1074,-0.0010393384759785288,0.02241629450474188,0.01927072493638024,0.01763011703691791,0.4329608938547486,0.5670391061452514,0.0,0.0,0.5670391061452514,z,17.96901861185868,0.001247496871640403,244,0.9755365928434266,False
teacher_majority_all_models__student_with_credit__z_plus_zsmooth,z_plus_zsmooth,LOGIT,eq_return_sortino_state_h1,equity,return_sortino,tsy_long_minus_short_z,treasury_rates,1074,0.021258740341236062,0.022210768501595594,0.013055848505186712,0.032009531718810894,0.9301675977653632,0.06983240223463687,0.0,0.0,0.9301675977653632,z,17.96901861185868,0.0012360590737513937,245,0.9767726519171781,False
teacher_majority_all_models__student_with_credit__z_plus_zsmooth,z_plus_zsmooth,LOGIT,eq_return_sortino_state_h1,equity,return_sortino,industry_ret_dispersion_1m_z_smooth,equity_cross_section,1074,-0.013149750747825022,0.022206124200295174,0.010883048836124391,0.028039587118911947,0.3407821229050279,0.659217877094972,0.0,0.0,0.659217877094972,z_smooth,17.96901861185868,0.0012358006121514177,246,0.9780084525293294,False
teacher_majority_all_models__student_with_credit__z_plus_zsmooth,z_plus_zsmooth,LOGIT,eq_return_sortino_state_h1,equity,return_sortino,factor_lambda_corr_diff_z,equity_cross_section,1074,-0.008472905387901056,0.022031079985592145,0.013719797150619517,0.030385852795009494,0.5614525139664804,0.43854748603351956,0.0,0.0,0.5614525139664804,z,17.96901861185868,0.0012260591666955424,247,0.979234511696025,False
teacher_majority_all_models__student_with_credit__z_plus_zsmooth,z_plus_zsmooth,LOGIT,eq_return_sortino_state_h1,equity,return_sortino,industry_ret_dispersion_1m_z,equity_cross_section,1074,-0.020054577592270605,0.021301260821938034,0.009535603741376408,0.0348023418693978,0.17039106145251395,0.8296089385474861,0.0,0.0,0.8296089385474861,z,17.96901861185868,0.0011854437508278964,248,0.9804199554468529,False
teacher_majority_all_models__student_with_credit__z_plus_zsmooth,z_plus_zsmooth,LOGIT,eq_return_sortino_state_h1,equity,return_sortino,smhi_vwret_z,other,1074,0.020586889666095908,0.021195929528674034,0.021488456679312058,0.008691635241119192,0.9636871508379888,0.036312849162011177,0.0,0.0,0.9636871508379888,z,17.96901861185868,0.001179581923004173,249,0.9815995373698571,False
teacher_majority_all_models__student_with_credit__z_plus_zsmooth,z_plus_zsmooth,LOGIT,eq_return_sortino_state_h1,equity,return_sortino,equity_market_level_z,other,1074,-0.009581883760763542,0.021149234370874043,0.007688012387168384,0.03879068813572206,0.61731843575419,0.38268156424581007,0.0,0.0,0.61731843575419,z,17.96901861185868,0.001176983274808151,250,0.9827765206446653,False
teacher_majority_all_models__student_with_credit__z_plus_zsmooth,z_plus_zsmooth,LOGIT,eq_return_sortino_state_h1,equity,return_sortino,factor_lambda_cov_diff_z_smooth,equity_cross_section,1074,0.0006688913933395616,0.020931413768272983,0.015795876430797988,0.028068932464362085,0.6815642458100558,0.31843575418994413,0.0,0.0,0.6815642458100558,z_smooth,17.96901861185868,0.0011648612659602494,251,0.9839413819106255,False
teacher_majority_all_models__student_with_credit__z_plus_zsmooth,z_plus_zsmooth,LOGIT,eq_return_sortino_state_h1,equity,return_sortino,ff_mktrf_z,equity_cross_section,1074,0.00036079417124065913,0.020235222851272057,0.013036714282461505,0.030356342468659373,0.8156424581005587,0.18435754189944134,0.0,0.0,0.8156424581005587,z,17.96901861185868,0.0011261173071476366,252,0.9850674992177731,False
teacher_majority_all_models__student_with_credit__z_plus_zsmooth,z_plus_zsmooth,LOGIT,eq_return_sortino_state_h1,equity,return_sortino,size_value_lambda_cov_diff_z_smooth,equity_cross_section,1074,0.018395429943027355,0.019722043467974838,0.013018988357188559,0.021825427009883738,0.8184357541899442,0.18156424581005587,0.0,0.0,0.8184357541899442,z_smooth,17.96901861185868,0.0010975581857853522,253,0.9861650574035584,False
teacher_majority_all_models__student_with_credit__z_plus_zsmooth,z_plus_zsmooth,LOGIT,eq_return_sortino_state_h1,equity,return_sortino,smme_vwret_z,other,1074,-0.011743972721427662,0.01947029858282184,0.008520878613024137,0.0372944543997905,0.48324022346368717,0.5167597765363129,0.0,0.0,0.5167597765363129,z,17.96901861185868,0.0010835482450873744,254,0.9872486056486458,False
teacher_majority_all_models__student_with_credit__z_plus_zsmooth,z_plus_zsmooth,LOGIT,eq_return_sortino_state_h1,equity,return_sortino,crsp_ind12_manuf_z,other,1074,-0.013287402413324618,0.019257295832191417,0.014478347789389312,0.02403299672985907,0.2206703910614525,0.7793296089385475,0.0,0.0,0.7793296089385475,z,17.96901861185868,0.0010716943561671496,255,0.988320300004813,False
teacher_majority_all_models__student_with_credit__z_plus_zsmooth,z_plus_zsmooth,LOGIT,eq_return_sortino_state_h1,equity,return_sortino,crsp_ind12_other_z,other,1074,0.010132929696963723,0.018977935202256338,0.009221620221206801,0.02273715468669937,0.6061452513966481,0.39385474860335196,0.0,0.0,0.6061452513966481,z,17.96901861185868,0.0010561475622119854,256,0.989376447567025,False
teacher_majority_all_models__student_with_credit__z_plus_zsmooth,z_plus_zsmooth,LOGIT,eq_return_sortino_state_h1,equity,return_sortino,bihi_vwret_z,other,1074,-0.007602001965753317,0.01878275192031122,0.01275996305324598,0.026131571806509567,0.3575418994413408,0.6424581005586593,0.0,0.0,0.6424581005586593,z,17.96901861185868,0.0010452853506376534,257,0.9904217329176627,False
teacher_majority_all_models__student_with_credit__z_plus_zsmooth,z_plus_zsmooth,LOGIT,eq_return_sortino_state_h1,equity,return_sortino,ff_mom_z,equity_cross_section,1074,-0.014330135334609168,0.018777622811326746,0.015678626502878726,0.014996120835293917,0.07541899441340782,0.9245810055865922,0.0,0.0,0.9245810055865922,z,17.96901861185868,0.0010449999088394525,258,0.9914667328265021,False
teacher_majority_all_models__student_with_credit__z_plus_zsmooth,z_plus_zsmooth,LOGIT,eq_return_sortino_state_h1,equity,return_sortino,vix_logdiff_z_smooth,volatility_dependence,1074,-0.004899915622727565,0.018603395895184234,0.011676133558119072,0.024912841378892117,0.5027932960893855,0.4972067039106145,0.0,0.0,0.5027932960893855,z_smooth,17.96901861185868,0.001035303947145277,259,0.9925020367736473,False
teacher_majority_all_models__student_with_credit__z_plus_zsmooth,z_plus_zsmooth,LOGIT,eq_return_sortino_state_h1,equity,return_sortino,factor_ret_dispersion_1m_z_smooth,equity_cross_section,1074,-0.0038515070084223857,0.01834918959108741,0.014959602527061577,0.017869947307651617,0.441340782122905,0.5586592178770949,0.0,0.0,0.5586592178770949,z_smooth,17.96901861185868,0.0010211570251798746,260,0.9935231937988273,False
teacher_majority_all_models__student_with_credit__z_plus_zsmooth,z_plus_zsmooth,LOGIT,eq_return_sortino_state_h1,equity,return_sortino,small_avg_ret_z,equity_cross_section,1074,0.003011960205100807,0.018347269269646426,0.012775045163398278,0.023984087549866143,0.8156424581005587,0.18435754189944134,0.0,0.0,0.8156424581005587,z,17.96901861185868,0.001021050156714631,261,0.9945442439555419,False
teacher_majority_all_models__student_with_credit__z_plus_zsmooth,z_plus_zsmooth,LOGIT,eq_return_sortino_state_h1,equity,return_sortino,value_avg_ret_z,equity_cross_section,1074,0.015411889072970916,0.017664291528195892,0.01857046162543402,0.007328036440752737,0.946927374301676,0.05307262569832402,0.0,0.0,0.946927374301676,z,17.96901861185868,0.000983041528853352,262,0.9955272854843952,False
teacher_majority_all_models__student_with_credit__z_plus_zsmooth,z_plus_zsmooth,LOGIT,eq_return_sortino_state_h1,equity,return_sortino,tsy_long_ret_z,treasury_rates,1074,0.016742351597335448,0.016940581894958298,0.011610605189135825,0.01919885866125261,0.9413407821229051,0.05865921787709497,0.0,0.0,0.9413407821229051,z,17.96901861185868,0.0009427661165523161,263,0.9964700516009475,False
teacher_majority_all_models__student_with_credit__z_plus_zsmooth,z_plus_zsmooth,LOGIT,eq_return_sortino_state_h1,equity,return_sortino,big_avg_ret_z,credit,1074,0.009531513618183664,0.016738491416628056,0.014598773709776022,0.013796453603299189,0.9106145251396648,0.0893854748603352,0.0,0.0,0.9106145251396648,z,17.96901861185868,0.0009315195102297609,264,0.9974015711111773,False
teacher_majority_all_models__student_with_credit__z_plus_zsmooth,z_plus_zsmooth,LOGIT,eq_return_sortino_state_h1,equity,return_sortino,cfnai_level_z_smooth,macro,1074,-0.002995932614387686,0.016286680710106558,0.011109688566679396,0.02614359701465228,0.45251396648044695,0.547486033519553,0.0,0.0,0.547486033519553,z_smooth,17.96901861185868,0.0009063756380862191,265,0.9983079467492635,False
teacher_majority_all_models__student_with_credit__z_plus_zsmooth,z_plus_zsmooth,LOGIT,eq_return_sortino_state_h1,equity,return_sortino,factor_lambda_corr_diff_z_smooth,equity_cross_section,1074,-0.0015414839585002596,0.01435215297313807,0.011945882464869138,0.009810407507516702,0.6312849162011173,0.3687150837988827,0.0,0.0,0.6312849162011173,z_smooth,17.96901861185868,0.0007987165734063154,266,0.9991066633226698,False
teacher_majority_all_models__student_with_credit__z_plus_zsmooth,z_plus_zsmooth,LOGIT,eq_return_sortino_state_h1,equity,return_sortino,crsp_tsy_10_20y_z,treasury_rates,1074,-0.0013654751283318487,0.00852988953162984,0.008918978422367548,0.005273132656897778,0.49162011173184356,0.5083798882681564,0.0,0.0,0.5083798882681564,z,17.96901861185868,0.0004746997994648704,267,0.9995813631221347,False
teacher_majority_all_models__student_with_credit__z_plus_zsmooth,z_plus_zsmooth,LOGIT,eq_return_sortino_state_h1,equity,return_sortino,cross_bond_proxy_ret_z,treasury_rates,1074,-0.002002718745434493,0.007522493849973026,0.007520338272492717,0.00447383672859947,0.505586592178771,0.49441340782122906,0.0,0.0,0.505586592178771,z,17.96901861185868,0.00041863687786535794,268,1.0,False
teacher_majority_all_models__student_with_credit__z_plus_zsmooth,z_plus_zsmooth,LOGIT,eq_vol_downside_state_h1,equity,vol_downside,cross_bond_cmdty_corr_12m_fisher_diff_z_smooth,treasury_rates,1074,-0.3312410668823726,0.3312410668823726,0.25233473655130984,0.22025536968587833,0.0,1.0,0.7653631284916201,0.8854748603351955,1.0,z_smooth,24.882318264676094,0.01331230729222748,1,0.01331230729222748,True
teacher_majority_all_models__student_with_credit__z_plus_zsmooth,z_plus_zsmooth,LOGIT,eq_vol_downside_state_h1,equity,vol_downside,industry_ret_dispersion_6m_z_smooth,equity_cross_section,1074,-0.3292144551823032,0.3292144551823032,0.2947612865819956,0.1358562548417892,0.0,1.0,0.835195530726257,0.9804469273743017,1.0,z_smooth,24.882318264676094,0.01323085942718082,2,0.0265431667194083,True
teacher_majority_all_models__student_with_credit__z_plus_zsmooth,z_plus_zsmooth,LOGIT,eq_vol_downside_state_h1,equity,vol_downside,factor_ret_dispersion_6m_z_smooth,equity_cross_section,1074,-0.30990790474643753,0.30990790474643753,0.30349414450119244,0.139742480905248,0.0,1.0,0.7374301675977654,0.7737430167597765,1.0,z_smooth,24.882318264676094,0.012454944971361244,3,0.03899811169076954,True
teacher_majority_all_models__student_with_credit__z_plus_zsmooth,z_plus_zsmooth,LOGIT,eq_vol_downside_state_h1,equity,vol_downside,industry_best_minus_worst_6m_z_smooth,equity_cross_section,1074,-0.2966509007538055,0.2966509007538055,0.2806762280253495,0.11425626265630656,0.0,1.0,0.7597765363128491,0.9664804469273743,1.0,z_smooth,24.882318264676094,0.011922156834355047,4,0.05092026852512459,True
teacher_majority_all_models__student_with_credit__z_plus_zsmooth,z_plus_zsmooth,LOGIT,eq_vol_downside_state_h1,equity,vol_downside,cross_eq_credit_hy_corr_12m_fisher_diff_z_smooth,credit,1074,-0.29505395971869636,0.29505395971869636,0.22568409107083823,0.18850196338986472,0.0,1.0,0.5251396648044693,0.7905027932960894,1.0,z_smooth,24.882318264676094,0.011857977081563434,5,0.06277824560668803,True
teacher_majority_all_models__student_with_credit__z_plus_zsmooth,z_plus_zsmooth,LOGIT,eq_vol_downside_state_h1,equity,vol_downside,fred_nfci_z,financial_conditions,1074,-0.2568016324959481,0.2568016324959481,0.23976369516789928,0.11530143839541365,0.0,1.0,0.5139664804469274,0.7067039106145251,1.0,z,24.882318264676094,0.010320647367512925,6,0.07309889297420095,True
teacher_majority_all_models__student_with_credit__z_plus_zsmooth,z_plus_zsmooth,LOGIT,eq_vol_downside_state_h1,equity,vol_downside,nfci_level_z,financial_conditions,1074,-0.2568016324959481,0.2568016324959481,0.23976369516789928,0.11530143839541365,0.0,1.0,0.41899441340782123,0.6843575418994413,1.0,z,24.882318264676094,0.010320647367512925,7,0.08341954034171388,True
teacher_majority_all_models__student_with_credit__z_plus_zsmooth,z_plus_zsmooth,LOGIT,eq_vol_downside_state_h1,equity,vol_downside,credit_lambda_cov_12m_z_smooth,credit,1074,0.25410800135055994,0.25410800135055994,0.22464871846672385,0.12828963957650819,1.0,0.0,0.31564245810055863,0.723463687150838,1.0,z_smooth,24.882318264676094,0.010212392537045133,8,0.09363193287875901,True
teacher_majority_all_models__student_with_credit__z_plus_zsmooth,z_plus_zsmooth,LOGIT,eq_vol_downside_state_h1,equity,vol_downside,cmdty_sharpe_12m_z,commodities,1074,0.24259802970115274,0.24259802970115274,0.21985620551997048,0.15500992643374178,1.0,0.0,0.3659217877094972,0.5949720670391061,1.0,z,24.882318264676094,0.009749816199624547,9,0.10338174907838356,True
teacher_majority_all_models__student_with_credit__z_plus_zsmooth,z_plus_zsmooth,LOGIT,eq_vol_downside_state_h1,equity,vol_downside,size_value_ret_dispersion_6m_z_smooth,equity_cross_section,1074,-0.23825656371960718,0.23825656371960718,0.21875937552872243,0.10794215233465831,0.0,1.0,0.41620111731843573,0.5921787709497207,1.0,z_smooth,24.882318264676094,0.00957533623616757,10,0.11295708531455112,True
teacher_majority_all_models__student_with_credit__z_plus_zsmooth,z_plus_zsmooth,LOGIT,eq_vol_downside_state_h1,equity,vol_downside,anfci_level_z,financial_conditions,1074,-0.2344208080941703,0.2344208080941703,0.20842271374226662,0.09221077339900298,0.0,1.0,0.20670391061452514,0.6703910614525139,1.0,z,24.882318264676094,0.009421180357899496,11,0.12237826567245062,True
teacher_majority_all_models__student_with_credit__z_plus_zsmooth,z_plus_zsmooth,LOGIT,eq_vol_downside_state_h1,equity,vol_downside,fred_anfci_z,financial_conditions,1074,-0.2344208080941703,0.2344208080941703,0.20842271374226662,0.09221077339900298,0.0,1.0,0.1871508379888268,0.659217877094972,1.0,z,24.882318264676094,0.009421180357899496,12,0.13179944603035013,True
teacher_majority_all_models__student_with_credit__z_plus_zsmooth,z_plus_zsmooth,LOGIT,eq_vol_downside_state_h1,equity,vol_downside,anfci_level_z_smooth,financial_conditions,1074,-0.23198830316368088,0.23198830316368088,0.17971594106841082,0.1224464485240532,0.0,1.0,0.329608938547486,0.6061452513966481,1.0,z_smooth,24.882318264676094,0.009323419976225466,13,0.1411228660065756,True
teacher_majority_all_models__student_with_credit__z_plus_zsmooth,z_plus_zsmooth,LOGIT,eq_vol_downside_state_h1,equity,vol_downside,fred_anfci_z_smooth,financial_conditions,1074,-0.23198830316368088,0.23198830316368088,0.17971594106841082,0.1224464485240532,0.0,1.0,0.27932960893854747,0.5921787709497207,1.0,z_smooth,24.882318264676094,0.009323419976225466,14,0.15044628598280105,True
teacher_majority_all_models__student_with_credit__z_plus_zsmooth,z_plus_zsmooth,LOGIT,eq_vol_downside_state_h1,equity,vol_downside,industry_best_minus_worst_1m_z_smooth,equity_cross_section,1074,-0.22529143294642612,0.22529143294642612,0.20357540026445,0.08779549935700158,0.0,1.0,0.12569832402234637,0.5139664804469274,1.0,z_smooth,24.882318264676094,0.009054278244895637,15,0.15950056422769668,True
teacher_majority_all_models__student_with_credit__z_plus_zsmooth,z_plus_zsmooth,LOGIT,eq_vol_downside_state_h1,equity,vol_downside,industry_ret_dispersion_1m_z_smooth,equity_cross_section,1074,-0.22176262621273587,0.22176262621273587,0.19708210122623224,0.09244666993561652,0.0,1.0,0.061452513966480445,0.388268156424581,1.0,z_smooth,24.882318264676094,0.008912458391288994,16,0.1684130226189857,True
teacher_majority_all_models__student_with_credit__z_plus_zsmooth,z_plus_zsmooth,LOGIT,eq_vol_downside_state_h1,equity,vol_downside,nfci_minus_anfci_z_smooth,financial_conditions,1074,0.22058811772339854,0.22058811772339854,0.17481489769129935,0.12020440563629484,1.0,0.0,0.26256983240223464,0.5921787709497207,1.0,z_smooth,24.882318264676094,0.008865255856668065,17,0.17727827847565375,True
teacher_majority_all_models__student_with_credit__z_plus_zsmooth,z_plus_zsmooth,LOGIT,eq_vol_downside_state_h1,equity,vol_downside,cmdty_ret_12m_z,commodities,1074,0.21935294507988254,0.21935294507988254,0.191252769024459,0.1354062368821929,1.0,0.0,0.19273743016759776,0.3854748603351955,1.0,z,24.882318264676094,0.008815615279356205,18,0.18609389375500995,True
teacher_majority_all_models__student_with_credit__z_plus_zsmooth,z_plus_zsmooth,LOGIT,eq_vol_downside_state_h1,equity,vol_downside,cross_bond_credit_ig_corr_12m_fisher_diff_z_smooth,treasury_rates,1074,-0.2169798405677978,0.2169798405677978,0.17589621170906533,0.1401287322129049,0.0,1.0,0.3687150837988827,0.4329608938547486,1.0,z_smooth,24.882318264676094,0.008720242151866966,19,0.1948141359068769,False
teacher_majority_all_models__student_with_credit__z_plus_zsmooth,z_plus_zsmooth,LOGIT,eq_vol_downside_state_h1,equity,vol_downside,crsp_ind12_hlth_z_smooth,other,1074,0.21558930503531618,0.21558930503531618,0.1751462480053565,0.1117144556267552,1.0,0.0,0.12290502793296089,0.5307262569832403,1.0,z_smooth,24.882318264676094,0.008664357667242571,20,0.20347849357411948,False
teacher_majority_all_models__student_with_credit__z_plus_zsmooth,z_plus_zsmooth,LOGIT,eq_vol_downside_state_h1,equity,vol_downside,ff_mom_minus_hml_z_smooth,equity_cross_section,1074,0.2119052457816416,0.2119052457816416,0.20758732898969834,0.08954852920207855,1.0,0.0,0.3770949720670391,0.43854748603351956,1.0,z_smooth,24.882318264676094,0.008516298341962394,21,0.2119947919160819,False
teacher_majority_all_models__student_with_credit__z_plus_zsmooth,z_plus_zsmooth,LOGIT,eq_vol_downside_state_h1,equity,vol_downside,factor_ret_dispersion_1m_z_smooth,equity_cross_section,1074,-0.21067316108049344,0.21067316108049344,0.19383578242026916,0.09184566932127786,0.0,1.0,0.1452513966480447,0.4134078212290503,1.0,z_smooth,24.882318264676094,0.00846678186652621,22,0.22046157378260808,False
teacher_majority_all_models__student_with_credit__z_plus_zsmooth,z_plus_zsmooth,LOGIT,eq_vol_downside_state_h1,equity,vol_downside,cross_eq_cmdty_corr_12m_fisher_diff_z_smooth,commodities,1074,0.20871968978163105,0.2102984705400085,0.177923669806973,0.14859113517830402,0.9413407821229051,0.05865921787709497,0.276536312849162,0.39106145251396646,0.9413407821229051,z_smooth,24.882318264676094,0.00845172336046181,23,0.2289132971430699,False
teacher_majority_all_models__student_with_credit__z_plus_zsmooth,z_plus_zsmooth,LOGIT,eq_vol_downside_state_h1,equity,vol_downside,sentiment_logdiff_z_smooth,macro,1074,-0.2083449073056265,0.2083449073056265,0.16407834462099713,0.12313369359041242,0.0,1.0,0.08659217877094973,0.1424581005586592,1.0,z_smooth,24.882318264676094,0.00837321125344663,24,0.23728650839651652,False
teacher_majority_all_models__student_with_credit__z_plus_zsmooth,z_plus_zsmooth,LOGIT,eq_vol_downside_state_h1,equity,vol_downside,industry_corr_avg_12m_z,equity_cross_section,1074,-0.20351241237936205,0.20351241237936205,0.17733463817430598,0.0765942298185205,0.0,1.0,0.0,0.2122905027932961,1.0,z,24.882318264676094,0.008178997238704891,25,0.24546550563522143,False
teacher_majority_all_models__student_with_credit__z_plus_zsmooth,z_plus_zsmooth,LOGIT,eq_vol_downside_state_h1,equity,vol_downside,credit_hy_minus_ig_z_smooth,credit,1074,-0.20334808483761935,0.20334808483761935,0.16931617259797538,0.11295525560201639,0.0,1.0,0.10335195530726257,0.3240223463687151,1.0,z_smooth,24.882318264676094,0.008172393049336571,26,0.253637898684558,False
teacher_majority_all_models__student_with_credit__z_plus_zsmooth,z_plus_zsmooth,LOGIT,eq_vol_downside_state_h1,equity,vol_downside,industry_corr_absavg_12m_z,equity_cross_section,1074,-0.20241472469212532,0.20241472469212532,0.19051685068631447,0.07403354073547562,0.0,1.0,0.0,0.3100558659217877,1.0,z,24.882318264676094,0.008134882069227493,27,0.2617727807537855,False
teacher_majority_all_models__student_with_credit__z_plus_zsmooth,z_plus_zsmooth,LOGIT,eq_vol_downside_state_h1,equity,vol_downside,tsy_ret_dispersion_1m_z_smooth,treasury_rates,1074,-0.193253329657766,0.193253329657766,0.18046044912846054,0.07410122100183777,0.0,1.0,0.10614525139664804,0.3687150837988827,1.0,z_smooth,24.882318264676094,0.007766693103195129,28,0.2695394738569806,False
teacher_majority_all_models__student_with_credit__z_plus_zsmooth,z_plus_zsmooth,LOGIT,eq_vol_downside_state_h1,equity,vol_downside,policy_rate_diff_z,treasury_rates,1074,-0.19231638710371876,0.19231638710371876,0.15747306059518612,0.12666374595370952,0.0,1.0,0.07262569832402235,0.11452513966480447,1.0,z,24.882318264676094,0.0077290381490192,29,0.27726851200599983,False
teacher_majority_all_models__student_with_credit__z_plus_zsmooth,z_plus_zsmooth,LOGIT,eq_vol_downside_state_h1,equity,vol_downside,fred_nfci_z_smooth,financial_conditions,1074,-0.19229684362628693,0.19229684362628693,0.15656766449220577,0.10787862643928292,0.0,1.0,0.04748603351955307,0.34916201117318435,1.0,z_smooth,24.882318264676094,0.0077282527126613845,30,0.2849967647186612,False
teacher_majority_all_models__student_with_credit__z_plus_zsmooth,z_plus_zsmooth,LOGIT,eq_vol_downside_state_h1,equity,vol_downside,nfci_level_z_smooth,financial_conditions,1074,-0.19229684362628693,0.19229684362628693,0.15656766449220577,0.10787862643928292,0.0,1.0,0.025139664804469275,0.3268156424581006,1.0,z_smooth,24.882318264676094,0.0077282527126613845,31,0.29272501743132257,False
teacher_majority_all_models__student_with_credit__z_plus_zsmooth,z_plus_zsmooth,LOGIT,eq_vol_downside_state_h1,equity,vol_downside,ff_mom_z_smooth,equity_cross_section,1074,0.18738732394553206,0.18738732394553206,0.1732742033722908,0.07657742106211227,1.0,0.0,0.09217877094972067,0.21508379888268156,1.0,z_smooth,24.882318264676094,0.007530943136096543,32,0.30025596056741916,False
teacher_majority_all_models__student_with_credit__z_plus_zsmooth,z_plus_zsmooth,LOGIT,eq_vol_downside_state_h1,equity,vol_downside,industry_pca1_share_12m_z,equity_cross_section,1074,-0.1857906152820893,0.1857906152820893,0.17344813571884785,0.06319494471210763,0.0,1.0,0.0,0.12849162011173185,1.0,z,24.882318264676094,0.007466772722131959,33,0.3077227332895511,False
teacher_majority_all_models__student_with_credit__z_plus_zsmooth,z_plus_zsmooth,LOGIT,eq_vol_downside_state_h1,equity,vol_downside,factor_corr_avg_12m_z_smooth,equity_cross_section,1074,-0.1732725777346665,0.1732725777346665,0.1576038708259202,0.07625367194031145,0.0,1.0,0.10893854748603352,0.26536312849162014,1.0,z_smooth,24.882318264676094,0.006963683041569763,34,0.3146864163311209,False
teacher_majority_all_models__student_with_credit__z_plus_zsmooth,z_plus_zsmooth,LOGIT,eq_vol_downside_state_h1,equity,vol_downside,industry_ret_dispersion_6m_z,equity_cross_section,1074,-0.17298914201936233,0.17298914201936233,0.15611610810334647,0.09128603463320781,0.0,1.0,0.08100558659217877,0.26256983240223464,1.0,z,24.882318264676094,0.006952291992219408,35,0.32163870832334024,False
teacher_majority_all_models__student_with_credit__z_plus_zsmooth,z_plus_zsmooth,LOGIT,eq_vol_downside_state_h1,equity,vol_downside,size_value_pca1_share_diff_z_smooth,equity_cross_section,1074,-0.1727874103826773,0.1727874103826773,0.15461915841317447,0.08680565677921118,0.0,1.0,0.0,0.05865921787709497,1.0,z_smooth,24.882318264676094,0.006944184562897944,36,0.3285828928862382,False
teacher_majority_all_models__student_with_credit__z_plus_zsmooth,z_plus_zsmooth,LOGIT,eq_vol_downside_state_h1,equity,vol_downside,tsy_pca1_share_diff_z,treasury_rates,1074,-0.17149233571108838,0.17149233571108838,0.12242141933903698,0.14020269290055296,0.0,1.0,0.11173184357541899,0.35195530726256985,1.0,z,24.882318264676094,0.00689213657211939,37,0.3354750294583576,False
teacher_majority_all_models__student_with_credit__z_plus_zsmooth,z_plus_zsmooth,LOGIT,eq_vol_downside_state_h1,equity,vol_downside,size_value_ret_dispersion_1m_z_smooth,equity_cross_section,1074,-0.17012241475626894,0.17012241475626894,0.14827900333478447,0.07753883710363264,0.0,1.0,0.0,0.06983240223463687,1.0,z_smooth,24.882318264676094,0.006837080570494162,38,0.34231211002885176,False
teacher_majority_all_models__student_with_credit__z_plus_zsmooth,z_plus_zsmooth,LOGIT,eq_vol_downside_state_h1,equity,vol_downside,crsp_ind12_enrgy_z_smooth,other,1074,0.16959635868216325,0.16959635868216325,0.15709538485639318,0.0770063583365893,1.0,0.0,0.04748603351955307,0.07262569832402235,1.0,z_smooth,24.882318264676094,0.006815938807555919,39,0.3491280488364077,False
teacher_majority_all_models__student_with_credit__z_plus_zsmooth,z_plus_zsmooth,LOGIT,eq_vol_downside_state_h1,equity,vol_downside,cross_eq_credit_hy_corr_12m_fisher_diff_z,credit,1074,-0.16843464579676798,0.16843464579676798,0.13233088095274909,0.11128585750251183,0.0,1.0,0.16201117318435754,0.27932960893854747,1.0,z,24.882318264676094,0.006769250517781711,40,0.3558972993541894,False
teacher_majority_all_models__student_with_credit__z_plus_zsmooth,z_plus_zsmooth,LOGIT,eq_vol_downside_state_h1,equity,vol_downside,crsp_ind12_shops_z,other,1074,-0.16471218721460132,0.16471218721460132,0.12523006917972263,0.11308561672153644,0.0,1.0,0.0,0.06983240223463687,1.0,z,24.882318264676094,0.006619647954926818,41,0.3625169473091162,False
teacher_majority_all_models__student_with_credit__z_plus_zsmooth,z_plus_zsmooth,LOGIT,eq_vol_downside_state_h1,equity,vol_downside,smlo_vwret_z_smooth,other,1074,0.16456036296284365,0.16456036296284365,0.13956170878843094,0.08719816133493806,1.0,0.0,0.0,0.0,1.0,z_smooth,24.882318264676094,0.006613546262546603,42,0.36913049357166283,False
teacher_majority_all_models__student_with_credit__z_plus_zsmooth,z_plus_zsmooth,LOGIT,eq_vol_downside_state_h1,equity,vol_downside,cfnai_level_z,macro,1074,-0.16302599867482556,0.16302599867482556,0.1297174935017152,0.1087501501878423,0.0,1.0,0.008379888268156424,0.019553072625698324,1.0,z,24.882318264676094,0.006551881417989239,43,0.37568237498965207,False
teacher_majority_all_models__student_with_credit__z_plus_zsmooth,z_plus_zsmooth,LOGIT,eq_vol_downside_state_h1,equity,vol_downside,industry_rotation_speed_12m_z,equity_cross_section,1074,-0.1611866942857834,0.1611866942857834,0.13082610684823837,0.09086114765427712,0.0,1.0,0.0,0.05865921787709497,1.0,z,24.882318264676094,0.006477961280424995,44,0.38216033627007706,False
teacher_majority_all_models__student_with_credit__z_plus_zsmooth,z_plus_zsmooth,LOGIT,eq_vol_downside_state_h1,equity,vol_downside,tsy_pca1_share_diff_z_smooth,treasury_rates,1074,-0.16032380091121967,0.16032380091121967,0.14338459353949928,0.08164055919144997,0.0,1.0,0.0,0.0446927374301676,1.0,z_smooth,24.882318264676094,0.006443282302148734,45,0.38860361857222575,False
teacher_majority_all_models__student_with_credit__z_plus_zsmooth,z_plus_zsmooth,LOGIT,eq_vol_downside_state_h1,equity,vol_downside,tsy_pca1_share_12m_z,treasury_rates,1074,-0.15852422619526446,0.15852422619526446,0.1273262358745121,0.07473695584269917,0.0,1.0,0.05307262569832402,0.10893854748603352,1.0,z,24.882318264676094,0.006370958867619325,46,0.3949745774398451,False
teacher_majority_all_models__student_with_credit__z_plus_zsmooth,z_plus_zsmooth,LOGIT,eq_vol_downside_state_h1,equity,vol_downside,tsy_corr_absavg_12m_z,treasury_rates,1074,-0.1563898881270417,0.1563898881270417,0.12594602055121884,0.07253559348454694,0.0,1.0,0.05027932960893855,0.10335195530726257,1.0,z,24.882318264676094,0.00628518156803174,47,0.40125975900787686,False
teacher_majority_all_models__student_with_credit__z_plus_zsmooth,z_plus_zsmooth,LOGIT,eq_vol_downside_state_h1,equity,vol_downside,tsy_corr_avg_12m_z,treasury_rates,1074,-0.1563898881270417,0.1563898881270417,0.12594602055121884,0.07253559348454694,0.0,1.0,0.03910614525139665,0.10335195530726257,1.0,z,24.882318264676094,0.00628518156803174,48,0.40754494057590857,False
teacher_majority_all_models__student_with_credit__z_plus_zsmooth,z_plus_zsmooth,LOGIT,eq_vol_downside_state_h1,equity,vol_downside,size_value_lambda_cov_12m_z_smooth,equity_cross_section,1074,-0.15084966782303236,0.15375315389217747,0.10451435854362714,0.12249703129549389,0.06983240223463687,0.9301675977653632,0.0,0.09776536312849161,0.9301675977653632,z_smooth,24.882318264676094,0.0061792133778166254,49,0.4137241539537252,False
teacher_majority_all_models__student_with_credit__z_plus_zsmooth,z_plus_zsmooth,LOGIT,eq_vol_downside_state_h1,equity,vol_downside,nfci_minus_anfci_z,financial_conditions,1074,0.1514235523889966,0.1514235523889966,0.11640885253291458,0.1022973114804859,1.0,0.0,0.0,0.030726256983240222,1.0,z,24.882318264676094,0.00608558860063949,50,0.4198097425543647,False
teacher_majority_all_models__student_with_credit__z_plus_zsmooth,z_plus_zsmooth,LOGIT,eq_vol_downside_state_h1,equity,vol_downside,tsy_lambda_cov_diff_z_smooth,treasury_rates,1074,0.14829058656399483,0.14829058656399483,0.13343790351309776,0.052177886484021774,1.0,0.0,0.0,0.03910614525139665,1.0,z_smooth,24.882318264676094,0.005959677269079622,51,0.4257694198234443,False
teacher_majority_all_models__student_with_credit__z_plus_zsmooth,z_plus_zsmooth,LOGIT,eq_vol_downside_state_h1,equity,vol_downside,cmdty_vol_12m_z_smooth,commodities,1074,-0.13311278803969548,0.14415023517163744,0.14844754028683854,0.06470258114023858,0.12849162011173185,0.8715083798882681,0.05865921787709497,0.17318435754189945,0.8715083798882681,z_smooth,24.882318264676094,0.005793279936310384,52,0.4315626997597547,False
teacher_majority_all_models__student_with_credit__z_plus_zsmooth,z_plus_zsmooth,LOGIT,eq_vol_downside_state_h1,equity,vol_downside,industry_corr_absavg_12m_z_smooth,equity_cross_section,1074,-0.1427337417895934,0.1427337417895934,0.13452785640793574,0.0636877703949082,0.0,1.0,0.0,0.0,1.0,z_smooth,24.882318264676094,0.005736352226963665,53,0.43729905198671837,False
teacher_majority_all_models__student_with_credit__z_plus_zsmooth,z_plus_zsmooth,LOGIT,eq_vol_downside_state_h1,equity,vol_downside,size_value_corr_absavg_12m_z,equity_cross_section,1074,-0.1411017736139026,0.1411017736139026,0.11806220639217013,0.07186996991211157,0.0,1.0,0.0,0.01675977653631285,1.0,z,24.882318264676094,0.00567076476206866,54,0.44296981674878705,False
teacher_majority_all_models__student_with_credit__z_plus_zsmooth,z_plus_zsmooth,LOGIT,eq_vol_downside_state_h1,equity,vol_downside,crsp_ind12_utils_z_smooth,other,1074,0.13968416537825207,0.13968416537825207,0.13587168785621442,0.05261047851297293,1.0,0.0,0.0,0.008379888268156424,1.0,z_smooth,24.882318264676094,0.005613792247668222,55,0.4485836089964553,False
teacher_majority_all_models__student_with_credit__z_plus_zsmooth,z_plus_zsmooth,LOGIT,eq_vol_downside_state_h1,equity,vol_downside,size_value_pca1_share_12m_z,equity_cross_section,1074,-0.13944951775028006,0.13944951775028006,0.11677941403544953,0.07212886386790289,0.0,1.0,0.0,0.025139664804469275,1.0,z,24.882318264676094,0.0056043619516051284,56,0.4541879709480604,False
teacher_majority_all_models__student_with_credit__z_plus_zsmooth,z_plus_zsmooth,LOGIT,eq_vol_downside_state_h1,equity,vol_downside,value_minus_growth_z_smooth,equity_cross_section,1074,-0.13848326213641213,0.13848326213641213,0.11222930118715593,0.08527702571072704,0.0,1.0,0.0,0.0670391061452514,1.0,z_smooth,24.882318264676094,0.005565528929553495,57,0.4597534998776139,False
teacher_majority_all_models__student_with_credit__z_plus_zsmooth,z_plus_zsmooth,LOGIT,eq_vol_downside_state_h1,equity,vol_downside,ff_hml_z_smooth,equity_cross_section,1074,-0.13829140972089762,0.13829140972089762,0.11201064155658018,0.0853911434143157,0.0,1.0,0.0,0.0782122905027933,1.0,z_smooth,24.882318264676094,0.005557818538042795,58,0.46531131841565665,False
teacher_majority_all_models__student_with_credit__z_plus_zsmooth,z_plus_zsmooth,LOGIT,eq_vol_downside_state_h1,equity,vol_downside,small_value_minus_big_growth_z_smooth,equity_cross_section,1074,-0.13826819726230216,0.13826819726230216,0.13034309293493357,0.04852233484031939,0.0,1.0,0.0,0.0,1.0,z_smooth,24.882318264676094,0.005556885648335793,59,0.47086820406399243,False
teacher_majority_all_models__student_with_credit__z_plus_zsmooth,z_plus_zsmooth,LOGIT,eq_vol_downside_state_h1,equity,vol_downside,industry_pca1_share_diff_z_smooth,equity_cross_section,1074,-0.13814341260175048,0.13814341260175048,0.12431872058130453,0.0597583232373605,0.0,1.0,0.0,0.0,1.0,z_smooth,24.882318264676094,0.005551870654988938,60,0.4764200747189814,False
teacher_majority_all_models__student_with_credit__z_plus_zsmooth,z_plus_zsmooth,LOGIT,eq_vol_downside_state_h1,equity,vol_downside,size_value_lambda_corr_12m_z_smooth,equity_cross_section,1074,-0.1314369705652528,0.1314369705652528,0.08426773759398913,0.12458793886438477,0.0,1.0,0.030726256983240222,0.07541899441340782,1.0,z_smooth,24.882318264676094,0.005282344240080147,61,0.4817024189590616,False
teacher_majority_all_models__student_with_credit__z_plus_zsmooth,z_plus_zsmooth,LOGIT,eq_vol_downside_state_h1,equity,vol_downside,tsy_ret_dispersion_1m_z,treasury_rates,1074,-0.131350365134045,0.131350365134045,0.09302755625296696,0.0910430553455591,0.0,1.0,0.0,0.0,1.0,z,24.882318264676094,0.005278863638703436,62,0.48698128259776496,False
teacher_majority_all_models__student_with_credit__z_plus_zsmooth,z_plus_zsmooth,LOGIT,eq_vol_downside_state_h1,equity,vol_downside,credit_lambda_cov_12m_z,credit,1074,0.1307780801012123,0.1307780801012123,0.10644463262232601,0.09181752695137367,1.0,0.0,0.0,0.0,1.0,z,24.882318264676094,0.0052558639717614234,63,0.4922371465695264,False
teacher_majority_all_models__student_with_credit__z_plus_zsmooth,z_plus_zsmooth,LOGIT,eq_vol_downside_state_h1,equity,vol_downside,size_value_lambda_cov_diff_z,equity_cross_section,1074,-0.13005022674281344,0.13005022674281344,0.11223629603150853,0.07998306641794817,0.0,1.0,0.002793296089385475,0.04748603351955307,1.0,z,24.882318264676094,0.005226612141178091,64,0.4974637587107045,False
teacher_majority_all_models__student_with_credit__z_plus_zsmooth,z_plus_zsmooth,LOGIT,eq_vol_downside_state_h1,equity,vol_downside,factor_ret_dispersion_6m_z,equity_cross_section,1074,-0.1296292552036718,0.1296292552036718,0.09848641147338669,0.07129411263362252,0.0,1.0,0.0,0.00558659217877095,1.0,z,24.882318264676094,0.005209693639667752,65,0.5026734523503722,False
teacher_majority_all_models__student_with_credit__z_plus_zsmooth,z_plus_zsmooth,LOGIT,eq_vol_downside_state_h1,equity,vol_downside,crsp_ind12_hlth_z,other,1074,0.12788032984769712,0.12788032984769712,0.09462384836121797,0.0905322860631711,1.0,0.0,0.0,0.0,1.0,z,24.882318264676094,0.005139405761449527,66,0.5078128581118218,False
teacher_majority_all_models__student_with_credit__z_plus_zsmooth,z_plus_zsmooth,LOGIT,eq_vol_downside_state_h1,equity,vol_downside,industry_pca1_share_12m_z_smooth,equity_cross_section,1074,-0.12699670336530555,0.12699670336530555,0.09983783685963284,0.05972774167913261,0.0,1.0,0.0,0.0,1.0,z_smooth,24.882318264676094,0.00510389353654378,67,0.5129167516483656,False
teacher_majority_all_models__student_with_credit__z_plus_zsmooth,z_plus_zsmooth,LOGIT,eq_vol_downside_state_h1,equity,vol_downside,industry_lambda_cov_diff_z,equity_cross_section,1074,-0.1269020725144,0.1269020725144,0.09716456907696573,0.07824905856512968,0.0,1.0,0.0,0.0,1.0,z,24.882318264676094,0.005100090400119796,68,0.5180168420484853,False
teacher_majority_all_models__student_with_credit__z_plus_zsmooth,z_plus_zsmooth,LOGIT,eq_vol_downside_state_h1,equity,vol_downside,tsy_lambda_cov_12m_z,treasury_rates,1074,0.1266833730740414,0.1266833730740414,0.10694373431280203,0.06367418148815125,1.0,0.0,0.002793296089385475,0.07262569832402235,1.0,z,24.882318264676094,0.005091301048660166,69,0.5231081430971455,False
teacher_majority_all_models__student_with_credit__z_plus_zsmooth,z_plus_zsmooth,LOGIT,eq_vol_downside_state_h1,equity,vol_downside,size_value_corr_avg_12m_z,equity_cross_section,1074,-0.12625020817591143,0.12625020817591143,0.09777088915558442,0.06891096076122613,0.0,1.0,0.0,0.0,1.0,z,24.882318264676094,0.005073892506034742,70,0.5281820356031802,False
teacher_majority_all_models__student_with_credit__z_plus_zsmooth,z_plus_zsmooth,LOGIT,eq_vol_downside_state_h1,equity,vol_downside,cfnai_level_z_smooth,macro,1074,-0.12381804314433657,0.12381804314433657,0.11671892415855811,0.059109760164288594,0.0,1.0,0.0,0.0,1.0,z_smooth,24.882318264676094,0.004976145784619815,71,0.5331581813878,False
teacher_majority_all_models__student_with_credit__z_plus_zsmooth,z_plus_zsmooth,LOGIT,eq_vol_downside_state_h1,equity,vol_downside,size_value_lambda_corr_12m_z,equity_cross_section,1074,0.1232907684328668,0.1232907684328668,0.09466666446595576,0.06657257979175897,1.0,0.0,0.0,0.0111731843575419,1.0,z,24.882318264676094,0.004954955045643604,72,0.5381131364334437,False
teacher_majority_all_models__student_with_credit__z_plus_zsmooth,z_plus_zsmooth,LOGIT,eq_vol_downside_state_h1,equity,vol_downside,tsy_lambda_corr_12m_z_smooth,treasury_rates,1074,-0.12216743201932011,0.12314133019796401,0.10283986311000148,0.08719226033242543,0.05865921787709497,0.9413407821229051,0.05307262569832402,0.164804469273743,0.9413407821229051,z_smooth,24.882318264676094,0.004948949245327363,73,0.543062085678771,False
teacher_majority_all_models__student_with_credit__z_plus_zsmooth,z_plus_zsmooth,LOGIT,eq_vol_downside_state_h1,equity,vol_downside,cross_bond_credit_ig_corr_12m_fisher_diff_z,treasury_rates,1074,-0.12152052582606715,0.12152052582606715,0.09782040424471575,0.0864837463747205,0.0,1.0,0.0,0.0,1.0,z,24.882318264676094,0.004883810444567073,74,0.5479458961233381,False
teacher_majority_all_models__student_with_credit__z_plus_zsmooth,z_plus_zsmooth,LOGIT,eq_vol_downside_state_h1,equity,vol_downside,factor_lambda_cov_12m_z_smooth,equity_cross_section,1074,-0.1212240244948049,0.12123128867122578,0.10565503456592741,0.08845280025837243,0.01675977653631285,0.9832402234636871,0.0,0.0,0.9832402234636871,z_smooth,24.882318264676094,0.004872186240111333,75,0.5528180823634494,False
teacher_majority_all_models__student_with_credit__z_plus_zsmooth,z_plus_zsmooth,LOGIT,eq_vol_downside_state_h1,equity,vol_downside,credit_ig_ret_6m_z,credit,1074,0.11761965776120141,0.11761965776120141,0.11928256710359803,0.06626923203950538,1.0,0.0,0.002793296089385475,0.0446927374301676,1.0,z,24.882318264676094,0.0047270377506656545,76,0.5575451201141151,False
teacher_majority_all_models__student_with_credit__z_plus_zsmooth,z_plus_zsmooth,LOGIT,eq_vol_downside_state_h1,equity,vol_downside,growth_avg_ret_z_smooth,other,1074,0.1175230385214795,0.1175230385214795,0.105371282063248,0.04615836294834142,1.0,0.0,0.0,0.0,1.0,z_smooth,24.882318264676094,0.004723154702523027,77,0.5622682748166381,False
teacher_majority_all_models__student_with_credit__z_plus_zsmooth,z_plus_zsmooth,LOGIT,eq_vol_downside_state_h1,equity,vol_downside,curve_10y_2y_diff_z,treasury_rates,1074,0.11660735006804931,0.11660735006804931,0.08592717144858295,0.09540788652436803,1.0,0.0,0.0,0.0,1.0,z,24.882318264676094,0.004686353933250249,78,0.5669546287498883,False
teacher_majority_all_models__student_with_credit__z_plus_zsmooth,z_plus_zsmooth,LOGIT,eq_vol_downside_state_h1,equity,vol_downside,tsy_lambda_cov_diff_z,treasury_rates,1074,-0.11567649032691767,0.1157536416180225,0.07275792444796958,0.09506971757422653,0.03910614525139665,0.9608938547486033,0.0,0.0,0.9608938547486033,z,24.882318264676094,0.004652044089571463,79,0.5716066728394599,False
teacher_majority_all_models__student_with_credit__z_plus_zsmooth,z_plus_zsmooth,LOGIT,eq_vol_downside_state_h1,equity,vol_downside,ff_rmw_z,equity_cross_section,1074,-0.10957006910961242,0.10973712267604722,0.07922427526513569,0.09510542387248536,0.027932960893854747,0.9720670391061452,0.0,0.00558659217877095,0.9720670391061452,z,24.882318264676094,0.00441024511899417,80,0.576016917958454,False
teacher_majority_all_models__student_with_credit__z_plus_zsmooth,z_plus_zsmooth,LOGIT,eq_vol_downside_state_h1,equity,vol_downside,crsp_ind12_manuf_z,other,1074,0.10825396471240725,0.10825396471240725,0.05803378899194969,0.09559222594652386,1.0,0.0,0.0,0.0,1.0,z,24.882318264676094,0.004350638214691145,81,0.5803675561731452,False
teacher_majority_all_models__student_with_credit__z_plus_zsmooth,z_plus_zsmooth,LOGIT,eq_vol_downside_state_h1,equity,vol_downside,crsp_ind12_utils_z,other,1074,-0.10755025883174348,0.10755265711907235,0.06066243498337133,0.1277501455302843,0.002793296089385475,0.9972067039106145,0.002793296089385475,0.055865921787709494,0.9972067039106145,z,24.882318264676094,0.004322453236672817,82,0.584690009409818,False
teacher_majority_all_models__student_with_credit__z_plus_zsmooth,z_plus_zsmooth,LOGIT,eq_vol_downside_state_h1,equity,vol_downside,crsp_tsy_1_3y_z,treasury_rates,1074,0.10753459334360065,0.10753459334360065,0.08612083278743621,0.0650054616463654,1.0,0.0,0.0,0.0,1.0,z,24.882318264676094,0.004321727268325352,83,0.5890117366781433,False
teacher_majority_all_models__student_with_credit__z_plus_zsmooth,z_plus_zsmooth,LOGIT,eq_vol_downside_state_h1,equity,vol_downside,tsy_short_ret_z,treasury_rates,1074,0.10753459334360065,0.10753459334360065,0.08612083278743621,0.0650054616463654,1.0,0.0,0.0,0.0,1.0,z,24.882318264676094,0.004321727268325352,84,0.5933334639464687,False
teacher_majority_all_models__student_with_credit__z_plus_zsmooth,z_plus_zsmooth,LOGIT,eq_vol_downside_state_h1,equity,vol_downside,industry_corr_avg_12m_z_smooth,equity_cross_section,1074,-0.10142288282035769,0.10142288282035769,0.07245995644472644,0.049742939900811266,0.0,1.0,0.0,0.0,1.0,z_smooth,24.882318264676094,0.004076102626029888,85,0.5974095665724986,False
teacher_majority_all_models__student_with_credit__z_plus_zsmooth,z_plus_zsmooth,LOGIT,eq_vol_downside_state_h1,equity,vol_downside,core_inflation_diff_z,macro,1074,-0.0911074099400901,0.10115659575827059,0.06258923983202523,0.08443240534785926,0.13128491620111732,0.8687150837988827,0.0,0.002793296089385475,0.8687150837988827,z,24.882318264676094,0.004065400767012791,86,0.6014749673395113,False
teacher_majority_all_models__student_with_credit__z_plus_zsmooth,z_plus_zsmooth,LOGIT,eq_vol_downside_state_h1,equity,vol_downside,crsp_ind12_nodur_z_smooth,other,1074,0.09931994915166734,0.10051592087772512,0.10220557163276102,0.05365528961838714,0.9664804469273743,0.0335195530726257,0.0111731843575419,0.0446927374301676,0.9664804469273743,z_smooth,24.882318264676094,0.004039652568081706,87,0.605514619907593,False
teacher_majority_all_models__student_with_credit__z_plus_zsmooth,z_plus_zsmooth,LOGIT,eq_vol_downside_state_h1,equity,vol_downside,credit_spread_diff_z,credit,1074,-0.02794900384411912,0.10038278597077713,0.09841157804575831,0.06880281032873173,0.4273743016759777,0.5726256983240223,0.002793296089385475,0.01675977653631285,0.5726256983240223,z,24.882318264676094,0.004034301985168498,88,0.6095489218927616,False
teacher_majority_all_models__student_with_credit__z_plus_zsmooth,z_plus_zsmooth,LOGIT,eq_vol_downside_state_h1,equity,vol_downside,cross_eq_bond_corr_12m_fisher_diff_z,treasury_rates,1074,-0.09916455708834665,0.09916455708834665,0.0755370058837077,0.053715878135611836,0.0,1.0,0.0,0.008379888268156424,1.0,z,24.882318264676094,0.003985342363742871,89,0.6135342642565045,False
teacher_majority_all_models__student_with_credit__z_plus_zsmooth,z_plus_zsmooth,LOGIT,eq_vol_downside_state_h1,equity,vol_downside,ff_smb_z_smooth,equity_cross_section,1074,-0.09781244961686222,0.09781244961686222,0.09418435819639764,0.03374480503122784,0.0,1.0,0.0,0.0,1.0,z_smooth,24.882318264676094,0.003931002271429049,90,0.6174652665279334,False
teacher_majority_all_models__student_with_credit__z_plus_zsmooth,z_plus_zsmooth,LOGIT,eq_vol_downside_state_h1,equity,vol_downside,vix_logdiff_z_smooth,volatility_dependence,1074,-0.09674663254130016,0.09674663254130016,0.08558255558613603,0.052102516786905334,0.0,1.0,0.0,0.019553072625698324,1.0,z_smooth,24.882318264676094,0.0038881679557425095,91,0.621353434483676,False
teacher_majority_all_models__student_with_credit__z_plus_zsmooth,z_plus_zsmooth,LOGIT,eq_vol_downside_state_h1,equity,vol_downside,nfci_diff_z_smooth,financial_conditions,1074,-0.0963026731958281,0.0963026731958281,0.07092451278651746,0.06737831166305439,0.0,1.0,0.0,0.0,1.0,z_smooth,24.882318264676094,0.0038703255931157796,92,0.6252237600767918,False
teacher_majority_all_models__student_with_credit__z_plus_zsmooth,z_plus_zsmooth,LOGIT,eq_vol_downside_state_h1,equity,vol_downside,cmdty_ret_6m_z,commodities,1074,0.09380372964628278,0.09508467695394489,0.0764140038612216,0.08969806793234045,0.946927374301676,0.05307262569832402,0.0,0.019553072625698324,0.946927374301676,z,24.882318264676094,0.0038213753213232862,93,0.629045135398115,False
teacher_majority_all_models__student_with_credit__z_plus_zsmooth,z_plus_zsmooth,LOGIT,eq_vol_downside_state_h1,equity,vol_downside,factor_lambda_corr_diff_z,equity_cross_section,1074,0.09146647021041694,0.09330098333407744,0.07236253113906899,0.06964387946199449,0.9301675977653632,0.06983240223463687,0.0,0.0,0.9301675977653632,z,24.882318264676094,0.0037496901350438532,94,0.6327948255331589,False
teacher_majority_all_models__student_with_credit__z_plus_zsmooth,z_plus_zsmooth,LOGIT,eq_vol_downside_state_h1,equity,vol_downside,credit_spread_diff_z_smooth,credit,1074,0.032919211959715755,0.09178188269370291,0.10279191331666629,0.06337889809683928,0.6871508379888268,0.3128491620111732,0.0,0.0,0.6871508379888268,z_smooth,24.882318264676094,0.0036886387239889957,95,0.6364834642571479,False
teacher_majority_all_models__student_with_credit__z_plus_zsmooth,z_plus_zsmooth,LOGIT,eq_vol_downside_state_h1,equity,vol_downside,policy_rate_diff_z_smooth,treasury_rates,1074,0.08949930262129781,0.09139544684203713,0.07379196313297329,0.07851546289790128,0.9134078212290503,0.08659217877094973,0.0,0.0,0.9134078212290503,z_smooth,24.882318264676094,0.003673108183484079,96,0.640156572440632,False
teacher_majority_all_models__student_with_credit__z_plus_zsmooth,z_plus_zsmooth,LOGIT,eq_vol_downside_state_h1,equity,vol_downside,industry_best_minus_worst_6m_z,equity_cross_section,1074,-0.08996637632343434,0.09084129574289342,0.07891189128805473,0.06444679030202519,0.0223463687150838,0.9776536312849162,0.0,0.0,0.9776536312849162,z,24.882318264676094,0.003650837304490846,97,0.6438074097451228,False
teacher_majority_all_models__student_with_credit__z_plus_zsmooth,z_plus_zsmooth,LOGIT,eq_vol_downside_state_h1,equity,vol_downside,small_minus_big_z_smooth,equity_cross_section,1074,-0.09074508178782707,0.09074508178782707,0.08391690117341982,0.03311444948820153,0.0,1.0,0.0,0.0,1.0,z_smooth,24.882318264676094,0.003646970544406721,98,0.6474543802895295,False
teacher_majority_all_models__student_with_credit__z_plus_zsmooth,z_plus_zsmooth,LOGIT,eq_vol_downside_state_h1,equity,vol_downside,tsy_ret_dispersion_6m_z_smooth,treasury_rates,1074,-0.08912532933439336,0.08985705346382786,0.07680901727186172,0.049477725304761966,0.008379888268156424,0.9916201117318436,0.0,0.0,0.9916201117318436,z_smooth,24.882318264676094,0.0036112814130905327,99,0.65106566170262,False
teacher_majority_all_models__student_with_credit__z_plus_zsmooth,z_plus_zsmooth,LOGIT,eq_vol_downside_state_h1,equity,vol_downside,size_value_lambda_corr_diff_z_smooth,equity_cross_section,1074,0.08952433063038752,0.08952433063038752,0.06875651428110383,0.06400159825790355,1.0,0.0,0.0,0.0,1.0,z_smooth,24.882318264676094,0.003597909554813457,100,0.6546635712574336,False
teacher_majority_all_models__student_with_credit__z_plus_zsmooth,z_plus_zsmooth,LOGIT,eq_vol_downside_state_h1,equity,vol_downside,nfci_diff_z,financial_conditions,1074,0.08862781652776962,0.08880152906216589,0.038401660441281946,0.1142169146749108,0.9832402234636871,0.01675977653631285,0.0,0.0,0.9832402234636871,z,24.882318264676094,0.0035688607515414667,101,0.658232432008975,False
teacher_majority_all_models__student_with_credit__z_plus_zsmooth,z_plus_zsmooth,LOGIT,eq_vol_downside_state_h1,equity,vol_downside,industry_rotation_speed_12m_z_smooth,equity_cross_section,1074,0.08637037702763203,0.08863851882985259,0.06744599767588907,0.060613086206695845,0.9441340782122905,0.055865921787709494,0.0,0.0,0.9441340782122905,z_smooth,24.882318264676094,0.003562309503760639,102,0.6617947415127357,False
teacher_majority_all_models__student_with_credit__z_plus_zsmooth,z_plus_zsmooth,LOGIT,eq_vol_downside_state_h1,equity,vol_downside,credit_hy_proxy_ret_z,credit,1074,0.08786815139653262,0.08786815139653262,0.08168374927836355,0.04475656106079693,1.0,0.0,0.0,0.0,1.0,z,24.882318264676094,0.0035313490673123354,103,0.665326090580048,False
teacher_majority_all_models__student_with_credit__z_plus_zsmooth,z_plus_zsmooth,LOGIT,eq_vol_downside_state_h1,equity,vol_downside,curve_belly_diff_z_smooth,treasury_rates,1074,-0.08590533349501032,0.0863417821844487,0.087468323363014,0.06110599955276639,0.055865921787709494,0.9441340782122905,0.0,0.0,0.9441340782122905,z_smooth,24.882318264676094,0.0034700055383112293,104,0.6687960961183592,False
teacher_majority_all_models__student_with_credit__z_plus_zsmooth,z_plus_zsmooth,LOGIT,eq_vol_downside_state_h1,equity,vol_downside,tsy_20y_minus_1_3y_z_smooth,treasury_rates,1074,-0.08565104317126304,0.08569535097974677,0.055559956865897514,0.08224435688046293,0.008379888268156424,0.9916201117318436,0.0,0.0,0.9916201117318436,z_smooth,24.882318264676094,0.003444025997424976,105,0.6722401221157842,False
teacher_majority_all_models__student_with_credit__z_plus_zsmooth,z_plus_zsmooth,LOGIT,eq_vol_downside_state_h1,equity,vol_downside,crsp_ind12_durbl_z_smooth,other,1074,-0.057715491112523123,0.08515104177089658,0.051274901252645055,0.08405660892814364,0.4441340782122905,0.5558659217877095,0.0,0.04748603351955307,0.5558659217877095,z_smooth,24.882318264676094,0.0034221506559451217,106,0.6756622727717293,False
teacher_majority_all_models__student_with_credit__z_plus_zsmooth,z_plus_zsmooth,LOGIT,eq_vol_downside_state_h1,equity,vol_downside,credit_hy_ig_corr_12m_fisher_z_smooth,credit,1074,0.0843236174264297,0.0843236174264297,0.05958538353331343,0.07076858252612708,1.0,0.0,0.0335195530726257,0.0446927374301676,1.0,z_smooth,24.882318264676094,0.0033888971489500954,107,0.6790511699206794,False
teacher_majority_all_models__student_with_credit__z_plus_zsmooth,z_plus_zsmooth,LOGIT,eq_vol_downside_state_h1,equity,vol_downside,tsy_long_minus_short_z_smooth,treasury_rates,1074,-0.08427771854566,0.08428683643027923,0.05611013301022778,0.07839759804397899,0.00558659217877095,0.994413407821229,0.0,0.0,0.994413407821229,z_smooth,24.882318264676094,0.003387418950827267,108,0.6824385888715067,False
teacher_majority_all_models__student_with_credit__z_plus_zsmooth,z_plus_zsmooth,LOGIT,eq_vol_downside_state_h1,equity,vol_downside,factor_lambda_cov_12m_z,equity_cross_section,1074,-0.08400374987305044,0.08401320262720312,0.07835550792953469,0.056782708527955396,0.008379888268156424,0.9916201117318436,0.0,0.0,0.9916201117318436,z,24.882318264676094,0.0033764218323045696,109,0.6858150107038112,False
teacher_majority_all_models__student_with_credit__z_plus_zsmooth,z_plus_zsmooth,LOGIT,eq_vol_downside_state_h1,equity,vol_downside,rho_12m_eq_fi_fisher_diff_z,volatility_dependence,1074,-0.044290443501298474,0.08357704170512874,0.07015727373307229,0.05518408915570628,0.20391061452513967,0.7960893854748603,0.0,0.0,0.7960893854748603,z,24.882318264676094,0.0033588928819296535,110,0.6891739035857409,False
teacher_majority_all_models__student_with_credit__z_plus_zsmooth,z_plus_zsmooth,LOGIT,eq_vol_downside_state_h1,equity,vol_downside,curve_10y_2y_diff_z_smooth,treasury_rates,1074,-0.07176298030560646,0.08346645041912194,0.08394948158350668,0.047096650618069856,0.20670391061452514,0.7932960893854749,0.0,0.0,0.7932960893854749,z_smooth,24.882318264676094,0.0033544483086856967,111,0.6925283518944266,False
teacher_majority_all_models__student_with_credit__z_plus_zsmooth,z_plus_zsmooth,LOGIT,eq_vol_downside_state_h1,equity,vol_downside,factor_corr_avg_12m_z,equity_cross_section,1074,0.07521473039330737,0.08047760735511605,0.039172872368840754,0.09154803687175636,0.8491620111731844,0.15083798882681565,0.0,0.0,0.8491620111731844,z,24.882318264676094,0.003234329152897509,112,0.6957626810473241,False
teacher_majority_all_models__student_with_credit__z_plus_zsmooth,z_plus_zsmooth,LOGIT,eq_vol_downside_state_h1,equity,vol_downside,industry_lambda_corr_12m_z_smooth,equity_cross_section,1074,-0.07809396029339412,0.07948321288021272,0.06298627256974959,0.05581777861024908,0.10335195530726257,0.8966480446927374,0.0,0.0,0.8966480446927374,z_smooth,24.882318264676094,0.003194365253058039,113,0.6989570463003821,False
teacher_majority_all_models__student_with_credit__z_plus_zsmooth,z_plus_zsmooth,LOGIT,eq_vol_downside_state_h1,equity,vol_downside,factor_pca1_share_12m_z_smooth,equity_cross_section,1074,-0.07777636848910588,0.07928047174347706,0.0714789360776382,0.05191256715538899,0.0670391061452514,0.9329608938547486,0.0,0.0,0.9329608938547486,z_smooth,24.882318264676094,0.0031862172527560143,114,0.7021432635531382,False
teacher_majority_all_models__student_with_credit__z_plus_zsmooth,z_plus_zsmooth,LOGIT,eq_vol_downside_state_h1,equity,vol_downside,bond_10y_mom_diff_z_smooth,treasury_rates,1074,-0.06954339255303889,0.07840985428091822,0.05782026135556724,0.057101616537309025,0.12290502793296089,0.8770949720670391,0.0,0.0,0.8770949720670391,z_smooth,24.882318264676094,0.00315122784970691,115,0.7052944914028451,False
teacher_majority_all_models__student_with_credit__z_plus_zsmooth,z_plus_zsmooth,LOGIT,eq_vol_downside_state_h1,equity,vol_downside,smme_vwret_z_smooth,other,1074,-0.07745905206519937,0.07745905206519937,0.06656547411180455,0.05466453218425239,0.0,1.0,0.0,0.0,1.0,z_smooth,24.882318264676094,0.003113015887075251,116,0.7084075072899203,False
teacher_majority_all_models__student_with_credit__z_plus_zsmooth,z_plus_zsmooth,LOGIT,eq_vol_downside_state_h1,equity,vol_downside,crsp_ind12_shops_z_smooth,other,1074,-0.07660601461899262,0.07671403201450906,0.06307207466654163,0.05242067977451441,0.0223463687150838,0.9776536312849162,0.0,0.0,0.9776536312849162,z_smooth,24.882318264676094,0.0030830741411830296,117,0.7114905814311033,False
teacher_majority_all_models__student_with_credit__z_plus_zsmooth,z_plus_zsmooth,LOGIT,eq_vol_downside_state_h1,equity,vol_downside,credit_ret_dispersion_6m_z,credit,1074,-0.07603686823189951,0.07611465779113734,0.06892009420553386,0.038851324217310405,0.00558659217877095,0.994413407821229,0.0,0.0,0.994413407821229,z,24.882318264676094,0.0030589857818510693,118,0.7145495672129544,False
teacher_majority_all_models__student_with_credit__z_plus_zsmooth,z_plus_zsmooth,LOGIT,eq_vol_downside_state_h1,equity,vol_downside,credit_hy_minus_ig_z,credit,1074,0.0721737587392997,0.0759442000679926,0.04036387261948693,0.056479701722357015,0.9329608938547486,0.0670391061452514,0.0,0.0,0.9329608938547486,z,24.882318264676094,0.003052135225510958,119,0.7176017024384653,False
teacher_majority_all_models__student_with_credit__z_plus_zsmooth,z_plus_zsmooth,LOGIT,eq_vol_downside_state_h1,equity,vol_downside,cmdty_broad_aqr_ret_z_smooth,commodities,1074,0.07494483307203363,0.0756140180347749,0.06741486383868667,0.038390954879799224,0.9413407821229051,0.05865921787709497,0.0,0.0,0.9413407821229051,z_smooth,24.882318264676094,0.003038865479914687,120,0.72064056791838,False
teacher_majority_all_models__student_with_credit__z_plus_zsmooth,z_plus_zsmooth,LOGIT,eq_vol_downside_state_h1,equity,vol_downside,cmdty_ret_1m_z_smooth,commodities,1074,0.07494483307203363,0.0756140180347749,0.06741486383868667,0.038390954879799224,0.9413407821229051,0.05865921787709497,0.0,0.0,0.9413407821229051,z_smooth,24.882318264676094,0.003038865479914687,121,0.7236794333982948,False
teacher_majority_all_models__student_with_credit__z_plus_zsmooth,z_plus_zsmooth,LOGIT,eq_vol_downside_state_h1,equity,vol_downside,size_value_rotation_speed_12m_z,equity_cross_section,1074,-0.07431298719773491,0.07546821913318916,0.05351307528607878,0.04838583098664521,0.0111731843575419,0.9888268156424581,0.0,0.0,0.9888268156424581,z,24.882318264676094,0.0030330059414249507,122,0.7267124393397197,False
teacher_majority_all_models__student_with_credit__z_plus_zsmooth,z_plus_zsmooth,LOGIT,eq_vol_downside_state_h1,equity,vol_downside,factor_rotation_speed_12m_z,equity_cross_section,1074,-0.07546097789182596,0.07546097789182596,0.06285161497597819,0.046564281431033076,0.0,1.0,0.0,0.0,1.0,z,24.882318264676094,0.00303271492186294,123,0.7297451542615826,False
teacher_majority_all_models__student_with_credit__z_plus_zsmooth,z_plus_zsmooth,LOGIT,eq_vol_downside_state_h1,equity,vol_downside,cmdty_vol_12m_z,commodities,1074,-0.006716704388462754,0.07476423253116785,0.06719450907878691,0.04680841457857572,0.4776536312849162,0.5223463687150838,0.013966480446927373,0.05027932960893855,0.5223463687150838,z,24.882318264676094,0.003004713296240811,124,0.7327498675578235,False
teacher_majority_all_models__student_with_credit__z_plus_zsmooth,z_plus_zsmooth,LOGIT,eq_vol_downside_state_h1,equity,vol_downside,credit_hy_ret_6m_z,credit,1074,-0.014129246202434465,0.07389244480335322,0.064952755239716,0.04715436687061284,0.2849162011173184,0.7150837988826816,0.0,0.0,0.7150837988826816,z,24.882318264676094,0.0029696768611891682,125,0.7357195444190127,False
teacher_majority_all_models__student_with_credit__z_plus_zsmooth,z_plus_zsmooth,LOGIT,eq_vol_downside_state_h1,equity,vol_downside,curve_belly_diff_z,treasury_rates,1074,0.06480282005262468,0.07379293991129318,0.048480673775571095,0.05394634398577024,0.8212290502793296,0.1787709497206704,0.0,0.0,0.8212290502793296,z,24.882318264676094,0.002965677841041544,126,0.7386852222600542,False
teacher_majority_all_models__student_with_credit__z_plus_zsmooth,z_plus_zsmooth,LOGIT,eq_vol_downside_state_h1,equity,vol_downside,crsp_tsy_20y_plus_z_smooth,treasury_rates,1074,-0.07314534913710517,0.0736440128841943,0.03680887620567344,0.07805252395053469,0.0782122905027933,0.9217877094972067,0.0,0.0,0.9217877094972067,z_smooth,24.882318264676094,0.002959692585748419,127,0.7416449148458025,False
teacher_majority_all_models__student_with_credit__z_plus_zsmooth,z_plus_zsmooth,LOGIT,eq_vol_downside_state_h1,equity,vol_downside,cross_bond_cmdty_corr_12m_fisher_diff_z,treasury_rates,1074,0.045907046776108615,0.07328064335243928,0.02792110877925339,0.08903233067581535,0.505586592178771,0.49441340782122906,0.0,0.0,0.505586592178771,z,24.882318264676094,0.002945089061756409,128,0.744590003907559,False
teacher_majority_all_models__student_with_credit__z_plus_zsmooth,z_plus_zsmooth,LOGIT,eq_vol_downside_state_h1,equity,vol_downside,ff_cma_z_smooth,equity_cross_section,1074,-0.04111121874633612,0.07292077896508758,0.06808257594404599,0.05094835414181044,0.29329608938547486,0.7067039106145251,0.0,0.0,0.7067039106145251,z_smooth,24.882318264676094,0.002930626406648321,129,0.7475206303142073,False
teacher_majority_all_models__student_with_credit__z_plus_zsmooth,z_plus_zsmooth,LOGIT,eq_vol_downside_state_h1,equity,vol_downside,credit_hy_ig_corr_12m_fisher_z,credit,1074,0.07214098233869237,0.07214098233869237,0.056911577074610156,0.05701083217265296,1.0,0.0,0.0,0.002793296089385475,1.0,z,24.882318264676094,0.002899287018649967,130,0.7504199173328573,False
teacher_majority_all_models__student_with_credit__z_plus_zsmooth,z_plus_zsmooth,LOGIT,eq_vol_downside_state_h1,equity,vol_downside,rv_60d_logdiff_z_smooth,volatility_dependence,1074,-0.06501296676511657,0.07201251141103647,0.052174321485192965,0.06044814268153419,0.22905027932960895,0.770949720670391,0.0,0.002793296089385475,0.770949720670391,z_smooth,24.882318264676094,0.0028941238772461257,131,0.7533140412101034,False
teacher_majority_all_models__student_with_credit__z_plus_zsmooth,z_plus_zsmooth,LOGIT,eq_vol_downside_state_h1,equity,vol_downside,tsy_long_ret_z_smooth,treasury_rates,1074,-0.07131895215927117,0.07191995986853328,0.04272017826603568,0.07384632583111408,0.07262569832402235,0.9273743016759777,0.0,0.0,0.9273743016759777,z_smooth,24.882318264676094,0.002890404306524511,132,0.7562044455166279,False
teacher_majority_all_models__student_with_credit__z_plus_zsmooth,z_plus_zsmooth,LOGIT,eq_vol_downside_state_h1,equity,vol_downside,industry_lambda_corr_diff_z,equity_cross_section,1074,0.0718659940907644,0.0718659940907644,0.0601487992019359,0.046740836926518765,1.0,0.0,0.0,0.0,1.0,z,24.882318264676094,0.0028882354660975523,133,0.7590926809827254,False
teacher_majority_all_models__student_with_credit__z_plus_zsmooth,z_plus_zsmooth,LOGIT,eq_vol_downside_state_h1,equity,vol_downside,size_value_pca1_share_12m_z_smooth,equity_cross_section,1074,-0.07172714556346545,0.07172714556346545,0.05886861760149578,0.03886894728872656,0.0,1.0,0.0,0.0,1.0,z_smooth,24.882318264676094,0.0028826552574601574,134,0.7619753362401857,False
teacher_majority_all_models__student_with_credit__z_plus_zsmooth,z_plus_zsmooth,LOGIT,eq_vol_downside_state_h1,equity,vol_downside,big_avg_ret_z_smooth,credit,1074,0.07145353867605198,0.07145353867605198,0.06254572473181477,0.029978585158193335,1.0,0.0,0.0,0.0,1.0,z_smooth,24.882318264676094,0.0028716592206559062,135,0.7648469954608416,False
teacher_majority_all_models__student_with_credit__z_plus_zsmooth,z_plus_zsmooth,LOGIT,eq_vol_downside_state_h1,equity,vol_downside,tsy_ret_dispersion_6m_z,treasury_rates,1074,-0.06423893406590722,0.07138001502108306,0.07532199422016417,0.03447595369240291,0.10893854748603352,0.8910614525139665,0.0,0.008379888268156424,0.8910614525139665,z,24.882318264676094,0.002868704365156236,136,0.7677156998259977,False
teacher_majority_all_models__student_with_credit__z_plus_zsmooth,z_plus_zsmooth,LOGIT,eq_vol_downside_state_h1,equity,vol_downside,bihi_vwret_z,other,1074,0.07002640882140855,0.07105887237219932,0.04308959149187132,0.0661553827407604,0.9301675977653632,0.06983240223463687,0.0,0.0,0.9301675977653632,z,24.882318264676094,0.0028557979050158385,137,0.7705714977310136,False
teacher_majority_all_models__student_with_credit__z_plus_zsmooth,z_plus_zsmooth,LOGIT,eq_vol_downside_state_h1,equity,vol_downside,factor_corr_absavg_12m_z_smooth,equity_cross_section,1074,-0.06658057053056154,0.07030146846227858,0.06484926258873727,0.04851124043439956,0.13128491620111732,0.8687150837988827,0.0,0.0,0.8687150837988827,z_smooth,24.882318264676094,0.0028253584619597634,138,0.7733968561929734,False
teacher_majority_all_models__student_with_credit__z_plus_zsmooth,z_plus_zsmooth,LOGIT,eq_vol_downside_state_h1,equity,vol_downside,industry_lambda_cov_12m_z,equity_cross_section,1074,0.027187098069442115,0.07014118905723125,0.07111192474621061,0.04021740784117371,0.6843575418994413,0.31564245810055863,0.0,0.0,0.6843575418994413,z,24.882318264676094,0.002818916963891038,139,0.7762157731568644,False
teacher_majority_all_models__student_with_credit__z_plus_zsmooth,z_plus_zsmooth,LOGIT,eq_vol_downside_state_h1,equity,vol_downside,tsy_corr_absavg_12m_z_smooth,treasury_rates,1074,0.059245502866917106,0.0697522154486183,0.04945178775641294,0.06435039872407418,0.8659217877094972,0.1340782122905028,0.0,0.0,0.8659217877094972,z_smooth,24.882318264676094,0.002803284433012066,140,0.7790190575898764,False
teacher_majority_all_models__student_with_credit__z_plus_zsmooth,z_plus_zsmooth,LOGIT,eq_vol_downside_state_h1,equity,vol_downside,tsy_corr_avg_12m_z_smooth,treasury_rates,1074,0.059245502866917106,0.0697522154486183,0.04945178775641294,0.06435039872407418,0.8659217877094972,0.1340782122905028,0.0,0.0,0.8659217877094972,z_smooth,24.882318264676094,0.002803284433012066,141,0.7818223420228886,False
teacher_majority_all_models__student_with_credit__z_plus_zsmooth,z_plus_zsmooth,LOGIT,eq_vol_downside_state_h1,equity,vol_downside,tsy_pca1_share_12m_z_smooth,treasury_rates,1074,0.05897097922406891,0.06970232033807852,0.05005304655688874,0.06464005446509577,0.8631284916201117,0.13687150837988826,0.0,0.0,0.8631284916201117,z_smooth,24.882318264676094,0.0028012791893684058,142,0.7846236212122569,False
teacher_majority_all_models__student_with_credit__z_plus_zsmooth,z_plus_zsmooth,LOGIT,eq_vol_downside_state_h1,equity,vol_downside,size_value_lambda_cov_diff_z_smooth,equity_cross_section,1074,0.069683484863288,0.069683484863288,0.054685869832394686,0.04179472080694107,1.0,0.0,0.0,0.0,1.0,z_smooth,24.882318264676094,0.0028005222070571047,143,0.787424143419314,False
teacher_majority_all_models__student_with_credit__z_plus_zsmooth,z_plus_zsmooth,LOGIT,eq_vol_downside_state_h1,equity,vol_downside,ff_cma_z,equity_cross_section,1074,-0.015771815117723024,0.06918533492602169,0.04914488354312099,0.08154100679001083,0.4273743016759777,0.5726256983240223,0.0,0.0,0.5726256983240223,z,24.882318264676094,0.0027805019689117905,144,0.7902046453882259,False
teacher_majority_all_models__student_with_credit__z_plus_zsmooth,z_plus_zsmooth,LOGIT,eq_vol_downside_state_h1,equity,vol_downside,size_value_corr_absavg_12m_z_smooth,equity_cross_section,1074,-0.06870008659616354,0.06870008659616354,0.059706083514746905,0.03736564914757706,0.0,1.0,0.0,0.0,1.0,z_smooth,24.882318264676094,0.002761000235805715,145,0.7929656456240316,False
teacher_majority_all_models__student_with_credit__z_plus_zsmooth,z_plus_zsmooth,LOGIT,eq_vol_downside_state_h1,equity,vol_downside,industry_pca1_share_diff_z,equity_cross_section,1074,0.06655963937262369,0.0685067390581698,0.03263582090028582,0.07547100523281138,0.8938547486033519,0.10614525139664804,0.0,0.0,0.8938547486033519,z,24.882318264676094,0.0027532297565466247,146,0.7957188753805782,False
teacher_majority_all_models__student_with_credit__z_plus_zsmooth,z_plus_zsmooth,LOGIT,eq_vol_downside_state_h1,equity,vol_downside,bilo_vwret_z_smooth,other,1074,0.06822861220196993,0.06822861220196993,0.06636246321291935,0.020459907179860334,1.0,0.0,0.0,0.0,1.0,z_smooth,24.882318264676094,0.0027420520658973293,147,0.7984609274464755,False
teacher_majority_all_models__student_with_credit__z_plus_zsmooth,z_plus_zsmooth,LOGIT,eq_vol_downside_state_h1,equity,vol_downside,vix_logdiff_z,volatility_dependence,1074,0.005794859753391768,0.0674209667154589,0.06126246065772439,0.043750300882712624,0.5642458100558659,0.43575418994413406,0.0,0.0,0.5642458100558659,z,24.882318264676094,0.0027095934550106743,148,0.8011705209014862,False
teacher_majority_all_models__student_with_credit__z_plus_zsmooth,z_plus_zsmooth,LOGIT,eq_vol_downside_state_h1,equity,vol_downside,ff_rmw_minus_cma_z,equity_cross_section,1074,-0.06425547005511874,0.06697373543069822,0.03948147991422847,0.06212616926516535,0.20391061452513967,0.7960893854748603,0.0,0.0,0.7960893854748603,z,24.882318264676094,0.0026916195958226583,149,0.8038621404973089,False
teacher_majority_all_models__student_with_credit__z_plus_zsmooth,z_plus_zsmooth,LOGIT,eq_vol_downside_state_h1,equity,vol_downside,crsp_tsy_10_20y_z_smooth,treasury_rates,1074,-0.06495229550234582,0.0657558259866396,0.04366228440320229,0.06425600070430205,0.07262569832402235,0.9273743016759777,0.0,0.0,0.9273743016759777,z_smooth,24.882318264676094,0.002642672812363674,150,0.8065048133096725,False
teacher_majority_all_models__student_with_credit__z_plus_zsmooth,z_plus_zsmooth,LOGIT,eq_vol_downside_state_h1,equity,vol_downside,rv_60d_logdiff_z,volatility_dependence,1074,-0.021708169205229604,0.06534091840661067,0.04215361442134903,0.04722579823232199,0.2709497206703911,0.729050279329609,0.0,0.0,0.729050279329609,z,24.882318264676094,0.0026259980164055363,151,0.809130811326078,False
teacher_majority_all_models__student_with_credit__z_plus_zsmooth,z_plus_zsmooth,LOGIT,eq_vol_downside_state_h1,equity,vol_downside,ff_rmw_minus_cma_z_smooth,equity_cross_section,1074,0.020747303586867133,0.06529641396232094,0.06601735539622294,0.03850123757939463,0.6815642458100558,0.31843575418994413,0.0,0.0,0.6815642458100558,z_smooth,24.882318264676094,0.002624209419225148,152,0.8117550207453031,False
teacher_majority_all_models__student_with_credit__z_plus_zsmooth,z_plus_zsmooth,LOGIT,eq_vol_downside_state_h1,equity,vol_downside,tsy_rotation_speed_12m_z_smooth,treasury_rates,1074,-0.05510070597075748,0.06483459678385001,0.057828084067971734,0.033183957977242856,0.10893854748603352,0.8910614525139665,0.0,0.0,0.8910614525139665,z_smooth,24.882318264676094,0.0026056493649103314,153,0.8143606701102135,False
teacher_majority_all_models__student_with_credit__z_plus_zsmooth,z_plus_zsmooth,LOGIT,eq_vol_downside_state_h1,equity,vol_downside,cross_eq_bond_corr_12m_fisher_diff_z_smooth,treasury_rates,1074,-0.061599900858700395,0.06457722084238963,0.044645934757007635,0.06412766764509584,0.09217877094972067,0.9078212290502793,0.0,0.0,0.9078212290502793,z_smooth,24.882318264676094,0.002595305636535723,154,0.8169559757467493,False
teacher_majority_all_models__student_with_credit__z_plus_zsmooth,z_plus_zsmooth,LOGIT,eq_vol_downside_state_h1,equity,vol_downside,rho_12m_eq_fi_fisher_diff_z_smooth,volatility_dependence,1074,-0.063757085415262,0.06383985049021676,0.049603462182585115,0.05738138566850585,0.00558659217877095,0.994413407821229,0.0,0.0,0.994413407821229,z_smooth,24.882318264676094,0.0025656713257641386,155,0.8195216470725134,False
teacher_majority_all_models__student_with_credit__z_plus_zsmooth,z_plus_zsmooth,LOGIT,eq_vol_downside_state_h1,equity,vol_downside,bond_10y_mom_diff_z,treasury_rates,1074,0.06380366195635574,0.06380836138490523,0.055496386865477046,0.041810244686815455,0.9916201117318436,0.008379888268156424,0.0,0.0,0.9916201117318436,z,24.882318264676094,0.0025644058044016764,156,0.822086052876915,False
teacher_majority_all_models__student_with_credit__z_plus_zsmooth,z_plus_zsmooth,LOGIT,eq_vol_downside_state_h1,equity,vol_downside,credit_ret_dispersion_1m_z,credit,1074,-0.034279560312260295,0.06370594418241239,0.06241668158402568,0.049628515661340106,0.2206703910614525,0.7793296089385475,0.0,0.0,0.7793296089385475,z,24.882318264676094,0.0025602897408820552,157,0.8246463426177971,False
teacher_majority_all_models__student_with_credit__z_plus_zsmooth,z_plus_zsmooth,LOGIT,eq_vol_downside_state_h1,equity,vol_downside,factor_lambda_corr_12m_z,equity_cross_section,1074,-0.06339210071851761,0.06339210071851761,0.05455714290373419,0.033047331564224416,0.0,1.0,0.0,0.0,1.0,z,24.882318264676094,0.0025476766290105494,158,0.8271940192468077,False
teacher_majority_all_models__student_with_credit__z_plus_zsmooth,z_plus_zsmooth,LOGIT,eq_vol_downside_state_h1,equity,vol_downside,equity_market_level_z_smooth,other,1074,0.06279742921957854,0.06281752705655745,0.061228714918004454,0.025968846279120415,0.9972067039106145,0.002793296089385475,0.0,0.0,0.9972067039106145,z_smooth,24.882318264676094,0.002524584983937596,159,0.8297186042307453,False
teacher_majority_all_models__student_with_credit__z_plus_zsmooth,z_plus_zsmooth,LOGIT,eq_vol_downside_state_h1,equity,vol_downside,tsy_lambda_cov_12m_z_smooth,treasury_rates,1074,-0.018999196914716854,0.06272545981211729,0.05156686651675001,0.0391554451749266,0.3435754189944134,0.6564245810055865,0.0,0.0,0.6564245810055865,z_smooth,24.882318264676094,0.0025208848767586415,160,0.8322394891075039,False
teacher_majority_all_models__student_with_credit__z_plus_zsmooth,z_plus_zsmooth,LOGIT,eq_vol_downside_state_h1,equity,vol_downside,factor_rotation_speed_12m_z_smooth,equity_cross_section,1074,0.05411403327851429,0.06264921400438624,0.047960198690041894,0.06236948686842606,0.7597765363128491,0.24022346368715083,0.0,0.0,0.7597765363128491,z_smooth,24.882318264676094,0.002517820620168077,161,0.834757309727672,False
teacher_majority_all_models__student_with_credit__z_plus_zsmooth,z_plus_zsmooth,LOGIT,eq_vol_downside_state_h1,equity,vol_downside,crsp_ind12_money_z,other,1074,0.05292645585663159,0.06240082415603764,0.03843227359625927,0.06307143371391905,0.8128491620111732,0.1871508379888268,0.0,0.0,0.8128491620111732,z,24.882318264676094,0.002507838035518751,162,0.8372651477631907,False
teacher_majority_all_models__student_with_credit__z_plus_zsmooth,z_plus_zsmooth,LOGIT,eq_vol_downside_state_h1,equity,vol_downside,size_value_ret_dispersion_1m_z,equity_cross_section,1074,-0.061567957849844424,0.0623896764102408,0.03999833395525586,0.05295316979271615,0.055865921787709494,0.9441340782122905,0.0,0.0,0.9441340782122905,z,24.882318264676094,0.0025073900167417924,163,0.8397725377799325,False
teacher_majority_all_models__student_with_credit__z_plus_zsmooth,z_plus_zsmooth,LOGIT,eq_vol_downside_state_h1,equity,vol_downside,cmdty_sharpe_12m_z_smooth,commodities,1074,-0.04065409372188262,0.059947696674856464,0.030634336363656783,0.07555889037618853,0.45251396648044695,0.547486033519553,0.0,0.00558659217877095,0.547486033519553,z_smooth,24.882318264676094,0.002409248850416022,164,0.8421817866303486,False
teacher_majority_all_models__student_with_credit__z_plus_zsmooth,z_plus_zsmooth,LOGIT,eq_vol_downside_state_h1,equity,vol_downside,industry_lambda_corr_12m_z,equity_cross_section,1074,0.028869537380500927,0.059764571603909515,0.05778381251877884,0.039617417613472865,0.5810055865921788,0.41899441340782123,0.0,0.0,0.5810055865921788,z,24.882318264676094,0.0024018892037384484,165,0.844583675834087,False
teacher_majority_all_models__student_with_credit__z_plus_zsmooth,z_plus_zsmooth,LOGIT,eq_vol_downside_state_h1,equity,vol_downside,cross_bond_proxy_ret_z_smooth,treasury_rates,1074,-0.05652501397300812,0.05887733211619583,0.03749355178109923,0.06063483953694012,0.13128491620111732,0.8687150837988827,0.0,0.0,0.8687150837988827,z_smooth,24.882318264676094,0.002366231775106758,166,0.8469499076091938,False
teacher_majority_all_models__student_with_credit__z_plus_zsmooth,z_plus_zsmooth,LOGIT,eq_vol_downside_state_h1,equity,vol_downside,size_value_corr_avg_12m_z_smooth,equity_cross_section,1074,-0.05874574973755479,0.058762073290102634,0.05092446212172339,0.03512053615854261,0.002793296089385475,0.9972067039106145,0.0,0.0,0.9972067039106145,z_smooth,24.882318264676094,0.0023615996172480264,167,0.8493115072264418,False
teacher_majority_all_models__student_with_credit__z_plus_zsmooth,z_plus_zsmooth,LOGIT,eq_vol_downside_state_h1,equity,vol_downside,size_value_pca1_share_diff_z,equity_cross_section,1074,-0.029306092346808286,0.05855731704490483,0.04660153666761836,0.04017789153090799,0.276536312849162,0.723463687150838,0.0,0.0,0.723463687150838,z,24.882318264676094,0.002353370631386669,168,0.8516648778578284,False
teacher_majority_all_models__student_with_credit__z_plus_zsmooth,z_plus_zsmooth,LOGIT,eq_vol_downside_state_h1,equity,vol_downside,credit_hy_ret_6m_z_smooth,credit,1074,-0.05524387347866858,0.05837828696035185,0.027257096047900924,0.06158289187581327,0.15083798882681565,0.8491620111731844,0.0,0.0,0.8491620111731844,z_smooth,24.882318264676094,0.0023461755588597196,169,0.8540110534166881,False
teacher_majority_all_models__student_with_credit__z_plus_zsmooth,z_plus_zsmooth,LOGIT,eq_vol_downside_state_h1,equity,vol_downside,tsy_lambda_corr_12m_z,treasury_rates,1074,0.02565721966224781,0.05834112562447011,0.05679393723125235,0.037262074838929245,0.7737430167597765,0.22625698324022347,0.0,0.0,0.7737430167597765,z,24.882318264676094,0.002344682075194474,170,0.8563557354918826,False
teacher_majority_all_models__student_with_credit__z_plus_zsmooth,z_plus_zsmooth,LOGIT,eq_vol_downside_state_h1,equity,vol_downside,credit_hy_ig_corr_12m_fisher_diff_z,credit,1074,-0.058088478198293034,0.058339311208076186,0.04158445501483243,0.036325361209443255,0.013966480446927373,0.9860335195530726,0.0,0.0,0.9860335195530726,z,24.882318264676094,0.002344609155285058,171,0.8587003446471677,False
teacher_majority_all_models__student_with_credit__z_plus_zsmooth,z_plus_zsmooth,LOGIT,eq_vol_downside_state_h1,equity,vol_downside,bond_10y_ret_level_z,treasury_rates,1074,0.04648506997655259,0.05807408697310721,0.041218315360150526,0.06132504806712878,0.7821229050279329,0.21787709497206703,0.0,0.0,0.7821229050279329,z,24.882318264676094,0.002333950010419706,172,0.8610342946575874,False
teacher_majority_all_models__student_with_credit__z_plus_zsmooth,z_plus_zsmooth,LOGIT,eq_vol_downside_state_h1,equity,vol_downside,smhi_vwret_z_smooth,other,1074,-0.05644427207406377,0.05754903274183241,0.0583481802541885,0.028770256186381432,0.07541899441340782,0.9245810055865922,0.0,0.0,0.9245810055865922,z_smooth,24.882318264676094,0.0023128485107246316,173,0.8633471431683121,False
teacher_majority_all_models__student_with_credit__z_plus_zsmooth,z_plus_zsmooth,LOGIT,eq_vol_downside_state_h1,equity,vol_downside,crsp_tsy_3_7y_z_smooth,treasury_rates,1074,-0.05191570623192501,0.05687904745429215,0.04277060377985445,0.04841759581428128,0.19832402234636873,0.8016759776536313,0.0,0.0,0.8016759776536313,z_smooth,24.882318264676094,0.002285922350532742,174,0.8656330655188448,False
teacher_majority_all_models__student_with_credit__z_plus_zsmooth,z_plus_zsmooth,LOGIT,eq_vol_downside_state_h1,equity,vol_downside,ff_mktrf_z_smooth,equity_cross_section,1074,0.05657722715552625,0.05669960167997385,0.05126149463353008,0.03012527848272121,0.9776536312849162,0.0223463687150838,0.0,0.0,0.9776536312849162,z_smooth,24.882318264676094,0.002278710571774448,175,0.8679117760906192,False
teacher_majority_all_models__student_with_credit__z_plus_zsmooth,z_plus_zsmooth,LOGIT,eq_vol_downside_state_h1,equity,vol_downside,factor_pca1_share_12m_z,equity_cross_section,1074,-0.05181138410491194,0.0562063782354521,0.04849212829071073,0.0329501990526748,0.08659217877094973,0.9134078212290503,0.0,0.0,0.9134078212290503,z,24.882318264676094,0.002258888325339237,176,0.8701706644159585,False
teacher_majority_all_models__student_with_credit__z_plus_zsmooth,z_plus_zsmooth,LOGIT,eq_vol_downside_state_h1,equity,vol_downside,credit_lambda_cov_diff_z,credit,1074,-0.05591024987740725,0.055911819578217586,0.03959251109208719,0.04147914726477661,0.002793296089385475,0.9972067039106145,0.0,0.0,0.9972067039106145,z,24.882318264676094,0.002247050254059011,177,0.8724177146700175,False
teacher_majority_all_models__student_with_credit__z_plus_zsmooth,z_plus_zsmooth,LOGIT,eq_vol_downside_state_h1,equity,vol_downside,credit_ret_dispersion_6m_z_smooth,credit,1074,-0.055487205988081365,0.055487205988081365,0.044503315458589154,0.05408255915443283,0.0,1.0,0.0,0.0,1.0,z_smooth,24.882318264676094,0.0022299853815009336,178,0.8746477000515184,False
teacher_majority_all_models__student_with_credit__z_plus_zsmooth,z_plus_zsmooth,LOGIT,eq_vol_downside_state_h1,equity,vol_downside,cmdty_ret_12m_z_smooth,commodities,1074,-0.03868277862499708,0.05491852801739853,0.028773549768727,0.07056447990434048,0.4301675977653631,0.5698324022346368,0.0,0.0,0.5698324022346368,z_smooth,24.882318264676094,0.0022071306794336364,179,0.876854830730952,False
teacher_majority_all_models__student_with_credit__z_plus_zsmooth,z_plus_zsmooth,LOGIT,eq_vol_downside_state_h1,equity,vol_downside,crsp_ind12_buseq_z_smooth,other,1074,0.054172268271566446,0.05418036410896069,0.04415604584165772,0.03898431178049259,0.994413407821229,0.00558659217877095,0.0,0.0,0.994413407821229,z_smooth,24.882318264676094,0.0021774644762854447,180,0.8790322952072375,False
teacher_majority_all_models__student_with_credit__z_plus_zsmooth,z_plus_zsmooth,LOGIT,eq_vol_downside_state_h1,equity,vol_downside,bihi_vwret_z_smooth,other,1074,0.0536138215977432,0.05361555557179304,0.04598044227033224,0.02870108944967806,0.9972067039106145,0.002793296089385475,0.0,0.0,0.9972067039106145,z_smooth,24.882318264676094,0.0021547652835832327,181,0.8811870604908207,False
teacher_majority_all_models__student_with_credit__z_plus_zsmooth,z_plus_zsmooth,LOGIT,eq_vol_downside_state_h1,equity,vol_downside,credit_ig_ret_6m_z_smooth,credit,1074,-0.04489830694163868,0.05339067634142075,0.032742587052582095,0.05040722900746367,0.24860335195530725,0.7513966480446927,0.0,0.0,0.7513966480446927,z_smooth,24.882318264676094,0.002145727571422323,182,0.883332788062243,False
teacher_majority_all_models__student_with_credit__z_plus_zsmooth,z_plus_zsmooth,LOGIT,eq_vol_downside_state_h1,equity,vol_downside,factor_lambda_cov_diff_z,equity_cross_section,1074,-0.00912412934838893,0.05297621379352095,0.0370764960623393,0.054487626970892135,0.5614525139664804,0.43854748603351956,0.0,0.0,0.5614525139664804,z,24.882318264676094,0.0021290706609411085,183,0.8854618587231842,False
teacher_majority_all_models__student_with_credit__z_plus_zsmooth,z_plus_zsmooth,LOGIT,eq_vol_downside_state_h1,equity,vol_downside,bime_vwret_z_smooth,other,1074,0.051875494684977895,0.051875494684977895,0.039527373163777045,0.0349168458793453,1.0,0.0,0.0,0.0,1.0,z_smooth,24.882318264676094,0.002084833661123223,184,0.8875466923843074,False
teacher_majority_all_models__student_with_credit__z_plus_zsmooth,z_plus_zsmooth,LOGIT,eq_vol_downside_state_h1,equity,vol_downside,core_inflation_diff_z_smooth,macro,1074,-0.009411301478849667,0.0514459597566733,0.042243510654496316,0.03656143731290783,0.4273743016759777,0.5726256983240223,0.0,0.0,0.5726256983240223,z_smooth,24.882318264676094,0.0020675710040132388,185,0.8896142633883206,False
teacher_majority_all_models__student_with_credit__z_plus_zsmooth,z_plus_zsmooth,LOGIT,eq_vol_downside_state_h1,equity,vol_downside,anfci_diff_z,financial_conditions,1074,0.05095605063098336,0.05095605063098336,0.0485992670894852,0.021411449660511773,1.0,0.0,0.0,0.0,1.0,z,24.882318264676094,0.0020478819573384586,186,0.8916621453456591,False
teacher_majority_all_models__student_with_credit__z_plus_zsmooth,z_plus_zsmooth,LOGIT,eq_vol_downside_state_h1,equity,vol_downside,cross_eq_tsy20_corr_12m_fisher_diff_z,treasury_rates,1074,-0.02273845414967884,0.050679997419402295,0.050786923595056085,0.027994209920143936,0.2569832402234637,0.7430167597765364,0.0,0.0,0.7430167597765364,z,24.882318264676094,0.0020367876047687077,187,0.8936989329504278,False
teacher_majority_all_models__student_with_credit__z_plus_zsmooth,z_plus_zsmooth,LOGIT,eq_vol_downside_state_h1,equity,vol_downside,ff_mom_minus_hml_z,equity_cross_section,1074,-0.043381244081851685,0.05060304260590087,0.03857617631592347,0.03260014956077775,0.10335195530726257,0.8966480446927374,0.0,0.0,0.8966480446927374,z,24.882318264676094,0.0020336948538166926,188,0.8957326278042445,False
teacher_majority_all_models__student_with_credit__z_plus_zsmooth,z_plus_zsmooth,LOGIT,eq_vol_downside_state_h1,equity,vol_downside,tsy_intermediate_ret_z_smooth,treasury_rates,1074,-0.04535960829412539,0.0499519834770094,0.03931867462205972,0.047504756507209936,0.23743016759776536,0.7625698324022346,0.0,0.0,0.7625698324022346,z_smooth,24.882318264676094,0.002007529320446125,189,0.8977401571246906,False
teacher_majority_all_models__student_with_credit__z_plus_zsmooth,z_plus_zsmooth,LOGIT,eq_vol_downside_state_h1,equity,vol_downside,size_value_ret_dispersion_6m_z,equity_cross_section,1074,-0.04809140146065017,0.04954914568068522,0.036505559826964754,0.0456660429043402,0.05865921787709497,0.9413407821229051,0.0,0.0,0.9413407821229051,z,24.882318264676094,0.0019913395992135954,190,0.8997314967239042,False
teacher_majority_all_models__student_with_credit__z_plus_zsmooth,z_plus_zsmooth,LOGIT,eq_vol_downside_state_h1,equity,vol_downside,factor_lambda_corr_12m_z_smooth,equity_cross_section,1074,0.046675824465673026,0.048502094470123,0.04032686317387191,0.03855740488924278,0.9497206703910615,0.05027932960893855,0.0,0.0335195530726257,0.9497206703910615,z_smooth,24.882318264676094,0.0019492594682778597,191,0.901680756192182,False
teacher_majority_all_models__student_with_credit__z_plus_zsmooth,z_plus_zsmooth,LOGIT,eq_vol_downside_state_h1,equity,vol_downside,cross_eq_cmdty_corr_12m_fisher_diff_z,commodities,1074,-0.029740379229355303,0.04849174703644842,0.03247809429819971,0.04095893304564292,0.26536312849162014,0.7346368715083799,0.0,0.0,0.7346368715083799,z,24.882318264676094,0.001948843613389882,192,0.9036295998055719,False
teacher_majority_all_models__student_with_credit__z_plus_zsmooth,z_plus_zsmooth,LOGIT,eq_vol_downside_state_h1,equity,vol_downside,size_value_lambda_cov_12m_z,equity_cross_section,1074,0.046315926188551584,0.0481778444487671,0.035514183076620486,0.04680084161064106,0.8966480446927374,0.10335195530726257,0.0,0.0,0.8966480446927374,z,24.882318264676094,0.0019362281253817993,193,0.9055658279309537,False
teacher_majority_all_models__student_with_credit__z_plus_zsmooth,z_plus_zsmooth,LOGIT,eq_vol_downside_state_h1,equity,vol_downside,crsp_ind12_money_z_smooth,other,1074,0.0479425746650318,0.04803258956384337,0.041702090202026865,0.0373731758191549,0.9692737430167597,0.030726256983240222,0.0,0.0,0.9692737430167597,z_smooth,24.882318264676094,0.0019303904504763248,194,0.90749621838143,False
teacher_majority_all_models__student_with_credit__z_plus_zsmooth,z_plus_zsmooth,LOGIT,eq_vol_downside_state_h1,equity,vol_downside,crsp_ind12_durbl_z,other,1074,0.03542724309072397,0.04721633093442118,0.020521530970278035,0.06621717147746058,0.5949720670391061,0.40502793296089384,0.0,0.0,0.5949720670391061,z,24.882318264676094,0.001897585684427617,195,0.9093938040658577,False
teacher_majority_all_models__student_with_credit__z_plus_zsmooth,z_plus_zsmooth,LOGIT,eq_vol_downside_state_h1,equity,vol_downside,crsp_ind12_nodur_z,other,1074,-0.026512400744608543,0.04707105161922358,0.0365015038738484,0.04065361881365058,0.35195530726256985,0.6480446927374302,0.0,0.0,0.6480446927374302,z,24.882318264676094,0.0018917470276894365,196,0.9112855510935471,False
teacher_majority_all_models__student_with_credit__z_plus_zsmooth,z_plus_zsmooth,LOGIT,eq_vol_downside_state_h1,equity,vol_downside,crsp_tsy_1_3y_z_smooth,treasury_rates,1074,0.004613684498414071,0.04577825071194803,0.048183489384456685,0.03206166802954779,0.5446927374301676,0.4553072625698324,0.0,0.0,0.5446927374301676,z_smooth,24.882318264676094,0.0018397904176371143,197,0.9131253415111842,False
teacher_majority_all_models__student_with_credit__z_plus_zsmooth,z_plus_zsmooth,LOGIT,eq_vol_downside_state_h1,equity,vol_downside,tsy_short_ret_z_smooth,treasury_rates,1074,0.004613684498414071,0.04577825071194803,0.048183489384456685,0.03206166802954779,0.5446927374301676,0.4553072625698324,0.0,0.0,0.5446927374301676,z_smooth,24.882318264676094,0.0018397904176371143,198,0.9149651319288213,False
teacher_majority_all_models__student_with_credit__z_plus_zsmooth,z_plus_zsmooth,LOGIT,eq_vol_downside_state_h1,equity,vol_downside,bond_10y_ret_level_z_smooth,treasury_rates,1074,-0.04435609687566818,0.0455617190948437,0.024012284196906555,0.05035809110738921,0.08659217877094973,0.9134078212290503,0.0,0.0,0.9134078212290503,z_smooth,24.882318264676094,0.0018310881892192855,199,0.9167962201180406,False
teacher_majority_all_models__student_with_credit__z_plus_zsmooth,z_plus_zsmooth,LOGIT,eq_vol_downside_state_h1,equity,vol_downside,industry_lambda_cov_diff_z_smooth,equity_cross_section,1074,0.04428806135258442,0.04547925518213902,0.03929008537495752,0.03192809002861619,0.8910614525139665,0.10893854748603352,0.0,0.0,0.8910614525139665,z_smooth,24.882318264676094,0.0018277740320805694,200,0.9186239941501212,False
teacher_majority_all_models__student_with_credit__z_plus_zsmooth,z_plus_zsmooth,LOGIT,eq_vol_downside_state_h1,equity,vol_downside,crsp_ind12_telcm_z,other,1074,0.02127638406093121,0.04535224612830573,0.03441454634115576,0.04508990640900212,0.6089385474860335,0.39106145251396646,0.0,0.0,0.6089385474860335,z,24.882318264676094,0.0018226696421888287,201,0.92044666379231,False
teacher_majority_all_models__student_with_credit__z_plus_zsmooth,z_plus_zsmooth,LOGIT,eq_vol_downside_state_h1,equity,vol_downside,size_value_lambda_corr_diff_z,equity_cross_section,1074,-0.0044928778306599065,0.045271238566753184,0.03499259108135841,0.040965081620138614,0.38268156424581007,0.61731843575419,0.0,0.0,0.61731843575419,z,24.882318264676094,0.0018194140146106077,202,0.9222660778069206,False
teacher_majority_all_models__student_with_credit__z_plus_zsmooth,z_plus_zsmooth,LOGIT,eq_vol_downside_state_h1,equity,vol_downside,crsp_tsy_7_10y_z_smooth,treasury_rates,1074,-0.040315332546448625,0.04511442115326117,0.03244042823891009,0.04535066741771131,0.26256983240223464,0.7374301675977654,0.0,0.0,0.7374301675977654,z_smooth,24.882318264676094,0.001813111651148171,203,0.9240791894580688,False
teacher_majority_all_models__student_with_credit__z_plus_zsmooth,z_plus_zsmooth,LOGIT,eq_vol_downside_state_h1,equity,vol_downside,factor_corr_absavg_12m_z,equity_cross_section,1074,-0.016009438535360056,0.04501586818806043,0.03546557793368557,0.035907430836720176,0.32122905027932963,0.6787709497206704,0.0,0.0,0.6787709497206704,z,24.882318264676094,0.0018091508881616833,204,0.9258883403462305,False
teacher_majority_all_models__student_with_credit__z_plus_zsmooth,z_plus_zsmooth,LOGIT,eq_vol_downside_state_h1,equity,vol_downside,crsp_ind12_enrgy_z,other,1074,-0.0022708720186354974,0.04484893560747989,0.02642067625505846,0.03662867401988385,0.7122905027932961,0.2877094972067039,0.0,0.0,0.7122905027932961,z,24.882318264676094,0.001802442004415207,205,0.9276907823506457,False
teacher_majority_all_models__student_with_credit__z_plus_zsmooth,z_plus_zsmooth,LOGIT,eq_vol_downside_state_h1,equity,vol_downside,tsy_rotation_speed_12m_z,treasury_rates,1074,0.03407299376584596,0.04457559888363144,0.02182141540524508,0.05242812129657196,0.6703910614525139,0.329608938547486,0.0,0.0,0.6703910614525139,z,24.882318264676094,0.0017914568252634518,206,0.9294822391759091,False
teacher_majority_all_models__student_with_credit__z_plus_zsmooth,z_plus_zsmooth,LOGIT,eq_vol_downside_state_h1,equity,vol_downside,crsp_ind12_chems_z,other,1074,0.04329614458014266,0.04357128354248122,0.026066813498643503,0.03883627827363135,0.9385474860335196,0.061452513966480445,0.0,0.0,0.9385474860335196,z,24.882318264676094,0.001751094213931694,207,0.9312333333898408,False
teacher_majority_all_models__student_with_credit__z_plus_zsmooth,z_plus_zsmooth,LOGIT,eq_vol_downside_state_h1,equity,vol_downside,credit_hy_ig_corr_12m_fisher_diff_z_smooth,credit,1074,0.028678057579036558,0.04283554110212692,0.037376334282798546,0.029337229484006154,0.7653631284916201,0.2346368715083799,0.0,0.0,0.7653631284916201,z_smooth,24.882318264676094,0.0017215253276033336,208,0.9329548587174442,False
teacher_majority_all_models__student_with_credit__z_plus_zsmooth,z_plus_zsmooth,LOGIT,eq_vol_downside_state_h1,equity,vol_downside,anfci_diff_z_smooth,financial_conditions,1074,-0.03845297004995012,0.04222785072665842,0.039447927869440805,0.02848146209766033,0.1005586592178771,0.8994413407821229,0.0,0.0,0.8994413407821229,z_smooth,24.882318264676094,0.0016971027489270049,209,0.9346519614663712,False
teacher_majority_all_models__student_with_credit__z_plus_zsmooth,z_plus_zsmooth,LOGIT,eq_vol_downside_state_h1,equity,vol_downside,cmdty_broad_aqr_ret_z,commodities,1074,0.013033753508179213,0.04156155319668359,0.029097203651041924,0.03340476363855535,0.6089385474860335,0.39106145251396646,0.0,0.0,0.6089385474860335,z,24.882318264676094,0.0016703247966925166,210,0.9363222862630637,False
teacher_majority_all_models__student_with_credit__z_plus_zsmooth,z_plus_zsmooth,LOGIT,eq_vol_downside_state_h1,equity,vol_downside,cmdty_ret_1m_z,commodities,1074,0.013033753508179213,0.04156155319668359,0.029097203651041924,0.03340476363855535,0.6089385474860335,0.39106145251396646,0.0,0.0,0.6089385474860335,z,24.882318264676094,0.0016703247966925166,211,0.9379926110597562,False
teacher_majority_all_models__student_with_credit__z_plus_zsmooth,z_plus_zsmooth,LOGIT,eq_vol_downside_state_h1,equity,vol_downside,industry_best_minus_worst_1m_z,equity_cross_section,1074,-0.04123279374313248,0.04123279374313248,0.026822762447796272,0.028656837244042985,0.0,1.0,0.0,0.0,1.0,z,24.882318264676094,0.0016571122234083854,212,0.9396497232831647,False
teacher_majority_all_models__student_with_credit__z_plus_zsmooth,z_plus_zsmooth,LOGIT,eq_vol_downside_state_h1,equity,vol_downside,factor_lambda_corr_diff_z_smooth,equity_cross_section,1074,0.04074808839370852,0.040932321745328876,0.029928188874799526,0.030532033069001114,0.9860335195530726,0.013966480446927373,0.0,0.0,0.9860335195530726,z_smooth,24.882318264676094,0.0016450364998119161,213,0.9412947597829765,False
teacher_majority_all_models__student_with_credit__z_plus_zsmooth,z_plus_zsmooth,LOGIT,eq_vol_downside_state_h1,equity,vol_downside,industry_lambda_cov_12m_z_smooth,equity_cross_section,1074,-0.020091280182253198,0.04081807622090612,0.037597875922198806,0.027134364933042034,0.28212290502793297,0.7178770949720671,0.0,0.0,0.7178770949720671,z_smooth,24.882318264676094,0.0016404450657177328,214,0.9429352048486942,False
teacher_majority_all_models__student_with_credit__z_plus_zsmooth,z_plus_zsmooth,LOGIT,eq_vol_downside_state_h1,equity,vol_downside,ff_rmw_z_smooth,equity_cross_section,1074,-0.02295422760940524,0.04008724712968654,0.020691096625957875,0.04618608845878599,0.4860335195530726,0.5139664804469274,0.0,0.0,0.5139664804469274,z_smooth,24.882318264676094,0.0016110736428685568,215,0.9445462784915628,False
teacher_majority_all_models__student_with_credit__z_plus_zsmooth,z_plus_zsmooth,LOGIT,eq_vol_downside_state_h1,equity,vol_downside,crsp_ind12_chems_z_smooth,other,1074,0.016193500816282024,0.03934049633655053,0.030146592101630308,0.03571420421957735,0.7122905027932961,0.2877094972067039,0.0,0.0,0.7122905027932961,z_smooth,24.882318264676094,0.001581062339854395,216,0.9461273408314173,False
teacher_majority_all_models__student_with_credit__z_plus_zsmooth,z_plus_zsmooth,LOGIT,eq_vol_downside_state_h1,equity,vol_downside,crsp_ind12_telcm_z_smooth,other,1074,0.026599681003047937,0.03906343819565354,0.022494279261640743,0.04239364020285213,0.6955307262569832,0.30446927374301674,0.0,0.0,0.6955307262569832,z_smooth,24.882318264676094,0.0015699275999981688,217,0.9476972684314153,False
teacher_majority_all_models__student_with_credit__z_plus_zsmooth,z_plus_zsmooth,LOGIT,eq_vol_downside_state_h1,equity,vol_downside,smme_vwret_z,other,1074,-0.037080974608069375,0.03877932071642924,0.028621687825538488,0.02636914728128856,0.05307262569832402,0.946927374301676,0.0,0.0,0.946927374301676,z,24.882318264676094,0.001558509151114021,218,0.9492557775825294,False
teacher_majority_all_models__student_with_credit__z_plus_zsmooth,z_plus_zsmooth,LOGIT,eq_vol_downside_state_h1,equity,vol_downside,tsy_belly_minus_barbell_z_smooth,treasury_rates,1074,-0.003195847434943895,0.0384170485881319,0.031109564560372956,0.03057255357466371,0.48324022346368717,0.5167597765363129,0.0,0.0,0.5167597765363129,z_smooth,24.882318264676094,0.0015439497308685354,219,0.9507997273133979,False
teacher_majority_all_models__student_with_credit__z_plus_zsmooth,z_plus_zsmooth,LOGIT,eq_vol_downside_state_h1,equity,vol_downside,tsy_belly_minus_barbell_z,treasury_rates,1074,-0.013684781168143556,0.03770518836275498,0.02203375610662643,0.03734549024974027,0.5363128491620112,0.46368715083798884,0.0,0.0,0.5363128491620112,z,24.882318264676094,0.001515340651207839,220,0.9523150679646057,False
teacher_majority_all_models__student_with_credit__z_plus_zsmooth,z_plus_zsmooth,LOGIT,eq_vol_downside_state_h1,equity,vol_downside,ff_hml_z,equity_cross_section,1074,0.029048090895771695,0.03716504701455458,0.025401747291865145,0.038632171760623085,0.8435754189944135,0.1564245810055866,0.0,0.0,0.8435754189944135,z,24.882318264676094,0.001493632812635289,221,0.953808700777241,False
teacher_majority_all_models__student_with_credit__z_plus_zsmooth,z_plus_zsmooth,LOGIT,eq_vol_downside_state_h1,equity,vol_downside,sentiment_logdiff_z,macro,1074,0.029935552959376666,0.03687296938205287,0.020258576913697354,0.04086507241078941,0.6703910614525139,0.329608938547486,0.0,0.0,0.6703910614525139,z,24.882318264676094,0.0014818944517078687,222,0.9552905952289489,False
teacher_majority_all_models__student_with_credit__z_plus_zsmooth,z_plus_zsmooth,LOGIT,eq_vol_downside_state_h1,equity,vol_downside,value_minus_growth_z,equity_cross_section,1074,0.02870529089004595,0.03680544500033609,0.02542859726636742,0.03821386761129775,0.8435754189944135,0.1564245810055866,0.0,0.0,0.8435754189944135,z,24.882318264676094,0.0014791807020886206,223,0.9567697759310375,False
teacher_majority_all_models__student_with_credit__z_plus_zsmooth,z_plus_zsmooth,LOGIT,eq_vol_downside_state_h1,equity,vol_downside,size_value_rotation_speed_12m_z_smooth,equity_cross_section,1074,0.01438182756524794,0.035497830539536576,0.03778810162097527,0.018518145604859523,0.6480446927374302,0.35195530726256985,0.0,0.0,0.6480446927374302,z_smooth,24.882318264676094,0.0014266287474479689,224,0.9581964046784855,False
teacher_majority_all_models__student_with_credit__z_plus_zsmooth,z_plus_zsmooth,LOGIT,eq_vol_downside_state_h1,equity,vol_downside,smhi_vwret_z,other,1074,-0.02389218531377948,0.035399966666026905,0.021909687067981874,0.03214306581350659,0.29608938547486036,0.7039106145251397,0.0,0.0,0.7039106145251397,z,24.882318264676094,0.0014226956784923884,225,0.959619100356978,False
teacher_majority_all_models__student_with_credit__z_plus_zsmooth,z_plus_zsmooth,LOGIT,eq_vol_downside_state_h1,equity,vol_downside,cmdty_ret_6m_z_smooth,commodities,1074,0.02240588521276321,0.034942436879974316,0.02936766823624714,0.019817516206405438,0.7430167597765364,0.2569832402234637,0.0,0.0,0.7430167597765364,z_smooth,24.882318264676094,0.0014043079309687938,226,0.9610234082879467,False
teacher_majority_all_models__student_with_credit__z_plus_zsmooth,z_plus_zsmooth,LOGIT,eq_vol_downside_state_h1,equity,vol_downside,cross_eq_tsy20_corr_12m_fisher_diff_z_smooth,treasury_rates,1074,0.0033006943893089734,0.03488815825068696,0.03154086253799268,0.021878781930942615,0.5167597765363129,0.48324022346368717,0.0,0.0,0.5167597765363129,z_smooth,24.882318264676094,0.001402126517295438,227,0.9624255348052422,False
teacher_majority_all_models__student_with_credit__z_plus_zsmooth,z_plus_zsmooth,LOGIT,eq_vol_downside_state_h1,equity,vol_downside,factor_ret_dispersion_1m_z,equity_cross_section,1074,-0.029597957988184587,0.03437583907894809,0.03511385549297978,0.023409357122020302,0.1424581005586592,0.8575418994413407,0.0,0.0,0.8575418994413407,z,24.882318264676094,0.0013815368292169692,228,0.9638070716344591,False
teacher_majority_all_models__student_with_credit__z_plus_zsmooth,z_plus_zsmooth,LOGIT,eq_vol_downside_state_h1,equity,vol_downside,credit_ig_proxy_ret_z,credit,1074,-0.01696587664959009,0.03422318565847663,0.024743147942290544,0.02615623416915864,0.30726256983240224,0.6927374301675978,0.0,0.0,0.6927374301675978,z,24.882318264676094,0.0013754018132249837,229,0.965182473447684,False
teacher_majority_all_models__student_with_credit__z_plus_zsmooth,z_plus_zsmooth,LOGIT,eq_vol_downside_state_h1,equity,vol_downside,factor_pca1_share_diff_z,equity_cross_section,1074,-0.022113007388356355,0.03374162521577585,0.01934009549973369,0.04398589786036948,0.40782122905027934,0.5921787709497207,0.0,0.0,0.5921787709497207,z,24.882318264676094,0.0013560482932845038,230,0.9665385217409685,False
teacher_majority_all_models__student_with_credit__z_plus_zsmooth,z_plus_zsmooth,LOGIT,eq_vol_downside_state_h1,equity,vol_downside,crsp_tsy_7_10y_z,treasury_rates,1074,-0.013987856558178139,0.03255801158918517,0.024250397900753014,0.031293330355320365,0.5167597765363129,0.48324022346368717,0.0,0.0,0.5167597765363129,z,24.882318264676094,0.0013084798306517036,231,0.9678470015716203,False
teacher_majority_all_models__student_with_credit__z_plus_zsmooth,z_plus_zsmooth,LOGIT,eq_vol_downside_state_h1,equity,vol_downside,ff_mom_z,equity_cross_section,1074,-0.0014344382752129793,0.03249416019167727,0.023394112546986732,0.03575812556646744,0.3407821229050279,0.659217877094972,0.0,0.0,0.659217877094972,z,24.882318264676094,0.0013059136952607525,232,0.9691529152668811,False
teacher_majority_all_models__student_with_credit__z_plus_zsmooth,z_plus_zsmooth,LOGIT,eq_vol_downside_state_h1,equity,vol_downside,tsy_intermediate_ret_z,treasury_rates,1074,-0.008313970380642216,0.030968757449167036,0.02395335673111481,0.02618257492906093,0.5251396648044693,0.4748603351955307,0.0,0.0,0.5251396648044693,z,24.882318264676094,0.0012446090078805675,233,0.9703975242747617,False
teacher_majority_all_models__student_with_credit__z_plus_zsmooth,z_plus_zsmooth,LOGIT,eq_vol_downside_state_h1,equity,vol_downside,credit_ret_dispersion_1m_z_smooth,credit,1074,0.0014490258025800155,0.0295489136897075,0.022338239990122126,0.024402433554620077,0.5949720670391061,0.40502793296089384,0.0,0.0,0.5949720670391061,z_smooth,24.882318264676094,0.0011875466496084606,234,0.9715850709243701,False
teacher_majority_all_models__student_with_credit__z_plus_zsmooth,z_plus_zsmooth,LOGIT,eq_vol_downside_state_h1,equity,vol_downside,credit_ig_proxy_ret_z_smooth,credit,1074,0.003506083287698941,0.028929303838291745,0.024102702721516253,0.026638471892129454,0.4134078212290503,0.5865921787709497,0.0,0.0,0.5865921787709497,z_smooth,24.882318264676094,0.0011626450369522404,235,0.9727477159613224,False
teacher_majority_all_models__student_with_credit__z_plus_zsmooth,z_plus_zsmooth,LOGIT,eq_vol_downside_state_h1,equity,vol_downside,small_avg_ret_z_smooth,equity_cross_section,1074,0.025719085972459338,0.028733609973573326,0.019112741837032314,0.028273317656910008,0.8184357541899442,0.18156424581005587,0.0,0.0,0.8184357541899442,z_smooth,24.882318264676094,0.0011547802607430142,236,0.9739024962220654,False
teacher_majority_all_models__student_with_credit__z_plus_zsmooth,z_plus_zsmooth,LOGIT,eq_vol_downside_state_h1,equity,vol_downside,smlo_vwret_z,other,1074,0.026500764736760347,0.02677201156238288,0.011623980162705858,0.03541671656999558,0.9357541899441341,0.06424581005586592,0.0,0.0,0.9357541899441341,z,24.882318264676094,0.0010759452265502716,237,0.9749784414486156,False
teacher_majority_all_models__student_with_credit__z_plus_zsmooth,z_plus_zsmooth,LOGIT,eq_vol_downside_state_h1,equity,vol_downside,factor_lambda_cov_diff_z_smooth,equity_cross_section,1074,0.024219822263894623,0.02642090071322678,0.025961589414087334,0.017813655968585845,0.840782122905028,0.15921787709497207,0.0,0.0,0.840782122905028,z_smooth,24.882318264676094,0.0010618343689757766,238,0.9760402758175913,False
teacher_majority_all_models__student_with_credit__z_plus_zsmooth,z_plus_zsmooth,LOGIT,eq_vol_downside_state_h1,equity,vol_downside,crsp_tsy_3_7y_z,treasury_rates,1074,0.0015930566385436282,0.026155970614846313,0.02536284785705477,0.017661974769872676,0.5558659217877095,0.4441340782122905,0.0,0.0,0.5558659217877095,z,24.882318264676094,0.0010511870452191083,239,0.9770914628628105,False
teacher_majority_all_models__student_with_credit__z_plus_zsmooth,z_plus_zsmooth,LOGIT,eq_vol_downside_state_h1,equity,vol_downside,credit_lambda_cov_diff_z_smooth,credit,1074,0.024793242086615166,0.025435643445046726,0.022549736845566777,0.01745721532654451,0.9441340782122905,0.055865921787709494,0.0,0.0,0.9441340782122905,z_smooth,24.882318264676094,0.0010222376859939193,240,0.9781137005488044,False
teacher_majority_all_models__student_with_credit__z_plus_zsmooth,z_plus_zsmooth,LOGIT,eq_vol_downside_state_h1,equity,vol_downside,crsp_ind12_manuf_z_smooth,other,1074,0.0014806197953452238,0.025301572707018195,0.02370347900568051,0.016717186033883297,0.6508379888268156,0.34916201117318435,0.0,0.0,0.6508379888268156,z_smooth,24.882318264676094,0.0010168494927957452,241,0.9791305500416001,False
teacher_majority_all_models__student_with_credit__z_plus_zsmooth,z_plus_zsmooth,LOGIT,eq_vol_downside_state_h1,equity,vol_downside,factor_pca1_share_diff_z_smooth,equity_cross_section,1074,-0.014528838152921407,0.025200405642828556,0.0181154394260699,0.022425826322535123,0.4273743016759777,0.5726256983240223,0.0,0.0,0.5726256983240223,z_smooth,24.882318264676094,0.0010127836713110462,242,0.9801433337129112,False
teacher_majority_all_models__student_with_credit__z_plus_zsmooth,z_plus_zsmooth,LOGIT,eq_vol_downside_state_h1,equity,vol_downside,industry_lambda_corr_diff_z_smooth,equity_cross_section,1074,0.01258495218872822,0.025075263534226577,0.01947996390045426,0.019888174538631925,0.5893854748603352,0.4106145251396648,0.0,0.0,0.5893854748603352,z_smooth,24.882318264676094,0.001007754312419691,243,0.9811510880253309,False
teacher_majority_all_models__student_with_credit__z_plus_zsmooth,z_plus_zsmooth,LOGIT,eq_vol_downside_state_h1,equity,vol_downside,big_avg_ret_z,credit,1074,0.02324764403670399,0.024674674214634398,0.01390736409835268,0.02761681151031469,0.8379888268156425,0.16201117318435754,0.0,0.0,0.8379888268156425,z,24.882318264676094,0.0009916549556262017,244,0.982142742980957,False
teacher_majority_all_models__student_with_credit__z_plus_zsmooth,z_plus_zsmooth,LOGIT,eq_vol_downside_state_h1,equity,vol_downside,crsp_ind12_buseq_z,other,1074,-0.0017550067737114499,0.024322418099986014,0.015610160108946107,0.02582352853079222,0.5502793296089385,0.44972067039106145,0.0,0.0,0.5502793296089385,z,24.882318264676094,0.000977498070769196,245,0.9831202410517262,False
teacher_majority_all_models__student_with_credit__z_plus_zsmooth,z_plus_zsmooth,LOGIT,eq_vol_downside_state_h1,equity,vol_downside,industry_ret_dispersion_1m_z,equity_cross_section,1074,-0.012489265336721015,0.02424834947308731,0.019775176707452366,0.019720713813019798,0.33798882681564246,0.6620111731843575,0.0,0.0,0.6620111731843575,z,24.882318264676094,0.0009745213132938345,246,0.9840947623650201,False
teacher_majority_all_models__student_with_credit__z_plus_zsmooth,z_plus_zsmooth,LOGIT,eq_vol_downside_state_h1,equity,vol_downside,tsy_lambda_corr_diff_z,treasury_rates,1074,0.017992021913720367,0.02421311710604779,0.015117191778000461,0.02493142449133611,0.729050279329609,0.2709497206703911,0.0,0.0,0.729050279329609,z,24.882318264676094,0.0009731053533071182,247,0.9850678677183272,False
teacher_majority_all_models__student_with_credit__z_plus_zsmooth,z_plus_zsmooth,LOGIT,eq_vol_downside_state_h1,equity,vol_downside,small_value_minus_big_growth_z,equity_cross_section,1074,-0.013995491867812376,0.023554783112620818,0.019321303999795595,0.016049035187207867,0.2737430167597765,0.7262569832402235,0.0,0.0,0.7262569832402235,z,24.882318264676094,0.0009466474490867719,248,0.986014515167414,False
teacher_majority_all_models__student_with_credit__z_plus_zsmooth,z_plus_zsmooth,LOGIT,eq_vol_downside_state_h1,equity,vol_downside,crsp_ind12_other_z_smooth,other,1074,0.02074256098939118,0.022517558867891797,0.025190165365957994,0.011784880912638162,0.8547486033519553,0.1452513966480447,0.0,0.0,0.8547486033519553,z_smooth,24.882318264676094,0.0009049622558625737,249,0.9869194774232766,False
teacher_majority_all_models__student_with_credit__z_plus_zsmooth,z_plus_zsmooth,LOGIT,eq_vol_downside_state_h1,equity,vol_downside,tsy_lambda_corr_diff_z_smooth,treasury_rates,1074,0.0037664805500883993,0.02242023564747594,0.01357406921606532,0.02419436149582593,0.4106145251396648,0.5893854748603352,0.0,0.0,0.5893854748603352,z_smooth,24.882318264676094,0.000901050915312203,250,0.9878205283385888,False
teacher_majority_all_models__student_with_credit__z_plus_zsmooth,z_plus_zsmooth,LOGIT,eq_vol_downside_state_h1,equity,vol_downside,value_avg_ret_z_smooth,equity_cross_section,1074,0.00892359922774232,0.02205257551922192,0.01865292419550698,0.01589793284091715,0.6815642458100558,0.31843575418994413,0.0,0.0,0.6815642458100558,z_smooth,24.882318264676094,0.000886274955759593,251,0.9887068032943483,False
teacher_majority_all_models__student_with_credit__z_plus_zsmooth,z_plus_zsmooth,LOGIT,eq_vol_downside_state_h1,equity,vol_downside,credit_hy_proxy_ret_z_smooth,credit,1074,-0.008329647957514811,0.021902011586869143,0.016198425918618246,0.01793119581647206,0.3854748603351955,0.6145251396648045,0.0,0.0,0.6145251396648045,z_smooth,24.882318264676094,0.0008802239145844417,252,0.9895870272089329,False
teacher_majority_all_models__student_with_credit__z_plus_zsmooth,z_plus_zsmooth,LOGIT,eq_vol_downside_state_h1,equity,vol_downside,tsy_long_minus_short_z,treasury_rates,1074,-0.021142064868006002,0.021729196816409904,0.01592629696479237,0.016846754199058248,0.0670391061452514,0.9329608938547486,0.0,0.0,0.9329608938547486,z,24.882318264676094,0.0008732786304424663,253,0.9904603058393753,False
teacher_majority_all_models__student_with_credit__z_plus_zsmooth,z_plus_zsmooth,LOGIT,eq_vol_downside_state_h1,equity,vol_downside,bime_vwret_z,other,1074,-0.007452460623147245,0.02033678907386483,0.016846275461735664,0.01943966939268322,0.4692737430167598,0.5307262569832403,0.0,0.0,0.5307262569832403,z,24.882318264676094,0.0008173189032283911,254,0.9912776247426037,False
teacher_majority_all_models__student_with_credit__z_plus_zsmooth,z_plus_zsmooth,LOGIT,eq_vol_downside_state_h1,equity,vol_downside,small_minus_big_z,equity_cross_section,1074,-0.012875086676248036,0.020287852451662865,0.01796197676940037,0.01364914255873267,0.26256983240223464,0.7374301675977654,0.0,0.0,0.7374301675977654,z,24.882318264676094,0.0008153521804463167,255,0.99209297692305,False
teacher_majority_all_models__student_with_credit__z_plus_zsmooth,z_plus_zsmooth,LOGIT,eq_vol_downside_state_h1,equity,vol_downside,growth_avg_ret_z,other,1074,-0.0013302693838555394,0.019847911757862914,0.016045012656639573,0.01621116842644097,0.40782122905027934,0.5921787709497207,0.0,0.0,0.5921787709497207,z,24.882318264676094,0.0007976713241402342,256,0.9928906482471902,False
teacher_majority_all_models__student_with_credit__z_plus_zsmooth,z_plus_zsmooth,LOGIT,eq_vol_downside_state_h1,equity,vol_downside,ff_mktrf_z,equity_cross_section,1074,-0.015521444886504253,0.01845970385621701,0.012406463525284357,0.017630820295950478,0.33519553072625696,0.664804469273743,0.0,0.0,0.664804469273743,z,24.882318264676094,0.0007418803850935033,257,0.9936325286322837,False
teacher_majority_all_models__student_with_credit__z_plus_zsmooth,z_plus_zsmooth,LOGIT,eq_vol_downside_state_h1,equity,vol_downside,crsp_tsy_10_20y_z,treasury_rates,1074,0.0004385387672247677,0.017039629378339107,0.015269048685346231,0.01433941171972105,0.4329608938547486,0.5670391061452514,0.0,0.0,0.5670391061452514,z,24.882318264676094,0.0006848087544370505,258,0.9943173373867208,False
teacher_majority_all_models__student_with_credit__z_plus_zsmooth,z_plus_zsmooth,LOGIT,eq_vol_downside_state_h1,equity,vol_downside,equity_market_level_z,other,1074,-0.010334325858962158,0.01640413933897495,0.008986340289467494,0.014909150551702773,0.4301675977653631,0.5698324022346368,0.0,0.0,0.5698324022346368,z,24.882318264676094,0.0006592689300282323,259,0.994976606316749,False
teacher_majority_all_models__student_with_credit__z_plus_zsmooth,z_plus_zsmooth,LOGIT,eq_vol_downside_state_h1,equity,vol_downside,cross_bond_proxy_ret_z,treasury_rates,1074,0.012322729866056405,0.016398478081478603,0.010916759005741492,0.015915924272083597,0.6256983240223464,0.3743016759776536,0.0,0.0,0.6256983240223464,z,24.882318264676094,0.0006590414087243036,260,0.9956356477254733,False
teacher_majority_all_models__student_with_credit__z_plus_zsmooth,z_plus_zsmooth,LOGIT,eq_vol_downside_state_h1,equity,vol_downside,ff_smb_z,equity_cross_section,1074,-0.0014570533522653857,0.015722347992717444,0.01469636696720613,0.009961196988549583,0.40502793296089384,0.5949720670391061,0.0,0.0,0.5949720670391061,z,24.882318264676094,0.0006318682940020706,261,0.9962675160194754,False
teacher_majority_all_models__student_with_credit__z_plus_zsmooth,z_plus_zsmooth,LOGIT,eq_vol_downside_state_h1,equity,vol_downside,crsp_tsy_20y_plus_z,treasury_rates,1074,0.01092303068709591,0.015172663792774741,0.010614863011737115,0.013334563159968385,0.6089385474860335,0.39106145251396646,0.0,0.0,0.6089385474860335,z,24.882318264676094,0.0006097769360306931,262,0.9968772929555061,False
teacher_majority_all_models__student_with_credit__z_plus_zsmooth,z_plus_zsmooth,LOGIT,eq_vol_downside_state_h1,equity,vol_downside,value_avg_ret_z,equity_cross_section,1074,0.014179426274700426,0.014861874484734545,0.011246380402305075,0.013336382283237564,0.9357541899441341,0.06424581005586592,0.0,0.0,0.9357541899441341,z,24.882318264676094,0.0005972865681825571,263,0.9974745795236887,False
teacher_majority_all_models__student_with_credit__z_plus_zsmooth,z_plus_zsmooth,LOGIT,eq_vol_downside_state_h1,equity,vol_downside,tsy_long_ret_z,treasury_rates,1074,0.004967269110246174,0.014497629370067114,0.010127054821012227,0.012272993956012383,0.441340782122905,0.5586592178770949,0.0,0.0,0.5586592178770949,z,24.882318264676094,0.0005826478552301339,264,0.9980572273789188,False
teacher_majority_all_models__student_with_credit__z_plus_zsmooth,z_plus_zsmooth,LOGIT,eq_vol_downside_state_h1,equity,vol_downside,crsp_ind12_other_z,other,1074,-0.010955031832799602,0.013881876098377204,0.009019503645317036,0.014447465472326912,0.18994413407821228,0.8100558659217877,0.0,0.0,0.8100558659217877,z,24.882318264676094,0.0005579012353557287,265,0.9986151286142745,False
teacher_majority_all_models__student_with_credit__z_plus_zsmooth,z_plus_zsmooth,LOGIT,eq_vol_downside_state_h1,equity,vol_downside,bilo_vwret_z,other,1074,0.004852514327823168,0.013063828468142106,0.008832474325253603,0.01295916486753215,0.5335195530726257,0.4664804469273743,0.0,0.0,0.5335195530726257,z,24.882318264676094,0.000525024570828998,266,0.9991401531851035,False
teacher_majority_all_models__student_with_credit__z_plus_zsmooth,z_plus_zsmooth,LOGIT,eq_vol_downside_state_h1,equity,vol_downside,tsy_20y_minus_1_3y_z,treasury_rates,1074,-0.012512765240616421,0.013050137539871675,0.010062472845590344,0.011861543292779034,0.0893854748603352,0.9106145251396648,0.0,0.0,0.9106145251396648,z,24.882318264676094,0.0005244743436305193,267,0.999664627528734,False
teacher_majority_all_models__student_with_credit__z_plus_zsmooth,z_plus_zsmooth,LOGIT,eq_vol_downside_state_h1,equity,vol_downside,small_avg_ret_z,equity_cross_section,1074,-0.0037922597639892326,0.008344844567251911,0.00750725065271517,0.006547496058864348,0.36033519553072624,0.6396648044692738,0.0,0.0,0.6396648044692738,z,24.882318264676094,0.0003353724712660145,268,1.0,False
teacher_majority_all_models__student_with_credit__z_plus_zsmooth,z_plus_zsmooth,RF,bd_bond_canonical_state_h1,bond,bond_canonical,credit_ig_ret_6m_z,credit,1041,0.07016266790826922,0.07016266790826922,0.07190943096510992,0.01106779578172143,1.0,0.0,0.9971181556195965,1.0,1.0,z,1.0,0.07016266790826922,1,0.07016266790826922,True
teacher_majority_all_models__student_with_credit__z_plus_zsmooth,z_plus_zsmooth,RF,bd_bond_canonical_state_h1,bond,bond_canonical,credit_hy_minus_ig_z_smooth,credit,1041,0.035661278390675746,0.035661278390675746,0.03588826614267936,0.007648586020367357,1.0,0.0,0.9702209414024976,0.9990393852065321,1.0,z_smooth,1.0,0.035661278390675746,2,0.10582394629894497,True
teacher_majority_all_models__student_with_credit__z_plus_zsmooth,z_plus_zsmooth,RF,bd_bond_canonical_state_h1,bond,bond_canonical,cross_bond_proxy_ret_z_smooth,treasury_rates,1041,0.029101517280115393,0.029101517280115393,0.024187354300925012,0.013849180190062014,1.0,0.0,0.7060518731988472,0.930835734870317,1.0,z_smooth,1.0,0.029101517280115393,3,0.13492546357906035,True
teacher_majority_all_models__student_with_credit__z_plus_zsmooth,z_plus_zsmooth,RF,bd_bond_canonical_state_h1,bond,bond_canonical,tsy_intermediate_ret_z_smooth,treasury_rates,1041,0.026738725903227078,0.026738725903227078,0.026393779142215995,0.012834733497268868,1.0,0.0,0.6388088376560999,0.8146013448607109,1.0,z_smooth,1.0,0.026738725903227078,4,0.16166418948228745,True
teacher_majority_all_models__student_with_credit__z_plus_zsmooth,z_plus_zsmooth,RF,bd_bond_canonical_state_h1,bond,bond_canonical,bond_10y_mom_diff_z_smooth,treasury_rates,1041,0.02435330445076012,0.02435330445076012,0.02300914956081959,0.010390318210254134,1.0,0.0,0.6378482228626321,0.8924111431316042,1.0,z_smooth,1.0,0.02435330445076012,5,0.18601749393304756,True
teacher_majority_all_models__student_with_credit__z_plus_zsmooth,z_plus_zsmooth,RF,bd_bond_canonical_state_h1,bond,bond_canonical,ff_rmw_z_smooth,equity_cross_section,1041,0.023560563895848572,0.023560563895848572,0.022998923565877787,0.01491215777092913,0.9942363112391931,0.0,0.5225744476464937,0.7540826128722382,0.9942363112391931,z_smooth,1.0,0.023560563895848572,6,0.20957805782889613,True
teacher_majority_all_models__student_with_credit__z_plus_zsmooth,z_plus_zsmooth,RF,bd_bond_canonical_state_h1,bond,bond_canonical,crsp_tsy_7_10y_z_smooth,treasury_rates,1041,0.02249504210807159,0.02249504210807159,0.02034961204916058,0.010985380449024803,1.0,0.0,0.521613832853026,0.8194044188280499,1.0,z_smooth,1.0,0.02249504210807159,7,0.23207309993696773,True
teacher_majority_all_models__student_with_credit__z_plus_zsmooth,z_plus_zsmooth,RF,bd_bond_canonical_state_h1,bond,bond_canonical,crsp_tsy_10_20y_z_smooth,treasury_rates,1041,0.020888415708747585,0.020888415708747585,0.01863036132267201,0.009804621687227556,1.0,0.0,0.48799231508165225,0.7579250720461095,1.0,z_smooth,1.0,0.020888415708747585,8,0.2529615156457153,True
teacher_majority_all_models__student_with_credit__z_plus_zsmooth,z_plus_zsmooth,RF,bd_bond_canonical_state_h1,bond,bond_canonical,tsy_long_ret_z_smooth,treasury_rates,1041,0.01986435528283294,0.01986435528283294,0.01675308612929346,0.00980688672628808,1.0,0.0,0.4438040345821326,0.6935638808837656,1.0,z_smooth,1.0,0.01986435528283294,9,0.27282587092854826,True
teacher_majority_all_models__student_with_credit__z_plus_zsmooth,z_plus_zsmooth,RF,bd_bond_canonical_state_h1,bond,bond_canonical,crsp_tsy_3_7y_z_smooth,treasury_rates,1041,0.019261137202931638,0.019261137202931638,0.01925063249634533,0.009457878712781337,1.0,0.0,0.4899135446685879,0.6705091258405379,1.0,z_smooth,1.0,0.019261137202931638,10,0.29208700813147986,True
teacher_majority_all_models__student_with_credit__z_plus_zsmooth,z_plus_zsmooth,RF,bd_bond_canonical_state_h1,bond,bond_canonical,sentiment_logdiff_z_smooth,macro,1041,0.01924343244039619,0.01924343244039619,0.016477636191125,0.01229231963814153,1.0,0.0,0.40634005763688763,0.7060518731988472,1.0,z_smooth,1.0,0.01924343244039619,11,0.3113304405718761,True
teacher_majority_all_models__student_with_credit__z_plus_zsmooth,z_plus_zsmooth,RF,bd_bond_canonical_state_h1,bond,bond_canonical,crsp_tsy_20y_plus_z_smooth,treasury_rates,1041,0.01615029174424491,0.01615029174424491,0.014789083583553788,0.007582376953465736,1.0,0.0,0.2737752161383285,0.611911623439001,1.0,z_smooth,1.0,0.01615029174424491,12,0.32748073231612096,True
teacher_majority_all_models__student_with_credit__z_plus_zsmooth,z_plus_zsmooth,RF,bd_bond_canonical_state_h1,bond,bond_canonical,bond_10y_ret_level_z_smooth,treasury_rates,1041,0.014881963482143977,0.014881963482143977,0.012579493732013882,0.008899040673893051,0.9990393852065321,0.0,0.228626320845341,0.47646493756003844,0.9990393852065321,z_smooth,1.0,0.014881963482143977,13,0.34236269579826495,True
teacher_majority_all_models__student_with_credit__z_plus_zsmooth,z_plus_zsmooth,RF,bd_bond_canonical_state_h1,bond,bond_canonical,credit_ig_proxy_ret_z_smooth,credit,1041,0.014731968215977017,0.014731968215977017,0.014966968217793008,0.007481405251109007,1.0,0.0,0.1882804995196926,0.6157540826128722,1.0,z_smooth,1.0,0.014731968215977017,14,0.357094664014242,True
teacher_majority_all_models__student_with_credit__z_plus_zsmooth,z_plus_zsmooth,RF,bd_bond_canonical_state_h1,bond,bond_canonical,industry_lambda_corr_12m_z_smooth,equity_cross_section,1041,0.014609896967056571,0.014609896967056571,0.008977293303358364,0.015788861255852386,1.0,0.0,0.19212295869356388,0.3852065321805956,1.0,z_smooth,1.0,0.014609896967056571,15,0.37170456098129856,True
teacher_majority_all_models__student_with_credit__z_plus_zsmooth,z_plus_zsmooth,RF,bd_bond_canonical_state_h1,bond,bond_canonical,tsy_ret_dispersion_6m_z_smooth,treasury_rates,1041,0.01424867820347649,0.01424867820347649,0.013304976924077372,0.008710158244488212,1.0,0.0,0.27761767531219983,0.5936599423631124,1.0,z_smooth,1.0,0.01424867820347649,16,0.38595323918477503,True
teacher_majority_all_models__student_with_credit__z_plus_zsmooth,z_plus_zsmooth,RF,bd_bond_canonical_state_h1,bond,bond_canonical,policy_rate_diff_z,treasury_rates,1041,0.013154506555432332,0.013154506555432332,0.011918401880663634,0.0055516498769308175,1.0,0.0,0.14505283381364073,0.4956772334293948,1.0,z,1.0,0.013154506555432332,17,0.39910774574020735,True
teacher_majority_all_models__student_with_credit__z_plus_zsmooth,z_plus_zsmooth,RF,bd_bond_canonical_state_h1,bond,bond_canonical,tsy_long_minus_short_z_smooth,treasury_rates,1041,0.011492776765062935,0.011492776765062935,0.008382145495477313,0.008352429360961573,1.0,0.0,0.148895292987512,0.37367915465898177,1.0,z_smooth,1.0,0.011492776765062935,18,0.4106005225052703,True
teacher_majority_all_models__student_with_credit__z_plus_zsmooth,z_plus_zsmooth,RF,bd_bond_canonical_state_h1,bond,bond_canonical,core_inflation_diff_z_smooth,macro,1041,0.01147860190118693,0.01147860190118693,0.011852285645725654,0.006568284709476376,0.9971181556195965,0.0,0.07973102785782901,0.48799231508165225,0.9971181556195965,z_smooth,1.0,0.01147860190118693,19,0.42207912440645723,False
teacher_majority_all_models__student_with_credit__z_plus_zsmooth,z_plus_zsmooth,RF,bd_bond_canonical_state_h1,bond,bond_canonical,nfci_minus_anfci_z,financial_conditions,1041,0.011429738536044117,0.011429738536044117,0.01163831828140596,0.005675730532091689,0.9942363112391931,0.0,0.11335254562920269,0.49375600384245916,0.9942363112391931,z,1.0,0.011429738536044117,20,0.43350886294250135,False
teacher_majority_all_models__student_with_credit__z_plus_zsmooth,z_plus_zsmooth,RF,bd_bond_canonical_state_h1,bond,bond_canonical,tsy_ret_dispersion_1m_z_smooth,treasury_rates,1041,0.01138085807428381,0.01138085807428381,0.011115980243707866,0.00683851645129808,0.9990393852065321,0.0,0.11719500480307397,0.404418828049952,0.9990393852065321,z_smooth,1.0,0.01138085807428381,21,0.44488972101678514,False
teacher_majority_all_models__student_with_credit__z_plus_zsmooth,z_plus_zsmooth,RF,bd_bond_canonical_state_h1,bond,bond_canonical,crsp_tsy_7_10y_z,treasury_rates,1041,0.011252317920093433,0.011252317920093433,0.01126398088526975,0.004694839581050299,1.0,0.0,0.06051873198847262,0.4697406340057637,1.0,z,1.0,0.011252317920093433,22,0.4561420389368786,False
teacher_majority_all_models__student_with_credit__z_plus_zsmooth,z_plus_zsmooth,RF,bd_bond_canonical_state_h1,bond,bond_canonical,tsy_intermediate_ret_z,treasury_rates,1041,0.010679156342461473,0.010679156342461473,0.010333784711840061,0.005590943602513451,1.0,0.0,0.09798270893371758,0.3765609990393852,1.0,z,1.0,0.010679156342461473,23,0.4668211952793401,False
teacher_majority_all_models__student_with_credit__z_plus_zsmooth,z_plus_zsmooth,RF,bd_bond_canonical_state_h1,bond,bond_canonical,credit_ig_proxy_ret_z,credit,1041,0.010660555362162165,0.010660555362162165,0.011089768723692725,0.004087747602495577,1.0,0.0,0.0019212295869356388,0.4265129682997118,1.0,z,1.0,0.010660555362162165,24,0.4774817506415022,False
teacher_majority_all_models__student_with_credit__z_plus_zsmooth,z_plus_zsmooth,RF,bd_bond_canonical_state_h1,bond,bond_canonical,tsy_20y_minus_1_3y_z_smooth,treasury_rates,1041,0.010312818055640027,0.010312818055640027,0.00745817137032542,0.008148842536564551,1.0,0.0,0.10662824207492795,0.3285302593659942,1.0,z_smooth,1.0,0.010312818055640027,25,0.4877945686971423,False
teacher_majority_all_models__student_with_credit__z_plus_zsmooth,z_plus_zsmooth,RF,bd_bond_canonical_state_h1,bond,bond_canonical,ff_rmw_minus_cma_z_smooth,equity_cross_section,1041,0.009692702621292635,0.009692702621292635,0.007578043506717289,0.008057866526774277,0.9990393852065321,0.0,0.10278578290105668,0.2737752161383285,0.9990393852065321,z_smooth,1.0,0.009692702621292635,26,0.4974872713184349,False
teacher_majority_all_models__student_with_credit__z_plus_zsmooth,z_plus_zsmooth,RF,bd_bond_canonical_state_h1,bond,bond_canonical,industry_corr_avg_12m_z_smooth,equity_cross_section,1041,0.009638966189742273,0.009638966189742273,0.0042630088092208895,0.013684444515708829,1.0,0.0,0.12584053794428435,0.14217098943323728,1.0,z_smooth,1.0,0.009638966189742273,27,0.5071262375081772,False
teacher_majority_all_models__student_with_credit__z_plus_zsmooth,z_plus_zsmooth,RF,bd_bond_canonical_state_h1,bond,bond_canonical,industry_pca1_share_12m_z_smooth,equity_cross_section,1041,0.009294456004787286,0.009294456004787286,0.004707590938421024,0.01256799816239876,1.0,0.0,0.11527377521613832,0.1440922190201729,1.0,z_smooth,1.0,0.009294456004787286,28,0.5164206935129645,False
teacher_majority_all_models__student_with_credit__z_plus_zsmooth,z_plus_zsmooth,RF,bd_bond_canonical_state_h1,bond,bond_canonical,cfnai_level_z_smooth,macro,1041,0.008668278862549254,0.008668278862549254,0.008335510542798836,0.0031442280861527865,1.0,0.0,0.0,0.17098943323727187,1.0,z_smooth,1.0,0.008668278862549254,29,0.5250889723755137,False
teacher_majority_all_models__student_with_credit__z_plus_zsmooth,z_plus_zsmooth,RF,bd_bond_canonical_state_h1,bond,bond_canonical,industry_corr_absavg_12m_z_smooth,equity_cross_section,1041,0.008342214754392192,0.008342214754392192,0.004201096526702028,0.011468368645438947,1.0,0.0,0.11911623439000961,0.13064361191162344,1.0,z_smooth,1.0,0.008342214754392192,30,0.5334311871299059,False
teacher_majority_all_models__student_with_credit__z_plus_zsmooth,z_plus_zsmooth,RF,bd_bond_canonical_state_h1,bond,bond_canonical,ff_mom_z_smooth,equity_cross_section,1041,0.008258635445871578,0.008258635445871578,0.0051131106602330285,0.007592894042078157,1.0,0.0,0.11047070124879924,0.26512968299711814,1.0,z_smooth,1.0,0.008258635445871578,31,0.5416898225757775,False
teacher_majority_all_models__student_with_credit__z_plus_zsmooth,z_plus_zsmooth,RF,bd_bond_canonical_state_h1,bond,bond_canonical,crsp_tsy_3_7y_z,treasury_rates,1041,0.0081907629050013,0.0081907629050013,0.007103813789877631,0.004810997917482647,1.0,0.0,0.026897214217098942,0.15946205571565802,1.0,z,1.0,0.0081907629050013,32,0.5498805854807788,False
teacher_majority_all_models__student_with_credit__z_plus_zsmooth,z_plus_zsmooth,RF,bd_bond_canonical_state_h1,bond,bond_canonical,credit_hy_ig_corr_12m_fisher_z_smooth,credit,1041,0.008069453106859878,0.008069453106859878,0.005690213106964175,0.007237571139990076,1.0,0.0,0.09029779058597502,0.15946205571565802,1.0,z_smooth,1.0,0.008069453106859878,33,0.5579500385876387,False
teacher_majority_all_models__student_with_credit__z_plus_zsmooth,z_plus_zsmooth,RF,bd_bond_canonical_state_h1,bond,bond_canonical,tsy_short_ret_z_smooth,treasury_rates,1041,0.007836459278307516,0.007836459278307516,0.0070001025634979525,0.0054495464623818875,0.989433237271854,0.0,0.010566762728146013,0.14024975984630164,0.989433237271854,z_smooth,1.0,0.007836459278307516,34,0.5657864978659461,False
teacher_majority_all_models__student_with_credit__z_plus_zsmooth,z_plus_zsmooth,RF,bd_bond_canonical_state_h1,bond,bond_canonical,rho_12m_eq_fi_fisher_diff_z_smooth,volatility_dependence,1041,0.0072599131748218035,0.0072599131748218035,0.00778120536130881,0.004363289481010911,0.9951969260326609,0.0,0.002881844380403458,0.17387127761767532,0.9951969260326609,z_smooth,1.0,0.0072599131748218035,35,0.5730464110407679,False
teacher_majority_all_models__student_with_credit__z_plus_zsmooth,z_plus_zsmooth,RF,bd_bond_canonical_state_h1,bond,bond_canonical,factor_ret_dispersion_6m_z,equity_cross_section,1041,0.007196713059539688,0.007196713059539688,0.006333481729121312,0.005780577908946975,0.9769452449567724,0.0,0.056676272814601344,0.228626320845341,0.9769452449567724,z,1.0,0.007196713059539688,36,0.5802431241003077,False
teacher_majority_all_models__student_with_credit__z_plus_zsmooth,z_plus_zsmooth,RF,bd_bond_canonical_state_h1,bond,bond_canonical,crsp_ind12_buseq_z_smooth,other,1041,0.007144538157480985,0.007144538157480985,0.006247694008255398,0.00438883999796613,1.0,0.0,0.004803073967339097,0.11143131604226705,1.0,z_smooth,1.0,0.007144538157480985,37,0.5873876622577886,False
teacher_majority_all_models__student_with_credit__z_plus_zsmooth,z_plus_zsmooth,RF,bd_bond_canonical_state_h1,bond,bond_canonical,industry_rotation_speed_12m_z_smooth,equity_cross_section,1041,0.007115334896847587,0.007115334896847587,0.0030413425622532503,0.010559900651657142,0.9951969260326609,0.0,0.12007684918347743,0.13064361191162344,0.9951969260326609,z_smooth,1.0,0.007115334896847587,38,0.5945029971546363,False
teacher_majority_all_models__student_with_credit__z_plus_zsmooth,z_plus_zsmooth,RF,bd_bond_canonical_state_h1,bond,bond_canonical,crsp_tsy_1_3y_z_smooth,treasury_rates,1041,0.007056198156804288,0.007056198156804288,0.006433230279929485,0.005214171654219903,0.9961575408261287,0.0,0.01440922190201729,0.09702209414024976,0.9961575408261287,z_smooth,1.0,0.007056198156804288,39,0.6015591953114405,False
teacher_majority_all_models__student_with_credit__z_plus_zsmooth,z_plus_zsmooth,RF,bd_bond_canonical_state_h1,bond,bond_canonical,bond_10y_ret_level_z,treasury_rates,1041,0.007011050980039029,0.007011050980039029,0.00638554585916364,0.0030510787782982154,1.0,0.0,0.0067243035542747355,0.0643611911623439,1.0,z,1.0,0.007011050980039029,40,0.6085702462914796,False
teacher_majority_all_models__student_with_credit__z_plus_zsmooth,z_plus_zsmooth,RF,bd_bond_canonical_state_h1,bond,bond_canonical,size_value_pca1_share_12m_z_smooth,equity_cross_section,1041,0.0069383881017506715,0.0069383881017506715,0.0026891749141960968,0.007996917811713149,0.9980787704130644,0.0,0.06820365033621517,0.1844380403458213,0.9980787704130644,z_smooth,1.0,0.0069383881017506715,41,0.6155086343932302,False
teacher_majority_all_models__student_with_credit__z_plus_zsmooth,z_plus_zsmooth,RF,bd_bond_canonical_state_h1,bond,bond_canonical,size_value_corr_absavg_12m_z_smooth,equity_cross_section,1041,0.006202559021498655,0.006202559021498655,0.0027413401364375463,0.0063419527887055745,0.9865513928914506,0.0,0.010566762728146013,0.18924111431316043,0.9865513928914506,z_smooth,1.0,0.006202559021498655,42,0.6217111934147289,False
teacher_majority_all_models__student_with_credit__z_plus_zsmooth,z_plus_zsmooth,RF,bd_bond_canonical_state_h1,bond,bond_canonical,cmdty_sharpe_12m_z,commodities,1041,0.006133785465497807,0.006133785465497807,0.002744834894187441,0.008046405796526726,1.0,0.0,0.07300672430355427,0.1344860710854947,1.0,z,1.0,0.006133785465497807,43,0.6278449788802267,False
teacher_majority_all_models__student_with_credit__z_plus_zsmooth,z_plus_zsmooth,RF,bd_bond_canonical_state_h1,bond,bond_canonical,cmdty_vol_12m_z_smooth,commodities,1041,0.005824029308551878,0.005824029308551878,0.004281743897870075,0.005141922921715312,0.983669548511047,0.0,0.012487992315081652,0.08261287223823247,0.983669548511047,z_smooth,1.0,0.005824029308551878,44,0.6336690081887786,False
teacher_majority_all_models__student_with_credit__z_plus_zsmooth,z_plus_zsmooth,RF,bd_bond_canonical_state_h1,bond,bond_canonical,cross_bond_proxy_ret_z,treasury_rates,1041,0.005650303087687292,0.005650303087687292,0.005374074537610675,0.002467006526879323,1.0,0.0,0.0,0.002881844380403458,1.0,z,1.0,0.005650303087687292,45,0.6393193112764659,False
teacher_majority_all_models__student_with_credit__z_plus_zsmooth,z_plus_zsmooth,RF,bd_bond_canonical_state_h1,bond,bond_canonical,cross_eq_bond_corr_12m_fisher_diff_z_smooth,treasury_rates,1041,0.005537762075115973,0.005537762075115973,0.00508058314892368,0.004169474407859598,0.9913544668587896,0.0,0.0009606147934678194,0.11815561959654179,0.9913544668587896,z_smooth,1.0,0.005537762075115973,46,0.6448570733515818,False
teacher_majority_all_models__student_with_credit__z_plus_zsmooth,z_plus_zsmooth,RF,bd_bond_canonical_state_h1,bond,bond_canonical,tsy_corr_absavg_12m_z,treasury_rates,1041,0.005302422372161784,0.005302422372161784,0.0036749763361611423,0.005882356289773585,0.9827089337175793,0.0,0.03170028818443804,0.09125840537944284,0.9827089337175793,z,1.0,0.005302422372161784,47,0.6501594957237437,False
teacher_majority_all_models__student_with_credit__z_plus_zsmooth,z_plus_zsmooth,RF,bd_bond_canonical_state_h1,bond,bond_canonical,crsp_tsy_10_20y_z,treasury_rates,1041,0.005239438083603939,0.005239438083603939,0.005281044036553712,0.002037728595448059,0.9990393852065321,0.0,0.0,0.0,0.9990393852065321,z,1.0,0.005239438083603939,48,0.6553989338073476,False
teacher_majority_all_models__student_with_credit__z_plus_zsmooth,z_plus_zsmooth,RF,bd_bond_canonical_state_h1,bond,bond_canonical,tsy_short_ret_z,treasury_rates,1041,0.005216318471756572,0.005216318471756572,0.003952614035643476,0.004743158889779861,0.989433237271854,0.0,0.011527377521613832,0.07588856868395773,0.989433237271854,z,1.0,0.005216318471756572,49,0.6606152522791041,False
teacher_majority_all_models__student_with_credit__z_plus_zsmooth,z_plus_zsmooth,RF,bd_bond_canonical_state_h1,bond,bond_canonical,anfci_diff_z_smooth,financial_conditions,1041,0.00513449781126456,0.00513449781126456,0.003944208077001734,0.004288980364522031,0.9932756964457252,0.0,0.01440922190201729,0.07973102785782901,0.9932756964457252,z_smooth,1.0,0.00513449781126456,50,0.6657497500903686,False
teacher_majority_all_models__student_with_credit__z_plus_zsmooth,z_plus_zsmooth,RF,bd_bond_canonical_state_h1,bond,bond_canonical,small_value_minus_big_growth_z_smooth,equity_cross_section,1041,0.005115607291212705,0.005115607291212705,0.004759251321689325,0.002470522467342324,0.9951969260326609,0.0,0.0,0.04418828049951969,0.9951969260326609,z_smooth,1.0,0.005115607291212705,51,0.6708653573815814,False
teacher_majority_all_models__student_with_credit__z_plus_zsmooth,z_plus_zsmooth,RF,bd_bond_canonical_state_h1,bond,bond_canonical,factor_pca1_share_diff_z_smooth,equity_cross_section,1041,0.005100992198608952,0.005100992198608952,0.004130744248967383,0.003513192103743196,1.0,0.0,0.005763688760806916,0.08549471661863593,1.0,z_smooth,1.0,0.005100992198608952,52,0.6759663495801903,False
teacher_majority_all_models__student_with_credit__z_plus_zsmooth,z_plus_zsmooth,RF,bd_bond_canonical_state_h1,bond,bond_canonical,factor_lambda_cov_12m_z_smooth,equity_cross_section,1041,0.005080546872046073,0.005080546872046073,0.004422426771626044,0.0030877811449704796,0.9990393852065321,0.0,0.0,0.01440922190201729,0.9990393852065321,z_smooth,1.0,0.005080546872046073,53,0.6810468964522364,False
teacher_majority_all_models__student_with_credit__z_plus_zsmooth,z_plus_zsmooth,RF,bd_bond_canonical_state_h1,bond,bond_canonical,size_value_lambda_corr_12m_z_smooth,equity_cross_section,1041,0.004833667060345473,0.004833667060345473,0.004497775112818967,0.0029701365760377743,0.9846301633045149,0.0,0.0,0.029779058597502402,0.9846301633045149,z_smooth,1.0,0.004833667060345473,54,0.6858805635125819,False
teacher_majority_all_models__student_with_credit__z_plus_zsmooth,z_plus_zsmooth,RF,bd_bond_canonical_state_h1,bond,bond_canonical,credit_ret_dispersion_1m_z_smooth,credit,1041,0.004799646713766728,0.004799646713766728,0.004480716971661933,0.0032760407561145404,0.9865513928914506,0.0,0.0,0.04514889529298751,0.9865513928914506,z_smooth,1.0,0.004799646713766728,55,0.6906802102263486,False
teacher_majority_all_models__student_with_credit__z_plus_zsmooth,z_plus_zsmooth,RF,bd_bond_canonical_state_h1,bond,bond_canonical,size_value_corr_avg_12m_z_smooth,equity_cross_section,1041,0.004666636326121248,0.004666636326121248,0.0016586979710070597,0.00548232841192131,0.9827089337175793,0.0,0.0019212295869356388,0.09990393852065321,0.9827089337175793,z_smooth,1.0,0.004666636326121248,56,0.6953468465524698,False
teacher_majority_all_models__student_with_credit__z_plus_zsmooth,z_plus_zsmooth,RF,bd_bond_canonical_state_h1,bond,bond_canonical,policy_rate_diff_z_smooth,treasury_rates,1041,0.004666302413148535,0.004666302413148535,0.004132775251747906,0.0033019045514724424,0.9846301633045149,0.0,0.0,0.052833813640730067,0.9846301633045149,z_smooth,1.0,0.004666302413148535,57,0.7000131489656184,False
teacher_majority_all_models__student_with_credit__z_plus_zsmooth,z_plus_zsmooth,RF,bd_bond_canonical_state_h1,bond,bond_canonical,cross_eq_tsy20_corr_12m_fisher_diff_z_smooth,treasury_rates,1041,0.004624580738275117,0.004624580738275117,0.004310371375750683,0.00377436059069397,0.9558117195004803,0.0,0.0,0.10182516810758886,0.9558117195004803,z_smooth,1.0,0.004624580738275117,58,0.7046377297038935,False
teacher_majority_all_models__student_with_credit__z_plus_zsmooth,z_plus_zsmooth,RF,bd_bond_canonical_state_h1,bond,bond_canonical,small_minus_big_z_smooth,equity_cross_section,1041,0.004475456431768156,0.004475456431768156,0.004538355973531109,0.002805304162276801,0.9932756964457252,0.0,0.0,0.04707012487992315,0.9932756964457252,z_smooth,1.0,0.004475456431768156,59,0.7091131861356617,False
teacher_majority_all_models__student_with_credit__z_plus_zsmooth,z_plus_zsmooth,RF,bd_bond_canonical_state_h1,bond,bond_canonical,tsy_long_ret_z,treasury_rates,1041,0.004399367138948659,0.004399367138948659,0.004258486649088418,0.001703761828545351,1.0,0.0,0.0,0.0,1.0,z,1.0,0.004399367138948659,60,0.7135125532746104,False
teacher_majority_all_models__student_with_credit__z_plus_zsmooth,z_plus_zsmooth,RF,bd_bond_canonical_state_h1,bond,bond_canonical,cmdty_ret_6m_z,commodities,1041,0.00439275565046922,0.00439275565046922,0.0018979925805366065,0.004498349356185234,0.9779058597502401,0.0,0.0,0.04707012487992315,0.9779058597502401,z,1.0,0.00439275565046922,61,0.7179053089250795,False
teacher_majority_all_models__student_with_credit__z_plus_zsmooth,z_plus_zsmooth,RF,bd_bond_canonical_state_h1,bond,bond_canonical,credit_hy_ret_6m_z,credit,1041,0.004313887279093488,0.004313887279093488,0.0025288146391126733,0.004385868991524337,0.9884726224783862,0.0,0.0009606147934678194,0.04707012487992315,0.9884726224783862,z,1.0,0.004313887279093488,62,0.7222191962041731,False
teacher_majority_all_models__student_with_credit__z_plus_zsmooth,z_plus_zsmooth,RF,bd_bond_canonical_state_h1,bond,bond_canonical,crsp_tsy_1_3y_z,treasury_rates,1041,0.004107998661200953,0.004107998661200953,0.0028013751268297134,0.0036716689927857042,0.9913544668587896,0.0,0.0,0.027857829010566763,0.9913544668587896,z,1.0,0.004107998661200953,63,0.726327194865374,False
teacher_majority_all_models__student_with_credit__z_plus_zsmooth,z_plus_zsmooth,RF,bd_bond_canonical_state_h1,bond,bond_canonical,crsp_tsy_20y_plus_z,treasury_rates,1041,0.004077375543389843,0.004077375543389843,0.003768799878934329,0.0019056914998758893,1.0,0.0,0.0,0.002881844380403458,1.0,z,1.0,0.004077375543389843,64,0.7304045704087638,False
teacher_majority_all_models__student_with_credit__z_plus_zsmooth,z_plus_zsmooth,RF,bd_bond_canonical_state_h1,bond,bond_canonical,factor_lambda_corr_diff_z_smooth,equity_cross_section,1041,0.00400996865679379,0.00400996865679379,0.004284765821537689,0.0020346650432881063,0.9884726224783862,0.0,0.0,0.0009606147934678194,0.9884726224783862,z_smooth,1.0,0.00400996865679379,65,0.7344145390655576,False
teacher_majority_all_models__student_with_credit__z_plus_zsmooth,z_plus_zsmooth,RF,bd_bond_canonical_state_h1,bond,bond_canonical,industry_corr_absavg_12m_z,equity_cross_section,1041,0.0039172528449594145,0.0039172528449594145,0.0032696642236594306,0.0027841135448054967,0.9990393852065321,0.0,0.0,0.03170028818443804,0.9990393852065321,z,1.0,0.0039172528449594145,66,0.738331791910517,False
teacher_majority_all_models__student_with_credit__z_plus_zsmooth,z_plus_zsmooth,RF,bd_bond_canonical_state_h1,bond,bond_canonical,nfci_diff_z_smooth,financial_conditions,1041,0.003907148755394939,0.003907148755394939,0.0035384703076791002,0.0025183216980290976,0.9961575408261287,0.0,0.0,0.0009606147934678194,0.9961575408261287,z_smooth,1.0,0.003907148755394939,67,0.742238940665912,False
teacher_majority_all_models__student_with_credit__z_plus_zsmooth,z_plus_zsmooth,RF,bd_bond_canonical_state_h1,bond,bond_canonical,cmdty_ret_12m_z,commodities,1041,0.003872476243061446,0.003872476243061446,0.0027431496950825096,0.0033936742483256952,1.0,0.0,0.0,0.01536983669548511,1.0,z,1.0,0.003872476243061446,68,0.7461114169089734,False
teacher_majority_all_models__student_with_credit__z_plus_zsmooth,z_plus_zsmooth,RF,bd_bond_canonical_state_h1,bond,bond_canonical,tsy_pca1_share_12m_z,treasury_rates,1041,0.003724364435954927,0.003724364435954927,0.0024536668362548308,0.004078328605755102,0.983669548511047,0.0,0.0009606147934678194,0.04418828049951969,0.983669548511047,z,1.0,0.003724364435954927,69,0.7498357813449283,False
teacher_majority_all_models__student_with_credit__z_plus_zsmooth,z_plus_zsmooth,RF,bd_bond_canonical_state_h1,bond,bond_canonical,fred_anfci_z,financial_conditions,1041,0.003644753304810655,0.003644753304810655,0.003172994703782856,0.002385723258454809,0.9692603266090298,0.0,0.0,0.0019212295869356388,0.9692603266090298,z,1.0,0.003644753304810655,70,0.753480534649739,False
teacher_majority_all_models__student_with_credit__z_plus_zsmooth,z_plus_zsmooth,RF,bd_bond_canonical_state_h1,bond,bond_canonical,tsy_corr_avg_12m_z,treasury_rates,1041,0.003633557213949309,0.003633557213949309,0.0025399834525130405,0.004471180769855967,0.9548511047070125,0.0,0.002881844380403458,0.06628242074927954,0.9548511047070125,z,1.0,0.003633557213949309,71,0.7571140918636883,False
teacher_majority_all_models__student_with_credit__z_plus_zsmooth,z_plus_zsmooth,RF,bd_bond_canonical_state_h1,bond,bond_canonical,industry_corr_avg_12m_z,equity_cross_section,1041,0.0035493938295259554,0.0035493938295259554,0.003246391457586358,0.002657537150745382,0.9932756964457252,0.0,0.0,0.029779058597502402,0.9932756964457252,z,1.0,0.0035493938295259554,72,0.7606634856932143,False
teacher_majority_all_models__student_with_credit__z_plus_zsmooth,z_plus_zsmooth,RF,bd_bond_canonical_state_h1,bond,bond_canonical,cfnai_level_z,macro,1041,0.00347890128732332,0.00347890128732332,0.0025424556221206825,0.0028284785951825805,0.9865513928914506,0.0,0.0009606147934678194,0.0019212295869356388,0.9865513928914506,z,1.0,0.00347890128732332,73,0.7641423869805376,False
teacher_majority_all_models__student_with_credit__z_plus_zsmooth,z_plus_zsmooth,RF,bd_bond_canonical_state_h1,bond,bond_canonical,factor_corr_avg_12m_z_smooth,equity_cross_section,1041,0.003448940584103033,0.003448940584103033,0.0027088128133111503,0.0026866610234841915,0.9731027857829011,0.0,0.0,0.002881844380403458,0.9731027857829011,z_smooth,1.0,0.003448940584103033,74,0.7675913275646407,False
teacher_majority_all_models__student_with_credit__z_plus_zsmooth,z_plus_zsmooth,RF,bd_bond_canonical_state_h1,bond,bond_canonical,anfci_level_z,financial_conditions,1041,0.0034267293945450007,0.0034267293945450007,0.003378867580590922,0.0016410950394113641,0.9798270893371758,0.0,0.0,0.0,0.9798270893371758,z,1.0,0.0034267293945450007,75,0.7710180569591857,False
teacher_majority_all_models__student_with_credit__z_plus_zsmooth,z_plus_zsmooth,RF,bd_bond_canonical_state_h1,bond,bond_canonical,bond_10y_mom_diff_z,treasury_rates,1041,0.0033902759379257604,0.0033902759379257604,0.003104585802418421,0.0021408338734958936,0.989433237271854,0.0,0.0,0.0038424591738712775,0.989433237271854,z,1.0,0.0033902759379257604,76,0.7744083328971114,False
teacher_majority_all_models__student_with_credit__z_plus_zsmooth,z_plus_zsmooth,RF,bd_bond_canonical_state_h1,bond,bond_canonical,tsy_long_minus_short_z,treasury_rates,1041,0.003382302860523176,0.003382302860523176,0.003135824040605028,0.0018708172233091152,0.9961575408261287,0.0,0.0,0.002881844380403458,0.9961575408261287,z,1.0,0.003382302860523176,77,0.7777906357576345,False
teacher_majority_all_models__student_with_credit__z_plus_zsmooth,z_plus_zsmooth,RF,bd_bond_canonical_state_h1,bond,bond_canonical,cross_bond_cmdty_corr_12m_fisher_diff_z_smooth,treasury_rates,1041,0.0033338225088784144,0.0033338225088784144,0.002781214677251875,0.0028948608295130997,0.9154658981748319,0.0,0.0,0.029779058597502402,0.9154658981748319,z_smooth,1.0,0.0033338225088784144,78,0.781124458266513,False
teacher_majority_all_models__student_with_credit__z_plus_zsmooth,z_plus_zsmooth,RF,bd_bond_canonical_state_h1,bond,bond_canonical,tsy_lambda_corr_12m_z_smooth,treasury_rates,1041,0.0032802635491526928,0.0032802635491526928,0.002919389187810819,0.002664759277319468,0.9365994236311239,0.0,0.0,0.002881844380403458,0.9365994236311239,z_smooth,1.0,0.0032802635491526928,79,0.7844047218156657,False
teacher_majority_all_models__student_with_credit__z_plus_zsmooth,z_plus_zsmooth,RF,bd_bond_canonical_state_h1,bond,bond_canonical,ff_smb_z_smooth,equity_cross_section,1041,0.0032322008227574067,0.0032322008227574067,0.002780112602845984,0.002436817098405502,0.9903938520653218,0.0,0.0,0.02881844380403458,0.9903938520653218,z_smooth,1.0,0.0032322008227574067,80,0.7876369226384231,False
teacher_majority_all_models__student_with_credit__z_plus_zsmooth,z_plus_zsmooth,RF,bd_bond_canonical_state_h1,bond,bond_canonical,credit_hy_ig_corr_12m_fisher_z,credit,1041,0.0030922628066099834,0.0030922628066099834,0.002496693449733379,0.002755922422733421,0.9721421709894332,0.0,0.0,0.022094140249759846,0.9721421709894332,z,1.0,0.0030922628066099834,81,0.790729185445033,False
teacher_majority_all_models__student_with_credit__z_plus_zsmooth,z_plus_zsmooth,RF,bd_bond_canonical_state_h1,bond,bond_canonical,tsy_pca1_share_12m_z_smooth,treasury_rates,1041,0.0030535975550684013,0.0030535975550684013,0.0026042835238640795,0.0024015751168401348,0.9903938520653218,0.0,0.0,0.0,0.9903938520653218,z_smooth,1.0,0.0030535975550684013,82,0.7937827830001014,False
teacher_majority_all_models__student_with_credit__z_plus_zsmooth,z_plus_zsmooth,RF,bd_bond_canonical_state_h1,bond,bond_canonical,crsp_ind12_chems_z_smooth,other,1041,0.003041904139033695,0.003041904139033695,0.002938563382843394,0.001667018764601497,0.9923150816522575,0.0,0.0,0.0,0.9923150816522575,z_smooth,1.0,0.003041904139033695,83,0.7968246871391351,False
teacher_majority_all_models__student_with_credit__z_plus_zsmooth,z_plus_zsmooth,RF,bd_bond_canonical_state_h1,bond,bond_canonical,industry_ret_dispersion_6m_z,equity_cross_section,1041,0.0029686506842096384,0.0029686506842096384,0.0027365520689373295,0.002256398702845169,0.9558117195004803,0.0,0.0,0.0,0.9558117195004803,z,1.0,0.0029686506842096384,84,0.7997933378233448,False
teacher_majority_all_models__student_with_credit__z_plus_zsmooth,z_plus_zsmooth,RF,bd_bond_canonical_state_h1,bond,bond_canonical,tsy_20y_minus_1_3y_z,treasury_rates,1041,0.002948008371683574,0.002948008371683574,0.002867286962801517,0.001359627262258341,0.9913544668587896,0.0,0.0,0.0,0.9913544668587896,z,1.0,0.002948008371683574,85,0.8027413461950283,False
teacher_majority_all_models__student_with_credit__z_plus_zsmooth,z_plus_zsmooth,RF,bd_bond_canonical_state_h1,bond,bond_canonical,vix_logdiff_z_smooth,volatility_dependence,1041,0.0029350602687412365,0.0029350602687412365,0.0028999349323956076,0.001628596826615652,0.9942363112391931,0.0,0.0,0.0009606147934678194,0.9942363112391931,z_smooth,1.0,0.0029350602687412365,86,0.8056764064637696,False
teacher_majority_all_models__student_with_credit__z_plus_zsmooth,z_plus_zsmooth,RF,bd_bond_canonical_state_h1,bond,bond_canonical,industry_lambda_cov_12m_z_smooth,equity_cross_section,1041,0.002931256568915555,0.002931256568915555,0.0020194820225610784,0.0031543719567210045,0.989433237271854,0.0,0.0,0.03554274735830932,0.989433237271854,z_smooth,1.0,0.002931256568915555,87,0.8086076630326852,False
teacher_majority_all_models__student_with_credit__z_plus_zsmooth,z_plus_zsmooth,RF,bd_bond_canonical_state_h1,bond,bond_canonical,size_value_rotation_speed_12m_z_smooth,equity_cross_section,1041,0.0028711228868591766,0.0028711228868591766,0.0017906009481631702,0.0035303680075407956,0.9913544668587896,0.0,0.0,0.04610951008645533,0.9913544668587896,z_smooth,1.0,0.0028711228868591766,88,0.8114787859195444,False
teacher_majority_all_models__student_with_credit__z_plus_zsmooth,z_plus_zsmooth,RF,bd_bond_canonical_state_h1,bond,bond_canonical,factor_corr_avg_12m_z,equity_cross_section,1041,0.0028542641216765955,0.0028542641216765955,0.0025844407869216133,0.0017681946622567703,0.989433237271854,0.0,0.0,0.0,0.989433237271854,z,1.0,0.0028542641216765955,89,0.8143330500412209,False
teacher_majority_all_models__student_with_credit__z_plus_zsmooth,z_plus_zsmooth,RF,bd_bond_canonical_state_h1,bond,bond_canonical,factor_rotation_speed_12m_z_smooth,equity_cross_section,1041,0.0027959103323330473,0.0027959103323330473,0.00242620125819405,0.0017553510565420922,0.9855907780979827,0.0,0.0,0.0,0.9855907780979827,z_smooth,1.0,0.0027959103323330473,90,0.817128960373554,False
teacher_majority_all_models__student_with_credit__z_plus_zsmooth,z_plus_zsmooth,RF,bd_bond_canonical_state_h1,bond,bond_canonical,factor_corr_absavg_12m_z,equity_cross_section,1041,0.0027481658749768084,0.0027481658749768084,0.0019370120184299226,0.0026849175873963167,0.9385206532180596,0.0,0.0,0.024975984630163303,0.9385206532180596,z,1.0,0.0027481658749768084,91,0.8198771262485308,False
teacher_majority_all_models__student_with_credit__z_plus_zsmooth,z_plus_zsmooth,RF,bd_bond_canonical_state_h1,bond,bond_canonical,credit_hy_proxy_ret_z_smooth,credit,1041,0.0027084358325413123,0.0027084358325413123,0.002356533972192426,0.0019472526338591535,0.9865513928914506,0.0,0.0,0.002881844380403458,0.9865513928914506,z_smooth,1.0,0.0027084358325413123,92,0.8225855620810721,False
teacher_majority_all_models__student_with_credit__z_plus_zsmooth,z_plus_zsmooth,RF,bd_bond_canonical_state_h1,bond,bond_canonical,factor_pca1_share_12m_z_smooth,equity_cross_section,1041,0.0027026590003781346,0.0027026590003781346,0.002310141896878102,0.0018189172202240716,0.9903938520653218,0.0,0.0,0.0019212295869356388,0.9903938520653218,z_smooth,1.0,0.0027026590003781346,93,0.8252882210814503,False
teacher_majority_all_models__student_with_credit__z_plus_zsmooth,z_plus_zsmooth,RF,bd_bond_canonical_state_h1,bond,bond_canonical,industry_best_minus_worst_6m_z,equity_cross_section,1041,0.0026830855235274215,0.0026830855235274215,0.0023535562946801632,0.0020968378518383835,0.9106628242074928,0.0,0.0,0.0,0.9106628242074928,z,1.0,0.0026830855235274215,94,0.8279713066049776,False
teacher_majority_all_models__student_with_credit__z_plus_zsmooth,z_plus_zsmooth,RF,bd_bond_canonical_state_h1,bond,bond_canonical,size_value_ret_dispersion_1m_z_smooth,equity_cross_section,1041,0.0026045249453591607,0.0026045249453591607,0.0016261809546547696,0.002629086821609554,0.9596541786743515,0.0,0.0,0.004803073967339097,0.9596541786743515,z_smooth,1.0,0.0026045249453591607,95,0.8305758315503368,False
teacher_majority_all_models__student_with_credit__z_plus_zsmooth,z_plus_zsmooth,RF,bd_bond_canonical_state_h1,bond,bond_canonical,cmdty_ret_12m_z_smooth,commodities,1041,0.002590266163381388,0.002590266163381388,0.0023843313642703877,0.0016817215378895055,0.983669548511047,0.0,0.0,0.0,0.983669548511047,z_smooth,1.0,0.002590266163381388,96,0.8331660977137182,False
teacher_majority_all_models__student_with_credit__z_plus_zsmooth,z_plus_zsmooth,RF,bd_bond_canonical_state_h1,bond,bond_canonical,credit_spread_diff_z_smooth,credit,1041,0.0025896859028665853,0.0025896859028665853,0.002322469108518605,0.0017668747807679007,0.9663784822286263,0.0,0.0,0.0,0.9663784822286263,z_smooth,1.0,0.0025896859028665853,97,0.8357557836165848,False
teacher_majority_all_models__student_with_credit__z_plus_zsmooth,z_plus_zsmooth,RF,bd_bond_canonical_state_h1,bond,bond_canonical,tsy_corr_avg_12m_z_smooth,treasury_rates,1041,0.002557119910137664,0.002557119910137664,0.0018816008613261478,0.0023496033012661856,0.9798270893371758,0.0,0.0,0.0038424591738712775,0.9798270893371758,z_smooth,1.0,0.002557119910137664,98,0.8383129035267225,False
teacher_majority_all_models__student_with_credit__z_plus_zsmooth,z_plus_zsmooth,RF,bd_bond_canonical_state_h1,bond,bond_canonical,cmdty_ret_6m_z_smooth,commodities,1041,0.002452515554039863,0.002452515554039863,0.002066660823820512,0.001487887415728317,0.9951969260326609,0.0,0.0,0.0,0.9951969260326609,z_smooth,1.0,0.002452515554039863,99,0.8407654190807623,False
teacher_majority_all_models__student_with_credit__z_plus_zsmooth,z_plus_zsmooth,RF,bd_bond_canonical_state_h1,bond,bond_canonical,industry_pca1_share_12m_z,equity_cross_section,1041,0.0024409818311459004,0.0024409818311459004,0.001977629157753576,0.0018165535477410407,0.9884726224783862,0.0,0.0,0.0038424591738712775,0.9884726224783862,z,1.0,0.0024409818311459004,100,0.8432064009119082,False
teacher_majority_all_models__student_with_credit__z_plus_zsmooth,z_plus_zsmooth,RF,bd_bond_canonical_state_h1,bond,bond_canonical,smlo_vwret_z_smooth,other,1041,0.0024041058483249985,0.0024041058483249985,0.002259795571255667,0.0017087951740234174,0.9442843419788665,0.0,0.0,0.0,0.9442843419788665,z_smooth,1.0,0.0024041058483249985,101,0.8456105067602332,False
teacher_majority_all_models__student_with_credit__z_plus_zsmooth,z_plus_zsmooth,RF,bd_bond_canonical_state_h1,bond,bond_canonical,cmdty_broad_aqr_ret_z_smooth,commodities,1041,0.00239440192745369,0.00239440192745369,0.002207991528954185,0.0014313810028865781,0.9884726224783862,0.0,0.0,0.0,0.9884726224783862,z_smooth,1.0,0.00239440192745369,102,0.8480049086876869,False
teacher_majority_all_models__student_with_credit__z_plus_zsmooth,z_plus_zsmooth,RF,bd_bond_canonical_state_h1,bond,bond_canonical,industry_ret_dispersion_1m_z_smooth,equity_cross_section,1041,0.002342709520144361,0.002342709520144361,0.0020150942652311225,0.0015770070855791246,0.9634966378482228,0.0,0.0,0.0,0.9634966378482228,z_smooth,1.0,0.002342709520144361,103,0.8503476182078312,False
teacher_majority_all_models__student_with_credit__z_plus_zsmooth,z_plus_zsmooth,RF,bd_bond_canonical_state_h1,bond,bond_canonical,credit_ig_ret_6m_z_smooth,credit,1041,0.0023210656350025993,0.0023210656350025993,0.002337406162512263,0.0014516360772475541,0.9759846301633045,0.0,0.0,0.0,0.9759846301633045,z_smooth,1.0,0.0023210656350025993,104,0.8526686838428339,False
teacher_majority_all_models__student_with_credit__z_plus_zsmooth,z_plus_zsmooth,RF,bd_bond_canonical_state_h1,bond,bond_canonical,size_value_ret_dispersion_6m_z_smooth,equity_cross_section,1041,0.0023167315865771864,0.0023167315865771864,0.0017664827219057635,0.0019339831174282338,0.9644572526416907,0.0,0.0,0.0,0.9644572526416907,z_smooth,1.0,0.0023167315865771864,105,0.8549854154294111,False
teacher_majority_all_models__student_with_credit__z_plus_zsmooth,z_plus_zsmooth,RF,bd_bond_canonical_state_h1,bond,bond_canonical,industry_lambda_cov_diff_z_smooth,equity_cross_section,1041,0.0023126004584805467,0.0023126004584805467,0.002299940822327559,0.0012189761369296051,0.9731027857829011,0.0,0.0,0.0,0.9731027857829011,z_smooth,1.0,0.0023126004584805467,106,0.8572980158878916,False
teacher_majority_all_models__student_with_credit__z_plus_zsmooth,z_plus_zsmooth,RF,bd_bond_canonical_state_h1,bond,bond_canonical,crsp_ind12_nodur_z_smooth,other,1041,0.0023090661508293163,0.0023090661508293163,0.0019436476508769341,0.001640872583949475,0.978866474543708,0.0,0.0,0.0,0.978866474543708,z_smooth,1.0,0.0023090661508293163,107,0.8596070820387209,False
teacher_majority_all_models__student_with_credit__z_plus_zsmooth,z_plus_zsmooth,RF,bd_bond_canonical_state_h1,bond,bond_canonical,credit_lambda_cov_diff_z_smooth,credit,1041,0.0023031211345771506,0.0023031211345771506,0.0020695326099705756,0.0013357794897390326,0.9750240153698367,0.0,0.0,0.0,0.9750240153698367,z_smooth,1.0,0.0023031211345771506,108,0.861910203173298,False
teacher_majority_all_models__student_with_credit__z_plus_zsmooth,z_plus_zsmooth,RF,bd_bond_canonical_state_h1,bond,bond_canonical,crsp_ind12_utils_z_smooth,other,1041,0.002300883515730486,0.002300883515730486,0.0012565004237925371,0.0029729894241789763,0.9586935638808838,0.0,0.002881844380403458,0.008645533141210375,0.9586935638808838,z_smooth,1.0,0.002300883515730486,109,0.8642110866890286,False
teacher_majority_all_models__student_with_credit__z_plus_zsmooth,z_plus_zsmooth,RF,bd_bond_canonical_state_h1,bond,bond_canonical,size_value_pca1_share_12m_z,equity_cross_section,1041,0.002300259632965837,0.002300259632965837,0.0021750939770599706,0.0013919862638367172,0.9913544668587896,0.0,0.0,0.0,0.9913544668587896,z,1.0,0.002300259632965837,110,0.8665113463219943,False
teacher_majority_all_models__student_with_credit__z_plus_zsmooth,z_plus_zsmooth,RF,bd_bond_canonical_state_h1,bond,bond_canonical,factor_corr_absavg_12m_z_smooth,equity_cross_section,1041,0.00221978723514161,0.00221978723514161,0.0018045140421543825,0.0018632527991630505,0.9606147934678194,0.0,0.0,0.0,0.9606147934678194,z_smooth,1.0,0.00221978723514161,111,0.868731133557136,False
teacher_majority_all_models__student_with_credit__z_plus_zsmooth,z_plus_zsmooth,RF,bd_bond_canonical_state_h1,bond,bond_canonical,credit_ret_dispersion_6m_z_smooth,credit,1041,0.002205646989299023,0.002205646989299023,0.001925026625258878,0.001627730958173997,0.962536023054755,0.0,0.0,0.0,0.962536023054755,z_smooth,1.0,0.002205646989299023,112,0.870936780546435,False
teacher_majority_all_models__student_with_credit__z_plus_zsmooth,z_plus_zsmooth,RF,bd_bond_canonical_state_h1,bond,bond_canonical,tsy_corr_absavg_12m_z_smooth,treasury_rates,1041,0.002149910656664941,0.002149910656664941,0.0017733992470057055,0.0017998247612583188,0.930835734870317,0.0,0.0,0.0,0.930835734870317,z_smooth,1.0,0.002149910656664941,113,0.8730866912031,False
teacher_majority_all_models__student_with_credit__z_plus_zsmooth,z_plus_zsmooth,RF,bd_bond_canonical_state_h1,bond,bond_canonical,ff_mom_minus_hml_z_smooth,equity_cross_section,1041,0.0021416536946644825,0.0021416536946644825,0.0016447126929209537,0.0017995603717038404,0.9807877041306436,0.0,0.0,0.0,0.9807877041306436,z_smooth,1.0,0.0021416536946644825,114,0.8752283448977645,False
teacher_majority_all_models__student_with_credit__z_plus_zsmooth,z_plus_zsmooth,RF,bd_bond_canonical_state_h1,bond,bond_canonical,factor_ret_dispersion_6m_z_smooth,equity_cross_section,1041,0.0021389764901528015,0.0021389764901528015,0.0018657454186964445,0.0014468739791643666,0.9827089337175793,0.0,0.0,0.0,0.9827089337175793,z_smooth,1.0,0.0021389764901528015,115,0.8773673213879173,False
teacher_majority_all_models__student_with_credit__z_plus_zsmooth,z_plus_zsmooth,RF,bd_bond_canonical_state_h1,bond,bond_canonical,cmdty_ret_1m_z_smooth,commodities,1041,0.0021342515118134746,0.0021342515118134746,0.00215683733013563,0.0012419477867951637,0.9779058597502401,0.0,0.0,0.0,0.9779058597502401,z_smooth,1.0,0.0021342515118134746,116,0.8795015728997307,False
teacher_majority_all_models__student_with_credit__z_plus_zsmooth,z_plus_zsmooth,RF,bd_bond_canonical_state_h1,bond,bond_canonical,factor_pca1_share_12m_z,equity_cross_section,1041,0.0021325320492715434,0.0021325320492715434,0.0014221230403933512,0.002096173688091344,0.8069164265129684,0.0,0.0,0.0,0.8069164265129684,z,1.0,0.0021325320492715434,117,0.8816341049490023,False
teacher_majority_all_models__student_with_credit__z_plus_zsmooth,z_plus_zsmooth,RF,bd_bond_canonical_state_h1,bond,bond_canonical,tsy_ret_dispersion_6m_z,treasury_rates,1041,0.0021062084775169644,0.0021062084775169644,0.001977162095332198,0.0013202658248944342,0.9865513928914506,0.0,0.0,0.0,0.9865513928914506,z,1.0,0.0021062084775169644,118,0.8837403134265193,False
teacher_majority_all_models__student_with_credit__z_plus_zsmooth,z_plus_zsmooth,RF,bd_bond_canonical_state_h1,bond,bond_canonical,cmdty_sharpe_12m_z_smooth,commodities,1041,0.0020539749237079726,0.0020539749237079726,0.0018669199716040352,0.001072145715761935,0.9923150816522575,0.0,0.0,0.0,0.9923150816522575,z_smooth,1.0,0.0020539749237079726,119,0.8857942883502272,False
teacher_majority_all_models__student_with_credit__z_plus_zsmooth,z_plus_zsmooth,RF,bd_bond_canonical_state_h1,bond,bond_canonical,industry_ret_dispersion_6m_z_smooth,equity_cross_section,1041,0.002037467047973925,0.002037467047973925,0.0013699154344124147,0.0020360585458262647,0.9711815561959655,0.0,0.0,0.0,0.9711815561959655,z_smooth,1.0,0.002037467047973925,120,0.8878317553982011,False
teacher_majority_all_models__student_with_credit__z_plus_zsmooth,z_plus_zsmooth,RF,bd_bond_canonical_state_h1,bond,bond_canonical,cross_eq_credit_hy_corr_12m_fisher_diff_z_smooth,credit,1041,0.001944379992410474,0.001944379992410474,0.0014243638406284044,0.0019002903006315013,0.9394812680115274,0.0,0.0,0.0009606147934678194,0.9394812680115274,z_smooth,1.0,0.001944379992410474,121,0.8897761353906116,False
teacher_majority_all_models__student_with_credit__z_plus_zsmooth,z_plus_zsmooth,RF,bd_bond_canonical_state_h1,bond,bond_canonical,anfci_diff_z,financial_conditions,1041,0.001907280146171425,0.001907280146171425,0.0018519854854308648,0.0014166449328908773,0.978866474543708,0.0,0.0,0.0,0.978866474543708,z,1.0,0.001907280146171425,122,0.891683415536783,False
teacher_majority_all_models__student_with_credit__z_plus_zsmooth,z_plus_zsmooth,RF,bd_bond_canonical_state_h1,bond,bond_canonical,nfci_level_z,financial_conditions,1041,0.0019041258817130676,0.0019041258817130676,0.001395627868068518,0.0018903657846523955,0.9769452449567724,0.0,0.0,0.0019212295869356388,0.9769452449567724,z,1.0,0.0019041258817130676,123,0.8935875414184961,False
teacher_majority_all_models__student_with_credit__z_plus_zsmooth,z_plus_zsmooth,RF,bd_bond_canonical_state_h1,bond,bond_canonical,tsy_rotation_speed_12m_z_smooth,treasury_rates,1041,0.00187405983442617,0.00187405983442617,0.0012096263003809706,0.001959455471608384,0.9433237271853987,0.0,0.0,0.0,0.9433237271853987,z_smooth,1.0,0.00187405983442617,124,0.8954616012529223,False
teacher_majority_all_models__student_with_credit__z_plus_zsmooth,z_plus_zsmooth,RF,bd_bond_canonical_state_h1,bond,bond_canonical,nfci_level_z_smooth,financial_conditions,1041,0.0018638775967805704,0.0018638775967805704,0.0017563073675637094,0.0011717333741749023,0.9779058597502401,0.0,0.0,0.0,0.9779058597502401,z_smooth,1.0,0.0018638775967805704,125,0.8973254788497028,False
teacher_majority_all_models__student_with_credit__z_plus_zsmooth,z_plus_zsmooth,RF,bd_bond_canonical_state_h1,bond,bond_canonical,cross_eq_bond_corr_12m_fisher_diff_z,treasury_rates,1041,0.0018316162503429977,0.0018316162503429977,0.0017116816548499627,0.0014567513232495283,0.9577329490874159,0.0,0.0,0.0,0.9577329490874159,z,1.0,0.0018316162503429977,126,0.8991570951000458,False
teacher_majority_all_models__student_with_credit__z_plus_zsmooth,z_plus_zsmooth,RF,bd_bond_canonical_state_h1,bond,bond_canonical,crsp_ind12_enrgy_z_smooth,other,1041,0.0018302403259719189,0.0018302403259719189,0.0015861472711498088,0.0015308130651175995,0.9289145052833814,0.0,0.0,0.0,0.9289145052833814,z_smooth,1.0,0.0018302403259719189,127,0.9009873354260177,False
teacher_majority_all_models__student_with_credit__z_plus_zsmooth,z_plus_zsmooth,RF,bd_bond_canonical_state_h1,bond,bond_canonical,credit_hy_ret_6m_z_smooth,credit,1041,0.0018121100004333563,0.0018121100004333563,0.0017161000487619514,0.0010480766083383543,0.968299711815562,0.0,0.0,0.0,0.968299711815562,z_smooth,1.0,0.0018121100004333563,128,0.9027994454264511,False
teacher_majority_all_models__student_with_credit__z_plus_zsmooth,z_plus_zsmooth,RF,bd_bond_canonical_state_h1,bond,bond_canonical,credit_hy_proxy_ret_z,credit,1041,0.0017582765381535614,0.0017582765381535614,0.0017022106903181178,0.001137043363822,0.9577329490874159,0.0,0.0,0.0,0.9577329490874159,z,1.0,0.0017582765381535614,129,0.9045577219646047,False
teacher_majority_all_models__student_with_credit__z_plus_zsmooth,z_plus_zsmooth,RF,bd_bond_canonical_state_h1,bond,bond_canonical,size_value_lambda_corr_diff_z_smooth,equity_cross_section,1041,0.0017242532331642,0.0017242532331642,0.0016404966337413758,0.0010595494742353675,0.9654178674351584,0.0,0.0,0.0,0.9654178674351584,z_smooth,1.0,0.0017242532331642,130,0.9062819751977689,False
teacher_majority_all_models__student_with_credit__z_plus_zsmooth,z_plus_zsmooth,RF,bd_bond_canonical_state_h1,bond,bond_canonical,industry_best_minus_worst_1m_z_smooth,equity_cross_section,1041,0.0017149098023425682,0.0017149098023425682,0.0013286161205938007,0.0014841519598972678,0.9125840537944284,0.0,0.0,0.0,0.9125840537944284,z_smooth,1.0,0.0017149098023425682,131,0.9079968850001114,False
teacher_majority_all_models__student_with_credit__z_plus_zsmooth,z_plus_zsmooth,RF,bd_bond_canonical_state_h1,bond,bond_canonical,factor_lambda_corr_12m_z_smooth,equity_cross_section,1041,0.0017033669870164503,0.0017033669870164503,0.0014226833200530501,0.001525300240954663,0.9510086455331412,0.0,0.0,0.0,0.9510086455331412,z_smooth,1.0,0.0017033669870164503,132,0.9097002519871279,False
teacher_majority_all_models__student_with_credit__z_plus_zsmooth,z_plus_zsmooth,RF,bd_bond_canonical_state_h1,bond,bond_canonical,crsp_ind12_telcm_z_smooth,other,1041,0.001695064985460168,0.001695064985460168,0.001435809226589698,0.001403159295671855,0.914505283381364,0.0,0.0,0.0,0.914505283381364,z_smooth,1.0,0.001695064985460168,133,0.911395316972588,False
teacher_majority_all_models__student_with_credit__z_plus_zsmooth,z_plus_zsmooth,RF,bd_bond_canonical_state_h1,bond,bond_canonical,nfci_minus_anfci_z_smooth,financial_conditions,1041,0.0016595930696510748,0.0016595930696510748,0.0015341911041762111,0.0010658672905765997,0.9654178674351584,0.0,0.0,0.0,0.9654178674351584,z_smooth,1.0,0.0016595930696510748,134,0.9130549100422392,False
teacher_majority_all_models__student_with_credit__z_plus_zsmooth,z_plus_zsmooth,RF,bd_bond_canonical_state_h1,bond,bond_canonical,fred_nfci_z,financial_conditions,1041,0.0016509894900508541,0.0016509894900508541,0.0011340917339968033,0.0015533363836910915,0.9481268011527377,0.0,0.0,0.0,0.9481268011527377,z,1.0,0.0016509894900508541,135,0.91470589953229,False
teacher_majority_all_models__student_with_credit__z_plus_zsmooth,z_plus_zsmooth,RF,bd_bond_canonical_state_h1,bond,bond_canonical,fred_nfci_z_smooth,financial_conditions,1041,0.0016136428784190113,0.0016136428784190113,0.001357372845777165,0.0012926881895975908,0.9538904899135446,0.0,0.0,0.0,0.9538904899135446,z_smooth,1.0,0.0016136428784190113,136,0.916319542410709,False
teacher_majority_all_models__student_with_credit__z_plus_zsmooth,z_plus_zsmooth,RF,bd_bond_canonical_state_h1,bond,bond_canonical,industry_best_minus_worst_6m_z_smooth,equity_cross_section,1041,0.00154921404640207,0.00154921404640207,0.0012697970646015665,0.0011394008459853532,0.9490874159462056,0.0,0.0,0.0,0.9490874159462056,z_smooth,1.0,0.00154921404640207,137,0.9178687564571111,False
teacher_majority_all_models__student_with_credit__z_plus_zsmooth,z_plus_zsmooth,RF,bd_bond_canonical_state_h1,bond,bond_canonical,cross_eq_tsy20_corr_12m_fisher_diff_z,treasury_rates,1041,0.0015209974525410446,0.0015209974525410446,0.001459907247770652,0.0011185775602123476,0.9414024975984631,0.0,0.0,0.0,0.9414024975984631,z,1.0,0.0015209974525410446,138,0.9193897539096522,False
teacher_majority_all_models__student_with_credit__z_plus_zsmooth,z_plus_zsmooth,RF,bd_bond_canonical_state_h1,bond,bond_canonical,fred_anfci_z_smooth,financial_conditions,1041,0.0015176234932980806,0.0015176234932980806,0.001299146486360359,0.0010293578922462461,0.9663784822286263,0.0,0.0,0.0,0.9663784822286263,z_smooth,1.0,0.0015176234932980806,139,0.9209073774029501,False
teacher_majority_all_models__student_with_credit__z_plus_zsmooth,z_plus_zsmooth,RF,bd_bond_canonical_state_h1,bond,bond_canonical,size_value_corr_absavg_12m_z,equity_cross_section,1041,0.0014759903221824044,0.0014759903221824044,0.0013214662042262827,0.0010045462354508574,0.951969260326609,0.0,0.0,0.0,0.951969260326609,z,1.0,0.0014759903221824044,140,0.9223833677251326,False
teacher_majority_all_models__student_with_credit__z_plus_zsmooth,z_plus_zsmooth,RF,bd_bond_canonical_state_h1,bond,bond_canonical,ff_cma_z_smooth,equity_cross_section,1041,0.0014084498180524528,0.0014084498180524528,0.0006422685212687799,0.002325063244662551,0.8434197886647454,0.0,0.0,0.0019212295869356388,0.8434197886647454,z_smooth,1.0,0.0014084498180524528,141,0.9237918175431851,False
teacher_majority_all_models__student_with_credit__z_plus_zsmooth,z_plus_zsmooth,RF,bd_bond_canonical_state_h1,bond,bond_canonical,tsy_lambda_cov_12m_z_smooth,treasury_rates,1041,0.0013972625354885257,0.0013972625354885257,0.0012425562052173903,0.0010782281248223938,0.978866474543708,0.0,0.0,0.0,0.978866474543708,z_smooth,1.0,0.0013972625354885257,142,0.9251890800786736,False
teacher_majority_all_models__student_with_credit__z_plus_zsmooth,z_plus_zsmooth,RF,bd_bond_canonical_state_h1,bond,bond_canonical,rv_60d_logdiff_z_smooth,volatility_dependence,1041,0.0013830803841730853,0.0013830803841730853,0.0013353839799059694,0.0008444908858804261,0.9442843419788665,0.0,0.0,0.0,0.9442843419788665,z_smooth,1.0,0.0013830803841730853,143,0.9265721604628466,False
teacher_majority_all_models__student_with_credit__z_plus_zsmooth,z_plus_zsmooth,RF,bd_bond_canonical_state_h1,bond,bond_canonical,crsp_ind12_utils_z,other,1041,0.0013820885683252112,0.0013820885683252112,0.0012699236542272412,0.0008973461056663013,0.9577329490874159,0.0,0.0,0.0,0.9577329490874159,z,1.0,0.0013820885683252112,144,0.9279542490311719,False
teacher_majority_all_models__student_with_credit__z_plus_zsmooth,z_plus_zsmooth,RF,bd_bond_canonical_state_h1,bond,bond_canonical,smhi_vwret_z_smooth,other,1041,0.0013817345111825216,0.0013817345111825216,0.00119217574905504,0.001090588011918284,0.94716618635927,0.0,0.0,0.0,0.94716618635927,z_smooth,1.0,0.0013817345111825216,145,0.9293359835423544,False
teacher_majority_all_models__student_with_credit__z_plus_zsmooth,z_plus_zsmooth,RF,bd_bond_canonical_state_h1,bond,bond_canonical,crsp_ind12_durbl_z_smooth,other,1041,0.0013768915183546393,0.0013768915183546393,0.0011838323825725879,0.0009355082129365311,0.9634966378482228,0.0,0.0,0.0,0.9634966378482228,z_smooth,1.0,0.0013768915183546393,146,0.930712875060709,False
teacher_majority_all_models__student_with_credit__z_plus_zsmooth,z_plus_zsmooth,RF,bd_bond_canonical_state_h1,bond,bond_canonical,size_value_corr_avg_12m_z,equity_cross_section,1041,0.0013582151585705493,0.0013582151585705493,0.0012806920200931081,0.0007870391348637276,0.9634966378482228,0.0,0.0,0.0,0.9634966378482228,z,1.0,0.0013582151585705493,147,0.9320710902192796,False
teacher_majority_all_models__student_with_credit__z_plus_zsmooth,z_plus_zsmooth,RF,bd_bond_canonical_state_h1,bond,bond_canonical,cmdty_vol_12m_z,commodities,1041,0.0013466571197317655,0.0013466571197317655,0.0010956233495671435,0.0010889967329389778,0.914505283381364,0.0,0.0,0.0,0.914505283381364,z,1.0,0.0013466571197317655,148,0.9334177473390114,False
teacher_majority_all_models__student_with_credit__z_plus_zsmooth,z_plus_zsmooth,RF,bd_bond_canonical_state_h1,bond,bond_canonical,size_value_ret_dispersion_6m_z,equity_cross_section,1041,0.0013361662919713691,0.0013361662919713691,0.0011888154101072363,0.0009209586754975952,0.9462055715658021,0.0,0.0,0.0,0.9462055715658021,z,1.0,0.0013361662919713691,149,0.9347539136309827,False
teacher_majority_all_models__student_with_credit__z_plus_zsmooth,z_plus_zsmooth,RF,bd_bond_canonical_state_h1,bond,bond_canonical,size_value_lambda_cov_12m_z_smooth,equity_cross_section,1041,0.00132064616446342,0.00132064616446342,0.0007358873862176476,0.0015560470538337943,0.9058597502401537,0.0,0.0,0.0,0.9058597502401537,z_smooth,1.0,0.00132064616446342,150,0.9360745597954462,False
teacher_majority_all_models__student_with_credit__z_plus_zsmooth,z_plus_zsmooth,RF,bd_bond_canonical_state_h1,bond,bond_canonical,anfci_level_z_smooth,financial_conditions,1041,0.001310360240349612,0.001310360240349612,0.00110408383574607,0.0011785358327824106,0.8818443804034583,0.0,0.0,0.0,0.8818443804034583,z_smooth,1.0,0.001310360240349612,151,0.9373849200357958,False
teacher_majority_all_models__student_with_credit__z_plus_zsmooth,z_plus_zsmooth,RF,bd_bond_canonical_state_h1,bond,bond_canonical,factor_ret_dispersion_1m_z_smooth,equity_cross_section,1041,0.0013076013477830795,0.0013076013477830795,0.001130037536736812,0.0009936255525135208,0.9317963496637848,0.0,0.0,0.0,0.9317963496637848,z_smooth,1.0,0.0013076013477830795,152,0.9386925213835788,False
teacher_majority_all_models__student_with_credit__z_plus_zsmooth,z_plus_zsmooth,RF,bd_bond_canonical_state_h1,bond,bond_canonical,industry_lambda_corr_diff_z_smooth,equity_cross_section,1041,0.001273791104009121,0.001273791104009121,0.0012067409270440199,0.000921604851333037,0.9433237271853987,0.0,0.0,0.0,0.9433237271853987,z_smooth,1.0,0.001273791104009121,153,0.939966312487588,False
teacher_majority_all_models__student_with_credit__z_plus_zsmooth,z_plus_zsmooth,RF,bd_bond_canonical_state_h1,bond,bond_canonical,size_value_lambda_cov_diff_z_smooth,equity_cross_section,1041,0.001256049039086507,0.001256049039086507,0.000975078141171917,0.001114026858074876,0.9212295869356388,0.0,0.0,0.0,0.9212295869356388,z_smooth,1.0,0.001256049039086507,154,0.9412223615266745,False
teacher_majority_all_models__student_with_credit__z_plus_zsmooth,z_plus_zsmooth,RF,bd_bond_canonical_state_h1,bond,bond_canonical,smme_vwret_z_smooth,other,1041,0.0012403826088036658,0.0012403826088036658,0.001048562108077648,0.001130168966963716,0.9164265129682997,0.0,0.0,0.0,0.9164265129682997,z_smooth,1.0,0.0012403826088036658,155,0.9424627441354781,False
teacher_majority_all_models__student_with_credit__z_plus_zsmooth,z_plus_zsmooth,RF,bd_bond_canonical_state_h1,bond,bond_canonical,industry_pca1_share_diff_z_smooth,equity_cross_section,1041,0.0011737717320323097,0.0011737717320323097,0.000861269681560881,0.0010732262472891061,0.930835734870317,0.0,0.0,0.0,0.930835734870317,z_smooth,1.0,0.0011737717320323097,156,0.9436365158675104,False
teacher_majority_all_models__student_with_credit__z_plus_zsmooth,z_plus_zsmooth,RF,bd_bond_canonical_state_h1,bond,bond_canonical,size_value_lambda_corr_12m_z,equity_cross_section,1041,0.0011510651485904437,0.0011510651485904437,0.001102129471532498,0.0008500001922793031,0.9010566762728146,0.0,0.0,0.0,0.9010566762728146,z,1.0,0.0011510651485904437,157,0.9447875810161008,False
teacher_majority_all_models__student_with_credit__z_plus_zsmooth,z_plus_zsmooth,RF,bd_bond_canonical_state_h1,bond,bond_canonical,factor_lambda_cov_diff_z_smooth,equity_cross_section,1041,0.001146015511178774,0.001146015511178774,0.0010169121650299333,0.0007839782913469759,0.9462055715658021,0.0,0.0,0.0,0.9462055715658021,z_smooth,1.0,0.001146015511178774,158,0.9459335965272796,False
teacher_majority_all_models__student_with_credit__z_plus_zsmooth,z_plus_zsmooth,RF,bd_bond_canonical_state_h1,bond,bond_canonical,tsy_belly_minus_barbell_z_smooth,treasury_rates,1041,0.001135128846833612,0.001135128846833612,0.0008137218390369259,0.0010476593337097675,0.8818443804034583,0.0,0.0,0.0,0.8818443804034583,z_smooth,1.0,0.001135128846833612,159,0.9470687253741132,False
teacher_majority_all_models__student_with_credit__z_plus_zsmooth,z_plus_zsmooth,RF,bd_bond_canonical_state_h1,bond,bond_canonical,small_avg_ret_z_smooth,equity_cross_section,1041,0.0011180848049761425,0.0011180848049761425,0.0009389905345586128,0.0009665317207337277,0.8866474543707973,0.0,0.0,0.0,0.8866474543707973,z_smooth,1.0,0.0011180848049761425,160,0.9481868101790895,False
teacher_majority_all_models__student_with_credit__z_plus_zsmooth,z_plus_zsmooth,RF,bd_bond_canonical_state_h1,bond,bond_canonical,value_minus_growth_z_smooth,equity_cross_section,1041,0.00110024838502674,0.00110024838502674,0.000741014205981242,0.0010860888566945799,0.9241114313160422,0.0,0.0,0.0,0.9241114313160422,z_smooth,1.0,0.00110024838502674,161,0.9492870585641161,False
teacher_majority_all_models__student_with_credit__z_plus_zsmooth,z_plus_zsmooth,RF,bd_bond_canonical_state_h1,bond,bond_canonical,size_value_pca1_share_diff_z_smooth,equity_cross_section,1041,0.001092512680308531,0.001092512680308531,0.0007226730556669837,0.0013897420820798187,0.8924111431316042,0.0,0.0,0.0,0.8924111431316042,z_smooth,1.0,0.001092512680308531,162,0.9503795712444246,False
teacher_majority_all_models__student_with_credit__z_plus_zsmooth,z_plus_zsmooth,RF,bd_bond_canonical_state_h1,bond,bond_canonical,crsp_ind12_manuf_z_smooth,other,1041,0.001055929705550004,0.001055929705550004,0.0007902670615544733,0.000999310864971269,0.9010566762728146,0.0,0.0,0.0,0.9010566762728146,z_smooth,1.0,0.001055929705550004,163,0.9514355009499746,False
teacher_majority_all_models__student_with_credit__z_plus_zsmooth,z_plus_zsmooth,RF,bd_bond_canonical_state_h1,bond,bond_canonical,rho_12m_eq_fi_fisher_diff_z,volatility_dependence,1041,0.001052386319247865,0.001052386319247865,0.0009815526475006704,0.0007042359942143117,0.9356388088376562,0.0,0.0,0.0,0.9356388088376562,z,1.0,0.001052386319247865,164,0.9524878872692225,False
teacher_majority_all_models__student_with_credit__z_plus_zsmooth,z_plus_zsmooth,RF,bd_bond_canonical_state_h1,bond,bond_canonical,credit_ret_dispersion_6m_z,credit,1041,0.0009925778836027388,0.0009925778836027388,0.000884161352622562,0.0007221023400501723,0.9193083573487032,0.0,0.0,0.0,0.9193083573487032,z,1.0,0.0009925778836027388,165,0.9534804651528253,False
teacher_majority_all_models__student_with_credit__z_plus_zsmooth,z_plus_zsmooth,RF,bd_bond_canonical_state_h1,bond,bond_canonical,factor_ret_dispersion_1m_z,equity_cross_section,1041,0.0009914499422619797,0.0009914499422619797,0.0009117918191539038,0.0007402151827987966,0.9481268011527377,0.0,0.0,0.0,0.9481268011527377,z,1.0,0.0009914499422619797,166,0.9544719150950872,False
teacher_majority_all_models__student_with_credit__z_plus_zsmooth,z_plus_zsmooth,RF,bd_bond_canonical_state_h1,bond,bond_canonical,value_avg_ret_z_smooth,equity_cross_section,1041,0.0009816702092393056,0.0009816702092393056,0.0007907415605861916,0.0008677409115393239,0.8741594620557157,0.0,0.0,0.0,0.8741594620557157,z_smooth,1.0,0.0009816702092393056,167,0.9554535853043266,False
teacher_majority_all_models__student_with_credit__z_plus_zsmooth,z_plus_zsmooth,RF,bd_bond_canonical_state_h1,bond,bond_canonical,curve_belly_diff_z_smooth,treasury_rates,1041,0.000974084536557034,0.000974084536557034,0.0008647439482304064,0.0008959800168098104,0.8386167146974063,0.0,0.0,0.0,0.8386167146974063,z_smooth,1.0,0.000974084536557034,168,0.9564276698408836,False
teacher_majority_all_models__student_with_credit__z_plus_zsmooth,z_plus_zsmooth,RF,bd_bond_canonical_state_h1,bond,bond_canonical,crsp_ind12_telcm_z,other,1041,0.0009526189610267271,0.0009526189610267271,0.0008877467791359023,0.0007731832460895544,0.9000960614793467,0.0,0.0,0.0,0.9000960614793467,z,1.0,0.0009526189610267271,169,0.9573802888019103,False
teacher_majority_all_models__student_with_credit__z_plus_zsmooth,z_plus_zsmooth,RF,bd_bond_canonical_state_h1,bond,bond_canonical,ff_mom_z,equity_cross_section,1041,0.0008877426308503745,0.0008877426308503745,0.0006320682822448352,0.0008078471996598193,0.9241114313160422,0.0,0.0,0.0,0.9241114313160422,z,1.0,0.0008877426308503745,170,0.9582680314327607,False
teacher_majority_all_models__student_with_credit__z_plus_zsmooth,z_plus_zsmooth,RF,bd_bond_canonical_state_h1,bond,bond_canonical,cross_eq_cmdty_corr_12m_fisher_diff_z_smooth,commodities,1041,0.0008667012242261751,0.0008667012242261751,0.0006067064855392177,0.0010730094174636385,0.9048991354466859,0.0,0.0,0.0,0.9048991354466859,z_smooth,1.0,0.0008667012242261751,171,0.9591347326569869,False
teacher_majority_all_models__student_with_credit__z_plus_zsmooth,z_plus_zsmooth,RF,bd_bond_canonical_state_h1,bond,bond_canonical,bihi_vwret_z_smooth,other,1041,0.0008588737210225158,0.0008588737210225158,0.0006729130261890032,0.0007421649400395515,0.9010566762728146,0.0,0.0,0.0,0.9010566762728146,z_smooth,1.0,0.0008588737210225158,172,0.9599936063780093,False
teacher_majority_all_models__student_with_credit__z_plus_zsmooth,z_plus_zsmooth,RF,bd_bond_canonical_state_h1,bond,bond_canonical,nfci_diff_z,financial_conditions,1041,0.000852794042818087,0.000852794042818087,0.0005563592172753031,0.0009164264002649991,0.8078770413064361,0.0,0.0,0.0,0.8078770413064361,z,1.0,0.000852794042818087,173,0.9608464004208275,False
teacher_majority_all_models__student_with_credit__z_plus_zsmooth,z_plus_zsmooth,RF,bd_bond_canonical_state_h1,bond,bond_canonical,tsy_lambda_corr_12m_z,treasury_rates,1041,0.0008445525967326371,0.0008445525967326371,0.0007497424102753012,0.0007340676882471871,0.8578290105667628,0.0,0.0,0.0,0.8578290105667628,z,1.0,0.0008445525967326371,174,0.9616909530175601,False
teacher_majority_all_models__student_with_credit__z_plus_zsmooth,z_plus_zsmooth,RF,bd_bond_canonical_state_h1,bond,bond_canonical,crsp_ind12_money_z_smooth,other,1041,0.000835668444331816,0.000835668444331816,0.0007005281327099009,0.0006709496790228415,0.9260326609029779,0.0,0.0,0.0,0.9260326609029779,z_smooth,1.0,0.000835668444331816,175,0.9625266214618919,False
teacher_majority_all_models__student_with_credit__z_plus_zsmooth,z_plus_zsmooth,RF,bd_bond_canonical_state_h1,bond,bond_canonical,crsp_ind12_other_z_smooth,other,1041,0.0008218952116634934,0.0008218952116634934,0.0007170906388727865,0.0006808816282105461,0.8847262247838616,0.0,0.0,0.0,0.8847262247838616,z_smooth,1.0,0.0008218952116634934,176,0.9633485166735555,False
teacher_majority_all_models__student_with_credit__z_plus_zsmooth,z_plus_zsmooth,RF,bd_bond_canonical_state_h1,bond,bond_canonical,bilo_vwret_z_smooth,other,1041,0.0007884383825281674,0.0007884383825281674,0.000574549249470043,0.0013152353201834274,0.8751200768491835,0.0,0.0,0.0009606147934678194,0.8751200768491835,z_smooth,1.0,0.0007884383825281674,177,0.9641369550560835,False
teacher_majority_all_models__student_with_credit__z_plus_zsmooth,z_plus_zsmooth,RF,bd_bond_canonical_state_h1,bond,bond_canonical,curve_10y_2y_diff_z,treasury_rates,1041,0.0007814288436741708,0.0007814288436741708,0.0005563837611282713,0.0007574707126438818,0.9039385206532181,0.0,0.0,0.0,0.9039385206532181,z,1.0,0.0007814288436741708,178,0.9649183838997578,False
teacher_majority_all_models__student_with_credit__z_plus_zsmooth,z_plus_zsmooth,RF,bd_bond_canonical_state_h1,bond,bond_canonical,tsy_lambda_corr_diff_z_smooth,treasury_rates,1041,0.0007551630481291423,0.0007551630481291423,0.0006846513638997864,0.0005937012368877726,0.8559077809798271,0.0,0.0,0.0,0.8559077809798271,z_smooth,1.0,0.0007551630481291423,179,0.9656735469478869,False
teacher_majority_all_models__student_with_credit__z_plus_zsmooth,z_plus_zsmooth,RF,bd_bond_canonical_state_h1,bond,bond_canonical,tsy_pca1_share_diff_z_smooth,treasury_rates,1041,0.0007450967437842401,0.0007450967437842401,0.0005632526916264434,0.0007789067581973459,0.851104707012488,0.0,0.0,0.0,0.851104707012488,z_smooth,1.0,0.0007450967437842401,180,0.9664186436916712,False
teacher_majority_all_models__student_with_credit__z_plus_zsmooth,z_plus_zsmooth,RF,bd_bond_canonical_state_h1,bond,bond_canonical,credit_hy_minus_ig_z,credit,1041,0.0007240897044872122,0.0007240897044872122,0.0004546928325775933,0.0007054422264800521,0.9125840537944284,0.0,0.0,0.0,0.9125840537944284,z,1.0,0.0007240897044872122,181,0.9671427333961583,False
teacher_majority_all_models__student_with_credit__z_plus_zsmooth,z_plus_zsmooth,RF,bd_bond_canonical_state_h1,bond,bond_canonical,ff_hml_z_smooth,equity_cross_section,1041,0.0007105911299322723,0.0007105911299322723,0.000527596826539794,0.0007698195168805323,0.8203650336215178,0.0,0.0,0.0,0.8203650336215178,z_smooth,1.0,0.0007105911299322723,182,0.9678533245260906,False
teacher_majority_all_models__student_with_credit__z_plus_zsmooth,z_plus_zsmooth,RF,bd_bond_canonical_state_h1,bond,bond_canonical,cross_bond_credit_ig_corr_12m_fisher_diff_z_smooth,treasury_rates,1041,0.0007001177196187852,0.0007001177196187852,0.0005985724988408928,0.0005992833767852541,0.8847262247838616,0.0,0.0,0.0,0.8847262247838616,z_smooth,1.0,0.0007001177196187852,183,0.9685534422457094,False
teacher_majority_all_models__student_with_credit__z_plus_zsmooth,z_plus_zsmooth,RF,bd_bond_canonical_state_h1,bond,bond_canonical,industry_best_minus_worst_1m_z,equity_cross_section,1041,0.0006764352479077632,0.0006764352479077632,0.0005624166130586426,0.0005473453825453272,0.9154658981748319,0.0,0.0,0.0,0.9154658981748319,z,1.0,0.0006764352479077632,184,0.9692298774936172,False
teacher_majority_all_models__student_with_credit__z_plus_zsmooth,z_plus_zsmooth,RF,bd_bond_canonical_state_h1,bond,bond_canonical,crsp_ind12_nodur_z,other,1041,0.0006755383072292221,0.0006755383072292221,0.0005408807814235257,0.0006608530018323636,0.8001921229586936,0.0,0.0,0.0,0.8001921229586936,z,1.0,0.0006755383072292221,185,0.9699054158008464,False
teacher_majority_all_models__student_with_credit__z_plus_zsmooth,z_plus_zsmooth,RF,bd_bond_canonical_state_h1,bond,bond_canonical,bihi_vwret_z,other,1041,0.0006631845400711394,0.0006631845400711394,0.0005938983175864424,0.00056305266765187,0.8626320845341018,0.0,0.0,0.0,0.8626320845341018,z,1.0,0.0006631845400711394,186,0.9705686003409175,False
teacher_majority_all_models__student_with_credit__z_plus_zsmooth,z_plus_zsmooth,RF,bd_bond_canonical_state_h1,bond,bond_canonical,growth_avg_ret_z_smooth,other,1041,0.0006490206673258888,0.0006490206673258888,0.00047994761817863777,0.0007711164469342034,0.8760806916426513,0.0,0.0,0.0,0.8760806916426513,z_smooth,1.0,0.0006490206673258888,187,0.9712176210082434,False
teacher_majority_all_models__student_with_credit__z_plus_zsmooth,z_plus_zsmooth,RF,bd_bond_canonical_state_h1,bond,bond_canonical,factor_rotation_speed_12m_z,equity_cross_section,1041,0.0006389402441443078,0.0006389402441443078,0.0004595773819941863,0.0006046997217250796,0.8645533141210374,0.0,0.0,0.0,0.8645533141210374,z,1.0,0.0006389402441443078,188,0.9718565612523877,False
teacher_majority_all_models__student_with_credit__z_plus_zsmooth,z_plus_zsmooth,RF,bd_bond_canonical_state_h1,bond,bond_canonical,tsy_lambda_cov_diff_z_smooth,treasury_rates,1041,0.0006360925884591322,0.0006360925884591322,0.0005018506717491305,0.0005788483590147927,0.8847262247838616,0.0,0.0,0.0,0.8847262247838616,z_smooth,1.0,0.0006360925884591322,189,0.9724926538408468,False
teacher_majority_all_models__student_with_credit__z_plus_zsmooth,z_plus_zsmooth,RF,bd_bond_canonical_state_h1,bond,bond_canonical,size_value_rotation_speed_12m_z,equity_cross_section,1041,0.0006315061381596926,0.0006315061381596926,0.0005232170551957324,0.0005132686943317882,0.8741594620557157,0.0,0.0,0.0,0.8741594620557157,z,1.0,0.0006315061381596926,190,0.9731241599790066,False
teacher_majority_all_models__student_with_credit__z_plus_zsmooth,z_plus_zsmooth,RF,bd_bond_canonical_state_h1,bond,bond_canonical,crsp_ind12_hlth_z_smooth,other,1041,0.0006181888898725096,0.0006181888898725096,0.0005590270091970672,0.0004973994316876902,0.8847262247838616,0.0,0.0,0.0,0.8847262247838616,z_smooth,1.0,0.0006181888898725096,191,0.9737423488688791,False
teacher_majority_all_models__student_with_credit__z_plus_zsmooth,z_plus_zsmooth,RF,bd_bond_canonical_state_h1,bond,bond_canonical,crsp_ind12_shops_z_smooth,other,1041,0.0005995067559625951,0.0005995067559625951,0.00052254242790932,0.0007954000101989276,0.8549471661863592,0.0,0.0,0.0,0.8549471661863592,z_smooth,1.0,0.0005995067559625951,192,0.9743418556248417,False
teacher_majority_all_models__student_with_credit__z_plus_zsmooth,z_plus_zsmooth,RF,bd_bond_canonical_state_h1,bond,bond_canonical,sentiment_logdiff_z,macro,1041,0.0005844447194643675,0.0005844447194643675,0.0004932331815335513,0.0004594593806202539,0.8885686839577329,0.0,0.0,0.0,0.8885686839577329,z,1.0,0.0005844447194643675,193,0.974926300344306,False
teacher_majority_all_models__student_with_credit__z_plus_zsmooth,z_plus_zsmooth,RF,bd_bond_canonical_state_h1,bond,bond_canonical,size_value_ret_dispersion_1m_z,equity_cross_section,1041,0.0005807329729850897,0.0005807329729850897,0.00044234797756587335,0.0005417441472938472,0.8040345821325648,0.0,0.0,0.0,0.8040345821325648,z,1.0,0.0005807329729850897,194,0.9755070333172912,False
teacher_majority_all_models__student_with_credit__z_plus_zsmooth,z_plus_zsmooth,RF,bd_bond_canonical_state_h1,bond,bond_canonical,crsp_ind12_hlth_z,other,1041,0.0005774910122427048,0.0005774910122427048,0.00044228310462734034,0.0005493396350973689,0.829971181556196,0.0,0.0,0.0,0.829971181556196,z,1.0,0.0005774910122427048,195,0.9760845243295339,False
teacher_majority_all_models__student_with_credit__z_plus_zsmooth,z_plus_zsmooth,RF,bd_bond_canonical_state_h1,bond,bond_canonical,cross_bond_credit_ig_corr_12m_fisher_diff_z,treasury_rates,1041,0.0005734515146778856,0.0005734515146778856,0.0005203482845836858,0.00047911300051306564,0.840537944284342,0.0,0.0,0.0,0.840537944284342,z,1.0,0.0005734515146778856,196,0.9766579758442118,False
teacher_majority_all_models__student_with_credit__z_plus_zsmooth,z_plus_zsmooth,RF,bd_bond_canonical_state_h1,bond,bond_canonical,curve_10y_2y_diff_z_smooth,treasury_rates,1041,0.0005731397072190952,0.0005731397072190952,0.00041294709731243983,0.0005907743472515886,0.803073967339097,0.0,0.0,0.0,0.803073967339097,z_smooth,1.0,0.0005731397072190952,197,0.9772311155514308,False
teacher_majority_all_models__student_with_credit__z_plus_zsmooth,z_plus_zsmooth,RF,bd_bond_canonical_state_h1,bond,bond_canonical,equity_market_level_z_smooth,other,1041,0.0005638424535503863,0.0005638424535503863,0.00043776366952731405,0.0005255518556893538,0.8597502401536984,0.0,0.0,0.0,0.8597502401536984,z_smooth,1.0,0.0005638424535503863,198,0.9777949580049812,False
teacher_majority_all_models__student_with_credit__z_plus_zsmooth,z_plus_zsmooth,RF,bd_bond_canonical_state_h1,bond,bond_canonical,ff_rmw_z,equity_cross_section,1041,0.0005515964447735985,0.0005515964447735985,0.00044417356642174064,0.0005016060077281141,0.8290105667627281,0.0,0.0,0.0,0.8290105667627281,z,1.0,0.0005515964447735985,199,0.9783465544497548,False
teacher_majority_all_models__student_with_credit__z_plus_zsmooth,z_plus_zsmooth,RF,bd_bond_canonical_state_h1,bond,bond_canonical,ff_mktrf_z_smooth,equity_cross_section,1041,0.000532045942823198,0.000532045942823198,0.00044983472281831137,0.00048185419323313233,0.7944284341978867,0.0,0.0,0.0,0.7944284341978867,z_smooth,1.0,0.000532045942823198,200,0.978878600392578,False
teacher_majority_all_models__student_with_credit__z_plus_zsmooth,z_plus_zsmooth,RF,bd_bond_canonical_state_h1,bond,bond_canonical,industry_ret_dispersion_1m_z,equity_cross_section,1041,0.00052674557983466,0.00052674557983466,0.00041851955438823883,0.00044754282466360893,0.9068203650336215,0.0,0.0,0.0,0.9068203650336215,z,1.0,0.00052674557983466,201,0.9794053459724127,False
teacher_majority_all_models__student_with_credit__z_plus_zsmooth,z_plus_zsmooth,RF,bd_bond_canonical_state_h1,bond,bond_canonical,credit_lambda_cov_12m_z,credit,1041,0.0005244458354324326,0.0005244458354324326,0.00044172900251473974,0.00045101267598332366,0.8568683957732949,0.0,0.0,0.0,0.8568683957732949,z,1.0,0.0005244458354324326,202,0.9799297918078451,False
teacher_majority_all_models__student_with_credit__z_plus_zsmooth,z_plus_zsmooth,RF,bd_bond_canonical_state_h1,bond,bond_canonical,ff_rmw_minus_cma_z,equity_cross_section,1041,0.0005065816763011757,0.0005065816763011757,0.0003107807694886486,0.0005850096469750322,0.840537944284342,0.0,0.0,0.0,0.840537944284342,z,1.0,0.0005065816763011757,203,0.9804363734841463,False
teacher_majority_all_models__student_with_credit__z_plus_zsmooth,z_plus_zsmooth,RF,bd_bond_canonical_state_h1,bond,bond_canonical,core_inflation_diff_z,macro,1041,0.0005054036288196164,0.0005054036288196164,0.00045584794075374357,0.00044753967396707084,0.8453410182516811,0.0,0.0,0.0,0.8453410182516811,z,1.0,0.0005054036288196164,204,0.9809417771129659,False
teacher_majority_all_models__student_with_credit__z_plus_zsmooth,z_plus_zsmooth,RF,bd_bond_canonical_state_h1,bond,bond_canonical,big_avg_ret_z_smooth,credit,1041,0.0005011454993574881,0.0005011454993574881,0.0003784430233623488,0.0005791493477512401,0.8914505283381364,0.0,0.0,0.0,0.8914505283381364,z_smooth,1.0,0.0005011454993574881,205,0.9814429226123234,False
teacher_majority_all_models__student_with_credit__z_plus_zsmooth,z_plus_zsmooth,RF,bd_bond_canonical_state_h1,bond,bond_canonical,credit_lambda_cov_12m_z_smooth,credit,1041,0.0004788197369936228,0.0004788197369936228,0.0003347848844874551,0.000450315409350089,0.8309317963496637,0.0,0.0,0.0,0.8309317963496637,z_smooth,1.0,0.0004788197369936228,206,0.981921742349317,False
teacher_majority_all_models__student_with_credit__z_plus_zsmooth,z_plus_zsmooth,RF,bd_bond_canonical_state_h1,bond,bond_canonical,tsy_rotation_speed_12m_z,treasury_rates,1041,0.00047076809716096996,0.00047076809716096996,0.00039992739354627267,0.0004148938176738381,0.8559077809798271,0.0,0.0,0.0,0.8559077809798271,z,1.0,0.00047076809716096996,207,0.9823925104464779,False
teacher_majority_all_models__student_with_credit__z_plus_zsmooth,z_plus_zsmooth,RF,bd_bond_canonical_state_h1,bond,bond_canonical,curve_belly_diff_z,treasury_rates,1041,0.00046996504007103387,0.00046996504007103387,0.0002923216187967653,0.0005509395454255827,0.7636887608069164,0.0,0.0,0.0,0.7636887608069164,z,1.0,0.00046996504007103387,208,0.982862475486549,False
teacher_majority_all_models__student_with_credit__z_plus_zsmooth,z_plus_zsmooth,RF,bd_bond_canonical_state_h1,bond,bond_canonical,bime_vwret_z_smooth,other,1041,0.0004534668226346319,0.0004534668226346319,0.0003575155168140266,0.00043411409997518545,0.7992315081652257,0.0,0.0,0.0,0.7992315081652257,z_smooth,1.0,0.0004534668226346319,209,0.9833159423091836,False
teacher_majority_all_models__student_with_credit__z_plus_zsmooth,z_plus_zsmooth,RF,bd_bond_canonical_state_h1,bond,bond_canonical,crsp_ind12_money_z,other,1041,0.00043358806053154776,0.00043358806053154776,0.0004201503888849751,0.00036213027773112993,0.8251681075888568,0.0,0.0,0.0,0.8251681075888568,z,1.0,0.00043358806053154776,210,0.9837495303697151,False
teacher_majority_all_models__student_with_credit__z_plus_zsmooth,z_plus_zsmooth,RF,bd_bond_canonical_state_h1,bond,bond_canonical,factor_lambda_cov_diff_z,equity_cross_section,1041,0.00042766016374613076,0.00042766016374613076,0.00016578267251205666,0.0005597470309669451,0.6705091258405379,0.0,0.0,0.0,0.6705091258405379,z,1.0,0.00042766016374613076,211,0.9841771905334613,False
teacher_majority_all_models__student_with_credit__z_plus_zsmooth,z_plus_zsmooth,RF,bd_bond_canonical_state_h1,bond,bond_canonical,factor_lambda_corr_12m_z,equity_cross_section,1041,0.0004214597696696008,0.0004214597696696008,0.00039084797561497866,0.0003210391635932269,0.861671469740634,0.0,0.0,0.0,0.861671469740634,z,1.0,0.0004214597696696008,212,0.9845986503031309,False
teacher_majority_all_models__student_with_credit__z_plus_zsmooth,z_plus_zsmooth,RF,bd_bond_canonical_state_h1,bond,bond_canonical,industry_rotation_speed_12m_z,equity_cross_section,1041,0.00040971107283267223,0.00040971107283267223,0.00029736913084378044,0.00041606852974551716,0.7963496637848223,0.0,0.0,0.0,0.7963496637848223,z,1.0,0.00040971107283267223,213,0.9850083613759636,False
teacher_majority_all_models__student_with_credit__z_plus_zsmooth,z_plus_zsmooth,RF,bd_bond_canonical_state_h1,bond,bond_canonical,credit_hy_ig_corr_12m_fisher_diff_z,credit,1041,0.0004079526799075956,0.0004079526799075956,0.00033470389534531194,0.00037164484255900734,0.8270893371757925,0.0,0.0,0.0,0.8270893371757925,z,1.0,0.0004079526799075956,214,0.9854163140558712,False
teacher_majority_all_models__student_with_credit__z_plus_zsmooth,z_plus_zsmooth,RF,bd_bond_canonical_state_h1,bond,bond_canonical,cmdty_broad_aqr_ret_z,commodities,1041,0.00040264669641593744,0.00040264669641593744,0.00023591505082233688,0.00045812042108482484,0.7963496637848223,0.0,0.0,0.0,0.7963496637848223,z,1.0,0.00040264669641593744,215,0.9858189607522871,False
teacher_majority_all_models__student_with_credit__z_plus_zsmooth,z_plus_zsmooth,RF,bd_bond_canonical_state_h1,bond,bond_canonical,credit_hy_ig_corr_12m_fisher_diff_z_smooth,credit,1041,0.0004002160228452414,0.0004002160228452414,0.00034123490833596606,0.0003691633954496293,0.8309317963496637,0.0,0.0,0.0,0.8309317963496637,z_smooth,1.0,0.0004002160228452414,216,0.9862191767751324,False
teacher_majority_all_models__student_with_credit__z_plus_zsmooth,z_plus_zsmooth,RF,bd_bond_canonical_state_h1,bond,bond_canonical,big_avg_ret_z,credit,1041,0.0003961863339623001,0.0003961863339623001,0.0002858724372591455,0.00043537214707733724,0.7156580211335255,0.0,0.0,0.0,0.7156580211335255,z,1.0,0.0003961863339623001,217,0.9866153631090947,False
teacher_majority_all_models__student_with_credit__z_plus_zsmooth,z_plus_zsmooth,RF,bd_bond_canonical_state_h1,bond,bond_canonical,small_avg_ret_z,equity_cross_section,1041,0.0003864046550569054,0.0003864046550569054,0.0002857165108066859,0.0004144074688945514,0.729106628242075,0.0,0.0,0.0,0.729106628242075,z,1.0,0.0003864046550569054,218,0.9870017677641516,False
teacher_majority_all_models__student_with_credit__z_plus_zsmooth,z_plus_zsmooth,RF,bd_bond_canonical_state_h1,bond,bond_canonical,vix_logdiff_z,volatility_dependence,1041,0.000385970605652292,0.000385970605652292,0.00029311931738744754,0.0003892700563199184,0.7809798270893372,0.0,0.0,0.0,0.7809798270893372,z,1.0,0.000385970605652292,219,0.9873877383698039,False
teacher_majority_all_models__student_with_credit__z_plus_zsmooth,z_plus_zsmooth,RF,bd_bond_canonical_state_h1,bond,bond_canonical,factor_lambda_cov_12m_z,equity_cross_section,1041,0.00037598078613257157,0.00037598078613257157,0.0002815266576281108,0.00035938166891896246,0.8078770413064361,0.0,0.0,0.0,0.8078770413064361,z,1.0,0.00037598078613257157,220,0.9877637191559364,False
teacher_majority_all_models__student_with_credit__z_plus_zsmooth,z_plus_zsmooth,RF,bd_bond_canonical_state_h1,bond,bond_canonical,size_value_lambda_corr_diff_z,equity_cross_section,1041,0.00037537076118951705,0.00037537076118951705,0.0002894621396235732,0.00038784127399069156,0.7329490874159462,0.0,0.0,0.0,0.7329490874159462,z,1.0,0.00037537076118951705,221,0.988139089917126,False
teacher_majority_all_models__student_with_credit__z_plus_zsmooth,z_plus_zsmooth,RF,bd_bond_canonical_state_h1,bond,bond_canonical,credit_lambda_cov_diff_z,credit,1041,0.00035681863179542496,0.00035681863179542496,0.0002880145615417101,0.00035696677260268545,0.8126801152737753,0.0,0.0,0.0,0.8126801152737753,z,1.0,0.00035681863179542496,222,0.9884959085489213,False
teacher_majority_all_models__student_with_credit__z_plus_zsmooth,z_plus_zsmooth,RF,bd_bond_canonical_state_h1,bond,bond_canonical,smlo_vwret_z,other,1041,0.00035551393047704503,0.00035551393047704503,0.0003125632925657783,0.0003323148251258503,0.8078770413064361,0.0,0.0,0.0,0.8078770413064361,z,1.0,0.00035551393047704503,223,0.9888514224793984,False
teacher_majority_all_models__student_with_credit__z_plus_zsmooth,z_plus_zsmooth,RF,bd_bond_canonical_state_h1,bond,bond_canonical,factor_lambda_corr_diff_z,equity_cross_section,1041,0.0003508390997760677,0.0003508390997760677,0.00030904568193673064,0.0003230332117781608,0.7867435158501441,0.0,0.0,0.0,0.7867435158501441,z,1.0,0.0003508390997760677,224,0.9892022615791745,False
teacher_majority_all_models__student_with_credit__z_plus_zsmooth,z_plus_zsmooth,RF,bd_bond_canonical_state_h1,bond,bond_canonical,factor_pca1_share_diff_z,equity_cross_section,1041,0.0003387345274861043,0.0003387345274861043,0.00018746914086846392,0.0004045914222842038,0.712776176753122,0.0,0.0,0.0,0.712776176753122,z,1.0,0.0003387345274861043,225,0.9895409961066606,False
teacher_majority_all_models__student_with_credit__z_plus_zsmooth,z_plus_zsmooth,RF,bd_bond_canonical_state_h1,bond,bond_canonical,smhi_vwret_z,other,1041,0.000337501628902377,0.000337501628902377,0.0001974378428373319,0.00045890302490449994,0.7617675312199808,0.0,0.0,0.0,0.7617675312199808,z,1.0,0.000337501628902377,226,0.9898784977355629,False
teacher_majority_all_models__student_with_credit__z_plus_zsmooth,z_plus_zsmooth,RF,bd_bond_canonical_state_h1,bond,bond_canonical,industry_lambda_cov_12m_z,equity_cross_section,1041,0.0003308550620374303,0.0003308550620374303,0.0002794574307641415,0.0003188617920459686,0.8472622478386167,0.0,0.0,0.0,0.8472622478386167,z,1.0,0.0003308550620374303,227,0.9902093527976004,False
teacher_majority_all_models__student_with_credit__z_plus_zsmooth,z_plus_zsmooth,RF,bd_bond_canonical_state_h1,bond,bond_canonical,size_value_lambda_cov_12m_z,equity_cross_section,1041,0.0003247880339944898,0.0003247880339944898,0.0002653850822371327,0.00029429922589444717,0.8539865513928915,0.0,0.0,0.0,0.8539865513928915,z,1.0,0.0003247880339944898,228,0.9905341408315949,False
teacher_majority_all_models__student_with_credit__z_plus_zsmooth,z_plus_zsmooth,RF,bd_bond_canonical_state_h1,bond,bond_canonical,bilo_vwret_z,other,1041,0.0003216523381259942,0.0003216523381259942,0.0002509688594582743,0.00034027529144621456,0.7387127761767531,0.0,0.0,0.0,0.7387127761767531,z,1.0,0.0003216523381259942,229,0.9908557931697208,False
teacher_majority_all_models__student_with_credit__z_plus_zsmooth,z_plus_zsmooth,RF,bd_bond_canonical_state_h1,bond,bond_canonical,industry_lambda_corr_12m_z,equity_cross_section,1041,0.00031190845481646396,0.00031190845481646396,0.00024213885354626929,0.0003684693715538114,0.7780979827089337,0.0,0.0,0.0,0.7780979827089337,z,1.0,0.00031190845481646396,230,0.9911677016245374,False
teacher_majority_all_models__student_with_credit__z_plus_zsmooth,z_plus_zsmooth,RF,bd_bond_canonical_state_h1,bond,bond_canonical,equity_market_level_z,other,1041,0.0003076183597621934,0.0003076183597621934,0.00018380733126735098,0.00037582326449847,0.6887608069164265,0.0,0.0,0.0,0.6887608069164265,z,1.0,0.0003076183597621934,231,0.9914753199842995,False
teacher_majority_all_models__student_with_credit__z_plus_zsmooth,z_plus_zsmooth,RF,bd_bond_canonical_state_h1,bond,bond_canonical,crsp_ind12_other_z,other,1041,0.0003031954961884524,0.0003031954961884524,0.0002165438162610071,0.0003094076309694767,0.7108549471661864,0.0,0.0,0.0,0.7108549471661864,z,1.0,0.0003031954961884524,232,0.991778515480488,False
teacher_majority_all_models__student_with_credit__z_plus_zsmooth,z_plus_zsmooth,RF,bd_bond_canonical_state_h1,bond,bond_canonical,ff_mom_minus_hml_z,equity_cross_section,1041,0.0002952973542512423,0.0002952973542512423,0.00026321900827748913,0.00029386451090484286,0.7252641690682037,0.0,0.0,0.0,0.7252641690682037,z,1.0,0.0002952973542512423,233,0.9920738128347393,False
teacher_majority_all_models__student_with_credit__z_plus_zsmooth,z_plus_zsmooth,RF,bd_bond_canonical_state_h1,bond,bond_canonical,crsp_ind12_chems_z,other,1041,0.0002936613409858292,0.0002936613409858292,0.00021720673425354176,0.00030992944465085923,0.6974063400576369,0.0,0.0,0.0,0.6974063400576369,z,1.0,0.0002936613409858292,234,0.992367474175725,False
teacher_majority_all_models__student_with_credit__z_plus_zsmooth,z_plus_zsmooth,RF,bd_bond_canonical_state_h1,bond,bond_canonical,tsy_lambda_cov_12m_z,treasury_rates,1041,0.0002911292648845869,0.0002911292648845869,0.0002144286033827701,0.0003479698809629346,0.7435158501440923,0.0,0.0,0.0,0.7435158501440923,z,1.0,0.0002911292648845869,235,0.9926586034406096,False
teacher_majority_all_models__student_with_credit__z_plus_zsmooth,z_plus_zsmooth,RF,bd_bond_canonical_state_h1,bond,bond_canonical,cmdty_ret_1m_z,commodities,1041,0.00028708956559429474,0.00028708956559429474,0.00018507813187752282,0.00036517512936911847,0.7300672430355427,0.0,0.0,0.0,0.7300672430355427,z,1.0,0.00028708956559429474,236,0.9929456930062039,False
teacher_majority_all_models__student_with_credit__z_plus_zsmooth,z_plus_zsmooth,RF,bd_bond_canonical_state_h1,bond,bond_canonical,ff_mktrf_z,equity_cross_section,1041,0.00028554730681924187,0.00028554730681924187,0.00020853541538069748,0.0003144459823101745,0.7406340057636888,0.0,0.0,0.0,0.7406340057636888,z,1.0,0.00028554730681924187,237,0.9932312403130231,False
teacher_majority_all_models__student_with_credit__z_plus_zsmooth,z_plus_zsmooth,RF,bd_bond_canonical_state_h1,bond,bond_canonical,bime_vwret_z,other,1041,0.0002710444297297731,0.0002710444297297731,0.00022166317158264846,0.0002688018722525756,0.781940441882805,0.0,0.0,0.0,0.781940441882805,z,1.0,0.0002710444297297731,238,0.9935022847427529,False
teacher_majority_all_models__student_with_credit__z_plus_zsmooth,z_plus_zsmooth,RF,bd_bond_canonical_state_h1,bond,bond_canonical,credit_ret_dispersion_1m_z,credit,1041,0.0002695672901246295,0.0002695672901246295,0.00022015365694769265,0.0002630510082295144,0.7579250720461095,0.0,0.0,0.0,0.7579250720461095,z,1.0,0.0002695672901246295,239,0.9937718520328775,False
teacher_majority_all_models__student_with_credit__z_plus_zsmooth,z_plus_zsmooth,RF,bd_bond_canonical_state_h1,bond,bond_canonical,credit_spread_diff_z,credit,1041,0.000269400998620337,0.000269400998620337,0.0002028303850097772,0.0003090982798838207,0.7636887608069164,0.0,0.0,0.0,0.7636887608069164,z,1.0,0.000269400998620337,240,0.9940412530314979,False
teacher_majority_all_models__student_with_credit__z_plus_zsmooth,z_plus_zsmooth,RF,bd_bond_canonical_state_h1,bond,bond_canonical,value_avg_ret_z,equity_cross_section,1041,0.00026427364322393346,0.00026427364322393346,0.0001488955849954266,0.00035267359250272263,0.6983669548511047,0.0,0.0,0.0,0.6983669548511047,z,1.0,0.00026427364322393346,241,0.9943055266747218,False
teacher_majority_all_models__student_with_credit__z_plus_zsmooth,z_plus_zsmooth,RF,bd_bond_canonical_state_h1,bond,bond_canonical,cross_eq_cmdty_corr_12m_fisher_diff_z,commodities,1041,0.0002622958303893412,0.0002622958303893412,0.00019909430059965045,0.0002793809033582899,0.7588856868395774,0.0,0.0,0.0,0.7588856868395774,z,1.0,0.0002622958303893412,242,0.9945678225051112,False
teacher_majority_all_models__student_with_credit__z_plus_zsmooth,z_plus_zsmooth,RF,bd_bond_canonical_state_h1,bond,bond_canonical,tsy_ret_dispersion_1m_z,treasury_rates,1041,0.0002557523287570073,0.0002557523287570073,0.00021117447216035138,0.00028763382628749375,0.7098943323727186,0.0,0.0,0.0,0.7098943323727186,z,1.0,0.0002557523287570073,243,0.9948235748338682,False
teacher_majority_all_models__student_with_credit__z_plus_zsmooth,z_plus_zsmooth,RF,bd_bond_canonical_state_h1,bond,bond_canonical,size_value_lambda_cov_diff_z,equity_cross_section,1041,0.0002540588874221413,0.0002540588874221413,0.00019131352085574062,0.00026273575815104525,0.7675312199807877,0.0,0.0,0.0,0.7675312199807877,z,1.0,0.0002540588874221413,244,0.9950776337212903,False
teacher_majority_all_models__student_with_credit__z_plus_zsmooth,z_plus_zsmooth,RF,bd_bond_canonical_state_h1,bond,bond_canonical,small_minus_big_z,equity_cross_section,1041,0.00025251196588403255,0.00025251196588403255,0.0001742176422904212,0.0002845611079972164,0.7473583093179635,0.0,0.0,0.0,0.7473583093179635,z,1.0,0.00025251196588403255,245,0.9953301456871744,False
teacher_majority_all_models__student_with_credit__z_plus_zsmooth,z_plus_zsmooth,RF,bd_bond_canonical_state_h1,bond,bond_canonical,smme_vwret_z,other,1041,0.00025233214339720554,0.00025233214339720554,0.00020788330128070664,0.00026881942008051356,0.712776176753122,0.0,0.0,0.0,0.712776176753122,z,1.0,0.00025233214339720554,246,0.9955824778305715,False
teacher_majority_all_models__student_with_credit__z_plus_zsmooth,z_plus_zsmooth,RF,bd_bond_canonical_state_h1,bond,bond_canonical,small_value_minus_big_growth_z,equity_cross_section,1041,0.0002473521329382309,0.0002473521329382309,0.00023045414964271676,0.00024457884984869886,0.7329490874159462,0.0,0.0,0.0,0.7329490874159462,z,1.0,0.0002473521329382309,247,0.9958298299635098,False
teacher_majority_all_models__student_with_credit__z_plus_zsmooth,z_plus_zsmooth,RF,bd_bond_canonical_state_h1,bond,bond_canonical,ff_cma_z,equity_cross_section,1041,0.00023698660008999314,0.00023698660008999314,0.00019809583089499673,0.00024150670165377783,0.7406340057636888,0.0,0.0,0.0,0.7406340057636888,z,1.0,0.00023698660008999314,248,0.9960668165635999,False
teacher_majority_all_models__student_with_credit__z_plus_zsmooth,z_plus_zsmooth,RF,bd_bond_canonical_state_h1,bond,bond_canonical,growth_avg_ret_z,other,1041,0.00023367741827489885,0.00023367741827489885,0.00016142627489826493,0.00026094758499909786,0.6993275696445725,0.0,0.0,0.0,0.6993275696445725,z,1.0,0.00023367741827489885,249,0.9963004939818747,False
teacher_majority_all_models__student_with_credit__z_plus_zsmooth,z_plus_zsmooth,RF,bd_bond_canonical_state_h1,bond,bond_canonical,tsy_lambda_corr_diff_z,treasury_rates,1041,0.0002333135475595322,0.0002333135475595322,0.00015502269874301654,0.00027486139334302004,0.6714697406340058,0.0,0.0,0.0,0.6714697406340058,z,1.0,0.0002333135475595322,250,0.9965338075294342,False
teacher_majority_all_models__student_with_credit__z_plus_zsmooth,z_plus_zsmooth,RF,bd_bond_canonical_state_h1,bond,bond_canonical,crsp_ind12_enrgy_z,other,1041,0.00023184286498283786,0.00023184286498283786,0.0001750662989379706,0.00023951439077386755,0.74447646493756,0.0,0.0,0.0,0.74447646493756,z,1.0,0.00023184286498283786,251,0.9967656503944171,False
teacher_majority_all_models__student_with_credit__z_plus_zsmooth,z_plus_zsmooth,RF,bd_bond_canonical_state_h1,bond,bond_canonical,cross_eq_credit_hy_corr_12m_fisher_diff_z,credit,1041,0.0002298875453483115,0.0002298875453483115,0.00017914934663840394,0.00023384139214753538,0.8203650336215178,0.0,0.0,0.0,0.8203650336215178,z,1.0,0.0002298875453483115,252,0.9969955379397654,False
teacher_majority_all_models__student_with_credit__z_plus_zsmooth,z_plus_zsmooth,RF,bd_bond_canonical_state_h1,bond,bond_canonical,rv_60d_logdiff_z,volatility_dependence,1041,0.0002243040074950656,0.0002243040074950656,0.00017604433307539936,0.00025601686842381736,0.7185398655139289,0.0,0.0,0.0,0.7185398655139289,z,1.0,0.0002243040074950656,253,0.9972198419472604,False
teacher_majority_all_models__student_with_credit__z_plus_zsmooth,z_plus_zsmooth,RF,bd_bond_canonical_state_h1,bond,bond_canonical,crsp_ind12_buseq_z,other,1041,0.00021685454933327718,0.00021685454933327718,0.0001247828446711206,0.0002537641584583188,0.7050912584053795,0.0,0.0,0.0,0.7050912584053795,z,1.0,0.00021685454933327718,254,0.9974366964965937,False
teacher_majority_all_models__student_with_credit__z_plus_zsmooth,z_plus_zsmooth,RF,bd_bond_canonical_state_h1,bond,bond_canonical,size_value_pca1_share_diff_z,equity_cross_section,1041,0.00021446824876908746,0.00021446824876908746,0.00011267631109607618,0.00030568702584384525,0.6666666666666666,0.0,0.0,0.0,0.6666666666666666,z,1.0,0.00021446824876908746,255,0.9976511647453629,False
teacher_majority_all_models__student_with_credit__z_plus_zsmooth,z_plus_zsmooth,RF,bd_bond_canonical_state_h1,bond,bond_canonical,crsp_ind12_durbl_z,other,1041,0.00020825582790092896,0.00020825582790092896,0.00012033611410206881,0.0003257329202456698,0.6666666666666666,0.0,0.0,0.0,0.6666666666666666,z,1.0,0.00020825582790092896,256,0.9978594205732637,False
teacher_majority_all_models__student_with_credit__z_plus_zsmooth,z_plus_zsmooth,RF,bd_bond_canonical_state_h1,bond,bond_canonical,tsy_lambda_cov_diff_z,treasury_rates,1041,0.00020292730474892628,0.00020292730474892628,0.0001231829983871574,0.00025585769803344714,0.7367915465898175,0.0,0.0,0.0,0.7367915465898175,z,1.0,0.00020292730474892628,257,0.9980623478780126,False
teacher_majority_all_models__student_with_credit__z_plus_zsmooth,z_plus_zsmooth,RF,bd_bond_canonical_state_h1,bond,bond_canonical,crsp_ind12_manuf_z,other,1041,0.0002011146741610541,0.0002011146741610541,0.00011394516918445584,0.000251961437832806,0.6464937560038425,0.0,0.0,0.0,0.6464937560038425,z,1.0,0.0002011146741610541,258,0.9982634625521737,False
teacher_majority_all_models__student_with_credit__z_plus_zsmooth,z_plus_zsmooth,RF,bd_bond_canonical_state_h1,bond,bond_canonical,cross_bond_cmdty_corr_12m_fisher_diff_z,treasury_rates,1041,0.000191294182925825,0.000191294182925825,0.00010375006653368506,0.00025638770241911887,0.6926032660902978,0.0,0.0,0.0,0.6926032660902978,z,1.0,0.000191294182925825,259,0.9984547567350995,False
teacher_majority_all_models__student_with_credit__z_plus_zsmooth,z_plus_zsmooth,RF,bd_bond_canonical_state_h1,bond,bond_canonical,industry_pca1_share_diff_z,equity_cross_section,1041,0.00019087234142597408,0.00019087234142597408,0.00013159391740235127,0.00021422264261050365,0.675312199807877,0.0,0.0,0.0,0.675312199807877,z,1.0,0.00019087234142597408,260,0.9986456290765255,False
teacher_majority_all_models__student_with_credit__z_plus_zsmooth,z_plus_zsmooth,RF,bd_bond_canonical_state_h1,bond,bond_canonical,industry_lambda_corr_diff_z,equity_cross_section,1041,0.0001843763553498793,0.0001843763553498793,0.00011421143796060373,0.000210248120353024,0.6743515850144092,0.0,0.0,0.0,0.6743515850144092,z,1.0,0.0001843763553498793,261,0.9988300054318754,False
teacher_majority_all_models__student_with_credit__z_plus_zsmooth,z_plus_zsmooth,RF,bd_bond_canonical_state_h1,bond,bond_canonical,ff_smb_z,equity_cross_section,1041,0.00017588176377931377,0.00017588176377931377,5.002709190176582e-05,0.00025265743553008166,0.5898174831892411,0.0,0.0,0.0,0.5898174831892411,z,1.0,0.00017588176377931377,262,0.9990058871956548,False
teacher_majority_all_models__student_with_credit__z_plus_zsmooth,z_plus_zsmooth,RF,bd_bond_canonical_state_h1,bond,bond_canonical,ff_hml_z,equity_cross_section,1041,0.00017512580798147105,0.00017512580798147105,8.692970549383197e-05,0.0002522292227539052,0.6340057636887608,0.0,0.0,0.0,0.6340057636887608,z,1.0,0.00017512580798147105,263,0.9991810130036362,False
teacher_majority_all_models__student_with_credit__z_plus_zsmooth,z_plus_zsmooth,RF,bd_bond_canonical_state_h1,bond,bond_canonical,tsy_pca1_share_diff_z,treasury_rates,1041,0.00017346852352602068,0.00017346852352602068,0.00010250075519906937,0.0002047013984577016,0.712776176753122,0.0,0.0,0.0,0.712776176753122,z,1.0,0.00017346852352602068,264,0.9993544815271622,False
teacher_majority_all_models__student_with_credit__z_plus_zsmooth,z_plus_zsmooth,RF,bd_bond_canonical_state_h1,bond,bond_canonical,value_minus_growth_z,equity_cross_section,1041,0.00017290138494998174,0.00017290138494998174,8.751590991054905e-05,0.00022049665293508633,0.6311239193083573,0.0,0.0,0.0,0.6311239193083573,z,1.0,0.00017290138494998174,265,0.9995273829121122,False
teacher_majority_all_models__student_with_credit__z_plus_zsmooth,z_plus_zsmooth,RF,bd_bond_canonical_state_h1,bond,bond_canonical,tsy_belly_minus_barbell_z,treasury_rates,1041,0.00016575238838161313,0.00016575238838161313,6.043927832958453e-05,0.00022505560776367233,0.6503362151777138,0.0,0.0,0.0,0.6503362151777138,z,1.0,0.00016575238838161313,266,0.9996931353004938,False
teacher_majority_all_models__student_with_credit__z_plus_zsmooth,z_plus_zsmooth,RF,bd_bond_canonical_state_h1,bond,bond_canonical,industry_lambda_cov_diff_z,equity_cross_section,1041,0.00015376618355596863,0.00015376618355596863,9.199340411272227e-05,0.00018001143236493576,0.6676272814601345,0.0,0.0,0.0,0.6676272814601345,z,1.0,0.00015376618355596863,267,0.9998469014840498,False
teacher_majority_all_models__student_with_credit__z_plus_zsmooth,z_plus_zsmooth,RF,bd_bond_canonical_state_h1,bond,bond_canonical,crsp_ind12_shops_z,other,1041,0.0001530985159502487,0.0001530985159502487,4.4656073042132944e-05,0.00019126162971202062,0.622478386167147,0.0,0.0,0.0,0.622478386167147,z,1.0,0.0001530985159502487,268,1.0,False
teacher_majority_all_models__student_with_credit__z_plus_zsmooth,z_plus_zsmooth,RF,eq_return_sortino_state_h1,equity,return_sortino,smlo_vwret_z_smooth,other,1074,0.042966155171279816,0.042966155171279816,0.04337708710720048,0.007222231575377774,1.0,0.0,0.9795158286778398,1.0,1.0,z_smooth,1.0,0.042966155171279816,1,0.042966155171279816,True
teacher_majority_all_models__student_with_credit__z_plus_zsmooth,z_plus_zsmooth,RF,eq_return_sortino_state_h1,equity,return_sortino,bihi_vwret_z_smooth,other,1074,0.04256961939337729,0.04256961939337729,0.03687247971600583,0.015931336048623745,1.0,0.0,0.8100558659217877,1.0,1.0,z_smooth,1.0,0.04256961939337729,2,0.08553577456465711,True
teacher_majority_all_models__student_with_credit__z_plus_zsmooth,z_plus_zsmooth,RF,eq_return_sortino_state_h1,equity,return_sortino,crsp_ind12_money_z_smooth,other,1074,0.03980365409647625,0.03980365409647625,0.04004184490863237,0.014404578765747753,1.0,0.0,0.7690875232774674,0.9180633147113594,1.0,z_smooth,1.0,0.03980365409647625,3,0.12533942866113335,True
teacher_majority_all_models__student_with_credit__z_plus_zsmooth,z_plus_zsmooth,RF,eq_return_sortino_state_h1,equity,return_sortino,crsp_ind12_shops_z_smooth,other,1074,0.03793082702237052,0.03793082702237052,0.03765844097368858,0.0076140815343546915,1.0,0.0,0.8333333333333334,0.9990689013035382,1.0,z_smooth,1.0,0.03793082702237052,4,0.1632702556835039,True
teacher_majority_all_models__student_with_credit__z_plus_zsmooth,z_plus_zsmooth,RF,eq_return_sortino_state_h1,equity,return_sortino,growth_avg_ret_z_smooth,other,1074,0.03785099617200689,0.03785099617200689,0.04215276340367426,0.01320278338974306,1.0,0.0,0.8100558659217877,0.8491620111731844,1.0,z_smooth,1.0,0.03785099617200689,5,0.20112125185551077,True
teacher_majority_all_models__student_with_credit__z_plus_zsmooth,z_plus_zsmooth,RF,eq_return_sortino_state_h1,equity,return_sortino,equity_market_level_z_smooth,other,1074,0.03278859455730833,0.03278859455730833,0.03742673203372213,0.01292255765721272,1.0,0.0,0.7905027932960894,0.8091247672253259,1.0,z_smooth,1.0,0.03278859455730833,6,0.2339098464128191,True
teacher_majority_all_models__student_with_credit__z_plus_zsmooth,z_plus_zsmooth,RF,eq_return_sortino_state_h1,equity,return_sortino,crsp_ind12_durbl_z_smooth,other,1074,0.029599067184155486,0.029599067184155486,0.032521993166954144,0.00998717519774672,1.0,0.0,0.5986964618249534,0.8324022346368715,1.0,z_smooth,1.0,0.029599067184155486,7,0.2635089135969746,True
teacher_majority_all_models__student_with_credit__z_plus_zsmooth,z_plus_zsmooth,RF,eq_return_sortino_state_h1,equity,return_sortino,small_avg_ret_z_smooth,equity_cross_section,1074,0.02952866747923169,0.02952866747923169,0.028011897160493952,0.007713837838378731,1.0,0.0,0.31098696461824954,1.0,1.0,z_smooth,1.0,0.02952866747923169,8,0.29303758107620625,True
teacher_majority_all_models__student_with_credit__z_plus_zsmooth,z_plus_zsmooth,RF,eq_return_sortino_state_h1,equity,return_sortino,ff_mktrf_z_smooth,equity_cross_section,1074,0.02915450611584843,0.02915450611584843,0.03161987435263135,0.012420086415246792,1.0,0.0,0.5195530726256983,0.8072625698324022,1.0,z_smooth,1.0,0.02915450611584843,9,0.3221920871920547,True
teacher_majority_all_models__student_with_credit__z_plus_zsmooth,z_plus_zsmooth,RF,eq_return_sortino_state_h1,equity,return_sortino,crsp_ind12_buseq_z_smooth,other,1074,0.029084678706810044,0.029084678706810044,0.03170154968571388,0.010663136629407393,1.0,0.0,0.5111731843575419,0.8268156424581006,1.0,z_smooth,1.0,0.029084678706810044,10,0.35127676589886475,True
teacher_majority_all_models__student_with_credit__z_plus_zsmooth,z_plus_zsmooth,RF,eq_return_sortino_state_h1,equity,return_sortino,big_avg_ret_z_smooth,credit,1074,0.02866997312091034,0.02866997312091034,0.0314240589721929,0.008333949969381709,1.0,0.0,0.5558659217877095,0.8603351955307262,1.0,z_smooth,1.0,0.02866997312091034,11,0.3799467390197751,True
teacher_majority_all_models__student_with_credit__z_plus_zsmooth,z_plus_zsmooth,RF,eq_return_sortino_state_h1,equity,return_sortino,crsp_ind12_telcm_z_smooth,other,1074,0.027621395174677453,0.027621395174677453,0.029873231475599435,0.01361724302130223,1.0,0.0,0.43947858472998136,0.8091247672253259,1.0,z_smooth,1.0,0.027621395174677453,12,0.40756813419445254,True
teacher_majority_all_models__student_with_credit__z_plus_zsmooth,z_plus_zsmooth,RF,eq_return_sortino_state_h1,equity,return_sortino,value_avg_ret_z_smooth,equity_cross_section,1074,0.02667373090247078,0.02667373090247078,0.023933076308746914,0.010343461627628545,1.0,0.0,0.2309124767225326,0.9795158286778398,1.0,z_smooth,1.0,0.02667373090247078,13,0.4342418650969233,True
teacher_majority_all_models__student_with_credit__z_plus_zsmooth,z_plus_zsmooth,RF,eq_return_sortino_state_h1,equity,return_sortino,credit_hy_ret_6m_z_smooth,credit,1074,0.02646415213200981,0.02646415213200981,0.025954596563855254,0.0077622391881317036,1.0,0.0,0.29702048417132215,0.925512104283054,1.0,z_smooth,1.0,0.02646415213200981,14,0.4607060172289331,True
teacher_majority_all_models__student_with_credit__z_plus_zsmooth,z_plus_zsmooth,RF,eq_return_sortino_state_h1,equity,return_sortino,credit_hy_proxy_ret_z_smooth,credit,1074,0.024850431031612538,0.024850431031612538,0.023110966323625623,0.007133872005117178,1.0,0.0,0.21973929236499068,0.9739292364990689,1.0,z_smooth,1.0,0.024850431031612538,15,0.48555644826054567,True
teacher_majority_all_models__student_with_credit__z_plus_zsmooth,z_plus_zsmooth,RF,eq_return_sortino_state_h1,equity,return_sortino,crsp_ind12_hlth_z_smooth,other,1074,0.024566904330231298,0.024566904330231298,0.024626976222407743,0.00950950234439571,1.0,0.0,0.30353817504655495,0.840782122905028,1.0,z_smooth,1.0,0.024566904330231298,16,0.510123352590777,True
teacher_majority_all_models__student_with_credit__z_plus_zsmooth,z_plus_zsmooth,RF,eq_return_sortino_state_h1,equity,return_sortino,bime_vwret_z_smooth,other,1074,0.018361230187882487,0.018361230187882487,0.019957578160681437,0.007991574509010094,1.0,0.0,0.027001862197392923,0.7607076350093109,1.0,z_smooth,1.0,0.018361230187882487,17,0.5284845827786595,True
teacher_majority_all_models__student_with_credit__z_plus_zsmooth,z_plus_zsmooth,RF,eq_return_sortino_state_h1,equity,return_sortino,bilo_vwret_z_smooth,other,1074,0.01723165846397773,0.01723165846397773,0.01906257511869735,0.008734513626907366,0.9934823091247672,0.0,0.027932960893854747,0.7728119180633147,0.9934823091247672,z_smooth,1.0,0.01723165846397773,18,0.5457162412426372,True
teacher_majority_all_models__student_with_credit__z_plus_zsmooth,z_plus_zsmooth,RF,eq_return_sortino_state_h1,equity,return_sortino,smme_vwret_z_smooth,other,1074,0.017120883776464126,0.017120883776464126,0.014249418575729662,0.008337330401420456,1.0,0.0,0.148975791433892,0.6005586592178771,1.0,z_smooth,1.0,0.017120883776464126,19,0.5628371250191013,False
teacher_majority_all_models__student_with_credit__z_plus_zsmooth,z_plus_zsmooth,RF,eq_return_sortino_state_h1,equity,return_sortino,crsp_ind12_utils_z_smooth,other,1074,0.01579540921114158,0.01579540921114158,0.012723511794394262,0.008077538321890312,1.0,0.0,0.12290502793296089,0.4171322160148976,1.0,z_smooth,1.0,0.01579540921114158,20,0.5786325342302429,False
teacher_majority_all_models__student_with_credit__z_plus_zsmooth,z_plus_zsmooth,RF,eq_return_sortino_state_h1,equity,return_sortino,crsp_ind12_other_z_smooth,other,1074,0.013486493546128684,0.013486493546128684,0.01456224556750119,0.007482793220555905,0.9869646182495344,0.0,0.0,0.5875232774674115,0.9869646182495344,z_smooth,1.0,0.013486493546128684,21,0.5921190277763716,False
teacher_majority_all_models__student_with_credit__z_plus_zsmooth,z_plus_zsmooth,RF,eq_return_sortino_state_h1,equity,return_sortino,crsp_ind12_nodur_z_smooth,other,1074,0.010404365594885698,0.010404365594885698,0.010249642118742682,0.0024864990927670975,1.0,0.0,0.0,0.09497206703910614,1.0,z_smooth,1.0,0.010404365594885698,22,0.6025233933712573,False
teacher_majority_all_models__student_with_credit__z_plus_zsmooth,z_plus_zsmooth,RF,eq_return_sortino_state_h1,equity,return_sortino,crsp_tsy_20y_plus_z_smooth,treasury_rates,1074,0.008875336329116938,0.008875336329116938,0.002955386239453739,0.013039789794771628,1.0,0.0,0.1452513966480447,0.1973929236499069,1.0,z_smooth,1.0,0.008875336329116938,23,0.6113987297003742,False
teacher_majority_all_models__student_with_credit__z_plus_zsmooth,z_plus_zsmooth,RF,eq_return_sortino_state_h1,equity,return_sortino,tsy_long_ret_z_smooth,treasury_rates,1074,0.008698145833979149,0.008698145833979149,0.0036108291277313544,0.010864712139381526,1.0,0.0,0.15456238361266295,0.19180633147113593,1.0,z_smooth,1.0,0.008698145833979149,24,0.6200968755343533,False
teacher_majority_all_models__student_with_credit__z_plus_zsmooth,z_plus_zsmooth,RF,eq_return_sortino_state_h1,equity,return_sortino,tsy_long_minus_short_z_smooth,treasury_rates,1074,0.00775200133637628,0.00775200133637628,0.0023386189058313385,0.011204132761794583,1.0,0.0,0.11359404096834265,0.20018621973929238,1.0,z_smooth,1.0,0.00775200133637628,25,0.6278488768707297,False
teacher_majority_all_models__student_with_credit__z_plus_zsmooth,z_plus_zsmooth,RF,eq_return_sortino_state_h1,equity,return_sortino,cross_bond_proxy_ret_z_smooth,treasury_rates,1074,0.007676847043471477,0.007676847043471477,0.003113739496446451,0.009972260437695184,1.0,0.0,0.09683426443202979,0.1908752327746741,1.0,z_smooth,1.0,0.007676847043471477,26,0.6355257239142011,False
teacher_majority_all_models__student_with_credit__z_plus_zsmooth,z_plus_zsmooth,RF,eq_return_sortino_state_h1,equity,return_sortino,tsy_20y_minus_1_3y_z_smooth,treasury_rates,1074,0.007139624280710148,0.007139624280710148,0.002384878500455323,0.01022741409386291,0.9981378026070763,0.0,0.07728119180633147,0.18156424581005587,0.9981378026070763,z_smooth,1.0,0.007139624280710148,27,0.6426653481949113,False
teacher_majority_all_models__student_with_credit__z_plus_zsmooth,z_plus_zsmooth,RF,eq_return_sortino_state_h1,equity,return_sortino,credit_hy_ret_6m_z,credit,1074,0.007005212903585542,0.007005212903585542,0.0070085077077132844,0.0023063691657538277,1.0,0.0,0.0,0.0,1.0,z,1.0,0.007005212903585542,28,0.6496705610984969,False
teacher_majority_all_models__student_with_credit__z_plus_zsmooth,z_plus_zsmooth,RF,eq_return_sortino_state_h1,equity,return_sortino,curve_10y_2y_diff_z_smooth,treasury_rates,1074,0.006989547017234107,0.006989547017234107,0.007475680274494422,0.005060391648694984,0.9478584729981379,0.0,0.0,0.09497206703910614,0.9478584729981379,z_smooth,1.0,0.006989547017234107,29,0.656660108115731,False
teacher_majority_all_models__student_with_credit__z_plus_zsmooth,z_plus_zsmooth,RF,eq_return_sortino_state_h1,equity,return_sortino,crsp_tsy_7_10y_z_smooth,treasury_rates,1074,0.006956917170854259,0.006956917170854259,0.0037218058799847395,0.007370544308079569,1.0,0.0,0.00931098696461825,0.17783985102420857,1.0,z_smooth,1.0,0.006956917170854259,30,0.6636170252865852,False
teacher_majority_all_models__student_with_credit__z_plus_zsmooth,z_plus_zsmooth,RF,eq_return_sortino_state_h1,equity,return_sortino,tsy_short_ret_z_smooth,treasury_rates,1074,0.006877020433016661,0.006877020433016661,0.006253294349084277,0.0030226982004776808,1.0,0.0,0.0,0.00186219739292365,1.0,z_smooth,1.0,0.006877020433016661,31,0.6704940457196018,False
teacher_majority_all_models__student_with_credit__z_plus_zsmooth,z_plus_zsmooth,RF,eq_return_sortino_state_h1,equity,return_sortino,crsp_tsy_10_20y_z_smooth,treasury_rates,1074,0.006824982457311502,0.006824982457311502,0.0023555558131910614,0.009592906742140375,1.0,0.0,0.06517690875232775,0.186219739292365,1.0,z_smooth,1.0,0.006824982457311502,32,0.6773190281769134,False
teacher_majority_all_models__student_with_credit__z_plus_zsmooth,z_plus_zsmooth,RF,eq_return_sortino_state_h1,equity,return_sortino,credit_hy_minus_ig_z_smooth,credit,1074,0.0067637941857680945,0.0067637941857680945,0.005798450152458479,0.004237645909674413,0.9990689013035382,0.0,0.0,0.0595903165735568,0.9990689013035382,z_smooth,1.0,0.0067637941857680945,33,0.6840828223626815,False
teacher_majority_all_models__student_with_credit__z_plus_zsmooth,z_plus_zsmooth,RF,eq_return_sortino_state_h1,equity,return_sortino,ff_cma_z_smooth,equity_cross_section,1074,0.006689144874521729,0.006689144874521729,0.004001253393124038,0.006041299055191528,1.0,0.0,0.0,0.17783985102420857,1.0,z_smooth,1.0,0.006689144874521729,34,0.6907719672372031,False
teacher_majority_all_models__student_with_credit__z_plus_zsmooth,z_plus_zsmooth,RF,eq_return_sortino_state_h1,equity,return_sortino,credit_ig_proxy_ret_z_smooth,credit,1074,0.006642687512325218,0.006642687512325218,0.003953969686192556,0.006365918043704383,1.0,0.0,0.0,0.14711359404096835,1.0,z_smooth,1.0,0.006642687512325218,35,0.6974146547495284,False
teacher_majority_all_models__student_with_credit__z_plus_zsmooth,z_plus_zsmooth,RF,eq_return_sortino_state_h1,equity,return_sortino,bond_10y_ret_level_z_smooth,treasury_rates,1074,0.006490339420504017,0.006490339420504017,0.002649207325879262,0.008291392770508188,1.0,0.0,0.03165735567970205,0.17970204841713222,1.0,z_smooth,1.0,0.006490339420504017,36,0.7039049941700324,False
teacher_majority_all_models__student_with_credit__z_plus_zsmooth,z_plus_zsmooth,RF,eq_return_sortino_state_h1,equity,return_sortino,crsp_tsy_1_3y_z_smooth,treasury_rates,1074,0.006435700031891365,0.006435700031891365,0.006058760998068764,0.0026762358677132145,1.0,0.0,0.0,0.000931098696461825,1.0,z_smooth,1.0,0.006435700031891365,37,0.7103406942019238,False
teacher_majority_all_models__student_with_credit__z_plus_zsmooth,z_plus_zsmooth,RF,eq_return_sortino_state_h1,equity,return_sortino,smhi_vwret_z_smooth,other,1074,0.006416787436685704,0.006416787436685704,0.006700192425061521,0.0028292974586811774,1.0,0.0,0.0,0.004655493482309125,1.0,z_smooth,1.0,0.006416787436685704,38,0.7167574816386094,False
teacher_majority_all_models__student_with_credit__z_plus_zsmooth,z_plus_zsmooth,RF,eq_return_sortino_state_h1,equity,return_sortino,tsy_intermediate_ret_z_smooth,treasury_rates,1074,0.006267388589507467,0.006267388589507467,0.0035922228894612876,0.005887649726989669,1.0,0.0,0.0,0.13594040968342644,1.0,z_smooth,1.0,0.006267388589507467,39,0.7230248702281169,False
teacher_majority_all_models__student_with_credit__z_plus_zsmooth,z_plus_zsmooth,RF,eq_return_sortino_state_h1,equity,return_sortino,crsp_tsy_3_7y_z_smooth,treasury_rates,1074,0.0057057287291054515,0.0057057287291054515,0.00487774054452233,0.0028012306982758725,1.0,0.0,0.0,0.0,1.0,z_smooth,1.0,0.0057057287291054515,40,0.7287305989572224,False
teacher_majority_all_models__student_with_credit__z_plus_zsmooth,z_plus_zsmooth,RF,eq_return_sortino_state_h1,equity,return_sortino,anfci_diff_z_smooth,financial_conditions,1074,0.005569526253370864,0.005569526253370864,0.005866821136281451,0.0021789012348934736,0.9990689013035382,0.0,0.0,0.0,0.9990689013035382,z_smooth,1.0,0.005569526253370864,41,0.7343001252105933,False
teacher_majority_all_models__student_with_credit__z_plus_zsmooth,z_plus_zsmooth,RF,eq_return_sortino_state_h1,equity,return_sortino,crsp_ind12_money_z,other,1074,0.0053033137257826775,0.0053033137257826775,0.005799177023362409,0.002446970766040691,1.0,0.0,0.0,0.0,1.0,z,1.0,0.0053033137257826775,42,0.7396034389363759,False
teacher_majority_all_models__student_with_credit__z_plus_zsmooth,z_plus_zsmooth,RF,eq_return_sortino_state_h1,equity,return_sortino,credit_ig_ret_6m_z_smooth,credit,1074,0.004836387983657214,0.004836387983657214,0.003603888266964843,0.0037847691453520827,1.0,0.0,0.0,0.0260707635009311,1.0,z_smooth,1.0,0.004836387983657214,43,0.7444398269200332,False
teacher_majority_all_models__student_with_credit__z_plus_zsmooth,z_plus_zsmooth,RF,eq_return_sortino_state_h1,equity,return_sortino,sentiment_logdiff_z_smooth,macro,1074,0.004755900553775165,0.004755900553775165,0.004019541089322339,0.0032786495616711564,0.9953445065176909,0.0,0.0,0.0,0.9953445065176909,z_smooth,1.0,0.004755900553775165,44,0.7491957274738084,False
teacher_majority_all_models__student_with_credit__z_plus_zsmooth,z_plus_zsmooth,RF,eq_return_sortino_state_h1,equity,return_sortino,nfci_diff_z_smooth,financial_conditions,1074,0.004636097862945694,0.004636097862945694,0.004380405454362612,0.002406901385314806,0.9990689013035382,0.0,0.0,0.0,0.9990689013035382,z_smooth,1.0,0.004636097862945694,45,0.753831825336754,False
teacher_majority_all_models__student_with_credit__z_plus_zsmooth,z_plus_zsmooth,RF,eq_return_sortino_state_h1,equity,return_sortino,crsp_ind12_manuf_z_smooth,other,1074,0.004598293395692529,0.004598293395692529,0.0038054083554221853,0.0032737486103201507,0.9981378026070763,0.0,0.0,0.0,0.9981378026070763,z_smooth,1.0,0.004598293395692529,46,0.7584301187324465,False
teacher_majority_all_models__student_with_credit__z_plus_zsmooth,z_plus_zsmooth,RF,eq_return_sortino_state_h1,equity,return_sortino,value_avg_ret_z,equity_cross_section,1074,0.00457395014461709,0.00457395014461709,0.004321178084026482,0.0017545079614710059,1.0,0.0,0.0,0.0,1.0,z,1.0,0.00457395014461709,47,0.7630040688770636,False
teacher_majority_all_models__student_with_credit__z_plus_zsmooth,z_plus_zsmooth,RF,eq_return_sortino_state_h1,equity,return_sortino,factor_lambda_corr_12m_z_smooth,equity_cross_section,1074,0.0043468710703562985,0.0043468710703562985,0.0034249957581332134,0.004018830169960629,0.9683426443202979,0.0,0.0,0.03445065176908752,0.9683426443202979,z_smooth,1.0,0.0043468710703562985,48,0.7673509399474199,False
teacher_majority_all_models__student_with_credit__z_plus_zsmooth,z_plus_zsmooth,RF,eq_return_sortino_state_h1,equity,return_sortino,core_inflation_diff_z_smooth,macro,1074,0.0041285641151720485,0.0041285641151720485,0.0028198730856758185,0.0035861222495705944,0.9869646182495344,0.0,0.0,0.040968342644320296,0.9869646182495344,z_smooth,1.0,0.0041285641151720485,49,0.7714795040625919,False
teacher_majority_all_models__student_with_credit__z_plus_zsmooth,z_plus_zsmooth,RF,eq_return_sortino_state_h1,equity,return_sortino,industry_pca1_share_diff_z_smooth,equity_cross_section,1074,0.00409627842243981,0.00409627842243981,0.0038032753648333164,0.0018422987894936055,1.0,0.0,0.0,0.0,1.0,z_smooth,1.0,0.00409627842243981,50,0.7755757824850318,False
teacher_majority_all_models__student_with_credit__z_plus_zsmooth,z_plus_zsmooth,RF,eq_return_sortino_state_h1,equity,return_sortino,equity_market_level_z,other,1074,0.004053216439105579,0.004053216439105579,0.0038394871734713128,0.0016308811035834682,1.0,0.0,0.0,0.0,1.0,z,1.0,0.004053216439105579,51,0.7796289989241374,False
teacher_majority_all_models__student_with_credit__z_plus_zsmooth,z_plus_zsmooth,RF,eq_return_sortino_state_h1,equity,return_sortino,ff_mktrf_z,equity_cross_section,1074,0.003924170750677774,0.003924170750677774,0.0036008802699768728,0.0017366030815511972,0.9962756052141527,0.0,0.0,0.0,0.9962756052141527,z,1.0,0.003924170750677774,52,0.7835531696748151,False
teacher_majority_all_models__student_with_credit__z_plus_zsmooth,z_plus_zsmooth,RF,eq_return_sortino_state_h1,equity,return_sortino,smlo_vwret_z,other,1074,0.00378448455662248,0.00378448455662248,0.003533843198697107,0.002408005851530714,0.9990689013035382,0.0,0.0,0.0,0.9990689013035382,z,1.0,0.00378448455662248,53,0.7873376542314376,False
teacher_majority_all_models__student_with_credit__z_plus_zsmooth,z_plus_zsmooth,RF,eq_return_sortino_state_h1,equity,return_sortino,cmdty_vol_12m_z,commodities,1074,0.0036955817627233644,0.0036955817627233644,0.002022239179632299,0.0035838501377069305,0.9878957169459963,0.0,0.0,0.017690875232774673,0.9878957169459963,z,1.0,0.0036955817627233644,54,0.791033235994161,False
teacher_majority_all_models__student_with_credit__z_plus_zsmooth,z_plus_zsmooth,RF,eq_return_sortino_state_h1,equity,return_sortino,crsp_ind12_other_z,other,1074,0.003677231197005139,0.003677231197005139,0.0038270421091603822,0.0017470043103524739,0.9953445065176909,0.0,0.0,0.0,0.9953445065176909,z,1.0,0.003677231197005139,55,0.7947104671911661,False
teacher_majority_all_models__student_with_credit__z_plus_zsmooth,z_plus_zsmooth,RF,eq_return_sortino_state_h1,equity,return_sortino,nfci_diff_z,financial_conditions,1074,0.0034486594116730556,0.0034486594116730556,0.003368573614596807,0.0021625171266033017,0.9851024208566108,0.0,0.0,0.0,0.9851024208566108,z,1.0,0.0034486594116730556,56,0.7981591266028392,False
teacher_majority_all_models__student_with_credit__z_plus_zsmooth,z_plus_zsmooth,RF,eq_return_sortino_state_h1,equity,return_sortino,size_value_pca1_share_diff_z_smooth,equity_cross_section,1074,0.003328048974519421,0.003328048974519421,0.002830345110554722,0.0019233395781025732,1.0,0.0,0.0,0.0,1.0,z_smooth,1.0,0.003328048974519421,57,0.8014871755773586,False
teacher_majority_all_models__student_with_credit__z_plus_zsmooth,z_plus_zsmooth,RF,eq_return_sortino_state_h1,equity,return_sortino,factor_corr_absavg_12m_z_smooth,equity_cross_section,1074,0.0032176465660198727,0.0032176465660198727,0.002395966203641189,0.002697439123425239,0.9962756052141527,0.0,0.0,0.0,0.9962756052141527,z_smooth,1.0,0.0032176465660198727,58,0.8047048221433785,False
teacher_majority_all_models__student_with_credit__z_plus_zsmooth,z_plus_zsmooth,RF,eq_return_sortino_state_h1,equity,return_sortino,small_avg_ret_z,equity_cross_section,1074,0.0032060272754919745,0.0032060272754919745,0.003187381880203269,0.001549801403723112,0.9972067039106145,0.0,0.0,0.0,0.9972067039106145,z,1.0,0.0032060272754919745,59,0.8079108494188705,False
teacher_majority_all_models__student_with_credit__z_plus_zsmooth,z_plus_zsmooth,RF,eq_return_sortino_state_h1,equity,return_sortino,curve_belly_diff_z_smooth,treasury_rates,1074,0.0031534445988606573,0.0031534445988606573,0.003213866578349509,0.0022495442270642698,0.984171322160149,0.0,0.0,0.0,0.984171322160149,z_smooth,1.0,0.0031534445988606573,60,0.8110642940177311,False
teacher_majority_all_models__student_with_credit__z_plus_zsmooth,z_plus_zsmooth,RF,eq_return_sortino_state_h1,equity,return_sortino,growth_avg_ret_z,other,1074,0.0031505907932815797,0.0031505907932815797,0.0031302564719061267,0.0015722560511603457,0.9981378026070763,0.0,0.0,0.0,0.9981378026070763,z,1.0,0.0031505907932815797,61,0.8142148848110127,False
teacher_majority_all_models__student_with_credit__z_plus_zsmooth,z_plus_zsmooth,RF,eq_return_sortino_state_h1,equity,return_sortino,tsy_corr_absavg_12m_z,treasury_rates,1074,0.003120795216923849,0.003120795216923849,0.0019055624331270446,0.004243985353017146,0.9934823091247672,0.0,0.0,0.03165735567970205,0.9934823091247672,z,1.0,0.003120795216923849,62,0.8173356800279366,False
teacher_majority_all_models__student_with_credit__z_plus_zsmooth,z_plus_zsmooth,RF,eq_return_sortino_state_h1,equity,return_sortino,tsy_pca1_share_12m_z,treasury_rates,1074,0.0030430010815664416,0.0030430010815664416,0.001494330057392248,0.004157716810010486,0.9851024208566108,0.0,0.0,0.028864059590316574,0.9851024208566108,z,1.0,0.0030430010815664416,63,0.820378681109503,False
teacher_majority_all_models__student_with_credit__z_plus_zsmooth,z_plus_zsmooth,RF,eq_return_sortino_state_h1,equity,return_sortino,factor_pca1_share_12m_z_smooth,equity_cross_section,1074,0.003004439514245683,0.003004439514245683,0.0023448418604406123,0.002536827949504412,0.9888268156424581,0.0,0.0,0.0,0.9888268156424581,z_smooth,1.0,0.003004439514245683,64,0.8233831206237486,False
teacher_majority_all_models__student_with_credit__z_plus_zsmooth,z_plus_zsmooth,RF,eq_return_sortino_state_h1,equity,return_sortino,smhi_vwret_z,other,1074,0.0029549946231654666,0.0029549946231654666,0.0030904365282367514,0.001485477294299156,0.9962756052141527,0.0,0.0,0.0,0.9962756052141527,z,1.0,0.0029549946231654666,65,0.8263381152469141,False
teacher_majority_all_models__student_with_credit__z_plus_zsmooth,z_plus_zsmooth,RF,eq_return_sortino_state_h1,equity,return_sortino,crsp_ind12_shops_z,other,1074,0.0028425939150074193,0.0028425939150074193,0.0029963651039391554,0.0012749075335160567,0.9934823091247672,0.0,0.0,0.0,0.9934823091247672,z,1.0,0.0028425939150074193,66,0.8291807091619215,False
teacher_majority_all_models__student_with_credit__z_plus_zsmooth,z_plus_zsmooth,RF,eq_return_sortino_state_h1,equity,return_sortino,nfci_minus_anfci_z_smooth,financial_conditions,1074,0.0028377851135571973,0.0028377851135571973,0.002767195615695294,0.0013234361018570884,0.9962756052141527,0.0,0.0,0.0,0.9962756052141527,z_smooth,1.0,0.0028377851135571973,67,0.8320184942754787,False
teacher_majority_all_models__student_with_credit__z_plus_zsmooth,z_plus_zsmooth,RF,eq_return_sortino_state_h1,equity,return_sortino,policy_rate_diff_z_smooth,treasury_rates,1074,0.002815741945472385,0.002815741945472385,0.0025941577004942283,0.001660570987554969,1.0,0.0,0.0,0.0,1.0,z_smooth,1.0,0.002815741945472385,68,0.8348342362209511,False
teacher_majority_all_models__student_with_credit__z_plus_zsmooth,z_plus_zsmooth,RF,eq_return_sortino_state_h1,equity,return_sortino,big_avg_ret_z,credit,1074,0.002804420074583116,0.002804420074583116,0.0029024217263163687,0.0014510288574893348,0.9897579143389199,0.0,0.0,0.0,0.9897579143389199,z,1.0,0.002804420074583116,69,0.8376386562955342,False
teacher_majority_all_models__student_with_credit__z_plus_zsmooth,z_plus_zsmooth,RF,eq_return_sortino_state_h1,equity,return_sortino,cfnai_level_z_smooth,macro,1074,0.002770159358056574,0.002770159358056574,0.0030498687719376274,0.0016340052788971161,0.972998137802607,0.0,0.0,0.0,0.972998137802607,z_smooth,1.0,0.002770159358056574,70,0.8404088156535908,False
teacher_majority_all_models__student_with_credit__z_plus_zsmooth,z_plus_zsmooth,RF,eq_return_sortino_state_h1,equity,return_sortino,bilo_vwret_z,other,1074,0.002696111830650039,0.002696111830650039,0.0024249919383556792,0.0012177598995826914,1.0,0.0,0.0,0.0,1.0,z,1.0,0.002696111830650039,71,0.8431049274842408,False
teacher_majority_all_models__student_with_credit__z_plus_zsmooth,z_plus_zsmooth,RF,eq_return_sortino_state_h1,equity,return_sortino,industry_best_minus_worst_1m_z_smooth,equity_cross_section,1074,0.0026825301421956344,0.0026825301421956344,0.002735675487076067,0.0014396506101650142,0.9869646182495344,0.0,0.0,0.0,0.9869646182495344,z_smooth,1.0,0.0026825301421956344,72,0.8457874576264365,False
teacher_majority_all_models__student_with_credit__z_plus_zsmooth,z_plus_zsmooth,RF,eq_return_sortino_state_h1,equity,return_sortino,crsp_ind12_telcm_z,other,1074,0.0026735862481015184,0.0026735862481015184,0.0022747526037213044,0.0015257831121150102,1.0,0.0,0.0,0.0,1.0,z,1.0,0.0026735862481015184,73,0.848461043874538,False
teacher_majority_all_models__student_with_credit__z_plus_zsmooth,z_plus_zsmooth,RF,eq_return_sortino_state_h1,equity,return_sortino,tsy_corr_avg_12m_z,treasury_rates,1074,0.0025609397622715266,0.0025609397622715266,0.0012410980649249948,0.003994154256578728,0.9953445065176909,0.0,0.0,0.027001862197392923,0.9953445065176909,z,1.0,0.0025609397622715266,74,0.8510219836368095,False
teacher_majority_all_models__student_with_credit__z_plus_zsmooth,z_plus_zsmooth,RF,eq_return_sortino_state_h1,equity,return_sortino,crsp_ind12_chems_z_smooth,other,1074,0.002559269405632242,0.002559269405632242,0.0025365433065793024,0.0017228905024597745,0.984171322160149,0.0,0.0,0.0,0.984171322160149,z_smooth,1.0,0.002559269405632242,75,0.8535812530424418,False
teacher_majority_all_models__student_with_credit__z_plus_zsmooth,z_plus_zsmooth,RF,eq_return_sortino_state_h1,equity,return_sortino,credit_hy_proxy_ret_z,credit,1074,0.002495289370709835,0.002495289370709835,0.002632452725960406,0.0015332763697403098,0.9888268156424581,0.0,0.0,0.0,0.9888268156424581,z,1.0,0.002495289370709835,76,0.8560765424131516,False
teacher_majority_all_models__student_with_credit__z_plus_zsmooth,z_plus_zsmooth,RF,eq_return_sortino_state_h1,equity,return_sortino,bime_vwret_z,other,1074,0.0023024290574419825,0.0023024290574419825,0.0022905592127367294,0.0012060947711555754,0.9953445065176909,0.0,0.0,0.0,0.9953445065176909,z,1.0,0.0023024290574419825,77,0.8583789714705936,False
teacher_majority_all_models__student_with_credit__z_plus_zsmooth,z_plus_zsmooth,RF,eq_return_sortino_state_h1,equity,return_sortino,tsy_corr_avg_12m_z_smooth,treasury_rates,1074,0.0022104012637710634,0.0022104012637710634,0.0019283540986212164,0.0015032613090800685,0.9972067039106145,0.0,0.0,0.0,0.9972067039106145,z_smooth,1.0,0.0022104012637710634,78,0.8605893727343646,False
teacher_majority_all_models__student_with_credit__z_plus_zsmooth,z_plus_zsmooth,RF,eq_return_sortino_state_h1,equity,return_sortino,cross_bond_credit_ig_corr_12m_fisher_diff_z_smooth,treasury_rates,1074,0.0021304548316303552,0.0021304548316303552,0.0014314287183096086,0.0018247336943258842,0.9981378026070763,0.0,0.0,0.0,0.9981378026070763,z_smooth,1.0,0.0021304548316303552,79,0.862719827565995,False
teacher_majority_all_models__student_with_credit__z_plus_zsmooth,z_plus_zsmooth,RF,eq_return_sortino_state_h1,equity,return_sortino,tsy_pca1_share_12m_z_smooth,treasury_rates,1074,0.0021170351798451056,0.0021170351798451056,0.0018782894177852313,0.0013174108156007436,1.0,0.0,0.0,0.0,1.0,z_smooth,1.0,0.0021170351798451056,80,0.8648368627458402,False
teacher_majority_all_models__student_with_credit__z_plus_zsmooth,z_plus_zsmooth,RF,eq_return_sortino_state_h1,equity,return_sortino,crsp_ind12_hlth_z,other,1074,0.002083539443191835,0.002083539443191835,0.0018976943713665206,0.0010719794874818657,0.9990689013035382,0.0,0.0,0.0,0.9990689013035382,z,1.0,0.002083539443191835,81,0.866920402189032,False
teacher_majority_all_models__student_with_credit__z_plus_zsmooth,z_plus_zsmooth,RF,eq_return_sortino_state_h1,equity,return_sortino,tsy_rotation_speed_12m_z_smooth,treasury_rates,1074,0.002075394728088817,0.002075394728088817,0.0020033361078128026,0.0012603666753576508,0.9906890130353817,0.0,0.0,0.0,0.9906890130353817,z_smooth,1.0,0.002075394728088817,82,0.8689957969171208,False
teacher_majority_all_models__student_with_credit__z_plus_zsmooth,z_plus_zsmooth,RF,eq_return_sortino_state_h1,equity,return_sortino,smme_vwret_z,other,1074,0.0020539073498167426,0.0020539073498167426,0.0018336082657452611,0.001301134075407593,0.9869646182495344,0.0,0.0,0.0,0.9869646182495344,z,1.0,0.0020539073498167426,83,0.8710497042669375,False
teacher_majority_all_models__student_with_credit__z_plus_zsmooth,z_plus_zsmooth,RF,eq_return_sortino_state_h1,equity,return_sortino,cmdty_ret_12m_z_smooth,commodities,1074,0.0020365656274440444,0.0020365656274440444,0.001562208294028819,0.001628684093595996,0.9618249534450651,0.0,0.0,0.0,0.9618249534450651,z_smooth,1.0,0.0020365656274440444,84,0.8730862698943815,False
teacher_majority_all_models__student_with_credit__z_plus_zsmooth,z_plus_zsmooth,RF,eq_return_sortino_state_h1,equity,return_sortino,size_value_ret_dispersion_1m_z_smooth,equity_cross_section,1074,0.002035888976863419,0.002035888976863419,0.0018857368558301002,0.0013013328844206722,0.9646182495344506,0.0,0.0,0.0,0.9646182495344506,z_smooth,1.0,0.002035888976863419,85,0.875122158871245,False
teacher_majority_all_models__student_with_credit__z_plus_zsmooth,z_plus_zsmooth,RF,eq_return_sortino_state_h1,equity,return_sortino,cmdty_ret_6m_z_smooth,commodities,1074,0.0018495602642130725,0.0018495602642130725,0.0015677176532213808,0.0012850284106825092,0.9906890130353817,0.0,0.0,0.0,0.9906890130353817,z_smooth,1.0,0.0018495602642130725,86,0.876971719135458,False
teacher_majority_all_models__student_with_credit__z_plus_zsmooth,z_plus_zsmooth,RF,eq_return_sortino_state_h1,equity,return_sortino,size_value_ret_dispersion_6m_z_smooth,equity_cross_section,1074,0.001848540754219529,0.001848540754219529,0.00169152175077948,0.0011642989832625623,0.978584729981378,0.0,0.0,0.0,0.978584729981378,z_smooth,1.0,0.001848540754219529,87,0.8788202598896776,False
teacher_majority_all_models__student_with_credit__z_plus_zsmooth,z_plus_zsmooth,RF,eq_return_sortino_state_h1,equity,return_sortino,ff_mom_z_smooth,equity_cross_section,1074,0.0018253813030276868,0.0018253813030276868,0.001802194880050026,0.0012000518029162302,0.9683426443202979,0.0,0.0,0.0,0.9683426443202979,z_smooth,1.0,0.0018253813030276868,88,0.8806456411927053,False
teacher_majority_all_models__student_with_credit__z_plus_zsmooth,z_plus_zsmooth,RF,eq_return_sortino_state_h1,equity,return_sortino,crsp_ind12_durbl_z,other,1074,0.0018094119348784526,0.0018094119348784526,0.001713949379195996,0.0010211380822504619,0.9990689013035382,0.0,0.0,0.0,0.9990689013035382,z,1.0,0.0018094119348784526,89,0.8824550531275837,False
teacher_majority_all_models__student_with_credit__z_plus_zsmooth,z_plus_zsmooth,RF,eq_return_sortino_state_h1,equity,return_sortino,cmdty_ret_1m_z_smooth,commodities,1074,0.001733450643127713,0.001733450643127713,0.0014154444326761847,0.0013092091359061182,0.9981378026070763,0.0,0.0,0.0,0.9981378026070763,z_smooth,1.0,0.001733450643127713,90,0.8841885037707115,False
teacher_majority_all_models__student_with_credit__z_plus_zsmooth,z_plus_zsmooth,RF,eq_return_sortino_state_h1,equity,return_sortino,industry_best_minus_worst_6m_z_smooth,equity_cross_section,1074,0.0017180612088363984,0.0017180612088363984,0.001679733518206366,0.0009679652492751711,0.9813780260707635,0.0,0.0,0.0,0.9813780260707635,z_smooth,1.0,0.0017180612088363984,91,0.8859065649795478,False
teacher_majority_all_models__student_with_credit__z_plus_zsmooth,z_plus_zsmooth,RF,eq_return_sortino_state_h1,equity,return_sortino,tsy_pca1_share_diff_z_smooth,treasury_rates,1074,0.0016978232152602161,0.0016978232152602161,0.0014650769345682661,0.001021051174072319,0.9962756052141527,0.0,0.0,0.0,0.9962756052141527,z_smooth,1.0,0.0016978232152602161,92,0.887604388194808,False
teacher_majority_all_models__student_with_credit__z_plus_zsmooth,z_plus_zsmooth,RF,eq_return_sortino_state_h1,equity,return_sortino,industry_ret_dispersion_1m_z_smooth,equity_cross_section,1074,0.0016964576873602433,0.0016964576873602433,0.0017611932231758698,0.000998817037250125,0.9823091247672253,0.0,0.0,0.0,0.9823091247672253,z_smooth,1.0,0.0016964576873602433,93,0.8893008458821683,False
teacher_majority_all_models__student_with_credit__z_plus_zsmooth,z_plus_zsmooth,RF,eq_return_sortino_state_h1,equity,return_sortino,cmdty_sharpe_12m_z_smooth,commodities,1074,0.0015853813076726843,0.0015853813076726843,0.0011541912362951824,0.0014419000625685914,0.9608938547486033,0.0,0.0,0.0,0.9608938547486033,z_smooth,1.0,0.0015853813076726843,94,0.890886227189841,False
teacher_majority_all_models__student_with_credit__z_plus_zsmooth,z_plus_zsmooth,RF,eq_return_sortino_state_h1,equity,return_sortino,bond_10y_mom_diff_z_smooth,treasury_rates,1074,0.0015703191969080638,0.0015703191969080638,0.0013963906297265038,0.000901277350113293,0.9851024208566108,0.0,0.0,0.0,0.9851024208566108,z_smooth,1.0,0.0015703191969080638,95,0.892456546386749,False
teacher_majority_all_models__student_with_credit__z_plus_zsmooth,z_plus_zsmooth,RF,eq_return_sortino_state_h1,equity,return_sortino,size_value_corr_avg_12m_z_smooth,equity_cross_section,1074,0.0015672169566466757,0.0015672169566466757,0.001430346198226842,0.0009800245711563294,0.9804469273743017,0.0,0.0,0.0,0.9804469273743017,z_smooth,1.0,0.0015672169566466757,96,0.8940237633433957,False
teacher_majority_all_models__student_with_credit__z_plus_zsmooth,z_plus_zsmooth,RF,eq_return_sortino_state_h1,equity,return_sortino,factor_ret_dispersion_6m_z_smooth,equity_cross_section,1074,0.0015631165017033224,0.0015631165017033224,0.0015874377835618644,0.0008279294119011609,0.9851024208566108,0.0,0.0,0.0,0.9851024208566108,z_smooth,1.0,0.0015631165017033224,97,0.895586879845099,False
teacher_majority_all_models__student_with_credit__z_plus_zsmooth,z_plus_zsmooth,RF,eq_return_sortino_state_h1,equity,return_sortino,fred_nfci_z_smooth,financial_conditions,1074,0.001552580357751685,0.001552580357751685,0.001511101852697951,0.0008932591387897354,0.9934823091247672,0.0,0.0,0.0,0.9934823091247672,z_smooth,1.0,0.001552580357751685,98,0.8971394602028507,False
teacher_majority_all_models__student_with_credit__z_plus_zsmooth,z_plus_zsmooth,RF,eq_return_sortino_state_h1,equity,return_sortino,cmdty_broad_aqr_ret_z_smooth,commodities,1074,0.001528433841530677,0.001528433841530677,0.0012423146472167268,0.001476917839672444,0.9869646182495344,0.0,0.0,0.0,0.9869646182495344,z_smooth,1.0,0.001528433841530677,99,0.8986678940443814,False
teacher_majority_all_models__student_with_credit__z_plus_zsmooth,z_plus_zsmooth,RF,eq_return_sortino_state_h1,equity,return_sortino,factor_ret_dispersion_1m_z_smooth,equity_cross_section,1074,0.0015178370907709283,0.0015178370907709283,0.00147657035762098,0.0007637917814003119,0.9739292364990689,0.0,0.0,0.0,0.9739292364990689,z_smooth,1.0,0.0015178370907709283,100,0.9001857311351523,False
teacher_majority_all_models__student_with_credit__z_plus_zsmooth,z_plus_zsmooth,RF,eq_return_sortino_state_h1,equity,return_sortino,industry_ret_dispersion_6m_z_smooth,equity_cross_section,1074,0.0015126093696324156,0.0015126093696324156,0.0013565148753010093,0.0009681099342229533,0.9953445065176909,0.0,0.0,0.0,0.9953445065176909,z_smooth,1.0,0.0015126093696324156,101,0.9016983405047847,False
teacher_majority_all_models__student_with_credit__z_plus_zsmooth,z_plus_zsmooth,RF,eq_return_sortino_state_h1,equity,return_sortino,small_value_minus_big_growth_z_smooth,equity_cross_section,1074,0.0015110968430121564,0.0015110968430121564,0.0014289618258509652,0.0009320082730354622,0.994413407821229,0.0,0.0,0.0,0.994413407821229,z_smooth,1.0,0.0015110968430121564,102,0.9032094373477969,False
teacher_majority_all_models__student_with_credit__z_plus_zsmooth,z_plus_zsmooth,RF,eq_return_sortino_state_h1,equity,return_sortino,crsp_ind12_buseq_z,other,1074,0.0014911283578446428,0.0014911283578446428,0.0014140750342244747,0.0009303421798652442,0.9767225325884544,0.0,0.0,0.0,0.9767225325884544,z,1.0,0.0014911283578446428,103,0.9047005657056415,False
teacher_majority_all_models__student_with_credit__z_plus_zsmooth,z_plus_zsmooth,RF,eq_return_sortino_state_h1,equity,return_sortino,bihi_vwret_z,other,1074,0.0014773396407742098,0.0014773396407742098,0.0013722676981554002,0.0007938735282758599,0.9906890130353817,0.0,0.0,0.0,0.9906890130353817,z,1.0,0.0014773396407742098,104,0.9061779053464157,False
teacher_majority_all_models__student_with_credit__z_plus_zsmooth,z_plus_zsmooth,RF,eq_return_sortino_state_h1,equity,return_sortino,nfci_level_z,financial_conditions,1074,0.0014682239838778748,0.0014682239838778748,0.0009236944909640492,0.001558197926399382,0.9497206703910615,0.0,0.0,0.0,0.9497206703910615,z,1.0,0.0014682239838778748,105,0.9076461293302936,False
teacher_majority_all_models__student_with_credit__z_plus_zsmooth,z_plus_zsmooth,RF,eq_return_sortino_state_h1,equity,return_sortino,credit_ret_dispersion_6m_z,credit,1074,0.0014536902917304682,0.0014536902917304682,0.0013045333490466922,0.0008535899977548692,0.9906890130353817,0.0,0.0,0.0,0.9906890130353817,z,1.0,0.0014536902917304682,106,0.9090998196220241,False
teacher_majority_all_models__student_with_credit__z_plus_zsmooth,z_plus_zsmooth,RF,eq_return_sortino_state_h1,equity,return_sortino,tsy_corr_absavg_12m_z_smooth,treasury_rates,1074,0.0014135510432897744,0.0014135510432897744,0.001308532993277745,0.0008472406232245982,0.9869646182495344,0.0,0.0,0.0,0.9869646182495344,z_smooth,1.0,0.0014135510432897744,107,0.9105133706653139,False
teacher_majority_all_models__student_with_credit__z_plus_zsmooth,z_plus_zsmooth,RF,eq_return_sortino_state_h1,equity,return_sortino,ff_rmw_minus_cma_z_smooth,equity_cross_section,1074,0.0014101865860339552,0.0014101865860339552,0.0004011297414935102,0.0023598966786938817,0.9497206703910615,0.0,0.0,0.0,0.9497206703910615,z_smooth,1.0,0.0014101865860339552,108,0.9119235572513478,False
teacher_majority_all_models__student_with_credit__z_plus_zsmooth,z_plus_zsmooth,RF,eq_return_sortino_state_h1,equity,return_sortino,tsy_lambda_cov_12m_z_smooth,treasury_rates,1074,0.001390017365641112,0.001390017365641112,0.0013634647799877315,0.0008332997865261138,0.9674115456238361,0.0,0.0,0.0,0.9674115456238361,z_smooth,1.0,0.001390017365641112,109,0.9133135746169889,False
teacher_majority_all_models__student_with_credit__z_plus_zsmooth,z_plus_zsmooth,RF,eq_return_sortino_state_h1,equity,return_sortino,factor_lambda_cov_12m_z_smooth,equity_cross_section,1074,0.0013863851080057122,0.0013863851080057122,0.001072305417958073,0.0011150345907076163,0.9906890130353817,0.0,0.0,0.0,0.9906890130353817,z_smooth,1.0,0.0013863851080057122,110,0.9146999597249946,False
teacher_majority_all_models__student_with_credit__z_plus_zsmooth,z_plus_zsmooth,RF,eq_return_sortino_state_h1,equity,return_sortino,anfci_diff_z,financial_conditions,1074,0.0013642389552481979,0.0013642389552481979,0.0012221823337855977,0.0009840248761203542,0.9664804469273743,0.0,0.0,0.0,0.9664804469273743,z,1.0,0.0013642389552481979,111,0.9160641986802428,False
teacher_majority_all_models__student_with_credit__z_plus_zsmooth,z_plus_zsmooth,RF,eq_return_sortino_state_h1,equity,return_sortino,factor_rotation_speed_12m_z_smooth,equity_cross_section,1074,0.0013467384038333998,0.0013467384038333998,0.0012637128220900594,0.0008790371686254051,0.9823091247672253,0.0,0.0,0.0,0.9823091247672253,z_smooth,1.0,0.0013467384038333998,112,0.9174109370840763,False
teacher_majority_all_models__student_with_credit__z_plus_zsmooth,z_plus_zsmooth,RF,eq_return_sortino_state_h1,equity,return_sortino,tsy_belly_minus_barbell_z_smooth,treasury_rates,1074,0.0013155022314067363,0.0013155022314067363,0.0012925464166025024,0.0009664371676093345,0.952513966480447,0.0,0.0,0.0,0.952513966480447,z_smooth,1.0,0.0013155022314067363,113,0.9187264393154829,False
teacher_majority_all_models__student_with_credit__z_plus_zsmooth,z_plus_zsmooth,RF,eq_return_sortino_state_h1,equity,return_sortino,rv_60d_logdiff_z_smooth,volatility_dependence,1074,0.001313430572964433,0.001313430572964433,0.001201353009866745,0.0007968445428219703,0.972998137802607,0.0,0.0,0.0,0.972998137802607,z_smooth,1.0,0.001313430572964433,114,0.9200398698884474,False
teacher_majority_all_models__student_with_credit__z_plus_zsmooth,z_plus_zsmooth,RF,eq_return_sortino_state_h1,equity,return_sortino,size_value_corr_absavg_12m_z_smooth,equity_cross_section,1074,0.0012886188643559493,0.0012886188643559493,0.0012011333354575713,0.0008573889237024177,0.9804469273743017,0.0,0.0,0.0,0.9804469273743017,z_smooth,1.0,0.0012886188643559493,115,0.9213284887528034,False
teacher_majority_all_models__student_with_credit__z_plus_zsmooth,z_plus_zsmooth,RF,eq_return_sortino_state_h1,equity,return_sortino,anfci_level_z,financial_conditions,1074,0.0012361642727766447,0.0012361642727766447,0.0011672043471446258,0.0006428495341673314,0.994413407821229,0.0,0.0,0.0,0.994413407821229,z,1.0,0.0012361642727766447,116,0.92256465302558,False
teacher_majority_all_models__student_with_credit__z_plus_zsmooth,z_plus_zsmooth,RF,eq_return_sortino_state_h1,equity,return_sortino,tsy_ret_dispersion_6m_z_smooth,treasury_rates,1074,0.001212395831639978,0.001212395831639978,0.0009067192366148016,0.0011204938812125538,0.9767225325884544,0.0,0.0,0.0,0.9767225325884544,z_smooth,1.0,0.001212395831639978,117,0.92377704885722,False
teacher_majority_all_models__student_with_credit__z_plus_zsmooth,z_plus_zsmooth,RF,eq_return_sortino_state_h1,equity,return_sortino,fred_nfci_z,financial_conditions,1074,0.0011723011816898881,0.0011723011816898881,0.0010139780032204738,0.0009176518806223548,0.9776536312849162,0.0,0.0,0.0,0.9776536312849162,z,1.0,0.0011723011816898881,118,0.9249493500389099,False
teacher_majority_all_models__student_with_credit__z_plus_zsmooth,z_plus_zsmooth,RF,eq_return_sortino_state_h1,equity,return_sortino,cross_eq_credit_hy_corr_12m_fisher_diff_z_smooth,credit,1074,0.0011637365774729393,0.0011637365774729393,0.0010876398467643026,0.0007241730538163114,0.9757914338919925,0.0,0.0,0.0,0.9757914338919925,z_smooth,1.0,0.0011637365774729393,119,0.9261130866163828,False
teacher_majority_all_models__student_with_credit__z_plus_zsmooth,z_plus_zsmooth,RF,eq_return_sortino_state_h1,equity,return_sortino,size_value_pca1_share_12m_z_smooth,equity_cross_section,1074,0.001161434990975467,0.001161434990975467,0.0009969383424603916,0.0009384474849754224,0.9599627560521415,0.0,0.0,0.0,0.9599627560521415,z_smooth,1.0,0.001161434990975467,120,0.9272745216073582,False
teacher_majority_all_models__student_with_credit__z_plus_zsmooth,z_plus_zsmooth,RF,eq_return_sortino_state_h1,equity,return_sortino,vix_logdiff_z_smooth,volatility_dependence,1074,0.0011436575203402789,0.0011436575203402789,0.0010386464771710046,0.0008492492650280009,0.9757914338919925,0.0,0.0,0.0,0.9757914338919925,z_smooth,1.0,0.0011436575203402789,121,0.9284181791276985,False
teacher_majority_all_models__student_with_credit__z_plus_zsmooth,z_plus_zsmooth,RF,eq_return_sortino_state_h1,equity,return_sortino,industry_ret_dispersion_6m_z,equity_cross_section,1074,0.0011308631635471565,0.0011308631635471565,0.0010843923797839035,0.0005870146213646508,0.994413407821229,0.0,0.0,0.0,0.994413407821229,z,1.0,0.0011308631635471565,122,0.9295490422912457,False
teacher_majority_all_models__student_with_credit__z_plus_zsmooth,z_plus_zsmooth,RF,eq_return_sortino_state_h1,equity,return_sortino,industry_lambda_corr_12m_z_smooth,equity_cross_section,1074,0.0011041685618291457,0.0011041685618291457,0.000906219484627802,0.0008288441169421038,0.9804469273743017,0.0,0.0,0.0,0.9804469273743017,z_smooth,1.0,0.0011041685618291457,123,0.9306532108530748,False
teacher_majority_all_models__student_with_credit__z_plus_zsmooth,z_plus_zsmooth,RF,eq_return_sortino_state_h1,equity,return_sortino,factor_corr_avg_12m_z,equity_cross_section,1074,0.0011004393340796291,0.0011004393340796291,0.0006574062363611955,0.001364259172055374,0.9581005586592178,0.0,0.0,0.0,0.9581005586592178,z,1.0,0.0011004393340796291,124,0.9317536501871545,False
teacher_majority_all_models__student_with_credit__z_plus_zsmooth,z_plus_zsmooth,RF,eq_return_sortino_state_h1,equity,return_sortino,tsy_lambda_corr_12m_z_smooth,treasury_rates,1074,0.001087113080061584,0.001087113080061584,0.0010976480121693511,0.0006255663503701635,0.9646182495344506,0.0,0.0,0.0,0.9646182495344506,z_smooth,1.0,0.001087113080061584,125,0.9328407632672161,False
teacher_majority_all_models__student_with_credit__z_plus_zsmooth,z_plus_zsmooth,RF,eq_return_sortino_state_h1,equity,return_sortino,crsp_ind12_nodur_z,other,1074,0.001086148397848151,0.001086148397848151,0.0009527858551711924,0.0007186828721024565,0.9860335195530726,0.0,0.0,0.0,0.9860335195530726,z,1.0,0.001086148397848151,126,0.9339269116650643,False
teacher_majority_all_models__student_with_credit__z_plus_zsmooth,z_plus_zsmooth,RF,eq_return_sortino_state_h1,equity,return_sortino,cmdty_vol_12m_z_smooth,commodities,1074,0.0010819468919072922,0.0010819468919072922,0.0009818898509799624,0.0007589616979813738,0.9683426443202979,0.0,0.0,0.0,0.9683426443202979,z_smooth,1.0,0.0010819468919072922,127,0.9350088585569715,False
teacher_majority_all_models__student_with_credit__z_plus_zsmooth,z_plus_zsmooth,RF,eq_return_sortino_state_h1,equity,return_sortino,anfci_level_z_smooth,financial_conditions,1074,0.0010142244243589327,0.0010142244243589327,0.0009716833699773176,0.0006909899868370357,0.9757914338919925,0.0,0.0,0.0,0.9757914338919925,z_smooth,1.0,0.0010142244243589327,128,0.9360230829813304,False
teacher_majority_all_models__student_with_credit__z_plus_zsmooth,z_plus_zsmooth,RF,eq_return_sortino_state_h1,equity,return_sortino,nfci_level_z_smooth,financial_conditions,1074,0.0010140614486904322,0.0010140614486904322,0.0009653546629249625,0.0006728335142957673,0.9795158286778398,0.0,0.0,0.0,0.9795158286778398,z_smooth,1.0,0.0010140614486904322,129,0.9370371444300208,False
teacher_majority_all_models__student_with_credit__z_plus_zsmooth,z_plus_zsmooth,RF,eq_return_sortino_state_h1,equity,return_sortino,cross_bond_cmdty_corr_12m_fisher_diff_z_smooth,treasury_rates,1074,0.0009994322597846235,0.0009994322597846235,0.0008403814237336136,0.0007647295180287753,0.9683426443202979,0.0,0.0,0.0,0.9683426443202979,z_smooth,1.0,0.0009994322597846235,130,0.9380365766898054,False
teacher_majority_all_models__student_with_credit__z_plus_zsmooth,z_plus_zsmooth,RF,eq_return_sortino_state_h1,equity,return_sortino,fred_anfci_z_smooth,financial_conditions,1074,0.0009950094040446769,0.0009950094040446769,0.0008179493187796414,0.0007574799114123772,0.9776536312849162,0.0,0.0,0.0,0.9776536312849162,z_smooth,1.0,0.0009950094040446769,131,0.9390315860938502,False
teacher_majority_all_models__student_with_credit__z_plus_zsmooth,z_plus_zsmooth,RF,eq_return_sortino_state_h1,equity,return_sortino,size_value_pca1_share_12m_z,equity_cross_section,1074,0.0009878434535893468,0.0009878434535893468,0.0008946485493053866,0.0005937530911467858,0.9757914338919925,0.0,0.0,0.0,0.9757914338919925,z,1.0,0.0009878434535893468,132,0.9400194295474396,False
teacher_majority_all_models__student_with_credit__z_plus_zsmooth,z_plus_zsmooth,RF,eq_return_sortino_state_h1,equity,return_sortino,factor_corr_avg_12m_z_smooth,equity_cross_section,1074,0.000982553414043777,0.000982553414043777,0.0009762508966593047,0.000633657069502788,0.9515828677839852,0.0,0.0,0.0,0.9515828677839852,z_smooth,1.0,0.000982553414043777,133,0.9410019829614833,False
teacher_majority_all_models__student_with_credit__z_plus_zsmooth,z_plus_zsmooth,RF,eq_return_sortino_state_h1,equity,return_sortino,factor_ret_dispersion_6m_z,equity_cross_section,1074,0.0009736548377226455,0.0009736548377226455,0.0009457448977456245,0.0005634437703497022,0.9878957169459963,0.0,0.0,0.0,0.9878957169459963,z,1.0,0.0009736548377226455,134,0.9419756377992059,False
teacher_majority_all_models__student_with_credit__z_plus_zsmooth,z_plus_zsmooth,RF,eq_return_sortino_state_h1,equity,return_sortino,crsp_ind12_enrgy_z_smooth,other,1074,0.0009575933258994017,0.0009575933258994017,0.0007643978992394164,0.0007806685696613614,0.9748603351955307,0.0,0.0,0.0,0.9748603351955307,z_smooth,1.0,0.0009575933258994017,135,0.9429332311251053,False
teacher_majority_all_models__student_with_credit__z_plus_zsmooth,z_plus_zsmooth,RF,eq_return_sortino_state_h1,equity,return_sortino,crsp_ind12_manuf_z,other,1074,0.0009560514622468857,0.0009560514622468857,0.000810758658803732,0.0007937788794213088,0.9320297951582868,0.0,0.0,0.0,0.9320297951582868,z,1.0,0.0009560514622468857,136,0.9438892825873523,False
teacher_majority_all_models__student_with_credit__z_plus_zsmooth,z_plus_zsmooth,RF,eq_return_sortino_state_h1,equity,return_sortino,ff_hml_z_smooth,equity_cross_section,1074,0.0009382688815249012,0.0009382688815249012,0.0007493589164212156,0.0007234361687569989,0.9804469273743017,0.0,0.0,0.0,0.9804469273743017,z_smooth,1.0,0.0009382688815249012,137,0.9448275514688771,False
teacher_majority_all_models__student_with_credit__z_plus_zsmooth,z_plus_zsmooth,RF,eq_return_sortino_state_h1,equity,return_sortino,size_value_lambda_corr_12m_z_smooth,equity_cross_section,1074,0.0009357904667068242,0.0009357904667068242,0.0005868894984872944,0.0009388996831818102,0.9646182495344506,0.0,0.0,0.0,0.9646182495344506,z_smooth,1.0,0.0009357904667068242,138,0.945763341935584,False
teacher_majority_all_models__student_with_credit__z_plus_zsmooth,z_plus_zsmooth,RF,eq_return_sortino_state_h1,equity,return_sortino,credit_spread_diff_z_smooth,credit,1074,0.0009312750843655012,0.0009312750843655012,0.0009014075117393789,0.0005899271521816849,0.9683426443202979,0.0,0.0,0.0,0.9683426443202979,z_smooth,1.0,0.0009312750843655012,139,0.9466946170199495,False
teacher_majority_all_models__student_with_credit__z_plus_zsmooth,z_plus_zsmooth,RF,eq_return_sortino_state_h1,equity,return_sortino,credit_spread_diff_z,credit,1074,0.0009160262744680134,0.0009160262744680134,0.0007824089051927793,0.000742611050342724,0.9208566108007449,0.0,0.0,0.0,0.9208566108007449,z,1.0,0.0009160262744680134,140,0.9476106432944175,False
teacher_majority_all_models__student_with_credit__z_plus_zsmooth,z_plus_zsmooth,RF,eq_return_sortino_state_h1,equity,return_sortino,credit_lambda_cov_diff_z_smooth,credit,1074,0.0008955364609571312,0.0008955364609571312,0.0008469209819873891,0.0005733274966410038,0.9608938547486033,0.0,0.0,0.0,0.9608938547486033,z_smooth,1.0,0.0008955364609571312,141,0.9485061797553745,False
teacher_majority_all_models__student_with_credit__z_plus_zsmooth,z_plus_zsmooth,RF,eq_return_sortino_state_h1,equity,return_sortino,value_minus_growth_z,equity_cross_section,1074,0.0008894802907552966,0.0008894802907552966,0.000651528474696112,0.0007852791446128293,0.9432029795158287,0.0,0.0,0.0,0.9432029795158287,z,1.0,0.0008894802907552966,142,0.9493956600461299,False
teacher_majority_all_models__student_with_credit__z_plus_zsmooth,z_plus_zsmooth,RF,eq_return_sortino_state_h1,equity,return_sortino,ff_hml_z,equity_cross_section,1074,0.0008729661398051741,0.0008729661398051741,0.0006110459233275424,0.0008060024886664436,0.9581005586592178,0.0,0.0,0.0,0.9581005586592178,z,1.0,0.0008729661398051741,143,0.9502686261859351,False
teacher_majority_all_models__student_with_credit__z_plus_zsmooth,z_plus_zsmooth,RF,eq_return_sortino_state_h1,equity,return_sortino,industry_best_minus_worst_6m_z,equity_cross_section,1074,0.0008709954755461281,0.0008709954755461281,0.0008227885931081154,0.0005077720911343112,0.9702048417132216,0.0,0.0,0.0,0.9702048417132216,z,1.0,0.0008709954755461281,144,0.9511396216614812,False
teacher_majority_all_models__student_with_credit__z_plus_zsmooth,z_plus_zsmooth,RF,eq_return_sortino_state_h1,equity,return_sortino,cmdty_ret_12m_z,commodities,1074,0.000854101509589641,0.000854101509589641,0.0006770723422761953,0.0007394482385586983,0.9618249534450651,0.0,0.0,0.0,0.9618249534450651,z,1.0,0.000854101509589641,145,0.9519937231710709,False
teacher_majority_all_models__student_with_credit__z_plus_zsmooth,z_plus_zsmooth,RF,eq_return_sortino_state_h1,equity,return_sortino,ff_smb_z_smooth,equity_cross_section,1074,0.0008332222778333886,0.0008332222778333886,0.0006615919296664471,0.0006074921014946474,0.9795158286778398,0.0,0.0,0.0,0.9795158286778398,z_smooth,1.0,0.0008332222778333886,146,0.9528269454489042,False
teacher_majority_all_models__student_with_credit__z_plus_zsmooth,z_plus_zsmooth,RF,eq_return_sortino_state_h1,equity,return_sortino,crsp_ind12_chems_z,other,1074,0.000807116432136833,0.000807116432136833,0.0007521967917295644,0.0004821058513959288,0.9748603351955307,0.0,0.0,0.0,0.9748603351955307,z,1.0,0.000807116432136833,147,0.953634061881041,False
teacher_majority_all_models__student_with_credit__z_plus_zsmooth,z_plus_zsmooth,RF,eq_return_sortino_state_h1,equity,return_sortino,industry_corr_absavg_12m_z,equity_cross_section,1074,0.0008067179416231775,0.0008067179416231775,0.0007204808759971374,0.0005799532435418271,0.9692737430167597,0.0,0.0,0.0,0.9692737430167597,z,1.0,0.0008067179416231775,148,0.9544407798226643,False
teacher_majority_all_models__student_with_credit__z_plus_zsmooth,z_plus_zsmooth,RF,eq_return_sortino_state_h1,equity,return_sortino,rho_12m_eq_fi_fisher_diff_z_smooth,volatility_dependence,1074,0.0008011788745722696,0.0008011788745722696,0.0007279465618505265,0.000517410897014595,0.9823091247672253,0.0,0.0,0.0,0.9823091247672253,z_smooth,1.0,0.0008011788745722696,149,0.9552419586972365,False
teacher_majority_all_models__student_with_credit__z_plus_zsmooth,z_plus_zsmooth,RF,eq_return_sortino_state_h1,equity,return_sortino,size_value_rotation_speed_12m_z_smooth,equity_cross_section,1074,0.0007964613583719454,0.0007964613583719454,0.0007227892446790925,0.0005385673477133853,0.9739292364990689,0.0,0.0,0.0,0.9739292364990689,z_smooth,1.0,0.0007964613583719454,150,0.9560384200556085,False
teacher_majority_all_models__student_with_credit__z_plus_zsmooth,z_plus_zsmooth,RF,eq_return_sortino_state_h1,equity,return_sortino,fred_anfci_z,financial_conditions,1074,0.0007913031334142171,0.0007913031334142171,0.000631863256095249,0.0007496764512265438,0.9608938547486033,0.0,0.0,0.0,0.9608938547486033,z,1.0,0.0007913031334142171,151,0.9568297231890227,False
teacher_majority_all_models__student_with_credit__z_plus_zsmooth,z_plus_zsmooth,RF,eq_return_sortino_state_h1,equity,return_sortino,size_value_corr_avg_12m_z,equity_cross_section,1074,0.0007895395376507064,0.0007895395376507064,0.0007366711835091704,0.0005347510817045181,0.9664804469273743,0.0,0.0,0.0,0.9664804469273743,z,1.0,0.0007895395376507064,152,0.9576192627266734,False
teacher_majority_all_models__student_with_credit__z_plus_zsmooth,z_plus_zsmooth,RF,eq_return_sortino_state_h1,equity,return_sortino,size_value_lambda_cov_12m_z_smooth,equity_cross_section,1074,0.0007889533117225903,0.0007889533117225903,0.0007382139212148049,0.0005478160325875272,0.962756052141527,0.0,0.0,0.0,0.962756052141527,z_smooth,1.0,0.0007889533117225903,153,0.958408216038396,False
teacher_majority_all_models__student_with_credit__z_plus_zsmooth,z_plus_zsmooth,RF,eq_return_sortino_state_h1,equity,return_sortino,credit_hy_ig_corr_12m_fisher_z_smooth,credit,1074,0.0007785592817458785,0.0007785592817458785,0.0007508995182542852,0.0004321597535798971,0.972998137802607,0.0,0.0,0.0,0.972998137802607,z_smooth,1.0,0.0007785592817458785,154,0.9591867753201418,False
teacher_majority_all_models__student_with_credit__z_plus_zsmooth,z_plus_zsmooth,RF,eq_return_sortino_state_h1,equity,return_sortino,industry_lambda_cov_12m_z_smooth,equity_cross_section,1074,0.0007549850206645363,0.0007549850206645363,0.0006915291671686196,0.0004962559922012883,0.9618249534450651,0.0,0.0,0.0,0.9618249534450651,z_smooth,1.0,0.0007549850206645363,155,0.9599417603408064,False
teacher_majority_all_models__student_with_credit__z_plus_zsmooth,z_plus_zsmooth,RF,eq_return_sortino_state_h1,equity,return_sortino,industry_pca1_share_12m_z,equity_cross_section,1074,0.0007452637057136248,0.0007452637057136248,0.0005911553894756606,0.0005769487901607465,0.9674115456238361,0.0,0.0,0.0,0.9674115456238361,z,1.0,0.0007452637057136248,156,0.96068702404652,False
teacher_majority_all_models__student_with_credit__z_plus_zsmooth,z_plus_zsmooth,RF,eq_return_sortino_state_h1,equity,return_sortino,ff_cma_z,equity_cross_section,1074,0.0007425483935455482,0.0007425483935455482,0.00041203600973324336,0.0007970592579632589,0.8985102420856611,0.0,0.0,0.0,0.8985102420856611,z,1.0,0.0007425483935455482,157,0.9614295724400655,False
teacher_majority_all_models__student_with_credit__z_plus_zsmooth,z_plus_zsmooth,RF,eq_return_sortino_state_h1,equity,return_sortino,industry_rotation_speed_12m_z_smooth,equity_cross_section,1074,0.000741904465786609,0.000741904465786609,0.0007344847228460401,0.00039319208361648743,0.9664804469273743,0.0,0.0,0.0,0.9664804469273743,z_smooth,1.0,0.000741904465786609,158,0.9621714769058521,False
teacher_majority_all_models__student_with_credit__z_plus_zsmooth,z_plus_zsmooth,RF,eq_return_sortino_state_h1,equity,return_sortino,size_value_corr_absavg_12m_z,equity_cross_section,1074,0.0007343552550762664,0.0007343552550762664,0.0006900286462550473,0.0005223511504294501,0.9553072625698324,0.0,0.0,0.0,0.9553072625698324,z,1.0,0.0007343552550762664,159,0.9629058321609284,False
teacher_majority_all_models__student_with_credit__z_plus_zsmooth,z_plus_zsmooth,RF,eq_return_sortino_state_h1,equity,return_sortino,industry_lambda_cov_diff_z_smooth,equity_cross_section,1074,0.0007263714342532165,0.0007263714342532165,0.0006610055189121746,0.0005110137150904326,0.9674115456238361,0.0,0.0,0.0,0.9674115456238361,z_smooth,1.0,0.0007263714342532165,160,0.9636322035951816,False
teacher_majority_all_models__student_with_credit__z_plus_zsmooth,z_plus_zsmooth,RF,eq_return_sortino_state_h1,equity,return_sortino,size_value_lambda_corr_diff_z_smooth,equity_cross_section,1074,0.0007105559656234814,0.0007105559656234814,0.0005699428236711705,0.0006864484196463133,0.9534450651769087,0.0,0.0,0.0,0.9534450651769087,z_smooth,1.0,0.0007105559656234814,161,0.9643427595608052,False
teacher_majority_all_models__student_with_credit__z_plus_zsmooth,z_plus_zsmooth,RF,eq_return_sortino_state_h1,equity,return_sortino,industry_lambda_corr_diff_z_smooth,equity_cross_section,1074,0.0007014883607872696,0.0007014883607872696,0.0006490874337497243,0.0005366468303355529,0.9459962756052142,0.0,0.0,0.0,0.9459962756052142,z_smooth,1.0,0.0007014883607872696,162,0.9650442479215924,False
teacher_majority_all_models__student_with_credit__z_plus_zsmooth,z_plus_zsmooth,RF,eq_return_sortino_state_h1,equity,return_sortino,factor_lambda_corr_diff_z_smooth,equity_cross_section,1074,0.0006940512996580562,0.0006940512996580562,0.0006479542587894517,0.0004604951496739989,0.972998137802607,0.0,0.0,0.0,0.972998137802607,z_smooth,1.0,0.0006940512996580562,163,0.9657382992212504,False
teacher_majority_all_models__student_with_credit__z_plus_zsmooth,z_plus_zsmooth,RF,eq_return_sortino_state_h1,equity,return_sortino,tsy_lambda_cov_diff_z_smooth,treasury_rates,1074,0.0006929609681770897,0.0006929609681770897,0.0005053691862143535,0.0006483525609748266,0.9283054003724395,0.0,0.0,0.0,0.9283054003724395,z_smooth,1.0,0.0006929609681770897,164,0.9664312601894276,False
teacher_majority_all_models__student_with_credit__z_plus_zsmooth,z_plus_zsmooth,RF,eq_return_sortino_state_h1,equity,return_sortino,value_minus_growth_z_smooth,equity_cross_section,1074,0.0006850653668402802,0.0006850653668402802,0.0005324943493670658,0.0005609586739243462,0.9646182495344506,0.0,0.0,0.0,0.9646182495344506,z_smooth,1.0,0.0006850653668402802,165,0.9671163255562678,False
teacher_majority_all_models__student_with_credit__z_plus_zsmooth,z_plus_zsmooth,RF,eq_return_sortino_state_h1,equity,return_sortino,industry_corr_absavg_12m_z_smooth,equity_cross_section,1074,0.0006799133299904731,0.0006799133299904731,0.0006194886918629094,0.0004063562205551568,0.9748603351955307,0.0,0.0,0.0,0.9748603351955307,z_smooth,1.0,0.0006799133299904731,166,0.9677962388862583,False
teacher_majority_all_models__student_with_credit__z_plus_zsmooth,z_plus_zsmooth,RF,eq_return_sortino_state_h1,equity,return_sortino,cross_eq_cmdty_corr_12m_fisher_diff_z,commodities,1074,0.0006704138307416135,0.0006704138307416135,0.0005938207595567307,0.0004999988636887083,0.957169459962756,0.0,0.0,0.0,0.957169459962756,z,1.0,0.0006704138307416135,167,0.9684666527169999,False
teacher_majority_all_models__student_with_credit__z_plus_zsmooth,z_plus_zsmooth,RF,eq_return_sortino_state_h1,equity,return_sortino,credit_ig_ret_6m_z,credit,1074,0.0006571579236898028,0.0006571579236898028,0.000439551933617518,0.0008008222405606763,0.904096834264432,0.0,0.0,0.0,0.904096834264432,z,1.0,0.0006571579236898028,168,0.9691238106406898,False
teacher_majority_all_models__student_with_credit__z_plus_zsmooth,z_plus_zsmooth,RF,eq_return_sortino_state_h1,equity,return_sortino,industry_pca1_share_12m_z_smooth,equity_cross_section,1074,0.0006471862731676993,0.0006471862731676993,0.0006567308668315845,0.0003747697134758939,0.9683426443202979,0.0,0.0,0.0,0.9683426443202979,z_smooth,1.0,0.0006471862731676993,169,0.9697709969138574,False
teacher_majority_all_models__student_with_credit__z_plus_zsmooth,z_plus_zsmooth,RF,eq_return_sortino_state_h1,equity,return_sortino,credit_ret_dispersion_6m_z_smooth,credit,1074,0.0006375327046598473,0.0006375327046598473,0.0004395458312057977,0.0005826549695563237,0.9506517690875232,0.0,0.0,0.0,0.9506517690875232,z_smooth,1.0,0.0006375327046598473,170,0.9704085296185173,False
teacher_majority_all_models__student_with_credit__z_plus_zsmooth,z_plus_zsmooth,RF,eq_return_sortino_state_h1,equity,return_sortino,industry_corr_avg_12m_z_smooth,equity_cross_section,1074,0.0006371853116949402,0.0006371853116949402,0.0005920776292831892,0.0003737411093390303,0.9636871508379888,0.0,0.0,0.0,0.9636871508379888,z_smooth,1.0,0.0006371853116949402,171,0.9710457149302122,False
teacher_majority_all_models__student_with_credit__z_plus_zsmooth,z_plus_zsmooth,RF,eq_return_sortino_state_h1,equity,return_sortino,cfnai_level_z,macro,1074,0.0006336850223574813,0.0006336850223574813,0.0004840138954832035,0.0005647821171312021,0.9320297951582868,0.0,0.0,0.0,0.9320297951582868,z,1.0,0.0006336850223574813,172,0.9716793999525697,False
teacher_majority_all_models__student_with_credit__z_plus_zsmooth,z_plus_zsmooth,RF,eq_return_sortino_state_h1,equity,return_sortino,credit_lambda_cov_12m_z_smooth,credit,1074,0.000619734800974444,0.000619734800974444,0.000559806153566966,0.00046799062406128274,0.9459962756052142,0.0,0.0,0.0,0.9459962756052142,z_smooth,1.0,0.000619734800974444,173,0.9722991347535441,False
teacher_majority_all_models__student_with_credit__z_plus_zsmooth,z_plus_zsmooth,RF,eq_return_sortino_state_h1,equity,return_sortino,credit_ret_dispersion_1m_z_smooth,credit,1074,0.000617806259686995,0.000617806259686995,0.0005006825373235243,0.000493000411664767,0.9385474860335196,0.0,0.0,0.0,0.9385474860335196,z_smooth,1.0,0.000617806259686995,174,0.9729169410132311,False
teacher_majority_all_models__student_with_credit__z_plus_zsmooth,z_plus_zsmooth,RF,eq_return_sortino_state_h1,equity,return_sortino,curve_10y_2y_diff_z,treasury_rates,1074,0.0005917036717093852,0.0005917036717093852,0.0005282609905017496,0.00045588124708068707,0.9171322160148976,0.0,0.0,0.0,0.9171322160148976,z,1.0,0.0005917036717093852,175,0.9735086446849405,False
teacher_majority_all_models__student_with_credit__z_plus_zsmooth,z_plus_zsmooth,RF,eq_return_sortino_state_h1,equity,return_sortino,policy_rate_diff_z,treasury_rates,1074,0.0005683410356215541,0.0005683410356215541,0.0004436615563177777,0.00049473737570169,0.9497206703910615,0.0,0.0,0.0,0.9497206703910615,z,1.0,0.0005683410356215541,176,0.974076985720562,False
teacher_majority_all_models__student_with_credit__z_plus_zsmooth,z_plus_zsmooth,RF,eq_return_sortino_state_h1,equity,return_sortino,tsy_ret_dispersion_1m_z_smooth,treasury_rates,1074,0.0005519083993653816,0.0005519083993653816,0.0004595512328783078,0.0004807844491552636,0.9497206703910615,0.0,0.0,0.0,0.9497206703910615,z_smooth,1.0,0.0005519083993653816,177,0.9746288941199275,False
teacher_majority_all_models__student_with_credit__z_plus_zsmooth,z_plus_zsmooth,RF,eq_return_sortino_state_h1,equity,return_sortino,factor_lambda_cov_diff_z_smooth,equity_cross_section,1074,0.0005374912499617305,0.0005374912499617305,0.0004830743051640959,0.00041865531682660497,0.9217877094972067,0.0,0.0,0.0,0.9217877094972067,z_smooth,1.0,0.0005374912499617305,178,0.9751663853698892,False
teacher_majority_all_models__student_with_credit__z_plus_zsmooth,z_plus_zsmooth,RF,eq_return_sortino_state_h1,equity,return_sortino,industry_lambda_cov_12m_z,equity_cross_section,1074,0.0005365001568451692,0.0005365001568451692,0.00041349863352087356,0.00046487677107215635,0.9413407821229051,0.0,0.0,0.0,0.9413407821229051,z,1.0,0.0005365001568451692,179,0.9757028855267343,False
teacher_majority_all_models__student_with_credit__z_plus_zsmooth,z_plus_zsmooth,RF,eq_return_sortino_state_h1,equity,return_sortino,industry_corr_avg_12m_z,equity_cross_section,1074,0.0005343826432471327,0.0005343826432471327,0.0004454733521020238,0.0004118228377038805,0.9450651769087524,0.0,0.0,0.0,0.9450651769087524,z,1.0,0.0005343826432471327,180,0.9762372681699815,False
teacher_majority_all_models__student_with_credit__z_plus_zsmooth,z_plus_zsmooth,RF,eq_return_sortino_state_h1,equity,return_sortino,industry_pca1_share_diff_z,equity_cross_section,1074,0.0005303530126683138,0.0005303530126683138,0.00044235627300913557,0.0003872178660977194,0.9702048417132216,0.0,0.0,0.0,0.9702048417132216,z,1.0,0.0005303530126683138,181,0.9767676211826498,False
teacher_majority_all_models__student_with_credit__z_plus_zsmooth,z_plus_zsmooth,RF,eq_return_sortino_state_h1,equity,return_sortino,credit_hy_minus_ig_z,credit,1074,0.000518905487996738,0.000518905487996738,0.0004909346487765207,0.0003616713877500178,0.9394785847299814,0.0,0.0,0.0,0.9394785847299814,z,1.0,0.000518905487996738,182,0.9772865266706465,False
teacher_majority_all_models__student_with_credit__z_plus_zsmooth,z_plus_zsmooth,RF,eq_return_sortino_state_h1,equity,return_sortino,small_minus_big_z_smooth,equity_cross_section,1074,0.0005064605076786918,0.0005064605076786918,0.00043387056255540085,0.0003893135542960095,0.9357541899441341,0.0,0.0,0.0,0.9357541899441341,z_smooth,1.0,0.0005064605076786918,183,0.9777929871783252,False
teacher_majority_all_models__student_with_credit__z_plus_zsmooth,z_plus_zsmooth,RF,eq_return_sortino_state_h1,equity,return_sortino,ff_rmw_z_smooth,equity_cross_section,1074,0.0004999156425003613,0.0004999156425003613,0.00042907324645895684,0.00039781765719982745,0.9683426443202979,0.0,0.0,0.0,0.9683426443202979,z_smooth,1.0,0.0004999156425003613,184,0.9782929028208256,False
teacher_majority_all_models__student_with_credit__z_plus_zsmooth,z_plus_zsmooth,RF,eq_return_sortino_state_h1,equity,return_sortino,cmdty_sharpe_12m_z,commodities,1074,0.00047919807300475715,0.00047919807300475715,0.00032104926369233143,0.0005322287575959913,0.9562383612662942,0.0,0.0,0.0,0.9562383612662942,z,1.0,0.00047919807300475715,185,0.9787721008938304,False
teacher_majority_all_models__student_with_credit__z_plus_zsmooth,z_plus_zsmooth,RF,eq_return_sortino_state_h1,equity,return_sortino,ff_mom_minus_hml_z_smooth,equity_cross_section,1074,0.0004787719635762985,0.0004787719635762985,0.00045384063802707855,0.000338884299867546,0.9245810055865922,0.0,0.0,0.0,0.9245810055865922,z_smooth,1.0,0.0004787719635762985,186,0.9792508728574066,False
teacher_majority_all_models__student_with_credit__z_plus_zsmooth,z_plus_zsmooth,RF,eq_return_sortino_state_h1,equity,return_sortino,cross_eq_cmdty_corr_12m_fisher_diff_z_smooth,commodities,1074,0.0004673380856278876,0.0004673380856278876,0.000368834791479981,0.00041345291961155864,0.9273743016759777,0.0,0.0,0.0,0.9273743016759777,z_smooth,1.0,0.0004673380856278876,187,0.9797182109430346,False
teacher_majority_all_models__student_with_credit__z_plus_zsmooth,z_plus_zsmooth,RF,eq_return_sortino_state_h1,equity,return_sortino,size_value_ret_dispersion_6m_z,equity_cross_section,1074,0.0004533927461010912,0.0004533927461010912,0.0004093696367067983,0.00031251323047287765,0.9478584729981379,0.0,0.0,0.0,0.9478584729981379,z,1.0,0.0004533927461010912,188,0.9801716036891356,False
teacher_majority_all_models__student_with_credit__z_plus_zsmooth,z_plus_zsmooth,RF,eq_return_sortino_state_h1,equity,return_sortino,rv_60d_logdiff_z,volatility_dependence,1074,0.00044971891107746656,0.00044971891107746656,0.0004066152503000151,0.0003500850941780928,0.9478584729981379,0.0,0.0,0.0,0.9478584729981379,z,1.0,0.00044971891107746656,189,0.9806213226002131,False
teacher_majority_all_models__student_with_credit__z_plus_zsmooth,z_plus_zsmooth,RF,eq_return_sortino_state_h1,equity,return_sortino,tsy_ret_dispersion_6m_z,treasury_rates,1074,0.000432938057732477,0.000432938057732477,0.0003670783524133175,0.0003556110665974686,0.9106145251396648,0.0,0.0,0.0,0.9106145251396648,z,1.0,0.000432938057732477,190,0.9810542606579455,False
teacher_majority_all_models__student_with_credit__z_plus_zsmooth,z_plus_zsmooth,RF,eq_return_sortino_state_h1,equity,return_sortino,ff_rmw_minus_cma_z,equity_cross_section,1074,0.0004199788820879363,0.0004199788820879363,0.00020717463425298048,0.0005597755940280079,0.9199255121042831,0.0,0.0,0.0,0.9199255121042831,z,1.0,0.0004199788820879363,191,0.9814742395400335,False
teacher_majority_all_models__student_with_credit__z_plus_zsmooth,z_plus_zsmooth,RF,eq_return_sortino_state_h1,equity,return_sortino,sentiment_logdiff_z,macro,1074,0.00041920462279002464,0.00041920462279002464,0.000320498847234101,0.0003471287911994821,0.9636871508379888,0.0,0.0,0.0,0.9636871508379888,z,1.0,0.00041920462279002464,192,0.9818934441628235,False
teacher_majority_all_models__student_with_credit__z_plus_zsmooth,z_plus_zsmooth,RF,eq_return_sortino_state_h1,equity,return_sortino,small_minus_big_z,equity_cross_section,1074,0.00041577869945434953,0.00041577869945434953,0.00034436615594283463,0.0003346645665342717,0.9227188081936686,0.0,0.0,0.0,0.9227188081936686,z,1.0,0.00041577869945434953,193,0.9823092228622778,False
teacher_majority_all_models__student_with_credit__z_plus_zsmooth,z_plus_zsmooth,RF,eq_return_sortino_state_h1,equity,return_sortino,size_value_pca1_share_diff_z,equity_cross_section,1074,0.0004151092410680471,0.0004151092410680471,0.00033548475932369674,0.00037415507071707254,0.9283054003724395,0.0,0.0,0.0,0.9283054003724395,z,1.0,0.0004151092410680471,194,0.9827243321033459,False
teacher_majority_all_models__student_with_credit__z_plus_zsmooth,z_plus_zsmooth,RF,eq_return_sortino_state_h1,equity,return_sortino,credit_hy_ig_corr_12m_fisher_diff_z_smooth,credit,1074,0.00041021160499670763,0.00041021160499670763,0.00019904379849368533,0.0006087475732409236,0.9050279329608939,0.0,0.0,0.0,0.9050279329608939,z_smooth,1.0,0.00041021160499670763,195,0.9831345437083426,False
teacher_majority_all_models__student_with_credit__z_plus_zsmooth,z_plus_zsmooth,RF,eq_return_sortino_state_h1,equity,return_sortino,crsp_ind12_utils_z,other,1074,0.00040541071636115446,0.00040541071636115446,0.000320761612159249,0.00038326165188659665,0.9404096834264432,0.0,0.0,0.0,0.9404096834264432,z,1.0,0.00040541071636115446,196,0.9835399544247038,False
teacher_majority_all_models__student_with_credit__z_plus_zsmooth,z_plus_zsmooth,RF,eq_return_sortino_state_h1,equity,return_sortino,core_inflation_diff_z,macro,1074,0.00040320129389390526,0.00040320129389390526,0.0003660482158504722,0.00033290123414024525,0.8836126629422719,0.0,0.0,0.0,0.8836126629422719,z,1.0,0.00040320129389390526,197,0.9839431557185977,False
teacher_majority_all_models__student_with_credit__z_plus_zsmooth,z_plus_zsmooth,RF,eq_return_sortino_state_h1,equity,return_sortino,credit_hy_ig_corr_12m_fisher_diff_z,credit,1074,0.00040015168999724165,0.00040015168999724165,0.0002867613815889945,0.0003688414331646529,0.9283054003724395,0.0,0.0,0.0,0.9283054003724395,z,1.0,0.00040015168999724165,198,0.9843433074085949,False
teacher_majority_all_models__student_with_credit__z_plus_zsmooth,z_plus_zsmooth,RF,eq_return_sortino_state_h1,equity,return_sortino,cross_eq_tsy20_corr_12m_fisher_diff_z_smooth,treasury_rates,1074,0.0003991735119916554,0.0003991735119916554,0.0003329294135736273,0.00030537099807898926,0.9543761638733705,0.0,0.0,0.0,0.9543761638733705,z_smooth,1.0,0.0003991735119916554,199,0.9847424809205866,False
teacher_majority_all_models__student_with_credit__z_plus_zsmooth,z_plus_zsmooth,RF,eq_return_sortino_state_h1,equity,return_sortino,credit_hy_ig_corr_12m_fisher_z,credit,1074,0.0003989342786169253,0.0003989342786169253,0.0003245917214572228,0.0003423387601848187,0.9068901303538175,0.0,0.0,0.0,0.9068901303538175,z,1.0,0.0003989342786169253,200,0.9851414151992035,False
teacher_majority_all_models__student_with_credit__z_plus_zsmooth,z_plus_zsmooth,RF,eq_return_sortino_state_h1,equity,return_sortino,nfci_minus_anfci_z,financial_conditions,1074,0.00039828378662840714,0.00039828378662840714,0.00034196625288607436,0.0003320608751481908,0.9459962756052142,0.0,0.0,0.0,0.9459962756052142,z,1.0,0.00039828378662840714,201,0.9855396989858319,False
teacher_majority_all_models__student_with_credit__z_plus_zsmooth,z_plus_zsmooth,RF,eq_return_sortino_state_h1,equity,return_sortino,cross_eq_credit_hy_corr_12m_fisher_diff_z,credit,1074,0.0003873888106519125,0.0003873888106519125,0.00030637411497455304,0.0003145929355332166,0.9180633147113594,0.0,0.0,0.0,0.9180633147113594,z,1.0,0.0003873888106519125,202,0.9859270877964839,False
teacher_majority_all_models__student_with_credit__z_plus_zsmooth,z_plus_zsmooth,RF,eq_return_sortino_state_h1,equity,return_sortino,factor_corr_absavg_12m_z,equity_cross_section,1074,0.0003698445735277376,0.0003698445735277376,0.00026642915376123984,0.000365259602888748,0.9087523277467412,0.0,0.0,0.0,0.9087523277467412,z,1.0,0.0003698445735277376,203,0.9862969323700116,False
teacher_majority_all_models__student_with_credit__z_plus_zsmooth,z_plus_zsmooth,RF,eq_return_sortino_state_h1,equity,return_sortino,industry_rotation_speed_12m_z,equity_cross_section,1074,0.0003678185613836699,0.0003678185613836699,0.0003446022830109914,0.0002792713811258954,0.9487895716945997,0.0,0.0,0.0,0.9487895716945997,z,1.0,0.0003678185613836699,204,0.9866647509313953,False
teacher_majority_all_models__student_with_credit__z_plus_zsmooth,z_plus_zsmooth,RF,eq_return_sortino_state_h1,equity,return_sortino,cmdty_ret_6m_z,commodities,1074,0.00035204178887176916,0.00035204178887176916,0.00025965189510308135,0.00034654809158442956,0.8854748603351955,0.0,0.0,0.0,0.8854748603351955,z,1.0,0.00035204178887176916,205,0.987016792720267,False
teacher_majority_all_models__student_with_credit__z_plus_zsmooth,z_plus_zsmooth,RF,eq_return_sortino_state_h1,equity,return_sortino,cross_bond_cmdty_corr_12m_fisher_diff_z,treasury_rates,1074,0.00033779475230916856,0.00033779475230916856,0.00028614826991688925,0.0002977101161582953,0.9013035381750466,0.0,0.0,0.0,0.9013035381750466,z,1.0,0.00033779475230916856,206,0.9873545874725762,False
teacher_majority_all_models__student_with_credit__z_plus_zsmooth,z_plus_zsmooth,RF,eq_return_sortino_state_h1,equity,return_sortino,size_value_lambda_cov_12m_z,equity_cross_section,1074,0.0003365266431147149,0.0003365266431147149,0.00023059542828391652,0.0003502357438000575,0.8985102420856611,0.0,0.0,0.0,0.8985102420856611,z,1.0,0.0003365266431147149,207,0.9876911141156909,False
teacher_majority_all_models__student_with_credit__z_plus_zsmooth,z_plus_zsmooth,RF,eq_return_sortino_state_h1,equity,return_sortino,bond_10y_mom_diff_z,treasury_rates,1074,0.00033603742393839624,0.00033603742393839624,0.00019889371680580694,0.00044819278705831905,0.888268156424581,0.0,0.0,0.0,0.888268156424581,z,1.0,0.00033603742393839624,208,0.9880271515396293,False
teacher_majority_all_models__student_with_credit__z_plus_zsmooth,z_plus_zsmooth,RF,eq_return_sortino_state_h1,equity,return_sortino,cross_eq_bond_corr_12m_fisher_diff_z_smooth,treasury_rates,1074,0.0003294377266217926,0.0003294377266217926,0.0002941523413691945,0.0002308880558700202,0.9487895716945997,0.0,0.0,0.0,0.9487895716945997,z_smooth,1.0,0.0003294377266217926,209,0.988356589266251,False
teacher_majority_all_models__student_with_credit__z_plus_zsmooth,z_plus_zsmooth,RF,eq_return_sortino_state_h1,equity,return_sortino,size_value_lambda_cov_diff_z_smooth,equity_cross_section,1074,0.0003217548641135166,0.0003217548641135166,0.00025626812586126806,0.00029652740092102575,0.8780260707635009,0.0,0.0,0.0,0.8780260707635009,z_smooth,1.0,0.0003217548641135166,210,0.9886783441303646,False
teacher_majority_all_models__student_with_credit__z_plus_zsmooth,z_plus_zsmooth,RF,eq_return_sortino_state_h1,equity,return_sortino,ff_smb_z,equity_cross_section,1074,0.0003216589689084297,0.0003216589689084297,0.0002706836905287681,0.00027685446631215094,0.9413407821229051,0.0,0.0,0.0,0.9413407821229051,z,1.0,0.0003216589689084297,211,0.989000003099273,False
teacher_majority_all_models__student_with_credit__z_plus_zsmooth,z_plus_zsmooth,RF,eq_return_sortino_state_h1,equity,return_sortino,tsy_intermediate_ret_z,treasury_rates,1074,0.0003203220629803575,0.0003203220629803575,0.00019291478093102753,0.0003681203194990633,0.8361266294227188,0.0,0.0,0.0,0.8361266294227188,z,1.0,0.0003203220629803575,212,0.9893203251622533,False
teacher_majority_all_models__student_with_credit__z_plus_zsmooth,z_plus_zsmooth,RF,eq_return_sortino_state_h1,equity,return_sortino,vix_logdiff_z,volatility_dependence,1074,0.00031924284736194923,0.00031924284736194923,0.0002599624283177233,0.00028890262722053165,0.8836126629422719,0.0,0.0,0.0,0.8836126629422719,z,1.0,0.00031924284736194923,213,0.9896395680096153,False
teacher_majority_all_models__student_with_credit__z_plus_zsmooth,z_plus_zsmooth,RF,eq_return_sortino_state_h1,equity,return_sortino,crsp_tsy_1_3y_z,treasury_rates,1074,0.00027506948655648745,0.00027506948655648745,0.00017887928404245208,0.0003178056608935078,0.8705772811918063,0.0,0.0,0.0,0.8705772811918063,z,1.0,0.00027506948655648745,214,0.9899146374961718,False
teacher_majority_all_models__student_with_credit__z_plus_zsmooth,z_plus_zsmooth,RF,eq_return_sortino_state_h1,equity,return_sortino,factor_lambda_corr_12m_z,equity_cross_section,1074,0.0002717888492032967,0.0002717888492032967,0.00024628843557881737,0.00022432506557399013,0.9134078212290503,0.0,0.0,0.0,0.9134078212290503,z,1.0,0.0002717888492032967,215,0.9901864263453751,False
teacher_majority_all_models__student_with_credit__z_plus_zsmooth,z_plus_zsmooth,RF,eq_return_sortino_state_h1,equity,return_sortino,crsp_tsy_10_20y_z,treasury_rates,1074,0.00026837720073523733,0.00026837720073523733,0.00016754632615785246,0.000307012579013452,0.8538175046554934,0.0,0.0,0.0,0.8538175046554934,z,1.0,0.00026837720073523733,216,0.9904548035461104,False
teacher_majority_all_models__student_with_credit__z_plus_zsmooth,z_plus_zsmooth,RF,eq_return_sortino_state_h1,equity,return_sortino,factor_pca1_share_diff_z_smooth,equity_cross_section,1074,0.0002668376897183681,0.0002668376897183681,0.00016097251636061188,0.000294130501372767,0.8733705772811918,0.0,0.0,0.0,0.8733705772811918,z_smooth,1.0,0.0002668376897183681,217,0.9907216412358287,False
teacher_majority_all_models__student_with_credit__z_plus_zsmooth,z_plus_zsmooth,RF,eq_return_sortino_state_h1,equity,return_sortino,factor_pca1_share_diff_z,equity_cross_section,1074,0.000256221625654818,0.000256221625654818,0.00020817374285788458,0.00022633547653642808,0.9087523277467412,0.0,0.0,0.0,0.9087523277467412,z,1.0,0.000256221625654818,218,0.9909778628614835,False
teacher_majority_all_models__student_with_credit__z_plus_zsmooth,z_plus_zsmooth,RF,eq_return_sortino_state_h1,equity,return_sortino,tsy_lambda_corr_diff_z_smooth,treasury_rates,1074,0.0002555434434361027,0.0002555434434361027,0.0001772185721974881,0.00027767958723747026,0.8910614525139665,0.0,0.0,0.0,0.8910614525139665,z_smooth,1.0,0.0002555434434361027,219,0.9912334063049196,False
teacher_majority_all_models__student_with_credit__z_plus_zsmooth,z_plus_zsmooth,RF,eq_return_sortino_state_h1,equity,return_sortino,industry_best_minus_worst_1m_z,equity_cross_section,1074,0.00025546630312082747,0.00025546630312082747,0.00022282871393799997,0.00021388198555807967,0.9134078212290503,0.0,0.0,0.0,0.9134078212290503,z,1.0,0.00025546630312082747,220,0.9914888726080404,False
teacher_majority_all_models__student_with_credit__z_plus_zsmooth,z_plus_zsmooth,RF,eq_return_sortino_state_h1,equity,return_sortino,industry_ret_dispersion_1m_z,equity_cross_section,1074,0.00024541567380202445,0.00024541567380202445,0.00020722068820092424,0.00021123563894338414,0.9162011173184358,0.0,0.0,0.0,0.9162011173184358,z,1.0,0.00024541567380202445,221,0.9917342882818425,False
teacher_majority_all_models__student_with_credit__z_plus_zsmooth,z_plus_zsmooth,RF,eq_return_sortino_state_h1,equity,return_sortino,factor_pca1_share_12m_z,equity_cross_section,1074,0.00024330857452099618,0.00024330857452099618,0.0001910989341502476,0.00024227470516790487,0.8314711359404097,0.0,0.0,0.0,0.8314711359404097,z,1.0,0.00024330857452099618,222,0.9919775968563634,False
teacher_majority_all_models__student_with_credit__z_plus_zsmooth,z_plus_zsmooth,RF,eq_return_sortino_state_h1,equity,return_sortino,industry_lambda_cov_diff_z,equity_cross_section,1074,0.00023037354454894264,0.00023037354454894264,0.00017137367838855594,0.00024040730915150872,0.9059590316573557,0.0,0.0,0.0,0.9059590316573557,z,1.0,0.00023037354454894264,223,0.9922079704009125,False
teacher_majority_all_models__student_with_credit__z_plus_zsmooth,z_plus_zsmooth,RF,eq_return_sortino_state_h1,equity,return_sortino,size_value_lambda_corr_diff_z,equity_cross_section,1074,0.00022560758936359605,0.00022560758936359605,0.0001215018432005579,0.00030824099034802233,0.8109869646182495,0.0,0.0,0.0,0.8109869646182495,z,1.0,0.00022560758936359605,224,0.992433577990276,False
teacher_majority_all_models__student_with_credit__z_plus_zsmooth,z_plus_zsmooth,RF,eq_return_sortino_state_h1,equity,return_sortino,factor_rotation_speed_12m_z,equity_cross_section,1074,0.0002220569577925921,0.0002220569577925921,0.0001674126784202414,0.00021107234433147398,0.8575418994413407,0.0,0.0,0.0,0.8575418994413407,z,1.0,0.0002220569577925921,225,0.9926556349480686,False
teacher_majority_all_models__student_with_credit__z_plus_zsmooth,z_plus_zsmooth,RF,eq_return_sortino_state_h1,equity,return_sortino,cross_bond_credit_ig_corr_12m_fisher_diff_z,treasury_rates,1074,0.00022140364861672994,0.00022140364861672994,0.000152811573446708,0.0002076857174097812,0.8733705772811918,0.0,0.0,0.0,0.8733705772811918,z,1.0,0.00022140364861672994,226,0.9928770385966853,False
teacher_majority_all_models__student_with_credit__z_plus_zsmooth,z_plus_zsmooth,RF,eq_return_sortino_state_h1,equity,return_sortino,crsp_tsy_7_10y_z,treasury_rates,1074,0.00021799122662774373,0.00021799122662774373,0.00018185000280579862,0.00019559027355781674,0.8845437616387337,0.0,0.0,0.0,0.8845437616387337,z,1.0,0.00021799122662774373,227,0.9930950298233131,False
teacher_majority_all_models__student_with_credit__z_plus_zsmooth,z_plus_zsmooth,RF,eq_return_sortino_state_h1,equity,return_sortino,tsy_rotation_speed_12m_z,treasury_rates,1074,0.00021787973025215953,0.00021787973025215953,0.0001001636753183574,0.0003722698550411819,0.8305400372439479,0.0,0.0,0.0,0.8305400372439479,z,1.0,0.00021787973025215953,228,0.9933129095535652,False
teacher_majority_all_models__student_with_credit__z_plus_zsmooth,z_plus_zsmooth,RF,eq_return_sortino_state_h1,equity,return_sortino,tsy_short_ret_z,treasury_rates,1074,0.00021779813652012184,0.00021779813652012184,0.00011377156970885178,0.00030637998492770506,0.7998137802607076,0.0,0.0,0.0,0.7998137802607076,z,1.0,0.00021779813652012184,229,0.9935307076900853,False
teacher_majority_all_models__student_with_credit__z_plus_zsmooth,z_plus_zsmooth,RF,eq_return_sortino_state_h1,equity,return_sortino,tsy_lambda_corr_12m_z,treasury_rates,1074,0.00021171291262699928,0.00021171291262699928,0.00016620181326778817,0.00021257993041200426,0.8770949720670391,0.0,0.0,0.0,0.8770949720670391,z,1.0,0.00021171291262699928,230,0.9937424206027123,False
teacher_majority_all_models__student_with_credit__z_plus_zsmooth,z_plus_zsmooth,RF,eq_return_sortino_state_h1,equity,return_sortino,tsy_lambda_corr_diff_z,treasury_rates,1074,0.00021097533590416792,0.00021097533590416792,9.643421578586856e-05,0.0002905047965271114,0.8072625698324022,0.0,0.0,0.0,0.8072625698324022,z,1.0,0.00021097533590416792,231,0.9939533959386165,False
teacher_majority_all_models__student_with_credit__z_plus_zsmooth,z_plus_zsmooth,RF,eq_return_sortino_state_h1,equity,return_sortino,factor_ret_dispersion_1m_z,equity_cross_section,1074,0.00020953243324807848,0.00020953243324807848,0.00013894687593148173,0.00024058742303626369,0.819366852886406,0.0,0.0,0.0,0.819366852886406,z,1.0,0.00020953243324807848,232,0.9941629283718646,False
teacher_majority_all_models__student_with_credit__z_plus_zsmooth,z_plus_zsmooth,RF,eq_return_sortino_state_h1,equity,return_sortino,crsp_tsy_20y_plus_z,treasury_rates,1074,0.00020827518171446697,0.00020827518171446697,0.00016968729184183587,0.0002111558617683359,0.8221601489757915,0.0,0.0,0.0,0.8221601489757915,z,1.0,0.00020827518171446697,233,0.9943712035535791,False
teacher_majority_all_models__student_with_credit__z_plus_zsmooth,z_plus_zsmooth,RF,eq_return_sortino_state_h1,equity,return_sortino,ff_mom_z,equity_cross_section,1074,0.00020685931512173572,0.00020685931512173572,0.00016307311285765257,0.00020193877733117103,0.8109869646182495,0.0,0.0,0.0,0.8109869646182495,z,1.0,0.00020685931512173572,234,0.9945780628687008,False
teacher_majority_all_models__student_with_credit__z_plus_zsmooth,z_plus_zsmooth,RF,eq_return_sortino_state_h1,equity,return_sortino,crsp_tsy_3_7y_z,treasury_rates,1074,0.00019889767730865007,0.00019889767730865007,0.00016232356008820165,0.00018694737303817402,0.8277467411545624,0.0,0.0,0.0,0.8277467411545624,z,1.0,0.00019889767730865007,235,0.9947769605460095,False
teacher_majority_all_models__student_with_credit__z_plus_zsmooth,z_plus_zsmooth,RF,eq_return_sortino_state_h1,equity,return_sortino,tsy_lambda_cov_diff_z,treasury_rates,1074,0.0001943434607276593,0.0001943434607276593,0.00011211343413646486,0.00026896751031940756,0.8705772811918063,0.0,0.0,0.0,0.8705772811918063,z,1.0,0.0001943434607276593,236,0.9949713040067372,False
teacher_majority_all_models__student_with_credit__z_plus_zsmooth,z_plus_zsmooth,RF,eq_return_sortino_state_h1,equity,return_sortino,crsp_ind12_enrgy_z,other,1074,0.0001934446553881142,0.0001934446553881142,0.00014729497765042092,0.00019814164068651663,0.8649906890130353,0.0,0.0,0.0,0.8649906890130353,z,1.0,0.0001934446553881142,237,0.9951647486621252,False
teacher_majority_all_models__student_with_credit__z_plus_zsmooth,z_plus_zsmooth,RF,eq_return_sortino_state_h1,equity,return_sortino,size_value_ret_dispersion_1m_z,equity_cross_section,1074,0.0001927635888592458,0.0001927635888592458,0.00016658437823429737,0.00017223873253218664,0.8566108007448789,0.0,0.0,0.0,0.8566108007448789,z,1.0,0.0001927635888592458,238,0.9953575122509845,False
teacher_majority_all_models__student_with_credit__z_plus_zsmooth,z_plus_zsmooth,RF,eq_return_sortino_state_h1,equity,return_sortino,size_value_lambda_corr_12m_z,equity_cross_section,1074,0.00019048246895557046,0.00019048246895557046,0.00017142481874515424,0.0001615489240790602,0.819366852886406,0.0,0.0,0.0,0.819366852886406,z,1.0,0.00019048246895557046,239,0.99554799471994,False
teacher_majority_all_models__student_with_credit__z_plus_zsmooth,z_plus_zsmooth,RF,eq_return_sortino_state_h1,equity,return_sortino,ff_mom_minus_hml_z,equity_cross_section,1074,0.00018724321028740784,0.00018724321028740784,0.0001108058224361384,0.00021474816725432748,0.8538175046554934,0.0,0.0,0.0,0.8538175046554934,z,1.0,0.00018724321028740784,240,0.9957352379302274,False
teacher_majority_all_models__student_with_credit__z_plus_zsmooth,z_plus_zsmooth,RF,eq_return_sortino_state_h1,equity,return_sortino,tsy_long_minus_short_z,treasury_rates,1074,0.00018589456289636768,0.00018589456289636768,0.00010849120880819602,0.00021607774789286763,0.8286778398510242,0.0,0.0,0.0,0.8286778398510242,z,1.0,0.00018589456289636768,241,0.9959211324931239,False
teacher_majority_all_models__student_with_credit__z_plus_zsmooth,z_plus_zsmooth,RF,eq_return_sortino_state_h1,equity,return_sortino,credit_ret_dispersion_1m_z,credit,1074,0.00018499573737827373,0.00018499573737827373,0.00012472243365338985,0.00021075992582106833,0.8985102420856611,0.0,0.0,0.0,0.8985102420856611,z,1.0,0.00018499573737827373,242,0.9961061282305022,False
teacher_majority_all_models__student_with_credit__z_plus_zsmooth,z_plus_zsmooth,RF,eq_return_sortino_state_h1,equity,return_sortino,factor_lambda_cov_diff_z,equity_cross_section,1074,0.0001845256410279449,0.0001845256410279449,0.0001099810750283213,0.00021884263563040147,0.8770949720670391,0.0,0.0,0.0,0.8770949720670391,z,1.0,0.0001845256410279449,243,0.99629065387153,False
teacher_majority_all_models__student_with_credit__z_plus_zsmooth,z_plus_zsmooth,RF,eq_return_sortino_state_h1,equity,return_sortino,credit_lambda_cov_12m_z,credit,1074,0.00018308778244378928,0.00018308778244378928,0.00016915856213600846,0.00016077131106021538,0.8789571694599627,0.0,0.0,0.0,0.8789571694599627,z,1.0,0.00018308778244378928,244,0.9964737416539738,False
teacher_majority_all_models__student_with_credit__z_plus_zsmooth,z_plus_zsmooth,RF,eq_return_sortino_state_h1,equity,return_sortino,bond_10y_ret_level_z,treasury_rates,1074,0.0001821282356927709,0.0001821282356927709,0.00013016552940727302,0.00027386879039999787,0.840782122905028,0.0,0.0,0.0,0.840782122905028,z,1.0,0.0001821282356927709,245,0.9966558698896666,False
teacher_majority_all_models__student_with_credit__z_plus_zsmooth,z_plus_zsmooth,RF,eq_return_sortino_state_h1,equity,return_sortino,credit_lambda_cov_diff_z,credit,1074,0.00018047071355266721,0.00018047071355266721,0.00010211700795607377,0.0002116376250700517,0.8156424581005587,0.0,0.0,0.0,0.8156424581005587,z,1.0,0.00018047071355266721,246,0.9968363406032192,False
teacher_majority_all_models__student_with_credit__z_plus_zsmooth,z_plus_zsmooth,RF,eq_return_sortino_state_h1,equity,return_sortino,cross_bond_proxy_ret_z,treasury_rates,1074,0.00017934926596524018,0.00017934926596524018,0.00011281123211662186,0.00019050124621087554,0.8566108007448789,0.0,0.0,0.0,0.8566108007448789,z,1.0,0.00017934926596524018,247,0.9970156898691845,False
teacher_majority_all_models__student_with_credit__z_plus_zsmooth,z_plus_zsmooth,RF,eq_return_sortino_state_h1,equity,return_sortino,tsy_pca1_share_diff_z,treasury_rates,1074,0.0001790901011820754,0.0001790901011820754,0.00012775569756125302,0.00018541318469929307,0.792364990689013,0.0,0.0,0.0,0.792364990689013,z,1.0,0.0001790901011820754,248,0.9971947799703665,False
teacher_majority_all_models__student_with_credit__z_plus_zsmooth,z_plus_zsmooth,RF,eq_return_sortino_state_h1,equity,return_sortino,curve_belly_diff_z,treasury_rates,1074,0.00017526830982937767,0.00017526830982937767,0.00012590274464482361,0.00017268932162207222,0.8268156424581006,0.0,0.0,0.0,0.8268156424581006,z,1.0,0.00017526830982937767,249,0.9973700482801959,False
teacher_majority_all_models__student_with_credit__z_plus_zsmooth,z_plus_zsmooth,RF,eq_return_sortino_state_h1,equity,return_sortino,credit_ig_proxy_ret_z,credit,1074,0.00017300739896209037,0.00017300739896209037,0.00012078607767291116,0.0002083845677792463,0.87243947858473,0.0,0.0,0.0,0.87243947858473,z,1.0,0.00017300739896209037,250,0.997543055679158,False
teacher_majority_all_models__student_with_credit__z_plus_zsmooth,z_plus_zsmooth,RF,eq_return_sortino_state_h1,equity,return_sortino,tsy_lambda_cov_12m_z,treasury_rates,1074,0.00017083457267476294,0.00017083457267476294,0.00011919306637525948,0.00017570983243372484,0.8891992551210428,0.0,0.0,0.0,0.8891992551210428,z,1.0,0.00017083457267476294,251,0.9977138902518329,False
teacher_majority_all_models__student_with_credit__z_plus_zsmooth,z_plus_zsmooth,RF,eq_return_sortino_state_h1,equity,return_sortino,factor_lambda_corr_diff_z,equity_cross_section,1074,0.00016833422773154854,0.00016833422773154854,9.611736467352925e-05,0.0001982514899196931,0.8109869646182495,0.0,0.0,0.0,0.8109869646182495,z,1.0,0.00016833422773154854,252,0.9978822244795644,False
teacher_majority_all_models__student_with_credit__z_plus_zsmooth,z_plus_zsmooth,RF,eq_return_sortino_state_h1,equity,return_sortino,cross_eq_bond_corr_12m_fisher_diff_z,treasury_rates,1074,0.00016163987587014677,0.00016163987587014677,9.696589451005524e-05,0.00022257932398779022,0.797951582867784,0.0,0.0,0.0,0.797951582867784,z,1.0,0.00016163987587014677,253,0.9980438643554346,False
teacher_majority_all_models__student_with_credit__z_plus_zsmooth,z_plus_zsmooth,RF,eq_return_sortino_state_h1,equity,return_sortino,factor_lambda_cov_12m_z,equity_cross_section,1074,0.00015929459261263042,0.00015929459261263042,0.00011311315527274006,0.0001705501849475791,0.8016759776536313,0.0,0.0,0.0,0.8016759776536313,z,1.0,0.00015929459261263042,254,0.9982031589480471,False
teacher_majority_all_models__student_with_credit__z_plus_zsmooth,z_plus_zsmooth,RF,eq_return_sortino_state_h1,equity,return_sortino,size_value_lambda_cov_diff_z,equity_cross_section,1074,0.00015843580646364807,0.00015843580646364807,0.00013019834672922182,0.00014550481321155264,0.8621973929236499,0.0,0.0,0.0,0.8621973929236499,z,1.0,0.00015843580646364807,255,0.9983615947545108,False
teacher_majority_all_models__student_with_credit__z_plus_zsmooth,z_plus_zsmooth,RF,eq_return_sortino_state_h1,equity,return_sortino,ff_rmw_z,equity_cross_section,1074,0.00015398038563547482,0.00015398038563547482,0.00011581856634930736,0.00017370692358638452,0.8817504655493482,0.0,0.0,0.0,0.8817504655493482,z,1.0,0.00015398038563547482,256,0.9985155751401463,False
teacher_majority_all_models__student_with_credit__z_plus_zsmooth,z_plus_zsmooth,RF,eq_return_sortino_state_h1,equity,return_sortino,tsy_ret_dispersion_1m_z,treasury_rates,1074,0.00015278938687730606,0.00015278938687730606,8.368469171841102e-05,0.0002109687395423841,0.8277467411545624,0.0,0.0,0.0,0.8277467411545624,z,1.0,0.00015278938687730606,257,0.9986683645270236,False
teacher_majority_all_models__student_with_credit__z_plus_zsmooth,z_plus_zsmooth,RF,eq_return_sortino_state_h1,equity,return_sortino,rho_12m_eq_fi_fisher_diff_z,volatility_dependence,1074,0.0001523149900525153,0.0001523149900525153,8.741672622480405e-05,0.00020978264573924603,0.8258845437616388,0.0,0.0,0.0,0.8258845437616388,z,1.0,0.0001523149900525153,258,0.9988206795170761,False
teacher_majority_all_models__student_with_credit__z_plus_zsmooth,z_plus_zsmooth,RF,eq_return_sortino_state_h1,equity,return_sortino,tsy_long_ret_z,treasury_rates,1074,0.00015170605472671772,0.00015170605472671772,8.442454498823041e-05,0.0001817620605695215,0.8258845437616388,0.0,0.0,0.0,0.8258845437616388,z,1.0,0.00015170605472671772,259,0.9989723855718028,False
teacher_majority_all_models__student_with_credit__z_plus_zsmooth,z_plus_zsmooth,RF,eq_return_sortino_state_h1,equity,return_sortino,tsy_20y_minus_1_3y_z,treasury_rates,1074,0.0001448528517876614,0.0001448528517876614,8.299230414375472e-05,0.00018445827111651902,0.7476722532588455,0.0,0.0,0.0,0.7476722532588455,z,1.0,0.0001448528517876614,260,0.9991172384235905,False
teacher_majority_all_models__student_with_credit__z_plus_zsmooth,z_plus_zsmooth,RF,eq_return_sortino_state_h1,equity,return_sortino,industry_lambda_corr_12m_z,equity_cross_section,1074,0.00013774149190036667,0.00013774149190036667,8.830447814737341e-05,0.00015843275803012138,0.8286778398510242,0.0,0.0,0.0,0.8286778398510242,z,1.0,0.00013774149190036667,261,0.9992549799154908,False
teacher_majority_all_models__student_with_credit__z_plus_zsmooth,z_plus_zsmooth,RF,eq_return_sortino_state_h1,equity,return_sortino,small_value_minus_big_growth_z,equity_cross_section,1074,0.0001288137125726538,0.0001288137125726538,5.562065717969731e-05,0.0001660295703357064,0.7364990689013036,0.0,0.0,0.0,0.7364990689013036,z,1.0,0.0001288137125726538,262,0.9993837936280635,False
teacher_majority_all_models__student_with_credit__z_plus_zsmooth,z_plus_zsmooth,RF,eq_return_sortino_state_h1,equity,return_sortino,industry_lambda_corr_diff_z,equity_cross_section,1074,0.000126460014074388,0.000126460014074388,8.365945277657687e-05,0.0001335968318135856,0.8212290502793296,0.0,0.0,0.0,0.8212290502793296,z,1.0,0.000126460014074388,263,0.9995102536421379,False
teacher_majority_all_models__student_with_credit__z_plus_zsmooth,z_plus_zsmooth,RF,eq_return_sortino_state_h1,equity,return_sortino,cmdty_broad_aqr_ret_z,commodities,1074,0.00011892434440416219,0.00011892434440416219,7.268526842836572e-05,0.00014883945206788213,0.770949720670391,0.0,0.0,0.0,0.770949720670391,z,1.0,0.00011892434440416219,264,0.999629177986542,False
teacher_majority_all_models__student_with_credit__z_plus_zsmooth,z_plus_zsmooth,RF,eq_return_sortino_state_h1,equity,return_sortino,cross_eq_tsy20_corr_12m_fisher_diff_z,treasury_rates,1074,0.00011182566706389981,0.00011182566706389981,6.051201853998417e-05,0.00014005241654171943,0.7886405959031657,0.0,0.0,0.0,0.7886405959031657,z,1.0,0.00011182566706389981,265,0.999741003653606,False
teacher_majority_all_models__student_with_credit__z_plus_zsmooth,z_plus_zsmooth,RF,eq_return_sortino_state_h1,equity,return_sortino,cmdty_ret_1m_z,commodities,1074,0.00010098878124722586,0.00010098878124722586,7.19893032238519e-05,0.00013671802270566284,0.7318435754189944,0.0,0.0,0.0,0.7318435754189944,z,1.0,0.00010098878124722586,266,0.9998419924348532,False
teacher_majority_all_models__student_with_credit__z_plus_zsmooth,z_plus_zsmooth,RF,eq_return_sortino_state_h1,equity,return_sortino,size_value_rotation_speed_12m_z,equity_cross_section,1074,8.330207265739233e-05,8.330207265739233e-05,2.99900221536057e-05,0.00011372105057745735,0.750465549348231,0.0,0.0,0.0,0.750465549348231,z,1.0,8.330207265739233e-05,267,0.9999252945075106,False
teacher_majority_all_models__student_with_credit__z_plus_zsmooth,z_plus_zsmooth,RF,eq_return_sortino_state_h1,equity,return_sortino,tsy_belly_minus_barbell_z,treasury_rates,1074,7.470549248945961e-05,7.470549248945961e-05,4.0744164287560635e-05,0.00010026021139206128,0.7318435754189944,0.0,0.0,0.0,0.7318435754189944,z,1.0,7.470549248945961e-05,268,1.0,False
teacher_majority_all_models__student_with_credit__z_plus_zsmooth,z_plus_zsmooth,RF,eq_vol_downside_state_h1,equity,vol_downside,industry_ret_dispersion_6m_z_smooth,equity_cross_section,1074,0.05899612677684719,0.05899612677684719,0.05760983476553154,0.020094143420360845,1.0,0.0,0.9329608938547486,0.9962756052141527,1.0,z_smooth,1.0,0.05899612677684719,1,0.05899612677684719,True
teacher_majority_all_models__student_with_credit__z_plus_zsmooth,z_plus_zsmooth,RF,eq_vol_downside_state_h1,equity,vol_downside,factor_ret_dispersion_6m_z_smooth,equity_cross_section,1074,0.056918455434339356,0.056918455434339356,0.05780775398579069,0.021771268763156024,1.0,0.0,0.9115456238361266,0.9236499068901304,1.0,z_smooth,1.0,0.056918455434339356,2,0.11591458221118654,True
teacher_majority_all_models__student_with_credit__z_plus_zsmooth,z_plus_zsmooth,RF,eq_vol_downside_state_h1,equity,vol_downside,industry_best_minus_worst_6m_z_smooth,equity_cross_section,1074,0.052750888111179325,0.052750888111179325,0.054127484684512686,0.016168720495512965,1.0,0.0,0.9180633147113594,0.9655493482309124,1.0,z_smooth,1.0,0.052750888111179325,3,0.16866547032236587,True
teacher_majority_all_models__student_with_credit__z_plus_zsmooth,z_plus_zsmooth,RF,eq_vol_downside_state_h1,equity,vol_downside,industry_best_minus_worst_1m_z_smooth,equity_cross_section,1074,0.04330942654448092,0.04330942654448092,0.047531322325625014,0.015288644685311525,0.9990689013035382,0.0,0.8677839851024208,0.9087523277467412,0.9990689013035382,z_smooth,1.0,0.04330942654448092,4,0.21197489686684678,True
teacher_majority_all_models__student_with_credit__z_plus_zsmooth,z_plus_zsmooth,RF,eq_vol_downside_state_h1,equity,vol_downside,factor_ret_dispersion_1m_z_smooth,equity_cross_section,1074,0.041887084010526855,0.041887084010526855,0.04714385861353103,0.01728565379595274,1.0,0.0,0.7821229050279329,0.8705772811918063,1.0,z_smooth,1.0,0.041887084010526855,5,0.25386198087737366,True
teacher_majority_all_models__student_with_credit__z_plus_zsmooth,z_plus_zsmooth,RF,eq_vol_downside_state_h1,equity,vol_downside,fred_nfci_z_smooth,financial_conditions,1074,0.035798538862260115,0.035798538862260115,0.03813307050969143,0.01551000182445446,0.9981378026070763,0.0,0.7458100558659218,0.866852886405959,0.9981378026070763,z_smooth,1.0,0.035798538862260115,6,0.28966051973963375,True
teacher_majority_all_models__student_with_credit__z_plus_zsmooth,z_plus_zsmooth,RF,eq_vol_downside_state_h1,equity,vol_downside,industry_ret_dispersion_1m_z_smooth,equity_cross_section,1074,0.03559760985699647,0.03559760985699647,0.03904407777682327,0.010938789597845493,1.0,0.0,0.7690875232774674,0.9050279329608939,1.0,z_smooth,1.0,0.03559760985699647,7,0.32525812959663025,True
teacher_majority_all_models__student_with_credit__z_plus_zsmooth,z_plus_zsmooth,RF,eq_vol_downside_state_h1,equity,vol_downside,nfci_level_z_smooth,financial_conditions,1074,0.031029592385851058,0.031029592385851058,0.034701927915126135,0.012797916043223272,0.9934823091247672,0.0,0.6201117318435754,0.8640595903165735,0.9934823091247672,z_smooth,1.0,0.031029592385851058,8,0.35628772198248126,True
teacher_majority_all_models__student_with_credit__z_plus_zsmooth,z_plus_zsmooth,RF,eq_vol_downside_state_h1,equity,vol_downside,size_value_ret_dispersion_6m_z_smooth,equity_cross_section,1074,0.030719463845594513,0.030719463845594513,0.032082809059547156,0.014537399222757322,0.9832402234636871,0.0,0.5242085661080075,0.8519553072625698,0.9832402234636871,z_smooth,1.0,0.030719463845594513,9,0.3870071858280758,True
teacher_majority_all_models__student_with_credit__z_plus_zsmooth,z_plus_zsmooth,RF,eq_vol_downside_state_h1,equity,vol_downside,anfci_level_z_smooth,financial_conditions,1074,0.030202583661595877,0.030202583661595877,0.0313304434378614,0.009567303247134937,1.0,0.0,0.5335195530726257,0.9050279329608939,1.0,z_smooth,1.0,0.030202583661595877,10,0.4172097694896717,True
teacher_majority_all_models__student_with_credit__z_plus_zsmooth,z_plus_zsmooth,RF,eq_vol_downside_state_h1,equity,vol_downside,fred_anfci_z_smooth,financial_conditions,1074,0.027482879494714684,0.027482879494714684,0.02814890003604504,0.009784429870751812,1.0,0.0,0.29236499068901306,0.9022346368715084,1.0,z_smooth,1.0,0.027482879494714684,11,0.4446926489843864,True
teacher_majority_all_models__student_with_credit__z_plus_zsmooth,z_plus_zsmooth,RF,eq_vol_downside_state_h1,equity,vol_downside,size_value_ret_dispersion_1m_z_smooth,equity_cross_section,1074,0.023546165579359225,0.023546165579359225,0.02342575779866614,0.01135421346162052,0.994413407821229,0.0,0.26256983240223464,0.8389199255121043,0.994413407821229,z_smooth,1.0,0.023546165579359225,12,0.4682388145637456,True
teacher_majority_all_models__student_with_credit__z_plus_zsmooth,z_plus_zsmooth,RF,eq_vol_downside_state_h1,equity,vol_downside,crsp_ind12_money_z_smooth,other,1074,0.022347751395867806,0.022347751395867806,0.022291141175409264,0.013542440013641127,1.0,0.0,0.23649906890130354,0.7905027932960894,1.0,z_smooth,1.0,0.022347751395867806,13,0.49058656595961336,True
teacher_majority_all_models__student_with_credit__z_plus_zsmooth,z_plus_zsmooth,RF,eq_vol_downside_state_h1,equity,vol_downside,cmdty_vol_12m_z_smooth,commodities,1074,0.01747510298241999,0.01747510298241999,0.018135563020518594,0.009772177052558102,0.984171322160149,0.0,0.10614525139664804,0.7374301675977654,0.984171322160149,z_smooth,1.0,0.01747510298241999,14,0.5080616689420334,True
teacher_majority_all_models__student_with_credit__z_plus_zsmooth,z_plus_zsmooth,RF,eq_vol_downside_state_h1,equity,vol_downside,fred_nfci_z,financial_conditions,1074,0.016757928189390973,0.016757928189390973,0.013442887593641394,0.010352737873852453,1.0,0.0,0.13314711359404097,0.5493482309124768,1.0,z,1.0,0.016757928189390973,15,0.5248195971314243,True
teacher_majority_all_models__student_with_credit__z_plus_zsmooth,z_plus_zsmooth,RF,eq_vol_downside_state_h1,equity,vol_downside,nfci_level_z,financial_conditions,1074,0.01619310501113874,0.01619310501113874,0.0121566073439474,0.012535915784041174,1.0,0.0,0.12942271880819367,0.4329608938547486,1.0,z,1.0,0.01619310501113874,16,0.5410127021425631,True
teacher_majority_all_models__student_with_credit__z_plus_zsmooth,z_plus_zsmooth,RF,eq_vol_downside_state_h1,equity,vol_downside,industry_corr_absavg_12m_z,equity_cross_section,1074,0.015387351263706142,0.015387351263706142,0.01691037100323701,0.009415060847368331,0.9981378026070763,0.0,0.04562383612662942,0.6284916201117319,0.9981378026070763,z,1.0,0.015387351263706142,17,0.5564000534062692,True
teacher_majority_all_models__student_with_credit__z_plus_zsmooth,z_plus_zsmooth,RF,eq_vol_downside_state_h1,equity,vol_downside,industry_corr_avg_12m_z,equity_cross_section,1074,0.015232923684015572,0.015232923684015572,0.016181386564298246,0.009841730722675185,0.9906890130353817,0.0,0.06797020484171322,0.5586592178770949,0.9906890130353817,z,1.0,0.015232923684015572,18,0.5716329770902848,True
teacher_majority_all_models__student_with_credit__z_plus_zsmooth,z_plus_zsmooth,RF,eq_vol_downside_state_h1,equity,vol_downside,fred_anfci_z,financial_conditions,1074,0.014883322142735621,0.014883322142735621,0.011445640644175564,0.011372815828783817,1.0,0.0,0.09217877094972067,0.4245810055865922,1.0,z,1.0,0.014883322142735621,19,0.5865162992330204,False
teacher_majority_all_models__student_with_credit__z_plus_zsmooth,z_plus_zsmooth,RF,eq_vol_downside_state_h1,equity,vol_downside,industry_pca1_share_12m_z,equity_cross_section,1074,0.014771480207501252,0.014771480207501252,0.0146495637212866,0.009380378545112054,1.0,0.0,0.056797020484171325,0.595903165735568,1.0,z,1.0,0.014771480207501252,20,0.6012877794405217,False
teacher_majority_all_models__student_with_credit__z_plus_zsmooth,z_plus_zsmooth,RF,eq_vol_downside_state_h1,equity,vol_downside,nfci_minus_anfci_z_smooth,financial_conditions,1074,0.014717371221059974,0.014717371221059974,0.012072205625174621,0.00991506911813646,1.0,0.0,0.08100558659217877,0.462756052141527,1.0,z_smooth,1.0,0.014717371221059974,21,0.6160051506615817,False
teacher_majority_all_models__student_with_credit__z_plus_zsmooth,z_plus_zsmooth,RF,eq_vol_downside_state_h1,equity,vol_downside,tsy_ret_dispersion_6m_z_smooth,treasury_rates,1074,0.013100354510256812,0.013100354510256812,0.010121988070885369,0.008822994614907808,1.0,0.0,0.06238361266294227,0.35288640595903165,1.0,z_smooth,1.0,0.013100354510256812,22,0.6291055051718385,False
teacher_majority_all_models__student_with_credit__z_plus_zsmooth,z_plus_zsmooth,RF,eq_vol_downside_state_h1,equity,vol_downside,anfci_level_z,financial_conditions,1074,0.012821599626184482,0.012821599626184482,0.00934384008363763,0.010520460927191642,0.9990689013035382,0.0,0.07914338919925512,0.3575418994413408,0.9990689013035382,z,1.0,0.012821599626184482,23,0.641927104798023,False
teacher_majority_all_models__student_with_credit__z_plus_zsmooth,z_plus_zsmooth,RF,eq_vol_downside_state_h1,equity,vol_downside,tsy_ret_dispersion_1m_z_smooth,treasury_rates,1074,0.011535685447561976,0.011535685447561976,0.01099113056109097,0.005857244893010689,1.0,0.0,0.024208566108007448,0.30446927374301674,1.0,z_smooth,1.0,0.011535685447561976,24,0.653462790245585,False
teacher_majority_all_models__student_with_credit__z_plus_zsmooth,z_plus_zsmooth,RF,eq_vol_downside_state_h1,equity,vol_downside,big_avg_ret_z_smooth,credit,1074,0.009312076976980908,0.009312076976980908,0.009941947409465487,0.004648884296718069,1.0,0.0,0.0,0.20763500931098697,1.0,z_smooth,1.0,0.009312076976980908,25,0.6627748672225658,False
teacher_majority_all_models__student_with_credit__z_plus_zsmooth,z_plus_zsmooth,RF,eq_vol_downside_state_h1,equity,vol_downside,industry_corr_absavg_12m_z_smooth,equity_cross_section,1074,0.009112590894793148,0.009112590894793148,0.008159114455689934,0.005079144114247869,1.0,0.0,0.00931098696461825,0.11266294227188083,1.0,z_smooth,1.0,0.009112590894793148,26,0.671887458117359,False
teacher_majority_all_models__student_with_credit__z_plus_zsmooth,z_plus_zsmooth,RF,eq_vol_downside_state_h1,equity,vol_downside,industry_best_minus_worst_6m_z,equity_cross_section,1074,0.008458882942968418,0.008458882942968418,0.007732692765398093,0.005063072947057937,0.9934823091247672,0.0,0.0,0.14990689013035383,0.9934823091247672,z,1.0,0.008458882942968418,27,0.6803463410603274,False
teacher_majority_all_models__student_with_credit__z_plus_zsmooth,z_plus_zsmooth,RF,eq_vol_downside_state_h1,equity,vol_downside,industry_ret_dispersion_6m_z,equity_cross_section,1074,0.00827372783014606,0.00827372783014606,0.007886062224634737,0.005226789329310799,0.978584729981378,0.0,0.0,0.14152700186219738,0.978584729981378,z,1.0,0.00827372783014606,28,0.6886200688904734,False
teacher_majority_all_models__student_with_credit__z_plus_zsmooth,z_plus_zsmooth,RF,eq_vol_downside_state_h1,equity,vol_downside,credit_hy_ig_corr_12m_fisher_z_smooth,credit,1074,0.007491663457946002,0.007491663457946002,0.00643462623026277,0.005397747213173252,0.9581005586592178,0.0,0.0,0.1973929236499069,0.9581005586592178,z_smooth,1.0,0.007491663457946002,29,0.6961117323484195,False
teacher_majority_all_models__student_with_credit__z_plus_zsmooth,z_plus_zsmooth,RF,eq_vol_downside_state_h1,equity,vol_downside,industry_pca1_share_12m_z_smooth,equity_cross_section,1074,0.007433588065525916,0.007433588065525916,0.006916291843293995,0.004856459618494936,1.0,0.0,0.006517690875232775,0.07262569832402235,1.0,z_smooth,1.0,0.007433588065525916,30,0.7035453204139454,False
teacher_majority_all_models__student_with_credit__z_plus_zsmooth,z_plus_zsmooth,RF,eq_vol_downside_state_h1,equity,vol_downside,factor_ret_dispersion_6m_z,equity_cross_section,1074,0.007055643119164006,0.007055643119164006,0.007240142460207277,0.0036135209943817595,0.9897579143389199,0.0,0.0,0.06983240223463687,0.9897579143389199,z,1.0,0.007055643119164006,31,0.7106009635331094,False
teacher_majority_all_models__student_with_credit__z_plus_zsmooth,z_plus_zsmooth,RF,eq_vol_downside_state_h1,equity,vol_downside,size_value_ret_dispersion_6m_z,equity_cross_section,1074,0.0068709182558708585,0.0068709182558708585,0.005762725690553953,0.0046215598723747305,0.9906890130353817,0.0,0.0,0.10800744878957169,0.9906890130353817,z,1.0,0.0068709182558708585,32,0.7174718817889802,False
teacher_majority_all_models__student_with_credit__z_plus_zsmooth,z_plus_zsmooth,RF,eq_vol_downside_state_h1,equity,vol_downside,curve_10y_2y_diff_z_smooth,treasury_rates,1074,0.006617665826000143,0.006617665826000143,0.006283153988371275,0.004851557524002694,0.9515828677839852,0.0,0.0,0.12197392923649907,0.9515828677839852,z_smooth,1.0,0.006617665826000143,33,0.7240895476149803,False
teacher_majority_all_models__student_with_credit__z_plus_zsmooth,z_plus_zsmooth,RF,eq_vol_downside_state_h1,equity,vol_downside,factor_lambda_corr_12m_z_smooth,equity_cross_section,1074,0.006617231761778328,0.006617231761778328,0.0037613732402463672,0.006342519807196936,0.994413407821229,0.0,0.004655493482309125,0.19553072625698323,0.994413407821229,z_smooth,1.0,0.006617231761778328,34,0.7307067793767588,False
teacher_majority_all_models__student_with_credit__z_plus_zsmooth,z_plus_zsmooth,RF,eq_vol_downside_state_h1,equity,vol_downside,size_value_pca1_share_diff_z_smooth,equity_cross_section,1074,0.006439516541275578,0.006439516541275578,0.005410620656342886,0.00402142735796006,1.0,0.0,0.000931098696461825,0.05307262569832402,1.0,z_smooth,1.0,0.006439516541275578,35,0.7371462959180343,False
teacher_majority_all_models__student_with_credit__z_plus_zsmooth,z_plus_zsmooth,RF,eq_vol_downside_state_h1,equity,vol_downside,crsp_tsy_3_7y_z_smooth,treasury_rates,1074,0.006310204931115816,0.006310204931115816,0.005382461496110139,0.005764675167083249,0.9776536312849162,0.0,0.0,0.13594040968342644,0.9776536312849162,z_smooth,1.0,0.006310204931115816,36,0.74345650084915,False
teacher_majority_all_models__student_with_credit__z_plus_zsmooth,z_plus_zsmooth,RF,eq_vol_downside_state_h1,equity,vol_downside,ff_mom_z_smooth,equity_cross_section,1074,0.006175424100943088,0.006175424100943088,0.0005599478072991134,0.014129701456109905,0.931098696461825,0.0,0.10148975791433892,0.12383612662942271,0.931098696461825,z_smooth,1.0,0.006175424100943088,37,0.7496319249500932,False
teacher_majority_all_models__student_with_credit__z_plus_zsmooth,z_plus_zsmooth,RF,eq_vol_downside_state_h1,equity,vol_downside,credit_ret_dispersion_6m_z_smooth,credit,1074,0.006054153267759608,0.006054153267759608,0.005608682789104537,0.0033649133568819907,0.9972067039106145,0.0,0.0,0.04189944134078212,0.9972067039106145,z_smooth,1.0,0.006054153267759608,38,0.7556860782178528,False
teacher_majority_all_models__student_with_credit__z_plus_zsmooth,z_plus_zsmooth,RF,eq_vol_downside_state_h1,equity,vol_downside,industry_corr_avg_12m_z_smooth,equity_cross_section,1074,0.006037456234854875,0.006037456234854875,0.005221253567638204,0.004868230755289963,1.0,0.0,0.0074487895716946,0.04655493482309125,1.0,z_smooth,1.0,0.006037456234854875,39,0.7617235344527077,False
teacher_majority_all_models__student_with_credit__z_plus_zsmooth,z_plus_zsmooth,RF,eq_vol_downside_state_h1,equity,vol_downside,equity_market_level_z_smooth,other,1074,0.00573010315628785,0.00573010315628785,0.005674202655552017,0.002869293030946393,1.0,0.0,0.0,0.0,1.0,z_smooth,1.0,0.00573010315628785,40,0.7674536376089955,False
teacher_majority_all_models__student_with_credit__z_plus_zsmooth,z_plus_zsmooth,RF,eq_vol_downside_state_h1,equity,vol_downside,tsy_intermediate_ret_z_smooth,treasury_rates,1074,0.005426684238844741,0.005426684238844741,0.0049537128392717,0.004773628164255995,0.9599627560521415,0.0,0.0,0.027932960893854747,0.9599627560521415,z_smooth,1.0,0.005426684238844741,41,0.7728803218478403,False
teacher_majority_all_models__student_with_credit__z_plus_zsmooth,z_plus_zsmooth,RF,eq_vol_downside_state_h1,equity,vol_downside,tsy_corr_absavg_12m_z,treasury_rates,1074,0.0054015748477164545,0.0054015748477164545,0.0004797579995600625,0.013721140689423412,0.9264432029795159,0.0,0.09776536312849161,0.10893854748603352,0.9264432029795159,z,1.0,0.0054015748477164545,42,0.7782818966955567,False
teacher_majority_all_models__student_with_credit__z_plus_zsmooth,z_plus_zsmooth,RF,eq_vol_downside_state_h1,equity,vol_downside,crsp_ind12_utils_z_smooth,other,1074,0.005383277574263737,0.005383277574263737,0.0013447247280805167,0.01400839842765071,0.9962756052141527,0.0,0.074487895716946,0.07728119180633147,0.9962756052141527,z_smooth,1.0,0.005383277574263737,43,0.7836651742698204,False
teacher_majority_all_models__student_with_credit__z_plus_zsmooth,z_plus_zsmooth,RF,eq_vol_downside_state_h1,equity,vol_downside,ff_mktrf_z_smooth,equity_cross_section,1074,0.0053786292446229116,0.0053786292446229116,0.00554575381524249,0.0034542090466304774,0.9925512104283054,0.0,0.0,0.008379888268156424,0.9925512104283054,z_smooth,1.0,0.0053786292446229116,44,0.7890438035144434,False
teacher_majority_all_models__student_with_credit__z_plus_zsmooth,z_plus_zsmooth,RF,eq_vol_downside_state_h1,equity,vol_downside,tsy_pca1_share_12m_z,treasury_rates,1074,0.005271416093553801,0.005271416093553801,0.0004755832862898653,0.012802859331385046,0.9283054003724395,0.0,0.09404096834264432,0.11452513966480447,0.9283054003724395,z,1.0,0.005271416093553801,45,0.7943152196079972,False
teacher_majority_all_models__student_with_credit__z_plus_zsmooth,z_plus_zsmooth,RF,eq_vol_downside_state_h1,equity,vol_downside,credit_ret_dispersion_1m_z_smooth,credit,1074,0.005257755752792648,0.005257755752792648,0.005133078703364019,0.0028806210042850895,0.9618249534450651,0.0,0.0,0.012104283054003724,0.9618249534450651,z_smooth,1.0,0.005257755752792648,46,0.7995729753607899,False
teacher_majority_all_models__student_with_credit__z_plus_zsmooth,z_plus_zsmooth,RF,eq_vol_downside_state_h1,equity,vol_downside,crsp_tsy_1_3y_z_smooth,treasury_rates,1074,0.005214089346787742,0.005214089346787742,0.0035465948255520045,0.007283966231342754,0.9906890130353817,0.0,0.04748603351955307,0.06983240223463687,0.9906890130353817,z_smooth,1.0,0.005214089346787742,47,0.8047870647075775,False
teacher_majority_all_models__student_with_credit__z_plus_zsmooth,z_plus_zsmooth,RF,eq_vol_downside_state_h1,equity,vol_downside,bihi_vwret_z_smooth,other,1074,0.005129495881906849,0.005129495881906849,0.004828660081494862,0.004090920183487384,0.994413407821229,0.0,0.00186219739292365,0.027932960893854747,0.994413407821229,z_smooth,1.0,0.005129495881906849,48,0.8099165605894844,False
teacher_majority_all_models__student_with_credit__z_plus_zsmooth,z_plus_zsmooth,RF,eq_vol_downside_state_h1,equity,vol_downside,tsy_corr_avg_12m_z,treasury_rates,1074,0.0050855242541853795,0.0050855242541853795,0.0004923075030286286,0.012742437579868654,0.9376163873370578,0.0,0.09031657355679702,0.11080074487895716,0.9376163873370578,z,1.0,0.0050855242541853795,49,0.8150020848436698,False
teacher_majority_all_models__student_with_credit__z_plus_zsmooth,z_plus_zsmooth,RF,eq_vol_downside_state_h1,equity,vol_downside,crsp_ind12_manuf_z_smooth,other,1074,0.005041747434129484,0.005041747434129484,0.005184838007747454,0.003835659256368733,0.9217877094972067,0.0,0.0,0.021415270018621976,0.9217877094972067,z_smooth,1.0,0.005041747434129484,50,0.8200438322777993,False
teacher_majority_all_models__student_with_credit__z_plus_zsmooth,z_plus_zsmooth,RF,eq_vol_downside_state_h1,equity,vol_downside,curve_belly_diff_z_smooth,treasury_rates,1074,0.005011267431655916,0.005011267431655916,0.005691607806266506,0.003247245083212811,0.9581005586592178,0.0,0.0,0.002793296089385475,0.9581005586592178,z_smooth,1.0,0.005011267431655916,51,0.8250550997094552,False
teacher_majority_all_models__student_with_credit__z_plus_zsmooth,z_plus_zsmooth,RF,eq_vol_downside_state_h1,equity,vol_downside,tsy_short_ret_z_smooth,treasury_rates,1074,0.0048710159842610045,0.0048710159842610045,0.002844175952938969,0.008219027676459621,1.0,0.0,0.05493482309124767,0.06983240223463687,1.0,z_smooth,1.0,0.0048710159842610045,52,0.8299261156937162,False
teacher_majority_all_models__student_with_credit__z_plus_zsmooth,z_plus_zsmooth,RF,eq_vol_downside_state_h1,equity,vol_downside,bime_vwret_z_smooth,other,1074,0.004659195951597988,0.004659195951597988,0.004607582912929487,0.003240068313026277,0.9683426443202979,0.0,0.0,0.000931098696461825,0.9683426443202979,z_smooth,1.0,0.004659195951597988,53,0.8345853116453141,False
teacher_majority_all_models__student_with_credit__z_plus_zsmooth,z_plus_zsmooth,RF,eq_vol_downside_state_h1,equity,vol_downside,bilo_vwret_z_smooth,other,1074,0.0043754918021658975,0.0043754918021658975,0.0041020478616693706,0.002849558982284182,0.9916201117318436,0.0,0.0,0.0074487895716946,0.9916201117318436,z_smooth,1.0,0.0043754918021658975,54,0.83896080344748,False
teacher_majority_all_models__student_with_credit__z_plus_zsmooth,z_plus_zsmooth,RF,eq_vol_downside_state_h1,equity,vol_downside,ff_mom_minus_hml_z_smooth,equity_cross_section,1074,0.004137924172004856,0.004137924172004856,0.001190489314895315,0.007261123248847736,0.9906890130353817,0.0,0.010242085661080074,0.12104283054003724,0.9906890130353817,z_smooth,1.0,0.004137924172004856,55,0.8430987276194849,False
teacher_majority_all_models__student_with_credit__z_plus_zsmooth,z_plus_zsmooth,RF,eq_vol_downside_state_h1,equity,vol_downside,factor_pca1_share_12m_z_smooth,equity_cross_section,1074,0.0041205891888286125,0.0041205891888286125,0.0024515584324144232,0.004290324914828137,0.9981378026070763,0.0,0.0074487895716946,0.03165735567970205,0.9981378026070763,z_smooth,1.0,0.0041205891888286125,56,0.8472193168083135,False
teacher_majority_all_models__student_with_credit__z_plus_zsmooth,z_plus_zsmooth,RF,eq_vol_downside_state_h1,equity,vol_downside,size_value_corr_avg_12m_z_smooth,equity_cross_section,1074,0.004112066397799156,0.004112066397799156,0.0024341716403436277,0.005503089050707219,0.9683426443202979,0.0,0.008379888268156424,0.055865921787709494,0.9683426443202979,z_smooth,1.0,0.004112066397799156,57,0.8513313832061127,False
teacher_majority_all_models__student_with_credit__z_plus_zsmooth,z_plus_zsmooth,RF,eq_vol_downside_state_h1,equity,vol_downside,size_value_corr_absavg_12m_z_smooth,equity_cross_section,1074,0.0038470080152142147,0.0038470080152142147,0.0017849970797372567,0.005216990283683363,0.9804469273743017,0.0,0.00931098696461825,0.049348230912476726,0.9804469273743017,z_smooth,1.0,0.0038470080152142147,58,0.8551783912213269,False
teacher_majority_all_models__student_with_credit__z_plus_zsmooth,z_plus_zsmooth,RF,eq_vol_downside_state_h1,equity,vol_downside,growth_avg_ret_z_smooth,other,1074,0.0037977167888876354,0.0037977167888876354,0.003537527367017742,0.0022737414692487476,1.0,0.0,0.0,0.0,1.0,z_smooth,1.0,0.0037977167888876354,59,0.8589761080102145,False
teacher_majority_all_models__student_with_credit__z_plus_zsmooth,z_plus_zsmooth,RF,eq_vol_downside_state_h1,equity,vol_downside,cmdty_sharpe_12m_z_smooth,commodities,1074,0.0035291047563462716,0.0035291047563462716,0.0018432880361019498,0.004650336127001187,0.9953445065176909,0.0,0.004655493482309125,0.04655493482309125,0.9953445065176909,z_smooth,1.0,0.0035291047563462716,60,0.8625052127665608,False
teacher_majority_all_models__student_with_credit__z_plus_zsmooth,z_plus_zsmooth,RF,eq_vol_downside_state_h1,equity,vol_downside,size_value_pca1_share_12m_z_smooth,equity_cross_section,1074,0.0034464036950884332,0.0034464036950884332,0.0020809133083252622,0.005306360770145446,0.9851024208566108,0.0,0.020484171322160148,0.0446927374301676,0.9851024208566108,z_smooth,1.0,0.0034464036950884332,61,0.8659516164616493,False
teacher_majority_all_models__student_with_credit__z_plus_zsmooth,z_plus_zsmooth,RF,eq_vol_downside_state_h1,equity,vol_downside,policy_rate_diff_z_smooth,treasury_rates,1074,0.0034324048441304856,0.0034324048441304856,0.0032024504532526905,0.0023398843563144983,0.9720670391061452,0.0,0.0,0.0,0.9720670391061452,z_smooth,1.0,0.0034324048441304856,62,0.8693840213057797,False
teacher_majority_all_models__student_with_credit__z_plus_zsmooth,z_plus_zsmooth,RF,eq_vol_downside_state_h1,equity,vol_downside,cross_bond_credit_ig_corr_12m_fisher_diff_z_smooth,treasury_rates,1074,0.0032540389625234306,0.0032540389625234306,0.0004988288288293304,0.008940791003750548,0.9162011173184358,0.0,0.061452513966480445,0.07914338919925512,0.9162011173184358,z_smooth,1.0,0.0032540389625234306,63,0.8726380602683032,False
teacher_majority_all_models__student_with_credit__z_plus_zsmooth,z_plus_zsmooth,RF,eq_vol_downside_state_h1,equity,vol_downside,cmdty_ret_6m_z_smooth,commodities,1074,0.003041401217291492,0.003041401217291492,0.0012046800888297774,0.005765559932909073,0.9934823091247672,0.0,0.012104283054003724,0.07914338919925512,0.9934823091247672,z_smooth,1.0,0.003041401217291492,64,0.8756794614855946,False
teacher_majority_all_models__student_with_credit__z_plus_zsmooth,z_plus_zsmooth,RF,eq_vol_downside_state_h1,equity,vol_downside,cmdty_vol_12m_z,commodities,1074,0.0029751147517781034,0.0029751147517781034,0.0021176711850902216,0.002633515531469086,0.9851024208566108,0.0,0.0,0.0,0.9851024208566108,z,1.0,0.0029751147517781034,65,0.8786545762373728,False
teacher_majority_all_models__student_with_credit__z_plus_zsmooth,z_plus_zsmooth,RF,eq_vol_downside_state_h1,equity,vol_downside,industry_lambda_corr_12m_z_smooth,equity_cross_section,1074,0.0029735343421813153,0.0029735343421813153,0.0026384545648984593,0.002703930602200724,0.9720670391061452,0.0,0.0,0.0,0.9720670391061452,z_smooth,1.0,0.0029735343421813153,66,0.881628110579554,False
teacher_majority_all_models__student_with_credit__z_plus_zsmooth,z_plus_zsmooth,RF,eq_vol_downside_state_h1,equity,vol_downside,crsp_ind12_other_z_smooth,other,1074,0.0029033688858385487,0.0029033688858385487,0.0028059006775184763,0.0021264746911670027,0.9702048417132216,0.0,0.0,0.00186219739292365,0.9702048417132216,z_smooth,1.0,0.0029033688858385487,67,0.8845314794653927,False
teacher_majority_all_models__student_with_credit__z_plus_zsmooth,z_plus_zsmooth,RF,eq_vol_downside_state_h1,equity,vol_downside,tsy_rotation_speed_12m_z_smooth,treasury_rates,1074,0.0027166939017581426,0.0027166939017581426,0.0026694824924215045,0.0016144008221044422,0.9711359404096834,0.0,0.0,0.0,0.9711359404096834,z_smooth,1.0,0.0027166939017581426,68,0.8872481733671508,False
teacher_majority_all_models__student_with_credit__z_plus_zsmooth,z_plus_zsmooth,RF,eq_vol_downside_state_h1,equity,vol_downside,credit_lambda_cov_12m_z_smooth,credit,1074,0.002690292101637317,0.002690292101637317,0.0019416298784861899,0.0023443911050266344,0.9748603351955307,0.0,0.0,0.0,0.9748603351955307,z_smooth,1.0,0.002690292101637317,69,0.8899384654687881,False
teacher_majority_all_models__student_with_credit__z_plus_zsmooth,z_plus_zsmooth,RF,eq_vol_downside_state_h1,equity,vol_downside,cmdty_ret_12m_z_smooth,commodities,1074,0.0025660653830640845,0.0025660653830640845,0.0012533298316695937,0.003964640977680011,0.9981378026070763,0.0,0.0,0.035381750465549346,0.9981378026070763,z_smooth,1.0,0.0025660653830640845,70,0.8925045308518522,False
teacher_majority_all_models__student_with_credit__z_plus_zsmooth,z_plus_zsmooth,RF,eq_vol_downside_state_h1,equity,vol_downside,size_value_corr_avg_12m_z,equity_cross_section,1074,0.0024957925083372284,0.0024957925083372284,0.0023059439054104614,0.0018763672056640833,0.9851024208566108,0.0,0.0,0.0,0.9851024208566108,z,1.0,0.0024957925083372284,71,0.8950003233601894,False
teacher_majority_all_models__student_with_credit__z_plus_zsmooth,z_plus_zsmooth,RF,eq_vol_downside_state_h1,equity,vol_downside,size_value_pca1_share_12m_z,equity_cross_section,1074,0.002452653631273139,0.002452653631273139,0.002095153488095506,0.001841117443251801,0.9906890130353817,0.0,0.0,0.0,0.9906890130353817,z,1.0,0.002452653631273139,72,0.8974529769914625,False
teacher_majority_all_models__student_with_credit__z_plus_zsmooth,z_plus_zsmooth,RF,eq_vol_downside_state_h1,equity,vol_downside,ff_cma_z_smooth,equity_cross_section,1074,0.0024239398848381155,0.0024239398848381155,0.0018590409758655769,0.0020831553088988025,0.9795158286778398,0.0,0.0,0.0,0.9795158286778398,z_smooth,1.0,0.0024239398848381155,73,0.8998769168763007,False
teacher_majority_all_models__student_with_credit__z_plus_zsmooth,z_plus_zsmooth,RF,eq_vol_downside_state_h1,equity,vol_downside,crsp_ind12_buseq_z_smooth,other,1074,0.002285031218564607,0.002285031218564607,0.002165499432108203,0.0015520563798978638,0.9692737430167597,0.0,0.0,0.0,0.9692737430167597,z_smooth,1.0,0.002285031218564607,74,0.9021619480948653,False
teacher_majority_all_models__student_with_credit__z_plus_zsmooth,z_plus_zsmooth,RF,eq_vol_downside_state_h1,equity,vol_downside,size_value_corr_absavg_12m_z,equity_cross_section,1074,0.0022708474882088625,0.0022708474882088625,0.0020708861797704694,0.0015670725281619763,0.9869646182495344,0.0,0.0,0.0,0.9869646182495344,z,1.0,0.0022708474882088625,75,0.9044327955830741,False
teacher_majority_all_models__student_with_credit__z_plus_zsmooth,z_plus_zsmooth,RF,eq_vol_downside_state_h1,equity,vol_downside,factor_corr_absavg_12m_z,equity_cross_section,1074,0.002220386709180113,0.002220386709180113,0.0022033424918979578,0.0013164377639980835,0.972998137802607,0.0,0.0,0.0,0.972998137802607,z,1.0,0.002220386709180113,76,0.9066531822922542,False
teacher_majority_all_models__student_with_credit__z_plus_zsmooth,z_plus_zsmooth,RF,eq_vol_downside_state_h1,equity,vol_downside,factor_corr_absavg_12m_z_smooth,equity_cross_section,1074,0.002217770067866097,0.002217770067866097,0.001671478436050007,0.0018929701178078007,0.972998137802607,0.0,0.0,0.0,0.972998137802607,z_smooth,1.0,0.002217770067866097,77,0.9088709523601204,False
teacher_majority_all_models__student_with_credit__z_plus_zsmooth,z_plus_zsmooth,RF,eq_vol_downside_state_h1,equity,vol_downside,factor_pca1_share_12m_z,equity_cross_section,1074,0.0019428735868343534,0.0019428735868343534,0.0018751651134502017,0.0011029443749152705,0.9636871508379888,0.0,0.0,0.0,0.9636871508379888,z,1.0,0.0019428735868343534,78,0.9108138259469547,False
teacher_majority_all_models__student_with_credit__z_plus_zsmooth,z_plus_zsmooth,RF,eq_vol_downside_state_h1,equity,vol_downside,crsp_tsy_7_10y_z_smooth,treasury_rates,1074,0.0018711522764271883,0.0018711522764271883,0.0013917681187016425,0.0018753865346291321,0.9636871508379888,0.0,0.0,0.0,0.9636871508379888,z_smooth,1.0,0.0018711522764271883,79,0.9126849782233819,False
teacher_majority_all_models__student_with_credit__z_plus_zsmooth,z_plus_zsmooth,RF,eq_vol_downside_state_h1,equity,vol_downside,cfnai_level_z_smooth,macro,1074,0.0018124575049705894,0.0018124575049705894,0.0015241658652956794,0.0012970303775567196,0.9851024208566108,0.0,0.0,0.0,0.9851024208566108,z_smooth,1.0,0.0018124575049705894,80,0.9144974357283525,False
teacher_majority_all_models__student_with_credit__z_plus_zsmooth,z_plus_zsmooth,RF,eq_vol_downside_state_h1,equity,vol_downside,crsp_ind12_enrgy_z_smooth,other,1074,0.0018006871101109501,0.0018006871101109501,0.0014230480500566195,0.0016159167836111968,0.9422718808193669,0.0,0.0,0.0,0.9422718808193669,z_smooth,1.0,0.0018006871101109501,81,0.9162981228384635,False
teacher_majority_all_models__student_with_credit__z_plus_zsmooth,z_plus_zsmooth,RF,eq_vol_downside_state_h1,equity,vol_downside,credit_spread_diff_z_smooth,credit,1074,0.0017226146589586287,0.0017226146589586287,0.0013392063589364473,0.001596486959196804,0.9506517690875232,0.0,0.0,0.0,0.9506517690875232,z_smooth,1.0,0.0017226146589586287,82,0.9180207374974221,False
teacher_majority_all_models__student_with_credit__z_plus_zsmooth,z_plus_zsmooth,RF,eq_vol_downside_state_h1,equity,vol_downside,smlo_vwret_z_smooth,other,1074,0.001691051086415795,0.001691051086415795,0.0016095459614812126,0.0010980615924592381,0.9674115456238361,0.0,0.0,0.0,0.9674115456238361,z_smooth,1.0,0.001691051086415795,83,0.9197117885838378,False
teacher_majority_all_models__student_with_credit__z_plus_zsmooth,z_plus_zsmooth,RF,eq_vol_downside_state_h1,equity,vol_downside,tsy_lambda_cov_12m_z_smooth,treasury_rates,1074,0.001640662960368886,0.001640662960368886,0.0012092649615590696,0.0015589062103293675,0.9338919925512105,0.0,0.0,0.0,0.9338919925512105,z_smooth,1.0,0.001640662960368886,84,0.9213524515442068,False
teacher_majority_all_models__student_with_credit__z_plus_zsmooth,z_plus_zsmooth,RF,eq_vol_downside_state_h1,equity,vol_downside,crsp_ind12_nodur_z_smooth,other,1074,0.0016286945463978133,0.0016286945463978133,0.000918633197569957,0.002077950364326523,0.9869646182495344,0.0,0.0,0.0,0.9869646182495344,z_smooth,1.0,0.0016286945463978133,85,0.9229811460906046,False
teacher_majority_all_models__student_with_credit__z_plus_zsmooth,z_plus_zsmooth,RF,eq_vol_downside_state_h1,equity,vol_downside,tsy_lambda_corr_12m_z_smooth,treasury_rates,1074,0.0015978068336287828,0.0015978068336287828,0.0014145513919442863,0.0012457050302262995,0.957169459962756,0.0,0.0,0.0,0.957169459962756,z_smooth,1.0,0.0015978068336287828,86,0.9245789529242333,False
teacher_majority_all_models__student_with_credit__z_plus_zsmooth,z_plus_zsmooth,RF,eq_vol_downside_state_h1,equity,vol_downside,cross_bond_proxy_ret_z_smooth,treasury_rates,1074,0.0015871446851578029,0.0015871446851578029,0.0008431849484940898,0.0026869759549205106,0.931098696461825,0.0,0.0,0.013966480446927373,0.931098696461825,z_smooth,1.0,0.0015871446851578029,87,0.9261660976093912,False
teacher_majority_all_models__student_with_credit__z_plus_zsmooth,z_plus_zsmooth,RF,eq_vol_downside_state_h1,equity,vol_downside,credit_hy_minus_ig_z_smooth,credit,1074,0.001485157177135342,0.001485157177135342,0.0006472391658019412,0.002704984613672386,0.9711359404096834,0.0,0.0,0.0,0.9711359404096834,z_smooth,1.0,0.001485157177135342,88,0.9276512547865264,False
teacher_majority_all_models__student_with_credit__z_plus_zsmooth,z_plus_zsmooth,RF,eq_vol_downside_state_h1,equity,vol_downside,factor_ret_dispersion_1m_z,equity_cross_section,1074,0.0014748470422526238,0.0014748470422526238,0.0012615140989488231,0.001305321024461536,0.9487895716945997,0.0,0.0,0.0,0.9487895716945997,z,1.0,0.0014748470422526238,89,0.9291261018287791,False
teacher_majority_all_models__student_with_credit__z_plus_zsmooth,z_plus_zsmooth,RF,eq_vol_downside_state_h1,equity,vol_downside,ff_smb_z_smooth,equity_cross_section,1074,0.0014691888136473873,0.0014691888136473873,0.0012270585745061237,0.0011124566001786565,0.9906890130353817,0.0,0.0,0.0,0.9906890130353817,z_smooth,1.0,0.0014691888136473873,90,0.9305952906424265,False
teacher_majority_all_models__student_with_credit__z_plus_zsmooth,z_plus_zsmooth,RF,eq_vol_downside_state_h1,equity,vol_downside,factor_lambda_cov_12m_z_smooth,equity_cross_section,1074,0.0014280746143205058,0.0014280746143205058,0.001037482933176086,0.0012788928731328367,0.957169459962756,0.0,0.0,0.0,0.957169459962756,z_smooth,1.0,0.0014280746143205058,91,0.932023365256747,False
teacher_majority_all_models__student_with_credit__z_plus_zsmooth,z_plus_zsmooth,RF,eq_vol_downside_state_h1,equity,vol_downside,credit_ret_dispersion_6m_z,credit,1074,0.001362380323500937,0.001362380323500937,0.0009850721174062475,0.0013537312313670143,0.9217877094972067,0.0,0.0,0.0,0.9217877094972067,z,1.0,0.001362380323500937,92,0.9333857455802479,False
teacher_majority_all_models__student_with_credit__z_plus_zsmooth,z_plus_zsmooth,RF,eq_vol_downside_state_h1,equity,vol_downside,crsp_ind12_chems_z_smooth,other,1074,0.0013528299840198865,0.0013528299840198865,0.0014870864592176052,0.0007668347027801911,0.9916201117318436,0.0,0.0,0.0,0.9916201117318436,z_smooth,1.0,0.0013528299840198865,93,0.9347385755642678,False
teacher_majority_all_models__student_with_credit__z_plus_zsmooth,z_plus_zsmooth,RF,eq_vol_downside_state_h1,equity,vol_downside,credit_hy_ret_6m_z_smooth,credit,1074,0.001292661336364465,0.001292661336364465,0.0012525005736487617,0.0008619995243670979,0.9618249534450651,0.0,0.0,0.0,0.9618249534450651,z_smooth,1.0,0.001292661336364465,94,0.9360312369006323,False
teacher_majority_all_models__student_with_credit__z_plus_zsmooth,z_plus_zsmooth,RF,eq_vol_downside_state_h1,equity,vol_downside,industry_rotation_speed_12m_z_smooth,equity_cross_section,1074,0.0012811706803917701,0.0012811706803917701,0.0009597083414991755,0.0014935534733914388,0.962756052141527,0.0,0.0,0.0,0.962756052141527,z_smooth,1.0,0.0012811706803917701,95,0.9373124075810241,False
teacher_majority_all_models__student_with_credit__z_plus_zsmooth,z_plus_zsmooth,RF,eq_vol_downside_state_h1,equity,vol_downside,tsy_corr_avg_12m_z_smooth,treasury_rates,1074,0.0012718771935397743,0.0012718771935397743,0.001090524284618572,0.0011002842244863724,0.9702048417132216,0.0,0.0,0.0,0.9702048417132216,z_smooth,1.0,0.0012718771935397743,96,0.9385842847745638,False
teacher_majority_all_models__student_with_credit__z_plus_zsmooth,z_plus_zsmooth,RF,eq_vol_downside_state_h1,equity,vol_downside,bond_10y_ret_level_z_smooth,treasury_rates,1074,0.0012438730596154193,0.0012438730596154193,0.0008090134853291033,0.0013031810265930225,0.9292364990689013,0.0,0.0,0.0,0.9292364990689013,z_smooth,1.0,0.0012438730596154193,97,0.9398281578341793,False
teacher_majority_all_models__student_with_credit__z_plus_zsmooth,z_plus_zsmooth,RF,eq_vol_downside_state_h1,equity,vol_downside,crsp_ind12_telcm_z_smooth,other,1074,0.0012098999350901086,0.0012098999350901086,0.0006576791755481231,0.001874554988593726,0.9189944134078212,0.0,0.0,0.0,0.9189944134078212,z_smooth,1.0,0.0012098999350901086,98,0.9410380577692693,False
teacher_majority_all_models__student_with_credit__z_plus_zsmooth,z_plus_zsmooth,RF,eq_vol_downside_state_h1,equity,vol_downside,factor_corr_avg_12m_z_smooth,equity_cross_section,1074,0.0011317053046625987,0.0011317053046625987,0.0010323634807442488,0.0007639115705098341,0.9869646182495344,0.0,0.0,0.0,0.9869646182495344,z_smooth,1.0,0.0011317053046625987,99,0.942169763073932,False
teacher_majority_all_models__student_with_credit__z_plus_zsmooth,z_plus_zsmooth,RF,eq_vol_downside_state_h1,equity,vol_downside,cross_bond_cmdty_corr_12m_fisher_diff_z_smooth,treasury_rates,1074,0.001128690206528898,0.001128690206528898,0.0003619057155218443,0.0020934460759510303,0.9180633147113594,0.0,0.0,0.002793296089385475,0.9180633147113594,z_smooth,1.0,0.001128690206528898,100,0.9432984532804608,False
teacher_majority_all_models__student_with_credit__z_plus_zsmooth,z_plus_zsmooth,RF,eq_vol_downside_state_h1,equity,vol_downside,value_avg_ret_z_smooth,equity_cross_section,1074,0.0011182578992618198,0.0011182578992618198,0.0009672002294494721,0.0009463185306571569,0.9413407821229051,0.0,0.0,0.0,0.9413407821229051,z_smooth,1.0,0.0011182578992618198,101,0.9444167111797227,False
teacher_majority_all_models__student_with_credit__z_plus_zsmooth,z_plus_zsmooth,RF,eq_vol_downside_state_h1,equity,vol_downside,crsp_ind12_shops_z_smooth,other,1074,0.0011142853575045637,0.0011142853575045637,0.0008652382808887588,0.0009632994842757289,0.9636871508379888,0.0,0.0,0.0,0.9636871508379888,z_smooth,1.0,0.0011142853575045637,102,0.9455309965372273,False
teacher_majority_all_models__student_with_credit__z_plus_zsmooth,z_plus_zsmooth,RF,eq_vol_downside_state_h1,equity,vol_downside,small_value_minus_big_growth_z_smooth,equity_cross_section,1074,0.0011001134725054454,0.0011001134725054454,0.0008662902960707866,0.0009163420203851782,0.962756052141527,0.0,0.0,0.0,0.962756052141527,z_smooth,1.0,0.0011001134725054454,103,0.9466311100097327,False
teacher_majority_all_models__student_with_credit__z_plus_zsmooth,z_plus_zsmooth,RF,eq_vol_downside_state_h1,equity,vol_downside,credit_hy_proxy_ret_z_smooth,credit,1074,0.0010915296612260005,0.0010915296612260005,0.0009211669939243477,0.0008423813180490942,0.9404096834264432,0.0,0.0,0.0,0.9404096834264432,z_smooth,1.0,0.0010915296612260005,104,0.9477226396709587,False
teacher_majority_all_models__student_with_credit__z_plus_zsmooth,z_plus_zsmooth,RF,eq_vol_downside_state_h1,equity,vol_downside,crsp_ind12_hlth_z_smooth,other,1074,0.0010844744923732893,0.0010844744923732893,0.0006853382936292333,0.001063134956991372,0.9739292364990689,0.0,0.0,0.0,0.9739292364990689,z_smooth,1.0,0.0010844744923732893,105,0.948807114163332,False
teacher_majority_all_models__student_with_credit__z_plus_zsmooth,z_plus_zsmooth,RF,eq_vol_downside_state_h1,equity,vol_downside,cross_eq_credit_hy_corr_12m_fisher_diff_z_smooth,credit,1074,0.0010820245787828097,0.0010820245787828097,0.0006672610898123627,0.0012916841431358835,0.9767225325884544,0.0,0.0,0.0,0.9767225325884544,z_smooth,1.0,0.0010820245787828097,106,0.9498891387421148,False
teacher_majority_all_models__student_with_credit__z_plus_zsmooth,z_plus_zsmooth,RF,eq_vol_downside_state_h1,equity,vol_downside,crsp_ind12_durbl_z_smooth,other,1074,0.001066201063640686,0.001066201063640686,0.000774940729595236,0.0011161198850913638,0.9394785847299814,0.0,0.0,0.0,0.9394785847299814,z_smooth,1.0,0.001066201063640686,107,0.9509553398057554,False
teacher_majority_all_models__student_with_credit__z_plus_zsmooth,z_plus_zsmooth,RF,eq_vol_downside_state_h1,equity,vol_downside,tsy_pca1_share_12m_z_smooth,treasury_rates,1074,0.001059382035643868,0.001059382035643868,0.0008209036992634518,0.0010075577886025752,0.9692737430167597,0.0,0.0,0.0,0.9692737430167597,z_smooth,1.0,0.001059382035643868,108,0.9520147218413993,False
teacher_majority_all_models__student_with_credit__z_plus_zsmooth,z_plus_zsmooth,RF,eq_vol_downside_state_h1,equity,vol_downside,industry_pca1_share_diff_z_smooth,equity_cross_section,1074,0.0010501862507358187,0.0010501862507358187,0.0009523804107786035,0.0007584538321190827,0.9618249534450651,0.0,0.0,0.0,0.9618249534450651,z_smooth,1.0,0.0010501862507358187,109,0.9530649080921352,False
teacher_majority_all_models__student_with_credit__z_plus_zsmooth,z_plus_zsmooth,RF,eq_vol_downside_state_h1,equity,vol_downside,cmdty_broad_aqr_ret_z_smooth,commodities,1074,0.0010335454555263552,0.0010335454555263552,0.0008431935642013763,0.0008813873569699668,0.9599627560521415,0.0,0.0,0.0,0.9599627560521415,z_smooth,1.0,0.0010335454555263552,110,0.9540984535476615,False
teacher_majority_all_models__student_with_credit__z_plus_zsmooth,z_plus_zsmooth,RF,eq_vol_downside_state_h1,equity,vol_downside,tsy_ret_dispersion_6m_z,treasury_rates,1074,0.001026102809572544,0.001026102809572544,0.001005745865906246,0.0006285855254187397,0.9618249534450651,0.0,0.0,0.0,0.9618249534450651,z,1.0,0.001026102809572544,111,0.955124556357234,False
teacher_majority_all_models__student_with_credit__z_plus_zsmooth,z_plus_zsmooth,RF,eq_vol_downside_state_h1,equity,vol_downside,value_minus_growth_z_smooth,equity_cross_section,1074,0.0009971675870721927,0.0009971675870721927,0.000581065855787358,0.0012088326844813303,0.8938547486033519,0.0,0.0,0.0,0.8938547486033519,z_smooth,1.0,0.0009971675870721927,112,0.9561217239443063,False
teacher_majority_all_models__student_with_credit__z_plus_zsmooth,z_plus_zsmooth,RF,eq_vol_downside_state_h1,equity,vol_downside,vix_logdiff_z_smooth,volatility_dependence,1074,0.0009832030762461166,0.0009832030762461166,0.0007327493932001311,0.0008671070054572009,0.962756052141527,0.0,0.0,0.0,0.962756052141527,z_smooth,1.0,0.0009832030762461166,113,0.9571049270205524,False
teacher_majority_all_models__student_with_credit__z_plus_zsmooth,z_plus_zsmooth,RF,eq_vol_downside_state_h1,equity,vol_downside,tsy_corr_absavg_12m_z_smooth,treasury_rates,1074,0.0009746355078990383,0.0009746355078990383,0.0007412548000719742,0.0009581582384332916,0.9590316573556797,0.0,0.0,0.0,0.9590316573556797,z_smooth,1.0,0.0009746355078990383,114,0.9580795625284514,False
teacher_majority_all_models__student_with_credit__z_plus_zsmooth,z_plus_zsmooth,RF,eq_vol_downside_state_h1,equity,vol_downside,anfci_diff_z_smooth,financial_conditions,1074,0.0008962341110761273,0.0008962341110761273,0.0007222344741578048,0.000844033854629754,0.9050279329608939,0.0,0.0,0.0,0.9050279329608939,z_smooth,1.0,0.0008962341110761273,115,0.9589757966395275,False
teacher_majority_all_models__student_with_credit__z_plus_zsmooth,z_plus_zsmooth,RF,eq_vol_downside_state_h1,equity,vol_downside,nfci_minus_anfci_z,financial_conditions,1074,0.0008901661119623472,0.0008901661119623472,0.0004459995647234709,0.0014282934911048922,0.9562383612662942,0.0,0.0,0.0,0.9562383612662942,z,1.0,0.0008901661119623472,116,0.9598659627514898,False
teacher_majority_all_models__student_with_credit__z_plus_zsmooth,z_plus_zsmooth,RF,eq_vol_downside_state_h1,equity,vol_downside,tsy_pca1_share_diff_z_smooth,treasury_rates,1074,0.0008807462213898068,0.0008807462213898068,0.00040021064102151074,0.0014778659265659599,0.8715083798882681,0.0,0.0,0.0,0.8715083798882681,z_smooth,1.0,0.0008807462213898068,117,0.9607467089728797,False
teacher_majority_all_models__student_with_credit__z_plus_zsmooth,z_plus_zsmooth,RF,eq_vol_downside_state_h1,equity,vol_downside,cmdty_ret_1m_z_smooth,commodities,1074,0.000863442495266911,0.000863442495266911,0.0005670250885073077,0.0008812995349109884,0.9404096834264432,0.0,0.0,0.0,0.9404096834264432,z_smooth,1.0,0.000863442495266911,118,0.9616101514681465,False
teacher_majority_all_models__student_with_credit__z_plus_zsmooth,z_plus_zsmooth,RF,eq_vol_downside_state_h1,equity,vol_downside,nfci_diff_z_smooth,financial_conditions,1074,0.0008604238475735878,0.0008604238475735878,0.0006394029573652884,0.0008346820774957533,0.9748603351955307,0.0,0.0,0.0,0.9748603351955307,z_smooth,1.0,0.0008604238475735878,119,0.9624705753157202,False
teacher_majority_all_models__student_with_credit__z_plus_zsmooth,z_plus_zsmooth,RF,eq_vol_downside_state_h1,equity,vol_downside,ff_hml_z_smooth,equity_cross_section,1074,0.0008500606753867124,0.0008500606753867124,0.00039878037280056575,0.001302959175799173,0.888268156424581,0.0,0.0,0.0,0.888268156424581,z_smooth,1.0,0.0008500606753867124,120,0.9633206359911068,False
teacher_majority_all_models__student_with_credit__z_plus_zsmooth,z_plus_zsmooth,RF,eq_vol_downside_state_h1,equity,vol_downside,small_minus_big_z_smooth,equity_cross_section,1074,0.0008474461843437775,0.0008474461843437775,0.00078084539170803,0.0006772079932271672,0.9441340782122905,0.0,0.0,0.0,0.9441340782122905,z_smooth,1.0,0.0008474461843437775,121,0.9641680821754507,False
teacher_majority_all_models__student_with_credit__z_plus_zsmooth,z_plus_zsmooth,RF,eq_vol_downside_state_h1,equity,vol_downside,smhi_vwret_z_smooth,other,1074,0.0008177152190433366,0.0008177152190433366,0.0006692185831320887,0.0006479626371939504,0.9618249534450651,0.0,0.0,0.0,0.9618249534450651,z_smooth,1.0,0.0008177152190433366,122,0.964985797394494,False
teacher_majority_all_models__student_with_credit__z_plus_zsmooth,z_plus_zsmooth,RF,eq_vol_downside_state_h1,equity,vol_downside,size_value_rotation_speed_12m_z_smooth,equity_cross_section,1074,0.0007942080235632975,0.0007942080235632975,0.00040339749462166687,0.0012816979499990144,0.9720670391061452,0.0,0.0,0.0,0.9720670391061452,z_smooth,1.0,0.0007942080235632975,123,0.9657800054180573,False
teacher_majority_all_models__student_with_credit__z_plus_zsmooth,z_plus_zsmooth,RF,eq_vol_downside_state_h1,equity,vol_downside,industry_lambda_cov_12m_z_smooth,equity_cross_section,1074,0.000768989604460105,0.000768989604460105,0.0006092598223418452,0.0007044538707183372,0.962756052141527,0.0,0.0,0.0,0.962756052141527,z_smooth,1.0,0.000768989604460105,124,0.9665489950225175,False
teacher_majority_all_models__student_with_credit__z_plus_zsmooth,z_plus_zsmooth,RF,eq_vol_downside_state_h1,equity,vol_downside,cross_eq_tsy20_corr_12m_fisher_diff_z_smooth,treasury_rates,1074,0.0007687257424485206,0.0007687257424485206,0.0004884473277441528,0.0009633596394243812,0.9767225325884544,0.0,0.0,0.0,0.9767225325884544,z_smooth,1.0,0.0007687257424485206,125,0.9673177207649659,False
teacher_majority_all_models__student_with_credit__z_plus_zsmooth,z_plus_zsmooth,RF,eq_vol_downside_state_h1,equity,vol_downside,tsy_belly_minus_barbell_z_smooth,treasury_rates,1074,0.000767516233494407,0.000767516233494407,0.0005602813694971227,0.0007686643808951815,0.8985102420856611,0.0,0.0,0.0,0.8985102420856611,z_smooth,1.0,0.000767516233494407,126,0.9680852369984603,False
teacher_majority_all_models__student_with_credit__z_plus_zsmooth,z_plus_zsmooth,RF,eq_vol_downside_state_h1,equity,vol_downside,tsy_lambda_cov_diff_z_smooth,treasury_rates,1074,0.0007537859139408706,0.0007537859139408706,0.00035666668178109507,0.0008957645624870397,0.9152700186219739,0.0,0.0,0.0,0.9152700186219739,z_smooth,1.0,0.0007537859139408706,127,0.9688390229124012,False
teacher_majority_all_models__student_with_credit__z_plus_zsmooth,z_plus_zsmooth,RF,eq_vol_downside_state_h1,equity,vol_downside,credit_ig_ret_6m_z_smooth,credit,1074,0.0007272054066013776,0.0007272054066013776,0.00046483462408908994,0.0009132038053011813,0.9124767225325885,0.0,0.0,0.0,0.9124767225325885,z_smooth,1.0,0.0007272054066013776,128,0.9695662283190026,False
teacher_majority_all_models__student_with_credit__z_plus_zsmooth,z_plus_zsmooth,RF,eq_vol_downside_state_h1,equity,vol_downside,small_avg_ret_z_smooth,equity_cross_section,1074,0.0007154414010887834,0.0007154414010887834,0.0007051673898963396,0.0005806173301753063,0.931098696461825,0.0,0.0,0.0,0.931098696461825,z_smooth,1.0,0.0007154414010887834,129,0.9702816697200913,False
teacher_majority_all_models__student_with_credit__z_plus_zsmooth,z_plus_zsmooth,RF,eq_vol_downside_state_h1,equity,vol_downside,size_value_lambda_corr_12m_z_smooth,equity_cross_section,1074,0.0007088115422158171,0.0007088115422158171,0.0006379519615409078,0.0005380876668204255,0.9422718808193669,0.0,0.0,0.0,0.9422718808193669,z_smooth,1.0,0.0007088115422158171,130,0.9709904812623071,False
teacher_majority_all_models__student_with_credit__z_plus_zsmooth,z_plus_zsmooth,RF,eq_vol_downside_state_h1,equity,vol_downside,crsp_tsy_10_20y_z_smooth,treasury_rates,1074,0.0006835099133583928,0.0006835099133583928,0.0004319777454021835,0.0007726004012627736,0.9217877094972067,0.0,0.0,0.0,0.9217877094972067,z_smooth,1.0,0.0006835099133583928,131,0.9716739911756656,False
teacher_majority_all_models__student_with_credit__z_plus_zsmooth,z_plus_zsmooth,RF,eq_vol_downside_state_h1,equity,vol_downside,credit_ig_proxy_ret_z_smooth,credit,1074,0.0006161233272926496,0.0006161233272926496,0.00027448485624422295,0.001305941276924849,0.88268156424581,0.0,0.0,0.0,0.88268156424581,z_smooth,1.0,0.0006161233272926496,132,0.9722901145029582,False
teacher_majority_all_models__student_with_credit__z_plus_zsmooth,z_plus_zsmooth,RF,eq_vol_downside_state_h1,equity,vol_downside,cmdty_ret_6m_z,commodities,1074,0.0005972521960234112,0.0005972521960234112,0.00012319835167249297,0.0017737239088289958,0.819366852886406,0.0,0.0,0.00558659217877095,0.819366852886406,z,1.0,0.0005972521960234112,133,0.9728873666989817,False
teacher_majority_all_models__student_with_credit__z_plus_zsmooth,z_plus_zsmooth,RF,eq_vol_downside_state_h1,equity,vol_downside,credit_hy_ig_corr_12m_fisher_diff_z_smooth,credit,1074,0.0005898668121145046,0.0005898668121145046,0.00045733460216238766,0.0005584345093973451,0.9618249534450651,0.0,0.0,0.0,0.9618249534450651,z_smooth,1.0,0.0005898668121145046,134,0.9734772335110962,False
teacher_majority_all_models__student_with_credit__z_plus_zsmooth,z_plus_zsmooth,RF,eq_vol_downside_state_h1,equity,vol_downside,industry_ret_dispersion_1m_z,equity_cross_section,1074,0.0005751547837987776,0.0005751547837987776,0.0003528997331980108,0.0007945922841806328,0.888268156424581,0.0,0.0,0.0,0.888268156424581,z,1.0,0.0005751547837987776,135,0.9740523882948949,False
teacher_majority_all_models__student_with_credit__z_plus_zsmooth,z_plus_zsmooth,RF,eq_vol_downside_state_h1,equity,vol_downside,cross_eq_bond_corr_12m_fisher_diff_z,treasury_rates,1074,0.0005692819932142829,0.0005692819932142829,0.00012568990527847356,0.0010930938822741507,0.8305400372439479,0.0,0.0,0.0,0.8305400372439479,z,1.0,0.0005692819932142829,136,0.9746216702881092,False
teacher_majority_all_models__student_with_credit__z_plus_zsmooth,z_plus_zsmooth,RF,eq_vol_downside_state_h1,equity,vol_downside,rho_12m_eq_fi_fisher_diff_z_smooth,volatility_dependence,1074,0.0005675982141105093,0.0005675982141105093,0.00017848895172220276,0.0010410084346510098,0.8621973929236499,0.0,0.0,0.0,0.8621973929236499,z_smooth,1.0,0.0005675982141105093,137,0.9751892685022197,False
teacher_majority_all_models__student_with_credit__z_plus_zsmooth,z_plus_zsmooth,RF,eq_vol_downside_state_h1,equity,vol_downside,credit_hy_ig_corr_12m_fisher_z,credit,1074,0.0005639332305847957,0.0005639332305847957,0.0004704551918054711,0.0004485686342715776,0.9767225325884544,0.0,0.0,0.0,0.9767225325884544,z,1.0,0.0005639332305847957,138,0.9757532017328046,False
teacher_majority_all_models__student_with_credit__z_plus_zsmooth,z_plus_zsmooth,RF,eq_vol_downside_state_h1,equity,vol_downside,crsp_tsy_20y_plus_z_smooth,treasury_rates,1074,0.0005580211206746688,0.0005580211206746688,0.0002797419616525481,0.0009339275701751271,0.925512104283054,0.0,0.0,0.0,0.925512104283054,z_smooth,1.0,0.0005580211206746688,139,0.9763112228534792,False
teacher_majority_all_models__student_with_credit__z_plus_zsmooth,z_plus_zsmooth,RF,eq_vol_downside_state_h1,equity,vol_downside,tsy_long_ret_z_smooth,treasury_rates,1074,0.0005410882591088697,0.0005410882591088697,0.00032769623482409066,0.0006973530863361649,0.9124767225325885,0.0,0.0,0.0,0.9124767225325885,z_smooth,1.0,0.0005410882591088697,140,0.9768523111125881,False
teacher_majority_all_models__student_with_credit__z_plus_zsmooth,z_plus_zsmooth,RF,eq_vol_downside_state_h1,equity,vol_downside,smme_vwret_z_smooth,other,1074,0.0005407962731822465,0.0005407962731822465,0.00034233539368634625,0.0005706117069638428,0.8761638733705773,0.0,0.0,0.0,0.8761638733705773,z_smooth,1.0,0.0005407962731822465,141,0.9773931073857702,False
teacher_majority_all_models__student_with_credit__z_plus_zsmooth,z_plus_zsmooth,RF,eq_vol_downside_state_h1,equity,vol_downside,sentiment_logdiff_z_smooth,macro,1074,0.0005216418877067199,0.0005216418877067199,0.0002690004393607924,0.0007983462817021414,0.904096834264432,0.0,0.0,0.0,0.904096834264432,z_smooth,1.0,0.0005216418877067199,142,0.977914749273477,False
teacher_majority_all_models__student_with_credit__z_plus_zsmooth,z_plus_zsmooth,RF,eq_vol_downside_state_h1,equity,vol_downside,ff_rmw_minus_cma_z_smooth,equity_cross_section,1074,0.0005025292049403149,0.0005025292049403149,0.0003034579278260572,0.0006086267403418515,0.9003724394785847,0.0,0.0,0.0,0.9003724394785847,z_smooth,1.0,0.0005025292049403149,143,0.9784172784784173,False
teacher_majority_all_models__student_with_credit__z_plus_zsmooth,z_plus_zsmooth,RF,eq_vol_downside_state_h1,equity,vol_downside,ff_rmw_z_smooth,equity_cross_section,1074,0.0004979501962946724,0.0004979501962946724,0.0003667578031278867,0.0005037053201734036,0.8975791433891993,0.0,0.0,0.0,0.8975791433891993,z_smooth,1.0,0.0004979501962946724,144,0.978915228674712,False
teacher_majority_all_models__student_with_credit__z_plus_zsmooth,z_plus_zsmooth,RF,eq_vol_downside_state_h1,equity,vol_downside,bime_vwret_z,other,1074,0.000490090477906936,0.000490090477906936,0.00033444928122559686,0.0005302346922578155,0.861266294227188,0.0,0.0,0.0,0.861266294227188,z,1.0,0.000490090477906936,145,0.979405319152619,False
teacher_majority_all_models__student_with_credit__z_plus_zsmooth,z_plus_zsmooth,RF,eq_vol_downside_state_h1,equity,vol_downside,size_value_lambda_cov_12m_z_smooth,equity_cross_section,1074,0.0004844090917620475,0.0004844090917620475,0.00026739912303227684,0.0006431459440223022,0.8649906890130353,0.0,0.0,0.0,0.8649906890130353,z_smooth,1.0,0.0004844090917620475,146,0.979889728244381,False
teacher_majority_all_models__student_with_credit__z_plus_zsmooth,z_plus_zsmooth,RF,eq_vol_downside_state_h1,equity,vol_downside,cross_eq_bond_corr_12m_fisher_diff_z_smooth,treasury_rates,1074,0.00047639953762343017,0.00047639953762343017,0.00020256258866200314,0.0008024663039566599,0.8919925512104283,0.0,0.0,0.0,0.8919925512104283,z_smooth,1.0,0.00047639953762343017,147,0.9803661277820044,False
teacher_majority_all_models__student_with_credit__z_plus_zsmooth,z_plus_zsmooth,RF,eq_vol_downside_state_h1,equity,vol_downside,industry_best_minus_worst_1m_z,equity_cross_section,1074,0.0004657028355203444,0.0004657028355203444,0.00022705287762874184,0.0005720353469833231,0.9050279329608939,0.0,0.0,0.0,0.9050279329608939,z,1.0,0.0004657028355203444,148,0.9808318306175248,False
teacher_majority_all_models__student_with_credit__z_plus_zsmooth,z_plus_zsmooth,RF,eq_vol_downside_state_h1,equity,vol_downside,size_value_lambda_corr_diff_z_smooth,equity_cross_section,1074,0.00045183894711741583,0.00045183894711741583,0.000336607892738928,0.0005902355556943019,0.8761638733705773,0.0,0.0,0.0,0.8761638733705773,z_smooth,1.0,0.00045183894711741583,149,0.9812836695646422,False
teacher_majority_all_models__student_with_credit__z_plus_zsmooth,z_plus_zsmooth,RF,eq_vol_downside_state_h1,equity,vol_downside,core_inflation_diff_z_smooth,macro,1074,0.0004384635357033033,0.0004384635357033033,0.00028260147060898185,0.0005024985645223718,0.9022346368715084,0.0,0.0,0.0,0.9022346368715084,z_smooth,1.0,0.0004384635357033033,150,0.9817221331003455,False
teacher_majority_all_models__student_with_credit__z_plus_zsmooth,z_plus_zsmooth,RF,eq_vol_downside_state_h1,equity,vol_downside,industry_lambda_corr_diff_z_smooth,equity_cross_section,1074,0.00043817185253602295,0.00043817185253602295,0.00039295666050018067,0.00041052428634806684,0.8649906890130353,0.0,0.0,0.0,0.8649906890130353,z_smooth,1.0,0.00043817185253602295,151,0.9821603049528815,False
teacher_majority_all_models__student_with_credit__z_plus_zsmooth,z_plus_zsmooth,RF,eq_vol_downside_state_h1,equity,vol_downside,cmdty_ret_12m_z,commodities,1074,0.00043653953578706283,0.00043653953578706283,0.00019949529309891206,0.0006815275073151423,0.8538175046554934,0.0,0.0,0.0,0.8538175046554934,z,1.0,0.00043653953578706283,152,0.9825968444886686,False
teacher_majority_all_models__student_with_credit__z_plus_zsmooth,z_plus_zsmooth,RF,eq_vol_downside_state_h1,equity,vol_downside,factor_rotation_speed_12m_z_smooth,equity_cross_section,1074,0.0004337703369207614,0.0004337703369207614,0.0003752239370518521,0.0003755997410990438,0.9013035381750466,0.0,0.0,0.0,0.9013035381750466,z_smooth,1.0,0.0004337703369207614,153,0.9830306148255893,False
teacher_majority_all_models__student_with_credit__z_plus_zsmooth,z_plus_zsmooth,RF,eq_vol_downside_state_h1,equity,vol_downside,credit_lambda_cov_diff_z_smooth,credit,1074,0.00042638442537759255,0.00042638442537759255,0.0003174584091457912,0.0004342508352490233,0.840782122905028,0.0,0.0,0.0,0.840782122905028,z_smooth,1.0,0.00042638442537759255,154,0.9834569992509669,False
teacher_majority_all_models__student_with_credit__z_plus_zsmooth,z_plus_zsmooth,RF,eq_vol_downside_state_h1,equity,vol_downside,bond_10y_mom_diff_z_smooth,treasury_rates,1074,0.0004163646959463991,0.0004163646959463991,0.00030786286114996384,0.0003942611631875391,0.9134078212290503,0.0,0.0,0.0,0.9134078212290503,z_smooth,1.0,0.0004163646959463991,155,0.9838733639469133,False
teacher_majority_all_models__student_with_credit__z_plus_zsmooth,z_plus_zsmooth,RF,eq_vol_downside_state_h1,equity,vol_downside,policy_rate_diff_z,treasury_rates,1074,0.00039404429283439814,0.00039404429283439814,0.0001640295640522835,0.0007169930785547399,0.861266294227188,0.0,0.0,0.0,0.861266294227188,z,1.0,0.00039404429283439814,156,0.9842674082397477,False
teacher_majority_all_models__student_with_credit__z_plus_zsmooth,z_plus_zsmooth,RF,eq_vol_downside_state_h1,equity,vol_downside,cross_eq_tsy20_corr_12m_fisher_diff_z,treasury_rates,1074,0.0003657820241506202,0.0003657820241506202,9.051249615952945e-05,0.0007582098606087733,0.8072625698324022,0.0,0.0,0.0,0.8072625698324022,z,1.0,0.0003657820241506202,157,0.9846331902638983,False
teacher_majority_all_models__student_with_credit__z_plus_zsmooth,z_plus_zsmooth,RF,eq_vol_downside_state_h1,equity,vol_downside,tsy_short_ret_z,treasury_rates,1074,0.00035222970997600216,0.00035222970997600216,0.00020023060987414026,0.0005175459194964045,0.8575418994413407,0.0,0.0,0.0,0.8575418994413407,z,1.0,0.00035222970997600216,158,0.9849854199738743,False
teacher_majority_all_models__student_with_credit__z_plus_zsmooth,z_plus_zsmooth,RF,eq_vol_downside_state_h1,equity,vol_downside,crsp_tsy_1_3y_z,treasury_rates,1074,0.0003503834136371501,0.0003503834136371501,0.00017942369325913581,0.0005036011460950638,0.8472998137802608,0.0,0.0,0.0,0.8472998137802608,z,1.0,0.0003503834136371501,159,0.9853358033875115,False
teacher_majority_all_models__student_with_credit__z_plus_zsmooth,z_plus_zsmooth,RF,eq_vol_downside_state_h1,equity,vol_downside,tsy_intermediate_ret_z,treasury_rates,1074,0.00033282040273212255,0.00033282040273212255,8.642054108137258e-05,0.0006816607272399758,0.8752327746741154,0.0,0.0,0.0,0.8752327746741154,z,1.0,0.00033282040273212255,160,0.9856686237902436,False
teacher_majority_all_models__student_with_credit__z_plus_zsmooth,z_plus_zsmooth,RF,eq_vol_downside_state_h1,equity,vol_downside,nfci_diff_z,financial_conditions,1074,0.00032313358536018255,0.00032313358536018255,0.00016669239146348654,0.00043781848289843123,0.9283054003724395,0.0,0.0,0.0,0.9283054003724395,z,1.0,0.00032313358536018255,161,0.9859917573756037,False
teacher_majority_all_models__student_with_credit__z_plus_zsmooth,z_plus_zsmooth,RF,eq_vol_downside_state_h1,equity,vol_downside,crsp_ind12_durbl_z,other,1074,0.00030826219462499696,0.00030826219462499696,0.0002641814274194459,0.0002940362614943625,0.8845437616387337,0.0,0.0,0.0,0.8845437616387337,z,1.0,0.00030826219462499696,162,0.9863000195702288,False
teacher_majority_all_models__student_with_credit__z_plus_zsmooth,z_plus_zsmooth,RF,eq_vol_downside_state_h1,equity,vol_downside,bilo_vwret_z,other,1074,0.00029247661690639024,0.00029247661690639024,8.996650265647253e-05,0.000420038345062973,0.8445065176908753,0.0,0.0,0.0,0.8445065176908753,z,1.0,0.00029247661690639024,163,0.9865924961871352,False
teacher_majority_all_models__student_with_credit__z_plus_zsmooth,z_plus_zsmooth,RF,eq_vol_downside_state_h1,equity,vol_downside,industry_lambda_cov_diff_z_smooth,equity_cross_section,1074,0.00028759097585940555,0.00028759097585940555,0.00022598581384258154,0.0002709338579468704,0.931098696461825,0.0,0.0,0.0,0.931098696461825,z_smooth,1.0,0.00028759097585940555,164,0.9868800871629946,False
teacher_majority_all_models__student_with_credit__z_plus_zsmooth,z_plus_zsmooth,RF,eq_vol_downside_state_h1,equity,vol_downside,industry_rotation_speed_12m_z,equity_cross_section,1074,0.00027871318680727634,0.00027871318680727634,0.00016544500445966827,0.00044664409768894027,0.8566108007448789,0.0,0.0,0.0,0.8566108007448789,z,1.0,0.00027871318680727634,165,0.9871588003498019,False
teacher_majority_all_models__student_with_credit__z_plus_zsmooth,z_plus_zsmooth,RF,eq_vol_downside_state_h1,equity,vol_downside,size_value_ret_dispersion_1m_z,equity_cross_section,1074,0.00027559254265003777,0.00027559254265003777,7.43674344477737e-05,0.0004846707415050914,0.7895716945996276,0.0,0.0,0.0,0.7895716945996276,z,1.0,0.00027559254265003777,166,0.9874343928924519,False
teacher_majority_all_models__student_with_credit__z_plus_zsmooth,z_plus_zsmooth,RF,eq_vol_downside_state_h1,equity,vol_downside,crsp_tsy_7_10y_z,treasury_rates,1074,0.000275398958711361,0.000275398958711361,8.012342521610536e-05,0.0004921196671640409,0.8128491620111732,0.0,0.0,0.0,0.8128491620111732,z,1.0,0.000275398958711361,167,0.9877097918511633,False
teacher_majority_all_models__student_with_credit__z_plus_zsmooth,z_plus_zsmooth,RF,eq_vol_downside_state_h1,equity,vol_downside,credit_hy_proxy_ret_z,credit,1074,0.00026907577825140605,0.00026907577825140605,0.00015503642133566503,0.0003370623642597639,0.8538175046554934,0.0,0.0,0.0,0.8538175046554934,z,1.0,0.00026907577825140605,168,0.9879788676294147,False
teacher_majority_all_models__student_with_credit__z_plus_zsmooth,z_plus_zsmooth,RF,eq_vol_downside_state_h1,equity,vol_downside,cross_eq_cmdty_corr_12m_fisher_diff_z_smooth,commodities,1074,0.00025576130937209665,0.00025576130937209665,0.00020141432768406735,0.00025807532944616867,0.8798882681564246,0.0,0.0,0.0,0.8798882681564246,z_smooth,1.0,0.00025576130937209665,169,0.9882346289387868,False
teacher_majority_all_models__student_with_credit__z_plus_zsmooth,z_plus_zsmooth,RF,eq_vol_downside_state_h1,equity,vol_downside,bond_10y_mom_diff_z,treasury_rates,1074,0.0002539907222847754,0.0002539907222847754,8.607207676626622e-05,0.0004801196046345901,0.8333333333333334,0.0,0.0,0.0,0.8333333333333334,z,1.0,0.0002539907222847754,170,0.9884886196610715,False
teacher_majority_all_models__student_with_credit__z_plus_zsmooth,z_plus_zsmooth,RF,eq_vol_downside_state_h1,equity,vol_downside,credit_hy_ret_6m_z,credit,1074,0.00025265037295480814,0.00025265037295480814,0.00017292735797129935,0.00025646034844900665,0.8733705772811918,0.0,0.0,0.0,0.8733705772811918,z,1.0,0.00025265037295480814,171,0.9887412700340263,False
teacher_majority_all_models__student_with_credit__z_plus_zsmooth,z_plus_zsmooth,RF,eq_vol_downside_state_h1,equity,vol_downside,growth_avg_ret_z,other,1074,0.0002510149528541911,0.0002510149528541911,0.00021320285131224488,0.0003235040932844085,0.8864059590316573,0.0,0.0,0.0,0.8864059590316573,z,1.0,0.0002510149528541911,172,0.9889922849868805,False
teacher_majority_all_models__student_with_credit__z_plus_zsmooth,z_plus_zsmooth,RF,eq_vol_downside_state_h1,equity,vol_downside,cross_bond_proxy_ret_z,treasury_rates,1074,0.00024911938199273406,0.00024911938199273406,0.0001196975027837625,0.00041670805973370405,0.8575418994413407,0.0,0.0,0.0,0.8575418994413407,z,1.0,0.00024911938199273406,173,0.9892414043688733,False
teacher_majority_all_models__student_with_credit__z_plus_zsmooth,z_plus_zsmooth,RF,eq_vol_downside_state_h1,equity,vol_downside,size_value_lambda_cov_diff_z_smooth,equity_cross_section,1074,0.00024579406936750726,0.00024579406936750726,0.00013811953637776634,0.0002739664379843991,0.9050279329608939,0.0,0.0,0.0,0.9050279329608939,z_smooth,1.0,0.00024579406936750726,174,0.9894871984382407,False
teacher_majority_all_models__student_with_credit__z_plus_zsmooth,z_plus_zsmooth,RF,eq_vol_downside_state_h1,equity,vol_downside,equity_market_level_z,other,1074,0.00023551796156192443,0.00023551796156192443,0.0001297618033580079,0.0002737939049311208,0.8472998137802608,0.0,0.0,0.0,0.8472998137802608,z,1.0,0.00023551796156192443,175,0.9897227163998027,False
teacher_majority_all_models__student_with_credit__z_plus_zsmooth,z_plus_zsmooth,RF,eq_vol_downside_state_h1,equity,vol_downside,ff_mom_minus_hml_z,equity_cross_section,1074,0.00022546902335384455,0.00022546902335384455,4.6030661644221004e-05,0.00045074680152956144,0.7914338919925512,0.0,0.0,0.0,0.7914338919925512,z,1.0,0.00022546902335384455,176,0.9899481854231565,False
teacher_majority_all_models__student_with_credit__z_plus_zsmooth,z_plus_zsmooth,RF,eq_vol_downside_state_h1,equity,vol_downside,tsy_ret_dispersion_1m_z,treasury_rates,1074,0.00022400770198958774,0.00022400770198958774,0.00016462920430028205,0.0002311285207832458,0.8491620111731844,0.0,0.0,0.0,0.8491620111731844,z,1.0,0.00022400770198958774,177,0.9901721931251461,False
teacher_majority_all_models__student_with_credit__z_plus_zsmooth,z_plus_zsmooth,RF,eq_vol_downside_state_h1,equity,vol_downside,cmdty_sharpe_12m_z,commodities,1074,0.00022316383946055184,0.00022316383946055184,0.00010349872809737264,0.00035555752958454847,0.8500931098696461,0.0,0.0,0.0,0.8500931098696461,z,1.0,0.00022316383946055184,178,0.9903953569646067,False
teacher_majority_all_models__student_with_credit__z_plus_zsmooth,z_plus_zsmooth,RF,eq_vol_downside_state_h1,equity,vol_downside,ff_mktrf_z,equity_cross_section,1074,0.00021784050170499476,0.00021784050170499476,0.00010643173374394371,0.0003039222908773109,0.8463687150837989,0.0,0.0,0.0,0.8463687150837989,z,1.0,0.00021784050170499476,179,0.9906131974663117,False
teacher_majority_all_models__student_with_credit__z_plus_zsmooth,z_plus_zsmooth,RF,eq_vol_downside_state_h1,equity,vol_downside,rv_60d_logdiff_z_smooth,volatility_dependence,1074,0.00021757527130264573,0.00021757527130264573,0.00013200580955132803,0.00026184700638785086,0.776536312849162,0.0,0.0,0.0,0.776536312849162,z_smooth,1.0,0.00021757527130264573,180,0.9908307727376143,False
teacher_majority_all_models__student_with_credit__z_plus_zsmooth,z_plus_zsmooth,RF,eq_vol_downside_state_h1,equity,vol_downside,cross_bond_credit_ig_corr_12m_fisher_diff_z,treasury_rates,1074,0.00021543438243905078,0.00021543438243905078,7.181155138162412e-05,0.00035943194421570574,0.7858472998137802,0.0,0.0,0.0,0.7858472998137802,z,1.0,0.00021543438243905078,181,0.9910462071200534,False
teacher_majority_all_models__student_with_credit__z_plus_zsmooth,z_plus_zsmooth,RF,eq_vol_downside_state_h1,equity,vol_downside,factor_lambda_corr_12m_z,equity_cross_section,1074,0.00021453947505956515,0.00021453947505956515,5.197381128923949e-05,0.0003826281858490979,0.7932960893854749,0.0,0.0,0.0,0.7932960893854749,z,1.0,0.00021453947505956515,182,0.991260746595113,False
teacher_majority_all_models__student_with_credit__z_plus_zsmooth,z_plus_zsmooth,RF,eq_vol_downside_state_h1,equity,vol_downside,tsy_long_minus_short_z_smooth,treasury_rates,1074,0.00021422411234108197,0.00021422411234108197,5.521941623894785e-05,0.0003089686068830061,0.8202979515828678,0.0,0.0,0.0,0.8202979515828678,z_smooth,1.0,0.00021422411234108197,183,0.991474970707454,False
teacher_majority_all_models__student_with_credit__z_plus_zsmooth,z_plus_zsmooth,RF,eq_vol_downside_state_h1,equity,vol_downside,crsp_tsy_3_7y_z,treasury_rates,1074,0.0002136420824190495,0.0002136420824190495,7.05358966612972e-05,0.00038386159441885533,0.7681564245810056,0.0,0.0,0.0,0.7681564245810056,z,1.0,0.0002136420824190495,184,0.9916886127898731,False
teacher_majority_all_models__student_with_credit__z_plus_zsmooth,z_plus_zsmooth,RF,eq_vol_downside_state_h1,equity,vol_downside,big_avg_ret_z,credit,1074,0.000210912278282813,0.000210912278282813,0.00011102790661190803,0.0002798240720769306,0.8100558659217877,0.0,0.0,0.0,0.8100558659217877,z,1.0,0.000210912278282813,185,0.9918995250681559,False
teacher_majority_all_models__student_with_credit__z_plus_zsmooth,z_plus_zsmooth,RF,eq_vol_downside_state_h1,equity,vol_downside,industry_lambda_corr_12m_z,equity_cross_section,1074,0.0002094884187735065,0.0002094884187735065,0.00010040569533527736,0.0002871154338463992,0.8268156424581006,0.0,0.0,0.0,0.8268156424581006,z,1.0,0.0002094884187735065,186,0.9921090134869294,False
teacher_majority_all_models__student_with_credit__z_plus_zsmooth,z_plus_zsmooth,RF,eq_vol_downside_state_h1,equity,vol_downside,tsy_long_ret_z,treasury_rates,1074,0.000209305872859606,0.000209305872859606,6.28738592298518e-05,0.0004280921193963519,0.8007448789571695,0.0,0.0,0.0,0.8007448789571695,z,1.0,0.000209305872859606,187,0.992318319359789,False
teacher_majority_all_models__student_with_credit__z_plus_zsmooth,z_plus_zsmooth,RF,eq_vol_downside_state_h1,equity,vol_downside,rho_12m_eq_fi_fisher_diff_z,volatility_dependence,1074,0.00020471122703676618,0.00020471122703676618,7.69991232220226e-05,0.0003923536854975059,0.7895716945996276,0.0,0.0,0.0,0.7895716945996276,z,1.0,0.00020471122703676618,188,0.9925230305868258,False
teacher_majority_all_models__student_with_credit__z_plus_zsmooth,z_plus_zsmooth,RF,eq_vol_downside_state_h1,equity,vol_downside,ff_hml_z,equity_cross_section,1074,0.00020232847068181768,0.00020232847068181768,8.121063612603153e-06,0.0006709134200950164,0.7094972067039106,0.0,0.0,0.0,0.7094972067039106,z,1.0,0.00020232847068181768,189,0.9927253590575076,False
teacher_majority_all_models__student_with_credit__z_plus_zsmooth,z_plus_zsmooth,RF,eq_vol_downside_state_h1,equity,vol_downside,factor_corr_avg_12m_z,equity_cross_section,1074,0.00020131167562269684,0.00020131167562269684,0.00010753166526871475,0.000260798066069765,0.839851024208566,0.0,0.0,0.0,0.839851024208566,z,1.0,0.00020131167562269684,190,0.9929266707331302,False
teacher_majority_all_models__student_with_credit__z_plus_zsmooth,z_plus_zsmooth,RF,eq_vol_downside_state_h1,equity,vol_downside,crsp_ind12_other_z,other,1074,0.00019630759295409422,0.00019630759295409422,9.673964870090889e-05,0.000262320489642064,0.8621973929236499,0.0,0.0,0.0,0.8621973929236499,z,1.0,0.00019630759295409422,191,0.9931229783260843,False
teacher_majority_all_models__student_with_credit__z_plus_zsmooth,z_plus_zsmooth,RF,eq_vol_downside_state_h1,equity,vol_downside,tsy_20y_minus_1_3y_z_smooth,treasury_rates,1074,0.0001955639450926424,0.0001955639450926424,1.8196033757110368e-05,0.0004043406155652157,0.7206703910614525,0.0,0.0,0.0,0.7206703910614525,z_smooth,1.0,0.0001955639450926424,192,0.993318542271177,False
teacher_majority_all_models__student_with_credit__z_plus_zsmooth,z_plus_zsmooth,RF,eq_vol_downside_state_h1,equity,vol_downside,crsp_ind12_money_z,other,1074,0.00019456855302068493,0.00019456855302068493,0.00015623790551035066,0.00020178447097156198,0.8817504655493482,0.0,0.0,0.0,0.8817504655493482,z,1.0,0.00019456855302068493,193,0.9935131108241977,False
teacher_majority_all_models__student_with_credit__z_plus_zsmooth,z_plus_zsmooth,RF,eq_vol_downside_state_h1,equity,vol_downside,cross_eq_credit_hy_corr_12m_fisher_diff_z,credit,1074,0.00018967395729577248,0.00018967395729577248,3.301656412082705e-05,0.00045530792596323134,0.7411545623836127,0.0,0.0,0.0,0.7411545623836127,z,1.0,0.00018967395729577248,194,0.9937027847814934,False
teacher_majority_all_models__student_with_credit__z_plus_zsmooth,z_plus_zsmooth,RF,eq_vol_downside_state_h1,equity,vol_downside,bond_10y_ret_level_z,treasury_rates,1074,0.0001869813084428251,0.0001869813084428251,3.9971978267673486e-05,0.0003869544521719229,0.7774674115456238,0.0,0.0,0.0,0.7774674115456238,z,1.0,0.0001869813084428251,195,0.9938897660899363,False
teacher_majority_all_models__student_with_credit__z_plus_zsmooth,z_plus_zsmooth,RF,eq_vol_downside_state_h1,equity,vol_downside,credit_ig_ret_6m_z,credit,1074,0.00017996203669121204,0.00017996203669121204,8.146143387926727e-05,0.00031418590682212355,0.8333333333333334,0.0,0.0,0.0,0.8333333333333334,z,1.0,0.00017996203669121204,196,0.9940697281266275,False
teacher_majority_all_models__student_with_credit__z_plus_zsmooth,z_plus_zsmooth,RF,eq_vol_downside_state_h1,equity,vol_downside,crsp_tsy_10_20y_z,treasury_rates,1074,0.00017973423750861344,0.00017973423750861344,5.547220098635254e-05,0.00031239369235721627,0.7802607076350093,0.0,0.0,0.0,0.7802607076350093,z,1.0,0.00017973423750861344,197,0.9942494623641361,False
teacher_majority_all_models__student_with_credit__z_plus_zsmooth,z_plus_zsmooth,RF,eq_vol_downside_state_h1,equity,vol_downside,anfci_diff_z,financial_conditions,1074,0.0001759353938260035,0.0001759353938260035,2.2151327253857238e-05,0.0004111469648067545,0.7318435754189944,0.0,0.0,0.0,0.7318435754189944,z,1.0,0.0001759353938260035,198,0.9944253977579621,False
teacher_majority_all_models__student_with_credit__z_plus_zsmooth,z_plus_zsmooth,RF,eq_vol_downside_state_h1,equity,vol_downside,crsp_tsy_20y_plus_z,treasury_rates,1074,0.00017456955183958706,0.00017456955183958706,5.4965107525720003e-05,0.0003001905405849671,0.7383612662942272,0.0,0.0,0.0,0.7383612662942272,z,1.0,0.00017456955183958706,199,0.9945999673098017,False
teacher_majority_all_models__student_with_credit__z_plus_zsmooth,z_plus_zsmooth,RF,eq_vol_downside_state_h1,equity,vol_downside,tsy_rotation_speed_12m_z,treasury_rates,1074,0.00017187724499104765,0.00017187724499104765,1.5970322701604084e-05,0.00046103066744656635,0.6433891992551211,0.0,0.0,0.0,0.6433891992551211,z,1.0,0.00017187724499104765,200,0.9947718445547927,False
teacher_majority_all_models__student_with_credit__z_plus_zsmooth,z_plus_zsmooth,RF,eq_vol_downside_state_h1,equity,vol_downside,crsp_ind12_enrgy_z,other,1074,0.00016959185868645614,0.00016959185868645614,5.6717111352647554e-05,0.0003359129786945329,0.8687150837988827,0.0,0.0,0.0,0.8687150837988827,z,1.0,0.00016959185868645614,201,0.9949414364134792,False
teacher_majority_all_models__student_with_credit__z_plus_zsmooth,z_plus_zsmooth,RF,eq_vol_downside_state_h1,equity,vol_downside,value_minus_growth_z,equity_cross_section,1074,0.00016184274879096493,0.00016184274879096493,3.7146064331604334e-05,0.00034606155229770615,0.8081936685288641,0.0,0.0,0.0,0.8081936685288641,z,1.0,0.00016184274879096493,202,0.9951032791622701,False
teacher_majority_all_models__student_with_credit__z_plus_zsmooth,z_plus_zsmooth,RF,eq_vol_downside_state_h1,equity,vol_downside,bihi_vwret_z,other,1074,0.00016141187485677893,0.00016141187485677893,6.977909695691809e-05,0.00022802791159601585,0.7886405959031657,0.0,0.0,0.0,0.7886405959031657,z,1.0,0.00016141187485677893,203,0.995264691037127,False
teacher_majority_all_models__student_with_credit__z_plus_zsmooth,z_plus_zsmooth,RF,eq_vol_downside_state_h1,equity,vol_downside,rv_60d_logdiff_z,volatility_dependence,1074,0.00015963725406651033,0.00015963725406651033,4.714409282389353e-05,0.0003048230754793542,0.7783985102420856,0.0,0.0,0.0,0.7783985102420856,z,1.0,0.00015963725406651033,204,0.9954243282911934,False
teacher_majority_all_models__student_with_credit__z_plus_zsmooth,z_plus_zsmooth,RF,eq_vol_downside_state_h1,equity,vol_downside,credit_ig_proxy_ret_z,credit,1074,0.00015835486488781234,0.00015835486488781234,7.135436510315849e-05,0.00028438349969395324,0.7513966480446927,0.0,0.0,0.0,0.7513966480446927,z,1.0,0.00015835486488781234,205,0.9955826831560812,False
teacher_majority_all_models__student_with_credit__z_plus_zsmooth,z_plus_zsmooth,RF,eq_vol_downside_state_h1,equity,vol_downside,factor_lambda_corr_diff_z_smooth,equity_cross_section,1074,0.00014733278212958394,0.00014733278212958394,1.0485196811320239e-05,0.00024063337247500234,0.7057728119180633,0.0,0.0,0.0,0.7057728119180633,z_smooth,1.0,0.00014733278212958394,206,0.9957300159382109,False
teacher_majority_all_models__student_with_credit__z_plus_zsmooth,z_plus_zsmooth,RF,eq_vol_downside_state_h1,equity,vol_downside,crsp_ind12_utils_z,other,1074,0.00013300054320332182,0.00013300054320332182,4.471446678914631e-05,0.00021682323885443555,0.7960893854748603,0.0,0.0,0.0,0.7960893854748603,z,1.0,0.00013300054320332182,207,0.9958630164814142,False
teacher_majority_all_models__student_with_credit__z_plus_zsmooth,z_plus_zsmooth,RF,eq_vol_downside_state_h1,equity,vol_downside,crsp_ind12_manuf_z,other,1074,0.00013288588568416876,0.00013288588568416876,4.281242540023855e-05,0.00018956427630469882,0.7607076350093109,0.0,0.0,0.0,0.7607076350093109,z,1.0,0.00013288588568416876,208,0.9959959023670983,False
teacher_majority_all_models__student_with_credit__z_plus_zsmooth,z_plus_zsmooth,RF,eq_vol_downside_state_h1,equity,vol_downside,value_avg_ret_z,equity_cross_section,1074,0.0001322464012785523,0.0001322464012785523,8.65745159803919e-05,0.00015377165280651393,0.7327746741154563,0.0,0.0,0.0,0.7327746741154563,z,1.0,0.0001322464012785523,209,0.9961281487683769,False
teacher_majority_all_models__student_with_credit__z_plus_zsmooth,z_plus_zsmooth,RF,eq_vol_downside_state_h1,equity,vol_downside,smlo_vwret_z,other,1074,0.00012745387651563457,0.00012745387651563457,6.061066031942466e-05,0.00017580363296259576,0.7467411545623837,0.0,0.0,0.0,0.7467411545623837,z,1.0,0.00012745387651563457,210,0.9962556026448925,False
teacher_majority_all_models__student_with_credit__z_plus_zsmooth,z_plus_zsmooth,RF,eq_vol_downside_state_h1,equity,vol_downside,tsy_lambda_corr_diff_z_smooth,treasury_rates,1074,0.00012630377933242696,0.00012630377933242696,5.476501729181589e-06,0.00025994553729053143,0.7169459962756052,0.0,0.0,0.0,0.7169459962756052,z_smooth,1.0,0.00012630377933242696,211,0.996381906424225,False
teacher_majority_all_models__student_with_credit__z_plus_zsmooth,z_plus_zsmooth,RF,eq_vol_downside_state_h1,equity,vol_downside,crsp_ind12_chems_z,other,1074,0.00011958786275326288,0.00011958786275326288,2.78586685518108e-05,0.00020350521068818924,0.7206703910614525,0.0,0.0,0.0,0.7206703910614525,z,1.0,0.00011958786275326288,212,0.9965014942869782,False
teacher_majority_all_models__student_with_credit__z_plus_zsmooth,z_plus_zsmooth,RF,eq_vol_downside_state_h1,equity,vol_downside,crsp_ind12_telcm_z,other,1074,0.00011830478830320995,0.00011830478830320995,6.816908127517033e-05,0.00015661412405148392,0.8314711359404097,0.0,0.0,0.0,0.8314711359404097,z,1.0,0.00011830478830320995,213,0.9966197990752814,False
teacher_majority_all_models__student_with_credit__z_plus_zsmooth,z_plus_zsmooth,RF,eq_vol_downside_state_h1,equity,vol_downside,tsy_20y_minus_1_3y_z,treasury_rates,1074,0.00011552416305065719,0.00011552416305065719,3.582670339188894e-05,0.00018785869654890593,0.7569832402234636,0.0,0.0,0.0,0.7569832402234636,z,1.0,0.00011552416305065719,214,0.9967353232383321,False
teacher_majority_all_models__student_with_credit__z_plus_zsmooth,z_plus_zsmooth,RF,eq_vol_downside_state_h1,equity,vol_downside,size_value_pca1_share_diff_z,equity_cross_section,1074,0.00011479872097642022,0.00011479872097642022,7.295014296196925e-05,0.00015648404992485814,0.7793296089385475,0.0,0.0,0.0,0.7793296089385475,z,1.0,0.00011479872097642022,215,0.9968501219593086,False
teacher_majority_all_models__student_with_credit__z_plus_zsmooth,z_plus_zsmooth,RF,eq_vol_downside_state_h1,equity,vol_downside,crsp_ind12_hlth_z,other,1074,0.0001135762471454033,0.0001135762471454033,5.147774661718069e-05,0.00022073533801839055,0.8435754189944135,0.0,0.0,0.0,0.8435754189944135,z,1.0,0.0001135762471454033,216,0.9969636982064539,False
teacher_majority_all_models__student_with_credit__z_plus_zsmooth,z_plus_zsmooth,RF,eq_vol_downside_state_h1,equity,vol_downside,factor_pca1_share_diff_z_smooth,equity_cross_section,1074,0.0001133744290668379,0.0001133744290668379,6.078067319988005e-06,0.0003392573417092316,0.7085661080074488,0.0,0.0,0.0,0.7085661080074488,z_smooth,1.0,0.0001133744290668379,217,0.9970770726355208,False
teacher_majority_all_models__student_with_credit__z_plus_zsmooth,z_plus_zsmooth,RF,eq_vol_downside_state_h1,equity,vol_downside,tsy_lambda_cov_12m_z,treasury_rates,1074,0.0001112115939798486,0.0001112115939798486,3.6557368493033344e-05,0.0002206587452654524,0.7402234636871509,0.0,0.0,0.0,0.7402234636871509,z,1.0,0.0001112115939798486,218,0.9971882842295006,False
teacher_majority_all_models__student_with_credit__z_plus_zsmooth,z_plus_zsmooth,RF,eq_vol_downside_state_h1,equity,vol_downside,factor_lambda_cov_diff_z_smooth,equity_cross_section,1074,0.00010929151289124516,0.00010929151289124516,1.5938830241400805e-05,0.00020657875005261104,0.7150837988826816,0.0,0.0,0.0,0.7150837988826816,z_smooth,1.0,0.00010929151289124516,219,0.9972975757423919,False
teacher_majority_all_models__student_with_credit__z_plus_zsmooth,z_plus_zsmooth,RF,eq_vol_downside_state_h1,equity,vol_downside,credit_ret_dispersion_1m_z,credit,1074,0.00010874017221684185,0.00010874017221684185,1.1295986702561122e-05,0.00026126948240990825,0.7067039106145251,0.0,0.0,0.0,0.7067039106145251,z,1.0,0.00010874017221684185,220,0.9974063159146087,False
teacher_majority_all_models__student_with_credit__z_plus_zsmooth,z_plus_zsmooth,RF,eq_vol_downside_state_h1,equity,vol_downside,size_value_rotation_speed_12m_z,equity_cross_section,1074,0.00010791364660316678,0.00010791364660316678,1.9422675513728906e-05,0.00020152351588128433,0.6992551210428305,0.0,0.0,0.0,0.6992551210428305,z,1.0,0.00010791364660316678,221,0.9975142295612118,False
teacher_majority_all_models__student_with_credit__z_plus_zsmooth,z_plus_zsmooth,RF,eq_vol_downside_state_h1,equity,vol_downside,credit_hy_ig_corr_12m_fisher_diff_z,credit,1074,0.00010682858027831506,0.00010682858027831506,3.0461569915458842e-05,0.00025646523594646396,0.7216014897579144,0.0,0.0,0.0,0.7216014897579144,z,1.0,0.00010682858027831506,222,0.9976210581414902,False
teacher_majority_all_models__student_with_credit__z_plus_zsmooth,z_plus_zsmooth,RF,eq_vol_downside_state_h1,equity,vol_downside,curve_belly_diff_z,treasury_rates,1074,0.00010128963813617317,0.00010128963813617317,1.52146612644302e-05,0.00017473408250112067,0.7588454376163873,0.0,0.0,0.0,0.7588454376163873,z,1.0,0.00010128963813617317,223,0.9977223477796263,False
teacher_majority_all_models__student_with_credit__z_plus_zsmooth,z_plus_zsmooth,RF,eq_vol_downside_state_h1,equity,vol_downside,tsy_long_minus_short_z,treasury_rates,1074,9.782861720645425e-05,9.782861720645425e-05,6.8506374652842185e-06,0.00023412946211384176,0.633147113594041,0.0,0.0,0.0,0.633147113594041,z,1.0,9.782861720645425e-05,224,0.9978201763968328,False
teacher_majority_all_models__student_with_credit__z_plus_zsmooth,z_plus_zsmooth,RF,eq_vol_downside_state_h1,equity,vol_downside,ff_mom_z,equity_cross_section,1074,9.616762562384516e-05,9.616762562384516e-05,9.403926847657378e-06,0.0002789848901804213,0.7122905027932961,0.0,0.0,0.0,0.7122905027932961,z,1.0,9.616762562384516e-05,225,0.9979163440224567,False
teacher_majority_all_models__student_with_credit__z_plus_zsmooth,z_plus_zsmooth,RF,eq_vol_downside_state_h1,equity,vol_downside,size_value_lambda_corr_12m_z,equity_cross_section,1074,8.80316358002557e-05,8.80316358002557e-05,4.8787584182488925e-06,0.0002141882399310791,0.6675977653631285,0.0,0.0,0.0,0.6675977653631285,z,1.0,8.80316358002557e-05,226,0.998004375658257,False
teacher_majority_all_models__student_with_credit__z_plus_zsmooth,z_plus_zsmooth,RF,eq_vol_downside_state_h1,equity,vol_downside,credit_spread_diff_z,credit,1074,8.77089511202668e-05,8.77089511202668e-05,5.888430095978132e-05,0.00010212189125232377,0.7839851024208566,0.0,0.0,0.0,0.7839851024208566,z,1.0,8.77089511202668e-05,227,0.9980920846093772,False
teacher_majority_all_models__student_with_credit__z_plus_zsmooth,z_plus_zsmooth,RF,eq_vol_downside_state_h1,equity,vol_downside,vix_logdiff_z,volatility_dependence,1074,8.302295669901673e-05,8.302295669901673e-05,3.617346886827802e-05,0.00017220579970327713,0.7439478584729982,0.0,0.0,0.0,0.7439478584729982,z,1.0,8.302295669901673e-05,228,0.9981751075660762,False
teacher_majority_all_models__student_with_credit__z_plus_zsmooth,z_plus_zsmooth,RF,eq_vol_downside_state_h1,equity,vol_downside,cfnai_level_z,macro,1074,8.13630772720359e-05,8.13630772720359e-05,7.098853983161078e-06,0.00015639739772461544,0.6918063314711359,0.0,0.0,0.0,0.6918063314711359,z,1.0,8.13630772720359e-05,229,0.9982564706433482,False
teacher_majority_all_models__student_with_credit__z_plus_zsmooth,z_plus_zsmooth,RF,eq_vol_downside_state_h1,equity,vol_downside,size_value_lambda_cov_12m_z,equity_cross_section,1074,7.627411983428894e-05,7.627411983428894e-05,3.945274049731059e-06,0.00019969208891777233,0.686219739292365,0.0,0.0,0.0,0.686219739292365,z,1.0,7.627411983428894e-05,230,0.9983327447631826,False
teacher_majority_all_models__student_with_credit__z_plus_zsmooth,z_plus_zsmooth,RF,eq_vol_downside_state_h1,equity,vol_downside,industry_pca1_share_diff_z,equity_cross_section,1074,7.398844750969851e-05,7.398844750969851e-05,4.373267073816418e-05,0.0001107193766908809,0.7783985102420856,0.0,0.0,0.0,0.7783985102420856,z,1.0,7.398844750969851e-05,231,0.9984067332106922,False
teacher_majority_all_models__student_with_credit__z_plus_zsmooth,z_plus_zsmooth,RF,eq_vol_downside_state_h1,equity,vol_downside,small_value_minus_big_growth_z,equity_cross_section,1074,7.169440950821816e-05,7.169440950821816e-05,1.6459116147350922e-05,0.00011239315780633064,0.776536312849162,0.0,0.0,0.0,0.776536312849162,z,1.0,7.169440950821816e-05,232,0.9984784276202004,False
teacher_majority_all_models__student_with_credit__z_plus_zsmooth,z_plus_zsmooth,RF,eq_vol_downside_state_h1,equity,vol_downside,core_inflation_diff_z,macro,1074,6.976077349118618e-05,6.976077349118618e-05,3.169647316848886e-05,8.789397056488567e-05,0.7905027932960894,0.0,0.0,0.0,0.7905027932960894,z,1.0,6.976077349118618e-05,233,0.9985481883936916,False
teacher_majority_all_models__student_with_credit__z_plus_zsmooth,z_plus_zsmooth,RF,eq_vol_downside_state_h1,equity,vol_downside,small_avg_ret_z,equity_cross_section,1074,6.608258951493243e-05,6.608258951493243e-05,2.1374625140259436e-05,0.00010492785508278238,0.7150837988826816,0.0,0.0,0.0,0.7150837988826816,z,1.0,6.608258951493243e-05,234,0.9986142709832065,False
teacher_majority_all_models__student_with_credit__z_plus_zsmooth,z_plus_zsmooth,RF,eq_vol_downside_state_h1,equity,vol_downside,crsp_ind12_buseq_z,other,1074,6.510116390516185e-05,6.510116390516185e-05,7.080147284131045e-06,0.00013600742399767096,0.7029795158286778,0.0,0.0,0.0,0.7029795158286778,z,1.0,6.510116390516185e-05,235,0.9986793721471117,False
teacher_majority_all_models__student_with_credit__z_plus_zsmooth,z_plus_zsmooth,RF,eq_vol_downside_state_h1,equity,vol_downside,curve_10y_2y_diff_z,treasury_rates,1074,6.37178326113923e-05,6.37178326113923e-05,6.22475026864128e-18,0.00027095041388324235,0.5707635009310987,0.0,0.0,0.0,0.5707635009310987,z,1.0,6.37178326113923e-05,236,0.998743089979723,False
teacher_majority_all_models__student_with_credit__z_plus_zsmooth,z_plus_zsmooth,RF,eq_vol_downside_state_h1,equity,vol_downside,ff_cma_z,equity_cross_section,1074,5.643938680234633e-05,5.643938680234633e-05,4.716169438759431e-06,0.0001167283082523945,0.7476722532588455,0.0,0.0,0.0,0.7476722532588455,z,1.0,5.643938680234633e-05,237,0.9987995293665255,False
teacher_majority_all_models__student_with_credit__z_plus_zsmooth,z_plus_zsmooth,RF,eq_vol_downside_state_h1,equity,vol_downside,factor_lambda_corr_diff_z,equity_cross_section,1074,5.5627781731853405e-05,5.5627781731853405e-05,2.8141094677102672e-06,0.00012386911123058882,0.6350093109869647,0.0,0.0,0.0,0.6350093109869647,z,1.0,5.5627781731853405e-05,238,0.9988551571482573,False
teacher_majority_all_models__student_with_credit__z_plus_zsmooth,z_plus_zsmooth,RF,eq_vol_downside_state_h1,equity,vol_downside,smhi_vwret_z,other,1074,5.556295310134922e-05,5.556295310134922e-05,1.8055421410836697e-06,9.905077860470166e-05,0.6797020484171322,0.0,0.0,0.0,0.6797020484171322,z,1.0,5.556295310134922e-05,239,0.9989107201013586,False
teacher_majority_all_models__student_with_credit__z_plus_zsmooth,z_plus_zsmooth,RF,eq_vol_downside_state_h1,equity,vol_downside,tsy_lambda_corr_diff_z,treasury_rates,1074,5.508214355333383e-05,5.508214355333383e-05,2.6174723991998492e-06,0.0001434313858983993,0.6852886405959032,0.0,0.0,0.0,0.6852886405959032,z,1.0,5.508214355333383e-05,240,0.9989658022449119,False
teacher_majority_all_models__student_with_credit__z_plus_zsmooth,z_plus_zsmooth,RF,eq_vol_downside_state_h1,equity,vol_downside,ff_rmw_minus_cma_z,equity_cross_section,1074,5.321262935602781e-05,5.321262935602781e-05,2.3288129182409827e-06,0.00011141916944291918,0.6936685288640596,0.0,0.0,0.0,0.6936685288640596,z,1.0,5.321262935602781e-05,241,0.999019014874268,False
teacher_majority_all_models__student_with_credit__z_plus_zsmooth,z_plus_zsmooth,RF,eq_vol_downside_state_h1,equity,vol_downside,cross_eq_cmdty_corr_12m_fisher_diff_z,commodities,1074,5.304017254091424e-05,5.304017254091424e-05,9.146446496519711e-06,9.953447105161216e-05,0.7122905027932961,0.0,0.0,0.0,0.7122905027932961,z,1.0,5.304017254091424e-05,242,0.999072055046809,False
teacher_majority_all_models__student_with_credit__z_plus_zsmooth,z_plus_zsmooth,RF,eq_vol_downside_state_h1,equity,vol_downside,tsy_belly_minus_barbell_z,treasury_rates,1074,5.290177389119607e-05,5.290177389119607e-05,2.1746083968779066e-18,0.00012264714345325037,0.5502793296089385,0.0,0.0,0.0,0.5502793296089385,z,1.0,5.290177389119607e-05,243,0.9991249568207001,False
teacher_majority_all_models__student_with_credit__z_plus_zsmooth,z_plus_zsmooth,RF,eq_vol_downside_state_h1,equity,vol_downside,credit_hy_minus_ig_z,credit,1074,5.2307631250070186e-05,5.2307631250070186e-05,1.1024428863398612e-05,0.00011876736097399376,0.7513966480446927,0.0,0.0,0.0,0.7513966480446927,z,1.0,5.2307631250070186e-05,244,0.9991772644519502,False
teacher_majority_all_models__student_with_credit__z_plus_zsmooth,z_plus_zsmooth,RF,eq_vol_downside_state_h1,equity,vol_downside,industry_lambda_cov_12m_z,equity_cross_section,1074,5.1769610951831164e-05,5.1769610951831164e-05,4.252924944327376e-06,0.00010905264157598609,0.62756052141527,0.0,0.0,0.0,0.62756052141527,z,1.0,5.1769610951831164e-05,245,0.999229034062902,False
teacher_majority_all_models__student_with_credit__z_plus_zsmooth,z_plus_zsmooth,RF,eq_vol_downside_state_h1,equity,vol_downside,size_value_lambda_cov_diff_z,equity_cross_section,1074,5.1388766932394467e-05,5.1388766932394467e-05,5.912654945866413e-06,8.621090928661503e-05,0.723463687150838,0.0,0.0,0.0,0.723463687150838,z,1.0,5.1388766932394467e-05,246,0.9992804228298344,False
teacher_majority_all_models__student_with_credit__z_plus_zsmooth,z_plus_zsmooth,RF,eq_vol_downside_state_h1,equity,vol_downside,small_minus_big_z,equity_cross_section,1074,5.106749570319589e-05,5.106749570319589e-05,1.1563804161270657e-06,0.00011511584798952137,0.6126629422718808,0.0,0.0,0.0,0.6126629422718808,z,1.0,5.106749570319589e-05,247,0.9993314903255376,False
teacher_majority_all_models__student_with_credit__z_plus_zsmooth,z_plus_zsmooth,RF,eq_vol_downside_state_h1,equity,vol_downside,credit_lambda_cov_12m_z,credit,1074,5.0359330667362324e-05,5.0359330667362324e-05,2.946324490658034e-07,9.706980216620368e-05,0.5772811918063314,0.0,0.0,0.0,0.5772811918063314,z,1.0,5.0359330667362324e-05,248,0.999381849656205,False
teacher_majority_all_models__student_with_credit__z_plus_zsmooth,z_plus_zsmooth,RF,eq_vol_downside_state_h1,equity,vol_downside,tsy_lambda_cov_diff_z,treasury_rates,1074,4.833732051884721e-05,4.833732051884721e-05,1.0102019308571875e-06,0.00013213062540836808,0.6312849162011173,0.0,0.0,0.0,0.6312849162011173,z,1.0,4.833732051884721e-05,249,0.9994301869767238,False
teacher_majority_all_models__student_with_credit__z_plus_zsmooth,z_plus_zsmooth,RF,eq_vol_downside_state_h1,equity,vol_downside,size_value_lambda_corr_diff_z,equity_cross_section,1074,4.782097119489729e-05,4.782097119489729e-05,4.828188960677963e-06,0.00015460015067118952,0.7029795158286778,0.0,0.0,0.0,0.7029795158286778,z,1.0,4.782097119489729e-05,250,0.9994780079479187,False
teacher_majority_all_models__student_with_credit__z_plus_zsmooth,z_plus_zsmooth,RF,eq_vol_downside_state_h1,equity,vol_downside,tsy_pca1_share_diff_z,treasury_rates,1074,4.470151778865339e-05,4.470151778865339e-05,2.3540041357293116e-06,0.00011397499486280313,0.6471135940409684,0.0,0.0,0.0,0.6471135940409684,z,1.0,4.470151778865339e-05,251,0.9995227094657074,False
teacher_majority_all_models__student_with_credit__z_plus_zsmooth,z_plus_zsmooth,RF,eq_vol_downside_state_h1,equity,vol_downside,ff_smb_z,equity_cross_section,1074,4.043984069507633e-05,4.043984069507633e-05,5.465772075425706e-06,7.526013338580748e-05,0.7001862197392924,0.0,0.0,0.0,0.7001862197392924,z,1.0,4.043984069507633e-05,252,0.9995631493064024,False
teacher_majority_all_models__student_with_credit__z_plus_zsmooth,z_plus_zsmooth,RF,eq_vol_downside_state_h1,equity,vol_downside,smme_vwret_z,other,1074,3.706951170240328e-05,3.706951170240328e-05,1.4800837463520567e-06,6.791742363916256e-05,0.6433891992551211,0.0,0.0,0.0,0.6433891992551211,z,1.0,3.706951170240328e-05,253,0.9996002188181049,False
teacher_majority_all_models__student_with_credit__z_plus_zsmooth,z_plus_zsmooth,RF,eq_vol_downside_state_h1,equity,vol_downside,factor_rotation_speed_12m_z,equity_cross_section,1074,3.6856647659898335e-05,3.6856647659898335e-05,8.08274126344035e-06,6.88633779437018e-05,0.702048417132216,0.0,0.0,0.0,0.702048417132216,z,1.0,3.6856647659898335e-05,254,0.9996370754657647,False
teacher_majority_all_models__student_with_credit__z_plus_zsmooth,z_plus_zsmooth,RF,eq_vol_downside_state_h1,equity,vol_downside,sentiment_logdiff_z,macro,1074,3.650026174270118e-05,3.650026174270118e-05,5.858481655116118e-07,0.00010209696055616123,0.6024208566108007,0.0,0.0,0.0,0.6024208566108007,z,1.0,3.650026174270118e-05,255,0.9996735757275075,False
teacher_majority_all_models__student_with_credit__z_plus_zsmooth,z_plus_zsmooth,RF,eq_vol_downside_state_h1,equity,vol_downside,ff_rmw_z,equity_cross_section,1074,3.600760863424945e-05,3.600760863424945e-05,8.812331140922342e-07,9.714108717460198e-05,0.6284916201117319,0.0,0.0,0.0,0.6284916201117319,z,1.0,3.600760863424945e-05,256,0.9997095833361417,False
teacher_majority_all_models__student_with_credit__z_plus_zsmooth,z_plus_zsmooth,RF,eq_vol_downside_state_h1,equity,vol_downside,cross_bond_cmdty_corr_12m_fisher_diff_z,treasury_rates,1074,3.5503675188183855e-05,3.5503675188183855e-05,2.522320128978798e-06,8.064959831675623e-05,0.6499068901303539,0.0,0.0,0.0,0.6499068901303539,z,1.0,3.5503675188183855e-05,257,0.9997450870113299,False
teacher_majority_all_models__student_with_credit__z_plus_zsmooth,z_plus_zsmooth,RF,eq_vol_downside_state_h1,equity,vol_downside,factor_lambda_cov_12m_z,equity_cross_section,1074,2.9482193307962848e-05,2.9482193307962848e-05,2.5443385341416622e-17,6.432314128765897e-05,0.5521415270018621,0.0,0.0,0.0,0.5521415270018621,z,1.0,2.9482193307962848e-05,258,0.9997745692046378,False
teacher_majority_all_models__student_with_credit__z_plus_zsmooth,z_plus_zsmooth,RF,eq_vol_downside_state_h1,equity,vol_downside,industry_lambda_cov_diff_z,equity_cross_section,1074,2.8685142394069847e-05,2.8685142394069847e-05,1.0705134954704193e-06,8.455220124455951e-05,0.6517690875232774,0.0,0.0,0.0,0.6517690875232774,z,1.0,2.8685142394069847e-05,259,0.9998032543470319,False
teacher_majority_all_models__student_with_credit__z_plus_zsmooth,z_plus_zsmooth,RF,eq_vol_downside_state_h1,equity,vol_downside,factor_lambda_cov_diff_z,equity_cross_section,1074,2.837042607436237e-05,2.837042607436237e-05,3.862702068165146e-07,7.530082920585578e-05,0.568901303538175,0.0,0.0,0.0,0.568901303538175,z,1.0,2.837042607436237e-05,260,0.9998316247731063,False
teacher_majority_all_models__student_with_credit__z_plus_zsmooth,z_plus_zsmooth,RF,eq_vol_downside_state_h1,equity,vol_downside,cmdty_broad_aqr_ret_z,commodities,1074,2.806542885462926e-05,2.806542885462926e-05,3.1281606009289766e-18,6.246817811325205e-05,0.5558659217877095,0.0,0.0,0.0,0.5558659217877095,z,1.0,2.806542885462926e-05,261,0.9998596902019609,False
teacher_majority_all_models__student_with_credit__z_plus_zsmooth,z_plus_zsmooth,RF,eq_vol_downside_state_h1,equity,vol_downside,crsp_ind12_nodur_z,other,1074,2.724099853551273e-05,2.724099853551273e-05,6.035473983120819e-07,7.273086459082594e-05,0.6415270018621974,0.0,0.0,0.0,0.6415270018621974,z,1.0,2.724099853551273e-05,262,0.9998869312004964,False
teacher_majority_all_models__student_with_credit__z_plus_zsmooth,z_plus_zsmooth,RF,eq_vol_downside_state_h1,equity,vol_downside,credit_lambda_cov_diff_z,credit,1074,2.6605516570300905e-05,2.6605516570300905e-05,0.0,8.489288615803092e-05,0.4757914338919926,0.0,0.0,0.0,0.4757914338919926,z,1.0,2.6605516570300905e-05,263,0.9999135367170667,False
teacher_majority_all_models__student_with_credit__z_plus_zsmooth,z_plus_zsmooth,RF,eq_vol_downside_state_h1,equity,vol_downside,tsy_lambda_corr_12m_z,treasury_rates,1074,2.0265251070207854e-05,2.0265251070207854e-05,5.909449875328429e-18,4.413761607648923e-05,0.6070763500931099,0.0,0.0,0.0,0.6070763500931099,z,1.0,2.0265251070207854e-05,264,0.999933801968137,False
teacher_majority_all_models__student_with_credit__z_plus_zsmooth,z_plus_zsmooth,RF,eq_vol_downside_state_h1,equity,vol_downside,crsp_ind12_shops_z,other,1074,1.9661580526193117e-05,1.9661580526193117e-05,0.0,4.459072148565447e-05,0.49534450651769085,0.0,0.0,0.0,0.49534450651769085,z,1.0,1.9661580526193117e-05,265,0.9999534635486631,False
teacher_majority_all_models__student_with_credit__z_plus_zsmooth,z_plus_zsmooth,RF,eq_vol_downside_state_h1,equity,vol_downside,industry_lambda_corr_diff_z,equity_cross_section,1074,1.681648398596797e-05,1.681648398596797e-05,6.176174474103634e-07,4.7509282567416075e-05,0.6638733705772812,0.0,0.0,0.0,0.6638733705772812,z,1.0,1.681648398596797e-05,266,0.9999702800326491,False
teacher_majority_all_models__student_with_credit__z_plus_zsmooth,z_plus_zsmooth,RF,eq_vol_downside_state_h1,equity,vol_downside,cmdty_ret_1m_z,commodities,1074,1.6784163336447934e-05,1.6784163336447934e-05,4.117602430555296e-18,4.4620959728661095e-05,0.5716945996275605,0.0,0.0,0.0,0.5716945996275605,z,1.0,1.6784163336447934e-05,267,0.9999870641959856,False
teacher_majority_all_models__student_with_credit__z_plus_zsmooth,z_plus_zsmooth,RF,eq_vol_downside_state_h1,equity,vol_downside,factor_pca1_share_diff_z,equity_cross_section,1074,1.2935804014474348e-05,1.2935804014474348e-05,1.732648909303929e-17,3.777084117592758e-05,0.6145251396648045,0.0,0.0,0.0,0.6145251396648045,z,1.0,1.2935804014474348e-05,268,1.0,False
teacher_majority_all_models__student_with_credit__z_smooth_only,z_smooth_only,LOGIT,bd_bond_canonical_state_h1,bond,bond_canonical,credit_spread_diff_z_smooth,credit,1041,-0.6145533788127912,0.6145533788127912,0.4328840806967017,0.4119918919972745,0.0,1.0,0.8962536023054755,0.8962536023054755,1.0,z_smooth,21.223707215162797,0.02895598646280502,1,0.02895598646280502,True
teacher_majority_all_models__student_with_credit__z_smooth_only,z_smooth_only,LOGIT,bd_bond_canonical_state_h1,bond,bond_canonical,size_value_lambda_corr_12m_z_smooth,equity_cross_section,1041,-0.433680932824078,0.433680932824078,0.3162847822282285,0.3107904178079164,0.0,1.0,0.7867435158501441,0.8155619596541787,1.0,z_smooth,21.223707215162797,0.020433797377031496,2,0.04938978383983651,True
teacher_majority_all_models__student_with_credit__z_smooth_only,z_smooth_only,LOGIT,bd_bond_canonical_state_h1,bond,bond_canonical,credit_ig_ret_6m_z_smooth,credit,1041,-0.3722923991484593,0.37449868224394206,0.2149220461561868,0.36190695119564736,0.040345821325648415,0.9596541786743515,0.3976945244956772,0.6628242074927954,0.9596541786743515,z_smooth,21.223707215162797,0.017645300062205434,3,0.06703508390204195,True
teacher_majority_all_models__student_with_credit__z_smooth_only,z_smooth_only,LOGIT,bd_bond_canonical_state_h1,bond,bond_canonical,credit_hy_minus_ig_z_smooth,credit,1041,-0.35933781987174357,0.35933781987174357,0.28364007534903696,0.2140560730148951,0.0,1.0,0.7550432276657061,0.9135446685878963,1.0,z_smooth,21.223707215162797,0.016930963861724536,4,0.08396604776376648,True
teacher_majority_all_models__student_with_credit__z_smooth_only,z_smooth_only,LOGIT,bd_bond_canonical_state_h1,bond,bond_canonical,size_value_lambda_cov_12m_z_smooth,equity_cross_section,1041,-0.33897942282445925,0.33897942282445925,0.19903754217423894,0.29812215659662755,0.0,1.0,0.31988472622478387,0.484149855907781,1.0,z_smooth,21.223707215162797,0.015971734786384684,5,0.09993778255015118,True
teacher_majority_all_models__student_with_credit__z_smooth_only,z_smooth_only,LOGIT,bd_bond_canonical_state_h1,bond,bond_canonical,credit_hy_ret_6m_z_smooth,credit,1041,-0.32584839605609595,0.32584839605609595,0.1808697554740462,0.28592832818537167,0.0,1.0,0.2910662824207493,0.6772334293948127,1.0,z_smooth,21.223707215162797,0.015353038597484088,6,0.11529082114763525,True
teacher_majority_all_models__student_with_credit__z_smooth_only,z_smooth_only,LOGIT,bd_bond_canonical_state_h1,bond,bond_canonical,size_value_lambda_cov_diff_z_smooth,equity_cross_section,1041,-0.3203014960308914,0.3212392907781202,0.19391118816119116,0.3372876858166361,0.05187319884726225,0.9481268011527377,0.33429394812680113,0.39481268011527376,0.9481268011527377,z_smooth,21.223707215162797,0.015135870822257577,7,0.13042669196989284,True
teacher_majority_all_models__student_with_credit__z_smooth_only,z_smooth_only,LOGIT,bd_bond_canonical_state_h1,bond,bond_canonical,bond_10y_mom_diff_z_smooth,treasury_rates,1041,0.30535829826198413,0.30535829826198413,0.249680791470734,0.1403833493002033,1.0,0.0,0.6023054755043228,0.6570605187319885,1.0,z_smooth,21.223707215162797,0.014387604162001811,8,0.14481429613189464,True
teacher_majority_all_models__student_with_credit__z_smooth_only,z_smooth_only,LOGIT,bd_bond_canonical_state_h1,bond,bond_canonical,factor_lambda_cov_12m_z_smooth,equity_cross_section,1041,-0.28317652808200233,0.29678468125484736,0.24553988528770412,0.20693820342145505,0.1239193083573487,0.8760806916426513,0.579250720461095,0.6945244956772334,0.8760806916426513,z_smooth,21.223707215162797,0.013983640004363435,9,0.1587979361362581,True
teacher_majority_all_models__student_with_credit__z_smooth_only,z_smooth_only,LOGIT,bd_bond_canonical_state_h1,bond,bond_canonical,tsy_ret_dispersion_1m_z_smooth,treasury_rates,1041,-0.29438043697821775,0.29438043697821775,0.2918880139440932,0.14305721189691709,0.0,1.0,0.414985590778098,0.6340057636887608,1.0,z_smooth,21.223707215162797,0.013870358933707128,10,0.1726682950699652,True
teacher_majority_all_models__student_with_credit__z_smooth_only,z_smooth_only,LOGIT,bd_bond_canonical_state_h1,bond,bond_canonical,cross_eq_tsy20_corr_12m_fisher_diff_z_smooth,treasury_rates,1041,-0.29166337158298233,0.29166337158298233,0.18499035324937593,0.2642752925678986,0.0,1.0,0.12968299711815562,0.5417867435158501,1.0,z_smooth,21.223707215162797,0.013742338632272973,11,0.18641063370223818,True
teacher_majority_all_models__student_with_credit__z_smooth_only,z_smooth_only,LOGIT,bd_bond_canonical_state_h1,bond,bond_canonical,industry_pca1_share_12m_z_smooth,equity_cross_section,1041,0.2793057020858855,0.2793057020858855,0.19924188691564676,0.19112692519825572,1.0,0.0,0.1729106628242075,0.5417867435158501,1.0,z_smooth,21.223707215162797,0.013160080812193917,12,0.1995707145144321,True
teacher_majority_all_models__student_with_credit__z_smooth_only,z_smooth_only,LOGIT,bd_bond_canonical_state_h1,bond,bond_canonical,factor_pca1_share_diff_z_smooth,equity_cross_section,1041,0.2685112457213299,0.2789126859841734,0.2184997512614973,0.24624574793004522,0.9365994236311239,0.06340057636887608,0.42363112391930835,0.49279538904899134,0.9365994236311239,z_smooth,21.223707215162797,0.01314156302462138,13,0.21271227753905347,True
teacher_majority_all_models__student_with_credit__z_smooth_only,z_smooth_only,LOGIT,bd_bond_canonical_state_h1,bond,bond_canonical,industry_corr_absavg_12m_z_smooth,equity_cross_section,1041,0.27701100442773147,0.27701100442773147,0.19115320903108549,0.20055013959816356,1.0,0.0,0.1585014409221902,0.5561959654178674,1.0,z_smooth,21.223707215162797,0.013051961262913919,14,0.2257642388019674,True
teacher_majority_all_models__student_with_credit__z_smooth_only,z_smooth_only,LOGIT,bd_bond_canonical_state_h1,bond,bond_canonical,industry_lambda_cov_12m_z_smooth,equity_cross_section,1041,0.27222498920580257,0.27222498920580257,0.1777482834005401,0.1955752785099971,1.0,0.0,0.037463976945244955,0.3746397694524496,1.0,z_smooth,21.223707215162797,0.012826458000293068,15,0.23859069680226047,True
teacher_majority_all_models__student_with_credit__z_smooth_only,z_smooth_only,LOGIT,bd_bond_canonical_state_h1,bond,bond_canonical,crsp_ind12_shops_z_smooth,other,1041,-0.2688156710096572,0.26980019506762737,0.16774841379168576,0.2265658294391477,0.040345821325648415,0.9596541786743515,0.1786743515850144,0.414985590778098,0.9596541786743515,z_smooth,21.223707215162797,0.012712208679305316,16,0.2513029054815658,True
teacher_majority_all_models__student_with_credit__z_smooth_only,z_smooth_only,LOGIT,bd_bond_canonical_state_h1,bond,bond_canonical,crsp_ind12_utils_z_smooth,other,1041,0.2595538061124535,0.2595538061124535,0.1574968762262962,0.24619626399064126,1.0,0.0,0.12103746397694524,0.2017291066282421,1.0,z_smooth,21.223707215162797,0.012229428321882481,17,0.26353233380344826,True
teacher_majority_all_models__student_with_credit__z_smooth_only,z_smooth_only,LOGIT,bd_bond_canonical_state_h1,bond,bond_canonical,anfci_diff_z_smooth,financial_conditions,1041,-0.15287815535880092,0.257572367612894,0.2431511816762749,0.18021184764371342,0.23054755043227665,0.7694524495677233,0.31988472622478387,0.47262247838616717,0.7694524495677233,z_smooth,21.223707215162797,0.012136068642563879,18,0.27566840244601215,True
teacher_majority_all_models__student_with_credit__z_smooth_only,z_smooth_only,LOGIT,bd_bond_canonical_state_h1,bond,bond_canonical,ff_cma_z_smooth,equity_cross_section,1041,-0.25187650079273083,0.25187650079273083,0.1645441996335669,0.21742326296563622,0.0,1.0,0.08645533141210375,0.26512968299711814,1.0,z_smooth,21.223707215162797,0.011867695791279262,19,0.2875360982372914,False
teacher_majority_all_models__student_with_credit__z_smooth_only,z_smooth_only,LOGIT,bd_bond_canonical_state_h1,bond,bond_canonical,industry_corr_avg_12m_z_smooth,equity_cross_section,1041,0.24917308187791337,0.24917308187791337,0.19583804274502895,0.15195913688221807,1.0,0.0,0.01729106628242075,0.43804034582132567,1.0,z_smooth,21.223707215162797,0.011740318472726448,20,0.29927641671001787,False
teacher_majority_all_models__student_with_credit__z_smooth_only,z_smooth_only,LOGIT,bd_bond_canonical_state_h1,bond,bond_canonical,cross_eq_credit_hy_corr_12m_fisher_diff_z_smooth,credit,1041,0.24602671166050977,0.2472483025863228,0.1553239294719484,0.24050671820660466,0.9481268011527377,0.05187319884726225,0.069164265129683,0.21613832853025935,0.9481268011527377,z_smooth,21.223707215162797,0.011649628412216404,21,0.31092604512223426,False
teacher_majority_all_models__student_with_credit__z_smooth_only,z_smooth_only,LOGIT,bd_bond_canonical_state_h1,bond,bond_canonical,ff_rmw_minus_cma_z_smooth,equity_cross_section,1041,0.24689698106317015,0.24689698106317015,0.20713721159825912,0.1301264665835551,1.0,0.0,0.20461095100864554,0.31988472622478387,1.0,z_smooth,21.223707215162797,0.01163307515318437,22,0.3225591202754186,False
teacher_majority_all_models__student_with_credit__z_smooth_only,z_smooth_only,LOGIT,bd_bond_canonical_state_h1,bond,bond_canonical,tsy_ret_dispersion_6m_z_smooth,treasury_rates,1041,-0.23388018928045426,0.24487735224471358,0.19676453698636115,0.1896597924254277,0.043227665706051875,0.9567723342939481,0.4899135446685879,0.5360230547550432,0.9567723342939481,z_smooth,21.223707215162797,0.01153791605595494,23,0.33409703633137355,False
teacher_majority_all_models__student_with_credit__z_smooth_only,z_smooth_only,LOGIT,bd_bond_canonical_state_h1,bond,bond_canonical,industry_lambda_cov_diff_z_smooth,equity_cross_section,1041,0.23972555368760512,0.23972555368760512,0.18214588483844707,0.16572070556441781,1.0,0.0,0.023054755043227664,0.26512968299711814,1.0,z_smooth,21.223707215162797,0.011295178135341907,24,0.3453922144667155,False
teacher_majority_all_models__student_with_credit__z_smooth_only,z_smooth_only,LOGIT,bd_bond_canonical_state_h1,bond,bond_canonical,cross_bond_cmdty_corr_12m_fisher_diff_z_smooth,treasury_rates,1041,-0.23845364018599594,0.23850511736038021,0.1844082465071909,0.2049770435956116,0.01440922190201729,0.9855907780979827,0.1440922190201729,0.2622478386167147,0.9855907780979827,z_smooth,21.223707215162797,0.011237674688142402,25,0.3566298891548579,False
teacher_majority_all_models__student_with_credit__z_smooth_only,z_smooth_only,LOGIT,bd_bond_canonical_state_h1,bond,bond_canonical,curve_10y_2y_diff_z_smooth,treasury_rates,1041,-0.23439332007070676,0.23440081199403418,0.14879625515658637,0.20395083443783027,0.002881844380403458,0.9971181556195965,0.069164265129683,0.1844380403458213,0.9971181556195965,z_smooth,21.223707215162797,0.01104429163188662,26,0.3676741807867445,False
teacher_majority_all_models__student_with_credit__z_smooth_only,z_smooth_only,LOGIT,bd_bond_canonical_state_h1,bond,bond_canonical,factor_lambda_corr_diff_z_smooth,equity_cross_section,1041,0.23129918819583886,0.23129918819583886,0.1266406712069783,0.23150089700704016,1.0,0.0,0.05763688760806916,0.12103746397694524,1.0,z_smooth,21.223707215162797,0.010898152045303018,27,0.3785723328320475,False
teacher_majority_all_models__student_with_credit__z_smooth_only,z_smooth_only,LOGIT,bd_bond_canonical_state_h1,bond,bond_canonical,core_inflation_diff_z_smooth,macro,1041,0.2250057515532836,0.2250057515532836,0.1957597974583485,0.14777203128113223,1.0,0.0,0.1844380403458213,0.3314121037463977,1.0,z_smooth,21.223707215162797,0.010601623423853743,28,0.38917395625590123,False
teacher_majority_all_models__student_with_credit__z_smooth_only,z_smooth_only,LOGIT,bd_bond_canonical_state_h1,bond,bond_canonical,size_value_ret_dispersion_6m_z_smooth,equity_cross_section,1041,0.2138690568804135,0.22352011852145287,0.12482225383080767,0.2563967266987154,0.8242074927953891,0.17579250720461095,0.07492795389048991,0.2564841498559078,0.8242074927953891,z_smooth,21.223707215162797,0.01053162467119618,29,0.39970558092709746,False
teacher_majority_all_models__student_with_credit__z_smooth_only,z_smooth_only,LOGIT,bd_bond_canonical_state_h1,bond,bond_canonical,tsy_long_minus_short_z_smooth,treasury_rates,1041,0.2216388832561318,0.2216388832561318,0.1979230179950151,0.11011964074359382,1.0,0.0,0.1585014409221902,0.4755043227665706,1.0,z_smooth,21.223707215162797,0.010442986279879838,30,0.4101485672069773,False
teacher_majority_all_models__student_with_credit__z_smooth_only,z_smooth_only,LOGIT,bd_bond_canonical_state_h1,bond,bond_canonical,crsp_tsy_10_20y_z_smooth,treasury_rates,1041,0.2207490977675009,0.2207490977675009,0.19647205846889462,0.08467010338755394,1.0,0.0,0.05187319884726225,0.4783861671469741,1.0,z_smooth,21.223707215162797,0.010401062148548286,31,0.42054962935552553,False
teacher_majority_all_models__student_with_credit__z_smooth_only,z_smooth_only,LOGIT,bd_bond_canonical_state_h1,bond,bond_canonical,sentiment_logdiff_z_smooth,macro,1041,-0.22062369357490638,0.22062369357490638,0.1544692345926232,0.18095338607768643,0.0,1.0,0.14985590778097982,0.27089337175792505,1.0,z_smooth,21.223707215162797,0.010395153463919195,32,0.43094478281944476,False
teacher_majority_all_models__student_with_credit__z_smooth_only,z_smooth_only,LOGIT,bd_bond_canonical_state_h1,bond,bond_canonical,industry_ret_dispersion_1m_z_smooth,equity_cross_section,1041,-0.2157347228691186,0.2157347228691186,0.17894952301873251,0.16587674166870717,0.0,1.0,0.0345821325648415,0.11815561959654179,1.0,z_smooth,21.223707215162797,0.010164799235215223,33,0.44110958205466,False
teacher_majority_all_models__student_with_credit__z_smooth_only,z_smooth_only,LOGIT,bd_bond_canonical_state_h1,bond,bond_canonical,credit_ig_proxy_ret_z_smooth,credit,1041,0.20399939432807082,0.20477794100535707,0.1887228090105428,0.1249356417888713,0.9913544668587896,0.008645533141210375,0.05475504322766571,0.35446685878962536,0.9913544668587896,z_smooth,21.223707215162797,0.009648547208522464,34,0.4507581292631824,False
teacher_majority_all_models__student_with_credit__z_smooth_only,z_smooth_only,LOGIT,bd_bond_canonical_state_h1,bond,bond_canonical,industry_best_minus_worst_1m_z_smooth,equity_cross_section,1041,-0.203311620772631,0.20356668480603488,0.15315972932847027,0.16245002951314974,0.008645533141210375,0.9913544668587896,0.002881844380403458,0.1930835734870317,0.9913544668587896,z_smooth,21.223707215162797,0.009591476302528395,35,0.46034960556571086,False
teacher_majority_all_models__student_with_credit__z_smooth_only,z_smooth_only,LOGIT,bd_bond_canonical_state_h1,bond,bond_canonical,tsy_lambda_cov_diff_z_smooth,treasury_rates,1041,0.14009614709827864,0.19311630049250839,0.08542696214786998,0.29049880785732596,0.6743515850144092,0.3256484149855908,0.19020172910662825,0.276657060518732,0.6743515850144092,z_smooth,21.223707215162797,0.009099084270939284,36,0.4694486898366501,False
teacher_majority_all_models__student_with_credit__z_smooth_only,z_smooth_only,LOGIT,bd_bond_canonical_state_h1,bond,bond_canonical,industry_lambda_corr_diff_z_smooth,equity_cross_section,1041,-0.1677212145129347,0.19103457115933206,0.12519463688952392,0.1751793683231027,0.13256484149855907,0.8674351585014409,0.020172910662824207,0.14985590778097982,0.8674351585014409,z_smooth,21.223707215162797,0.00900099917618783,37,0.47844968901283796,False
teacher_majority_all_models__student_with_credit__z_smooth_only,z_smooth_only,LOGIT,bd_bond_canonical_state_h1,bond,bond_canonical,credit_ret_dispersion_1m_z_smooth,credit,1041,-0.18565931587203358,0.19023323680189763,0.13082318580805594,0.19101187105932727,0.09510086455331412,0.9048991354466859,0.05475504322766571,0.23919308357348704,0.9048991354466859,z_smooth,21.223707215162797,0.008963242607586944,38,0.48741293162042487,False
teacher_majority_all_models__student_with_credit__z_smooth_only,z_smooth_only,LOGIT,bd_bond_canonical_state_h1,bond,bond_canonical,tsy_20y_minus_1_3y_z_smooth,treasury_rates,1041,0.18569025633646877,0.18569025633646877,0.13817408855542837,0.12288415761528955,1.0,0.0,0.22478386167146974,0.4409221902017291,1.0,z_smooth,21.223707215162797,0.008749190443213737,39,0.49616212206363863,False
teacher_majority_all_models__student_with_credit__z_smooth_only,z_smooth_only,LOGIT,bd_bond_canonical_state_h1,bond,bond_canonical,cross_bond_credit_ig_corr_12m_fisher_diff_z_smooth,treasury_rates,1041,0.18567870308409987,0.18568503315668827,0.1433365058199606,0.1767250811291188,0.9971181556195965,0.002881844380403458,0.06628242074927954,0.2017291066282421,0.9971181556195965,z_smooth,21.223707215162797,0.00874894434201532,40,0.504911066405654,False
teacher_majority_all_models__student_with_credit__z_smooth_only,z_smooth_only,LOGIT,bd_bond_canonical_state_h1,bond,bond_canonical,credit_hy_ig_corr_12m_fisher_diff_z_smooth,credit,1041,0.18544608866886889,0.18544608866886889,0.13603400774077573,0.13129404243209059,1.0,0.0,0.002881844380403458,0.040345821325648415,1.0,z_smooth,21.223707215162797,0.008737685965455702,41,0.5136487523711096,False
teacher_majority_all_models__student_with_credit__z_smooth_only,z_smooth_only,LOGIT,bd_bond_canonical_state_h1,bond,bond_canonical,crsp_tsy_1_3y_z_smooth,treasury_rates,1041,0.18468456071554984,0.18468456071554984,0.11239347181003026,0.14749793802610198,1.0,0.0,0.002881844380403458,0.04899135446685879,1.0,z_smooth,21.223707215162797,0.00870180496004987,42,0.5223505573311595,False
teacher_majority_all_models__student_with_credit__z_smooth_only,z_smooth_only,LOGIT,bd_bond_canonical_state_h1,bond,bond_canonical,tsy_short_ret_z_smooth,treasury_rates,1041,0.18468456071554984,0.18468456071554984,0.11239347181003026,0.14749793802610198,1.0,0.0,0.002881844380403458,0.04610951008645533,1.0,z_smooth,21.223707215162797,0.00870180496004987,43,0.5310523622912094,False
teacher_majority_all_models__student_with_credit__z_smooth_only,z_smooth_only,LOGIT,bd_bond_canonical_state_h1,bond,bond_canonical,crsp_ind12_durbl_z_smooth,other,1041,0.008747226044329594,0.18318729335133202,0.12293734932695498,0.15391241580600037,0.5648414985590778,0.43515850144092216,0.043227665706051875,0.1239193083573487,0.5648414985590778,z_smooth,21.223707215162797,0.008631258031135014,44,0.5396836203223444,False
teacher_majority_all_models__student_with_credit__z_smooth_only,z_smooth_only,LOGIT,bd_bond_canonical_state_h1,bond,bond_canonical,crsp_tsy_3_7y_z_smooth,treasury_rates,1041,0.18292973095705672,0.18292973095705672,0.14095456261842537,0.09719216766880097,1.0,0.0,0.0,0.020172910662824207,1.0,z_smooth,21.223707215162797,0.008619122432407414,45,0.5483027427547518,False
teacher_majority_all_models__student_with_credit__z_smooth_only,z_smooth_only,LOGIT,bd_bond_canonical_state_h1,bond,bond_canonical,ff_mom_z_smooth,equity_cross_section,1041,-0.14936855884013625,0.17529581825625876,0.1117233290026516,0.15604963409665934,0.276657060518732,0.723342939481268,0.002881844380403458,0.05187319884726225,0.723342939481268,z_smooth,21.223707215162797,0.008259434437119573,46,0.5565621771918714,False
teacher_majority_all_models__student_with_credit__z_smooth_only,z_smooth_only,LOGIT,bd_bond_canonical_state_h1,bond,bond_canonical,credit_hy_proxy_ret_z_smooth,credit,1041,0.16653245652536125,0.17224763624277586,0.09503188793364471,0.19066364803079125,0.8357348703170029,0.1642651296829971,0.0,0.025936599423631124,0.8357348703170029,z_smooth,21.223707215162797,0.008115812873620752,47,0.5646779900654921,False
teacher_majority_all_models__student_with_credit__z_smooth_only,z_smooth_only,LOGIT,bd_bond_canonical_state_h1,bond,bond_canonical,tsy_long_ret_z_smooth,treasury_rates,1041,0.17212253417026194,0.17212253417026194,0.14207443664380118,0.09078330040326105,1.0,0.0,0.1239193083573487,0.3659942363112392,1.0,z_smooth,21.223707215162797,0.008109918424020328,48,0.5727879084895124,False
teacher_majority_all_models__student_with_credit__z_smooth_only,z_smooth_only,LOGIT,bd_bond_canonical_state_h1,bond,bond_canonical,bond_10y_ret_level_z_smooth,treasury_rates,1041,-0.05534782529118337,0.1659109346716662,0.09842578777523887,0.15231283006855809,0.5043227665706052,0.4956772334293948,0.0,0.002881844380403458,0.5043227665706052,z_smooth,21.223707215162797,0.00781724573325884,49,0.5806051542227714,False
teacher_majority_all_models__student_with_credit__z_smooth_only,z_smooth_only,LOGIT,bd_bond_canonical_state_h1,bond,bond_canonical,nfci_diff_z_smooth,financial_conditions,1041,-0.10147531295618513,0.16423426304774455,0.1444788665904113,0.12502197457502087,0.36023054755043227,0.6397694524495677,0.0,0.07780979827089338,0.6397694524495677,z_smooth,21.223707215162797,0.007738245791970363,50,0.5883434000147417,False
teacher_majority_all_models__student_with_credit__z_smooth_only,z_smooth_only,LOGIT,bd_bond_canonical_state_h1,bond,bond_canonical,crsp_ind12_other_z_smooth,other,1041,-0.1633117479267488,0.16364469081934058,0.09551989792058299,0.14760129109141354,0.043227665706051875,0.9567723342939481,0.0,0.0,0.9567723342939481,z_smooth,21.223707215162797,0.0077104668454165415,51,0.5960538668601583,False
teacher_majority_all_models__student_with_credit__z_smooth_only,z_smooth_only,LOGIT,bd_bond_canonical_state_h1,bond,bond_canonical,crsp_tsy_7_10y_z_smooth,treasury_rates,1041,0.16196987989675946,0.16196987989675946,0.13624366250271217,0.07748912735081745,1.0,0.0,0.0,0.005763688760806916,1.0,z_smooth,21.223707215162797,0.0076315545750199444,52,0.6036854214351781,False
teacher_majority_all_models__student_with_credit__z_smooth_only,z_smooth_only,LOGIT,bd_bond_canonical_state_h1,bond,bond_canonical,cross_bond_proxy_ret_z_smooth,treasury_rates,1041,0.16191093452521668,0.16191093452521668,0.1417265720869737,0.07764261958252211,1.0,0.0,0.0,0.2507204610951009,1.0,z_smooth,21.223707215162797,0.007628777238763597,53,0.6113141986739418,False
teacher_majority_all_models__student_with_credit__z_smooth_only,z_smooth_only,LOGIT,bd_bond_canonical_state_h1,bond,bond_canonical,crsp_ind12_nodur_z_smooth,other,1041,0.13022609897384546,0.16158289029592776,0.1570002835682049,0.12137820147492301,0.8357348703170029,0.1642651296829971,0.04610951008645533,0.17002881844380405,0.8357348703170029,z_smooth,21.223707215162797,0.007613320738824013,54,0.6189275194127658,False
teacher_majority_all_models__student_with_credit__z_smooth_only,z_smooth_only,LOGIT,bd_bond_canonical_state_h1,bond,bond_canonical,size_value_ret_dispersion_1m_z_smooth,equity_cross_section,1041,0.14146358372187517,0.1596514748063684,0.07220852279237018,0.19121329264523204,0.723342939481268,0.276657060518732,0.0,0.04899135446685879,0.723342939481268,z_smooth,21.223707215162797,0.007522317999765329,55,0.6264498374125311,False
teacher_majority_all_models__student_with_credit__z_smooth_only,z_smooth_only,LOGIT,bd_bond_canonical_state_h1,bond,bond_canonical,credit_hy_ig_corr_12m_fisher_z_smooth,credit,1041,0.011324380769699834,0.1569525571792097,0.10447590057413711,0.1400599867138766,0.40634005763688763,0.5936599423631124,0.0,0.011527377521613832,0.5936599423631124,z_smooth,21.223707215162797,0.0073951527689318335,56,0.6338449901814629,False
teacher_majority_all_models__student_with_credit__z_smooth_only,z_smooth_only,LOGIT,bd_bond_canonical_state_h1,bond,bond_canonical,industry_ret_dispersion_6m_z_smooth,equity_cross_section,1041,-0.1566018612595564,0.15693021064601215,0.13091508044400316,0.12159230930353322,0.005763688760806916,0.9942363112391931,0.0,0.020172910662824207,0.9942363112391931,z_smooth,21.223707215162797,0.007394099864603151,57,0.641239090046066,False
teacher_majority_all_models__student_with_credit__z_smooth_only,z_smooth_only,LOGIT,bd_bond_canonical_state_h1,bond,bond_canonical,tsy_intermediate_ret_z_smooth,treasury_rates,1041,0.15606121758936306,0.15606121758936306,0.1261793206014346,0.07459796118457189,1.0,0.0,0.0,0.037463976945244955,1.0,z_smooth,21.223707215162797,0.007353155412823857,58,0.6485922454588899,False
teacher_majority_all_models__student_with_credit__z_smooth_only,z_smooth_only,LOGIT,bd_bond_canonical_state_h1,bond,bond_canonical,industry_rotation_speed_12m_z_smooth,equity_cross_section,1041,-0.149996223668346,0.149996223668346,0.1527349504772858,0.06220250395493604,0.0,1.0,0.037463976945244955,0.1729106628242075,1.0,z_smooth,21.223707215162797,0.007067390354932177,59,0.6556596358138221,False
teacher_majority_all_models__student_with_credit__z_smooth_only,z_smooth_only,LOGIT,bd_bond_canonical_state_h1,bond,bond_canonical,cmdty_sharpe_12m_z_smooth,commodities,1041,-0.1350610129936422,0.1471847647188425,0.0751931289653212,0.15835705716834375,0.23631123919308358,0.7636887608069164,0.0,0.07780979827089338,0.7636887608069164,z_smooth,21.223707215162797,0.006934922500895117,60,0.6625945583147173,False
teacher_majority_all_models__student_with_credit__z_smooth_only,z_smooth_only,LOGIT,bd_bond_canonical_state_h1,bond,bond_canonical,crsp_tsy_20y_plus_z_smooth,treasury_rates,1041,0.1392482431766185,0.14173214434557072,0.09728747718022884,0.10902565764189052,0.9423631123919308,0.05763688760806916,0.10951008645533142,0.3688760806916426,0.9423631123919308,z_smooth,21.223707215162797,0.006678010722100114,61,0.6692725690368173,False
teacher_majority_all_models__student_with_credit__z_smooth_only,z_smooth_only,LOGIT,bd_bond_canonical_state_h1,bond,bond_canonical,small_minus_big_z_smooth,equity_cross_section,1041,-0.09252950793423494,0.13817581917963684,0.11964298640549638,0.0813597443182979,0.207492795389049,0.792507204610951,0.0,0.0,0.792507204610951,z_smooth,21.223707215162797,0.00651044691574525,62,0.6757830159525626,False
teacher_majority_all_models__student_with_credit__z_smooth_only,z_smooth_only,LOGIT,bd_bond_canonical_state_h1,bond,bond_canonical,bime_vwret_z_smooth,other,1041,0.09712835464147891,0.13759320581759246,0.06813515272628104,0.15978981084134258,0.5994236311239193,0.40057636887608067,0.0,0.0,0.5994236311239193,z_smooth,21.223707215162797,0.00648299585094597,63,0.6822660118035085,False
teacher_majority_all_models__student_with_credit__z_smooth_only,z_smooth_only,LOGIT,bd_bond_canonical_state_h1,bond,bond_canonical,crsp_ind12_chems_z_smooth,other,1041,0.13150214420788142,0.13664983991322177,0.09376231003890999,0.11944752288848545,0.9164265129682997,0.08357348703170028,0.0,0.008645533141210375,0.9164265129682997,z_smooth,21.223707215162797,0.006438547164634621,64,0.6887045589681432,False
teacher_majority_all_models__student_with_credit__z_smooth_only,z_smooth_only,LOGIT,bd_bond_canonical_state_h1,bond,bond_canonical,credit_ret_dispersion_6m_z_smooth,credit,1041,-0.13474478112624874,0.13547257463000145,0.08850390765807635,0.1139754216193543,0.05187319884726225,0.9481268011527377,0.0,0.0,0.9481268011527377,z_smooth,21.223707215162797,0.006383077812777974,65,0.6950876367809211,False
teacher_majority_all_models__student_with_credit__z_smooth_only,z_smooth_only,LOGIT,bd_bond_canonical_state_h1,bond,bond_canonical,cross_eq_cmdty_corr_12m_fisher_diff_z_smooth,commodities,1041,-0.12374432119363421,0.1350410030042675,0.06207516387763657,0.15997308903853824,0.2132564841498559,0.7867435158501441,0.06051873198847262,0.07780979827089338,0.7867435158501441,z_smooth,21.223707215162797,0.006362743399880229,66,0.7014503801808014,False
teacher_majority_all_models__student_with_credit__z_smooth_only,z_smooth_only,LOGIT,bd_bond_canonical_state_h1,bond,bond_canonical,industry_pca1_share_diff_z_smooth,equity_cross_section,1041,0.09790309315782464,0.1349035980948517,0.10293692238102627,0.11944306728028753,0.7636887608069164,0.23631123919308358,0.020172910662824207,0.11527377521613832,0.7636887608069164,z_smooth,21.223707215162797,0.0063562692760138,67,0.7078066494568152,False
teacher_majority_all_models__student_with_credit__z_smooth_only,z_smooth_only,LOGIT,bd_bond_canonical_state_h1,bond,bond_canonical,tsy_pca1_share_12m_z_smooth,treasury_rates,1041,-0.1138307590480043,0.1346572967150368,0.09064577482678544,0.14055495269322527,0.1786743515850144,0.8213256484149856,0.0,0.01440922190201729,0.8213256484149856,z_smooth,21.223707215162797,0.006344664263877233,68,0.7141513137206924,False
teacher_majority_all_models__student_with_credit__z_smooth_only,z_smooth_only,LOGIT,bd_bond_canonical_state_h1,bond,bond_canonical,factor_corr_absavg_12m_z_smooth,equity_cross_section,1041,0.13332466028856155,0.13332466028856155,0.09061406497291305,0.08775910752083728,1.0,0.0,0.002881844380403458,0.01440922190201729,1.0,z_smooth,21.223707215162797,0.0062818742709242975,69,0.7204331879916167,False
teacher_majority_all_models__student_with_credit__z_smooth_only,z_smooth_only,LOGIT,bd_bond_canonical_state_h1,bond,bond_canonical,tsy_corr_absavg_12m_z_smooth,treasury_rates,1041,-0.11101610624605593,0.13203917275194355,0.09099609455838933,0.13599887626879914,0.17579250720461095,0.8242074927953891,0.0,0.005763688760806916,0.8242074927953891,z_smooth,21.223707215162797,0.0062213057979621554,70,0.7266544937895789,False
teacher_majority_all_models__student_with_credit__z_smooth_only,z_smooth_only,LOGIT,bd_bond_canonical_state_h1,bond,bond_canonical,tsy_corr_avg_12m_z_smooth,treasury_rates,1041,-0.11101610624605593,0.13203917275194355,0.09099609455838933,0.13599887626879914,0.17579250720461095,0.8242074927953891,0.0,0.002881844380403458,0.8242074927953891,z_smooth,21.223707215162797,0.0062213057979621554,71,0.732875799587541,False
teacher_majority_all_models__student_with_credit__z_smooth_only,z_smooth_only,LOGIT,bd_bond_canonical_state_h1,bond,bond_canonical,cmdty_vol_12m_z_smooth,commodities,1041,-0.11569166138726017,0.1315386675865474,0.06586631150949968,0.13910878980706542,0.14121037463976946,0.8587896253602305,0.0,0.008645533141210375,0.8587896253602305,z_smooth,21.223707215162797,0.006197723435073236,72,0.7390735230226143,False
teacher_majority_all_models__student_with_credit__z_smooth_only,z_smooth_only,LOGIT,bd_bond_canonical_state_h1,bond,bond_canonical,industry_best_minus_worst_6m_z_smooth,equity_cross_section,1041,-0.11409934703633119,0.1311677829138314,0.10408042063356625,0.09736733428659708,0.09798270893371758,0.9020172910662824,0.0,0.0,0.9020172910662824,z_smooth,21.223707215162797,0.006180248416738502,73,0.7452537714393528,False
teacher_majority_all_models__student_with_credit__z_smooth_only,z_smooth_only,LOGIT,bd_bond_canonical_state_h1,bond,bond_canonical,size_value_pca1_share_12m_z_smooth,equity_cross_section,1041,-0.10051246915587189,0.1300987177671827,0.09928876389048638,0.07345481535276302,0.15273775216138327,0.8472622478386167,0.0,0.0,0.8472622478386167,z_smooth,21.223707215162797,0.006129877143906161,74,0.7513836485832589,False
teacher_majority_all_models__student_with_credit__z_smooth_only,z_smooth_only,LOGIT,bd_bond_canonical_state_h1,bond,bond_canonical,crsp_ind12_hlth_z_smooth,other,1041,-0.09960473774880468,0.12820058970311737,0.06493540413995512,0.17299109115776953,0.3861671469740634,0.6138328530259366,0.011527377521613832,0.06628242074927954,0.6138328530259366,z_smooth,21.223707215162797,0.006040442812532174,75,0.7574240913957911,False
teacher_majority_all_models__student_with_credit__z_smooth_only,z_smooth_only,LOGIT,bd_bond_canonical_state_h1,bond,bond_canonical,size_value_corr_avg_12m_z_smooth,equity_cross_section,1041,-0.1005079001234446,0.1279876828810799,0.11059806890949087,0.06762454459111755,0.15273775216138327,0.8472622478386167,0.0,0.0,0.8472622478386167,z_smooth,21.223707215162797,0.006030411255845161,76,0.7634545026516363,False
teacher_majority_all_models__student_with_credit__z_smooth_only,z_smooth_only,LOGIT,bd_bond_canonical_state_h1,bond,bond_canonical,size_value_corr_absavg_12m_z_smooth,equity_cross_section,1041,-0.09896611977379513,0.12646067990040225,0.10042086400269672,0.07694232850609643,0.15561959654178675,0.8443804034582133,0.0,0.0,0.8443804034582133,z_smooth,21.223707215162797,0.005958463270264833,77,0.7694129659219011,False
teacher_majority_all_models__student_with_credit__z_smooth_only,z_smooth_only,LOGIT,bd_bond_canonical_state_h1,bond,bond_canonical,credit_lambda_cov_12m_z_smooth,credit,1041,0.09381681415770264,0.12340151866175568,0.09251949740471338,0.09962714711448402,0.9020172910662824,0.09798270893371758,0.002881844380403458,0.040345821325648415,0.9020172910662824,z_smooth,21.223707215162797,0.005814324397275621,78,0.7752272903191767,False
teacher_majority_all_models__student_with_credit__z_smooth_only,z_smooth_only,LOGIT,bd_bond_canonical_state_h1,bond,bond_canonical,ff_rmw_z_smooth,equity_cross_section,1041,0.076833877024264,0.12193647922334534,0.12705518113833816,0.06571619370675248,0.8097982708933718,0.19020172910662825,0.0,0.11527377521613832,0.8097982708933718,z_smooth,21.223707215162797,0.005745295955469579,79,0.7809725862746463,False
teacher_majority_all_models__student_with_credit__z_smooth_only,z_smooth_only,LOGIT,bd_bond_canonical_state_h1,bond,bond_canonical,cross_eq_bond_corr_12m_fisher_diff_z_smooth,treasury_rates,1041,-0.11858243117361623,0.11858243117361623,0.10044975714864116,0.08594985726670364,0.0,1.0,0.002881844380403458,0.005763688760806916,1.0,z_smooth,21.223707215162797,0.005587262864656261,80,0.7865598491393025,False
teacher_majority_all_models__student_with_credit__z_smooth_only,z_smooth_only,LOGIT,bd_bond_canonical_state_h1,bond,bond_canonical,cmdty_ret_12m_z_smooth,commodities,1041,-0.061610980439022536,0.11724292687280131,0.06510535674603775,0.11177578827664587,0.3371757925072046,0.6628242074927954,0.0,0.0,0.6628242074927954,z_smooth,21.223707215162797,0.005524149277230877,81,0.7920839984165334,False
teacher_majority_all_models__student_with_credit__z_smooth_only,z_smooth_only,LOGIT,bd_bond_canonical_state_h1,bond,bond_canonical,crsp_ind12_telcm_z_smooth,other,1041,-0.1160002533371721,0.11675336275119182,0.07732916709415022,0.10672053499107946,0.043227665706051875,0.9567723342939481,0.0,0.011527377521613832,0.9567723342939481,z_smooth,21.223707215162797,0.0055010824248357525,82,0.7975850808413691,False
teacher_majority_all_models__student_with_credit__z_smooth_only,z_smooth_only,LOGIT,bd_bond_canonical_state_h1,bond,bond_canonical,size_value_lambda_corr_diff_z_smooth,equity_cross_section,1041,0.049395361153287215,0.1164755287454629,0.06360179395999947,0.14255151300989047,0.4322766570605187,0.5677233429394812,0.025936599423631124,0.1037463976945245,0.5677233429394812,z_smooth,21.223707215162797,0.005487991686120208,83,0.8030730725274894,False
teacher_majority_all_models__student_with_credit__z_smooth_only,z_smooth_only,LOGIT,bd_bond_canonical_state_h1,bond,bond_canonical,rho_12m_eq_fi_fisher_diff_z_smooth,volatility_dependence,1041,0.06336547145769124,0.1153753795204942,0.05211106955902231,0.18650340062560583,0.4207492795389049,0.579250720461095,0.002881844380403458,0.04610951008645533,0.579250720461095,z_smooth,21.223707215162797,0.005436155820980553,84,0.8085092283484699,False
teacher_majority_all_models__student_with_credit__z_smooth_only,z_smooth_only,LOGIT,bd_bond_canonical_state_h1,bond,bond_canonical,factor_pca1_share_12m_z_smooth,equity_cross_section,1041,0.10942031473388245,0.10954822803442309,0.09175349786282802,0.05588765210974684,0.9942363112391931,0.005763688760806916,0.0,0.011527377521613832,0.9942363112391931,z_smooth,21.223707215162797,0.0051615972140889145,85,0.8136708255625589,False
teacher_majority_all_models__student_with_credit__z_smooth_only,z_smooth_only,LOGIT,bd_bond_canonical_state_h1,bond,bond_canonical,credit_lambda_cov_diff_z_smooth,credit,1041,0.07412092174133487,0.10907695001895235,0.04719790355214298,0.15017655669729496,0.4697406340057637,0.5302593659942363,0.0,0.0,0.5302593659942363,z_smooth,21.223707215162797,0.005139391950385783,86,0.8188102175129447,False
teacher_majority_all_models__student_with_credit__z_smooth_only,z_smooth_only,LOGIT,bd_bond_canonical_state_h1,bond,bond_canonical,crsp_ind12_manuf_z_smooth,other,1041,0.10819392362238707,0.10825778550615507,0.10135509838873946,0.05685503864728681,0.9971181556195965,0.002881844380403458,0.0,0.0,0.9971181556195965,z_smooth,21.223707215162797,0.005100795276181192,87,0.8239110127891258,False
teacher_majority_all_models__student_with_credit__z_smooth_only,z_smooth_only,LOGIT,bd_bond_canonical_state_h1,bond,bond_canonical,value_avg_ret_z_smooth,equity_cross_section,1041,-0.09739283418434667,0.10807561419542393,0.07578803660049903,0.09657108092439866,0.2334293948126801,0.7665706051873199,0.0,0.0,0.7665706051873199,z_smooth,21.223707215162797,0.005092211888327019,88,0.8290032246774529,False
teacher_majority_all_models__student_with_credit__z_smooth_only,z_smooth_only,LOGIT,bd_bond_canonical_state_h1,bond,bond_canonical,small_avg_ret_z_smooth,equity_cross_section,1041,-0.08563542192843984,0.1077895073848071,0.08746984708081013,0.07643456351801808,0.207492795389049,0.792507204610951,0.0,0.0,0.792507204610951,z_smooth,21.223707215162797,0.005078731358855126,89,0.834081956036308,False
teacher_majority_all_models__student_with_credit__z_smooth_only,z_smooth_only,LOGIT,bd_bond_canonical_state_h1,bond,bond_canonical,smhi_vwret_z_smooth,other,1041,-0.10474816369655726,0.10627280738622123,0.08273452990429792,0.09212956082791995,0.07780979827089338,0.9221902017291066,0.0,0.0,0.9221902017291066,z_smooth,21.223707215162797,0.005007268820137936,90,0.8390892248564459,False
teacher_majority_all_models__student_with_credit__z_smooth_only,z_smooth_only,LOGIT,bd_bond_canonical_state_h1,bond,bond_canonical,tsy_lambda_corr_diff_z_smooth,treasury_rates,1041,0.060496503603192954,0.10603571191625576,0.049969280065049825,0.1189940118708472,0.7867435158501441,0.2132564841498559,0.0,0.0,0.7867435158501441,z_smooth,21.223707215162797,0.004996097563977934,91,0.8440853224204239,False
teacher_majority_all_models__student_with_credit__z_smooth_only,z_smooth_only,LOGIT,bd_bond_canonical_state_h1,bond,bond_canonical,factor_ret_dispersion_6m_z_smooth,equity_cross_section,1041,0.1004946467226966,0.10491584973118959,0.06847734797174684,0.08809170551878123,0.9452449567723343,0.05475504322766571,0.0,0.0,0.9452449567723343,z_smooth,21.223707215162797,0.004943332880894382,92,0.8490286553013182,False
teacher_majority_all_models__student_with_credit__z_smooth_only,z_smooth_only,LOGIT,bd_bond_canonical_state_h1,bond,bond_canonical,industry_lambda_corr_12m_z_smooth,equity_cross_section,1041,0.053576649189252014,0.10450202560841387,0.0437093740913053,0.11909154177298123,0.7002881844380403,0.29971181556195964,0.08069164265129683,0.15273775216138327,0.7002881844380403,z_smooth,21.223707215162797,0.004923834679256919,93,0.8539524899805752,False
teacher_majority_all_models__student_with_credit__z_smooth_only,z_smooth_only,LOGIT,bd_bond_canonical_state_h1,bond,bond_canonical,crsp_ind12_enrgy_z_smooth,other,1041,0.05445150735069601,0.10140022145347911,0.050900450122056524,0.13590837934847053,0.6397694524495677,0.36023054755043227,0.008645533141210375,0.12103746397694524,0.6397694524495677,z_smooth,21.223707215162797,0.004777686594782839,94,0.858730176575358,False
teacher_majority_all_models__student_with_credit__z_smooth_only,z_smooth_only,LOGIT,bd_bond_canonical_state_h1,bond,bond_canonical,vix_logdiff_z_smooth,volatility_dependence,1041,-0.09495475489300945,0.10077985657512152,0.08645267718828917,0.07433853685234577,0.08357348703170028,0.9164265129682997,0.0,0.01729106628242075,0.9164265129682997,z_smooth,21.223707215162797,0.004748456787187567,95,0.8634786333625456,False
teacher_majority_all_models__student_with_credit__z_smooth_only,z_smooth_only,LOGIT,bd_bond_canonical_state_h1,bond,bond_canonical,crsp_ind12_buseq_z_smooth,other,1041,-0.053377355241222245,0.0977751084852892,0.05565674558353479,0.08784517220212791,0.20461095100864554,0.7953890489913544,0.0,0.04899135446685879,0.7953890489913544,z_smooth,21.223707215162797,0.00460688170516393,96,0.8680855150677095,False
teacher_majority_all_models__student_with_credit__z_smooth_only,z_smooth_only,LOGIT,bd_bond_canonical_state_h1,bond,bond_canonical,size_value_pca1_share_diff_z_smooth,equity_cross_section,1041,-0.06850065707223381,0.09755834613255325,0.07670584028072223,0.09315794489764413,0.1642651296829971,0.8357348703170029,0.0,0.0,0.8357348703170029,z_smooth,21.223707215162797,0.004596668486967013,97,0.8726821835546765,False
teacher_majority_all_models__student_with_credit__z_smooth_only,z_smooth_only,LOGIT,bd_bond_canonical_state_h1,bond,bond_canonical,factor_lambda_cov_diff_z_smooth,equity_cross_section,1041,0.053472959040271634,0.09705217617080297,0.06280145786938873,0.09245115391317668,0.4610951008645533,0.5389048991354467,0.0,0.0,0.5389048991354467,z_smooth,21.223707215162797,0.004572819215177744,98,0.8772550027698542,False
teacher_majority_all_models__student_with_credit__z_smooth_only,z_smooth_only,LOGIT,bd_bond_canonical_state_h1,bond,bond_canonical,factor_corr_avg_12m_z_smooth,equity_cross_section,1041,-0.025181686700403588,0.09648822937278521,0.07943996770923022,0.09223874427548938,0.21902017291066284,0.7809798270893372,0.0,0.002881844380403458,0.7809798270893372,z_smooth,21.223707215162797,0.004546247665151137,99,0.8818012504350053,False
teacher_majority_all_models__student_with_credit__z_smooth_only,z_smooth_only,LOGIT,bd_bond_canonical_state_h1,bond,bond_canonical,smlo_vwret_z_smooth,other,1041,0.0332477549821021,0.09612295480087735,0.0563143534778807,0.10549899101063044,0.3631123919308357,0.6368876080691642,0.0,0.002881844380403458,0.6368876080691642,z_smooth,21.223707215162797,0.0045290369786200445,100,0.8863302874136254,False
teacher_majority_all_models__student_with_credit__z_smooth_only,z_smooth_only,LOGIT,bd_bond_canonical_state_h1,bond,bond_canonical,tsy_lambda_cov_12m_z_smooth,treasury_rates,1041,-0.00010815624628678655,0.0953579056377503,0.07715944255623422,0.07974472923983437,0.521613832853026,0.4783861671469741,0.0,0.0,0.521613832853026,z_smooth,21.223707215162797,0.004492990063942458,101,0.8908232774775678,False
teacher_majority_all_models__student_with_credit__z_smooth_only,z_smooth_only,LOGIT,bd_bond_canonical_state_h1,bond,bond_canonical,anfci_level_z_smooth,financial_conditions,1041,-0.0821750684816618,0.09525824360786818,0.07491527903183492,0.07807921972444982,0.1037463976945245,0.8962536023054755,0.0,0.0,0.8962536023054755,z_smooth,21.223707215162797,0.004488294275931826,102,0.8953115717534997,False
teacher_majority_all_models__student_with_credit__z_smooth_only,z_smooth_only,LOGIT,bd_bond_canonical_state_h1,bond,bond_canonical,fred_anfci_z_smooth,financial_conditions,1041,-0.0821750684816618,0.09525824360786818,0.07491527903183492,0.07807921972444982,0.1037463976945245,0.8962536023054755,0.0,0.0,0.8962536023054755,z_smooth,21.223707215162797,0.004488294275931826,103,0.8997998660294315,False
teacher_majority_all_models__student_with_credit__z_smooth_only,z_smooth_only,LOGIT,bd_bond_canonical_state_h1,bond,bond_canonical,tsy_lambda_corr_12m_z_smooth,treasury_rates,1041,-0.029996096117505932,0.09319233412736258,0.08833049884303287,0.0739739398047157,0.35446685878962536,0.6455331412103746,0.0,0.0,0.6455331412103746,z_smooth,21.223707215162797,0.004390954567107081,104,0.9041908205965387,False
teacher_majority_all_models__student_with_credit__z_smooth_only,z_smooth_only,LOGIT,bd_bond_canonical_state_h1,bond,bond_canonical,cmdty_ret_6m_z_smooth,commodities,1041,-0.0633058503621204,0.09269154233592418,0.057359390855013286,0.09270715390441454,0.33429394812680113,0.6657060518731989,0.0,0.023054755043227664,0.6657060518731989,z_smooth,21.223707215162797,0.004367358699223989,105,0.9085581792957627,False
teacher_majority_all_models__student_with_credit__z_smooth_only,z_smooth_only,LOGIT,bd_bond_canonical_state_h1,bond,bond_canonical,bihi_vwret_z_smooth,other,1041,-0.07920900040456706,0.09136908527500105,0.07144381407702091,0.07458697972009007,0.16138328530259366,0.8386167146974063,0.0,0.0,0.8386167146974063,z_smooth,21.223707215162797,0.004305048328678624,106,0.9128632276244413,False
teacher_majority_all_models__student_with_credit__z_smooth_only,z_smooth_only,LOGIT,bd_bond_canonical_state_h1,bond,bond_canonical,policy_rate_diff_z_smooth,treasury_rates,1041,-0.07278160526794594,0.08828083404625185,0.06092540020359667,0.0896617157475736,0.1988472622478386,0.8011527377521613,0.0,0.01440922190201729,0.8011527377521613,z_smooth,21.223707215162797,0.004159538819079714,107,0.917022766443521,False
teacher_majority_all_models__student_with_credit__z_smooth_only,z_smooth_only,LOGIT,bd_bond_canonical_state_h1,bond,bond_canonical,tsy_pca1_share_diff_z_smooth,treasury_rates,1041,-0.027549846962388304,0.08823105949882572,0.062036511617430345,0.0835268058132743,0.37175792507204614,0.6282420749279539,0.011527377521613832,0.02881844380403458,0.6282420749279539,z_smooth,21.223707215162797,0.004157193585661182,108,0.9211799600291821,False
teacher_majority_all_models__student_with_credit__z_smooth_only,z_smooth_only,LOGIT,bd_bond_canonical_state_h1,bond,bond_canonical,factor_lambda_corr_12m_z_smooth,equity_cross_section,1041,0.07171469315705364,0.08816597302911917,0.07084826961846047,0.07214066553232774,0.9279538904899135,0.07204610951008646,0.0,0.03170028818443804,0.9279538904899135,z_smooth,21.223707215162797,0.00415412689853406,109,0.9253340869277162,False
teacher_majority_all_models__student_with_credit__z_smooth_only,z_smooth_only,LOGIT,bd_bond_canonical_state_h1,bond,bond_canonical,equity_market_level_z_smooth,other,1041,-0.08771570658124854,0.08802042495193672,0.059443473217578424,0.08172561112099545,0.03170028818443804,0.968299711815562,0.0,0.0,0.968299711815562,z_smooth,21.223707215162797,0.004147269092039327,110,0.9294813560197556,False
teacher_majority_all_models__student_with_credit__z_smooth_only,z_smooth_only,LOGIT,bd_bond_canonical_state_h1,bond,bond_canonical,ff_smb_z_smooth,equity_cross_section,1041,-0.011700367893465104,0.08697827291597686,0.0707483820888012,0.07569108103637977,0.2737752161383285,0.7262247838616714,0.0,0.0,0.7262247838616714,z_smooth,21.223707215162797,0.004098165887523986,111,0.9335795219072796,False
teacher_majority_all_models__student_with_credit__z_smooth_only,z_smooth_only,LOGIT,bd_bond_canonical_state_h1,bond,bond_canonical,size_value_rotation_speed_12m_z_smooth,equity_cross_section,1041,-0.028229522642976772,0.08187125092712588,0.05721504433210116,0.06901223721242301,0.4207492795389049,0.579250720461095,0.0,0.0,0.579250720461095,z_smooth,21.223707215162797,0.0038575377099357468,112,0.9374370596172152,False
teacher_majority_all_models__student_with_credit__z_smooth_only,z_smooth_only,LOGIT,bd_bond_canonical_state_h1,bond,bond_canonical,tsy_rotation_speed_12m_z_smooth,treasury_rates,1041,0.019435774840313575,0.07983276248297688,0.06125943581003458,0.07574526951586517,0.6051873198847262,0.39481268011527376,0.01440922190201729,0.04610951008645533,0.6051873198847262,z_smooth,21.223707215162797,0.003761490001423605,113,0.9411985496186389,False
teacher_majority_all_models__student_with_credit__z_smooth_only,z_smooth_only,LOGIT,bd_bond_canonical_state_h1,bond,bond_canonical,tsy_belly_minus_barbell_z_smooth,treasury_rates,1041,0.009177301602629914,0.07533581103553486,0.06245725291337127,0.05959224189333261,0.414985590778098,0.5850144092219021,0.0,0.0,0.5850144092219021,z_smooth,21.223707215162797,0.0035496065919017623,114,0.9447481562105406,False
teacher_majority_all_models__student_with_credit__z_smooth_only,z_smooth_only,LOGIT,bd_bond_canonical_state_h1,bond,bond_canonical,nfci_minus_anfci_z_smooth,financial_conditions,1041,0.0346655021891932,0.07374420536447916,0.05827531079358934,0.07231127947865676,0.6657060518731989,0.33429394812680113,0.0,0.0,0.6657060518731989,z_smooth,21.223707215162797,0.0034746147134839048,115,0.9482227709240245,False
teacher_majority_all_models__student_with_credit__z_smooth_only,z_smooth_only,LOGIT,bd_bond_canonical_state_h1,bond,bond_canonical,small_value_minus_big_growth_z_smooth,equity_cross_section,1041,-0.06226880624120804,0.07121577126730395,0.06135638201388347,0.046560299152090416,0.1440922190201729,0.8559077809798271,0.0,0.0,0.8559077809798271,z_smooth,21.223707215162797,0.003355482175914369,116,0.9515782530999389,False
teacher_majority_all_models__student_with_credit__z_smooth_only,z_smooth_only,LOGIT,bd_bond_canonical_state_h1,bond,bond_canonical,curve_belly_diff_z_smooth,treasury_rates,1041,-0.003096386439383138,0.07033432868739926,0.03971034946204448,0.08191874834761341,0.30835734870317005,0.69164265129683,0.0,0.0,0.69164265129683,z_smooth,21.223707215162797,0.0033139511384302593,117,0.9548922042383692,False
teacher_majority_all_models__student_with_credit__z_smooth_only,z_smooth_only,LOGIT,bd_bond_canonical_state_h1,bond,bond_canonical,cmdty_broad_aqr_ret_z_smooth,commodities,1041,-0.022185733427866734,0.06785918559430722,0.042042675164747204,0.09365023351796209,0.5389048991354467,0.4610951008645533,0.023054755043227664,0.037463976945244955,0.5389048991354467,z_smooth,21.223707215162797,0.0031973295195962164,118,0.9580895337579654,False
teacher_majority_all_models__student_with_credit__z_smooth_only,z_smooth_only,LOGIT,bd_bond_canonical_state_h1,bond,bond_canonical,cmdty_ret_1m_z_smooth,commodities,1041,-0.022185733427866734,0.06785918559430722,0.042042675164747204,0.09365023351796209,0.5389048991354467,0.4610951008645533,0.011527377521613832,0.0345821325648415,0.5389048991354467,z_smooth,21.223707215162797,0.0031973295195962164,119,0.9612868632775616,False
teacher_majority_all_models__student_with_credit__z_smooth_only,z_smooth_only,LOGIT,bd_bond_canonical_state_h1,bond,bond_canonical,fred_nfci_z_smooth,financial_conditions,1041,-0.055512725333241746,0.06755173783668933,0.04597969066392567,0.06642065327029364,0.1037463976945245,0.8962536023054755,0.0,0.0,0.8962536023054755,z_smooth,21.223707215162797,0.00318284346612304,120,0.9644697067436846,False
teacher_majority_all_models__student_with_credit__z_smooth_only,z_smooth_only,LOGIT,bd_bond_canonical_state_h1,bond,bond_canonical,nfci_level_z_smooth,financial_conditions,1041,-0.055512725333241746,0.06755173783668933,0.04597969066392567,0.06642065327029364,0.1037463976945245,0.8962536023054755,0.0,0.0,0.8962536023054755,z_smooth,21.223707215162797,0.00318284346612304,121,0.9676525502098077,False
teacher_majority_all_models__student_with_credit__z_smooth_only,z_smooth_only,LOGIT,bd_bond_canonical_state_h1,bond,bond_canonical,cfnai_level_z_smooth,macro,1041,-0.01485608856473843,0.06657531448922661,0.04865514192024501,0.05297848241170298,0.26512968299711814,0.7348703170028819,0.0,0.0,0.7348703170028819,z_smooth,21.223707215162797,0.003136837208235863,122,0.9707893874180435,False
teacher_majority_all_models__student_with_credit__z_smooth_only,z_smooth_only,LOGIT,bd_bond_canonical_state_h1,bond,bond_canonical,factor_rotation_speed_12m_z_smooth,equity_cross_section,1041,0.03353766028139642,0.06488074678621727,0.04391216657185215,0.0602055731056566,0.654178674351585,0.345821325648415,0.0,0.0,0.654178674351585,z_smooth,21.223707215162797,0.003056994055207504,123,0.9738463814732511,False
teacher_majority_all_models__student_with_credit__z_smooth_only,z_smooth_only,LOGIT,bd_bond_canonical_state_h1,bond,bond_canonical,value_minus_growth_z_smooth,equity_cross_section,1041,-0.055079978147093,0.06459219266918899,0.05155662393435804,0.06668145149421463,0.2334293948126801,0.7665706051873199,0.0,0.0,0.7665706051873199,z_smooth,21.223707215162797,0.0030433982157010986,124,0.9768897796889522,False
teacher_majority_all_models__student_with_credit__z_smooth_only,z_smooth_only,LOGIT,bd_bond_canonical_state_h1,bond,bond_canonical,ff_hml_z_smooth,equity_cross_section,1041,-0.054760050443955675,0.06439739293306453,0.051472590795188775,0.06648406304718528,0.23631123919308358,0.7636887608069164,0.0,0.0,0.7636887608069164,z_smooth,21.223707215162797,0.0030342198127882797,125,0.9799239995017404,False
teacher_majority_all_models__student_with_credit__z_smooth_only,z_smooth_only,LOGIT,bd_bond_canonical_state_h1,bond,bond_canonical,smme_vwret_z_smooth,other,1041,-0.06029681682230906,0.06333366209929213,0.047509479382704514,0.06335431236622835,0.1037463976945245,0.8962536023054755,0.0,0.0,0.8962536023054755,z_smooth,21.223707215162797,0.002984099877425977,126,0.9829080993791663,False
teacher_majority_all_models__student_with_credit__z_smooth_only,z_smooth_only,LOGIT,bd_bond_canonical_state_h1,bond,bond_canonical,rv_60d_logdiff_z_smooth,volatility_dependence,1041,-0.01368648510938191,0.05521787612823201,0.049866104633324165,0.04898587310617126,0.3256484149855908,0.6743515850144092,0.0,0.0,0.6743515850144092,z_smooth,21.223707215162797,0.0026017074005234508,127,0.9855098067796898,False
teacher_majority_all_models__student_with_credit__z_smooth_only,z_smooth_only,LOGIT,bd_bond_canonical_state_h1,bond,bond_canonical,growth_avg_ret_z_smooth,other,1041,0.040104235830225037,0.0522250212072956,0.030473717138793835,0.06397191163094759,0.7089337175792507,0.2910662824207493,0.0,0.0,0.7089337175792507,z_smooth,21.223707215162797,0.002460692690388445,128,0.9879704994700783,False
teacher_majority_all_models__student_with_credit__z_smooth_only,z_smooth_only,LOGIT,bd_bond_canonical_state_h1,bond,bond_canonical,bilo_vwret_z_smooth,other,1041,-0.013993408229539546,0.04995045609956371,0.03249634475116178,0.060862748959890314,0.5677233429394812,0.4322766570605187,0.0,0.0,0.5677233429394812,z_smooth,21.223707215162797,0.0023535217289408204,129,0.9903240211990191,False
teacher_majority_all_models__student_with_credit__z_smooth_only,z_smooth_only,LOGIT,bd_bond_canonical_state_h1,bond,bond_canonical,ff_mom_minus_hml_z_smooth,equity_cross_section,1041,-0.012023340979813299,0.047749873297818504,0.023814501388305043,0.0611129025321501,0.43804034582132567,0.5619596541786743,0.0,0.0,0.5619596541786743,z_smooth,21.223707215162797,0.00224983660082272,130,0.9925738577998419,False
teacher_majority_all_models__student_with_credit__z_smooth_only,z_smooth_only,LOGIT,bd_bond_canonical_state_h1,bond,bond_canonical,ff_mktrf_z_smooth,equity_cross_section,1041,-0.043882426694900174,0.044732440874187866,0.019798650226912604,0.06219348310462484,0.14121037463976946,0.8587896253602305,0.0,0.0,0.8587896253602305,z_smooth,21.223707215162797,0.0021076638694973037,131,0.9946815216693391,False
teacher_majority_all_models__student_with_credit__z_smooth_only,z_smooth_only,LOGIT,bd_bond_canonical_state_h1,bond,bond_canonical,crsp_ind12_money_z_smooth,other,1041,0.028502017553608504,0.043987781527617606,0.023248335579841184,0.05409124808274096,0.659942363112392,0.3400576368876081,0.0,0.0,0.659942363112392,z_smooth,21.223707215162797,0.0020725776642919165,132,0.996754099333631,False
teacher_majority_all_models__student_with_credit__z_smooth_only,z_smooth_only,LOGIT,bd_bond_canonical_state_h1,bond,bond_canonical,big_avg_ret_z_smooth,credit,1041,0.001796602240849752,0.04052806341538505,0.02176241351599285,0.041785004834155745,0.521613832853026,0.4783861671469741,0.0,0.0,0.521613832853026,z_smooth,21.223707215162797,0.0019095657042625753,133,0.9986636650378936,False
teacher_majority_all_models__student_with_credit__z_smooth_only,z_smooth_only,LOGIT,bd_bond_canonical_state_h1,bond,bond_canonical,factor_ret_dispersion_1m_z_smooth,equity_cross_section,1041,0.01541499576080308,0.028361981977130895,0.020882954087499253,0.02149118805207293,0.7579250720461095,0.2420749279538905,0.0,0.0,0.7579250720461095,z_smooth,21.223707215162797,0.0013363349621063525,134,1.0,False
teacher_majority_all_models__student_with_credit__z_smooth_only,z_smooth_only,LOGIT,eq_return_sortino_state_h1,equity,return_sortino,crsp_ind12_buseq_z_smooth,other,1074,0.3439994235719693,0.3439994235719693,0.2927296430080931,0.1519913071590138,1.0,0.0,0.8854748603351955,0.9748603351955307,1.0,z_smooth,14.524515035364747,0.023684055731595075,1,0.023684055731595075,True
teacher_majority_all_models__student_with_credit__z_smooth_only,z_smooth_only,LOGIT,eq_return_sortino_state_h1,equity,return_sortino,crsp_ind12_shops_z_smooth,other,1074,0.2897892237396167,0.2897892237396167,0.1812735815498377,0.2561030339984736,1.0,0.0,0.6927374301675978,0.9888268156424581,1.0,z_smooth,14.524515035364747,0.01995173147151755,2,0.043635787203112626,True
teacher_majority_all_models__student_with_credit__z_smooth_only,z_smooth_only,LOGIT,eq_return_sortino_state_h1,equity,return_sortino,crsp_ind12_money_z_smooth,other,1074,0.26275712622368835,0.26275712622368835,0.19530318838116595,0.21491346325853974,1.0,0.0,0.6759776536312849,0.9720670391061452,1.0,z_smooth,14.524515035364747,0.018090595492098637,3,0.06172638269521126,True
teacher_majority_all_models__student_with_credit__z_smooth_only,z_smooth_only,LOGIT,eq_return_sortino_state_h1,equity,return_sortino,size_value_lambda_cov_12m_z_smooth,equity_cross_section,1074,0.26122661644212447,0.26122661644212447,0.19612184120157505,0.20790620027152024,1.0,0.0,0.5977653631284916,0.7960893854748603,1.0,z_smooth,14.524515035364747,0.017985221248770212,4,0.07971160394398147,True
teacher_majority_all_models__student_with_credit__z_smooth_only,z_smooth_only,LOGIT,eq_return_sortino_state_h1,equity,return_sortino,credit_hy_proxy_ret_z_smooth,credit,1074,0.2509167585611957,0.2509167585611957,0.16779289095154515,0.19005172678027416,1.0,0.0,0.5698324022346368,0.9832402234636871,1.0,z_smooth,14.524515035364747,0.01727539666214367,5,0.09698700060612514,True
teacher_majority_all_models__student_with_credit__z_smooth_only,z_smooth_only,LOGIT,eq_return_sortino_state_h1,equity,return_sortino,factor_corr_avg_12m_z_smooth,equity_cross_section,1074,-0.24897912392396912,0.24897912392396912,0.19582411449245682,0.16956459742848384,0.0,1.0,0.6005586592178771,0.7597765363128491,1.0,z_smooth,14.524515035364747,0.01714199223297624,6,0.11412899283910138,True
teacher_majority_all_models__student_with_credit__z_smooth_only,z_smooth_only,LOGIT,eq_return_sortino_state_h1,equity,return_sortino,ff_cma_z_smooth,equity_cross_section,1074,-0.24468443833076647,0.24468443833076647,0.15230754617951278,0.263309049305627,0.0,1.0,0.40782122905027934,0.6396648044692738,1.0,z_smooth,14.524515035364747,0.016846306932451864,7,0.13097529977155326,True
teacher_majority_all_models__student_with_credit__z_smooth_only,z_smooth_only,LOGIT,eq_return_sortino_state_h1,equity,return_sortino,cross_eq_credit_hy_corr_12m_fisher_diff_z_smooth,credit,1074,-0.233577538949158,0.233577538949158,0.1536589322281907,0.23538953359638562,0.0,1.0,0.2541899441340782,0.6368715083798883,1.0,z_smooth,14.524515035364747,0.016081606744213908,8,0.14705690651576717,True
teacher_majority_all_models__student_with_credit__z_smooth_only,z_smooth_only,LOGIT,eq_return_sortino_state_h1,equity,return_sortino,core_inflation_diff_z_smooth,macro,1074,-0.22940414784127833,0.22940414784127833,0.1951919585047474,0.16228917204361798,0.0,1.0,0.3659217877094972,0.5921787709497207,1.0,z_smooth,14.524515035364747,0.01579427246160838,9,0.16285117897737555,True
teacher_majority_all_models__student_with_credit__z_smooth_only,z_smooth_only,LOGIT,eq_return_sortino_state_h1,equity,return_sortino,tsy_pca1_share_diff_z_smooth,treasury_rates,1074,-0.2278591915795136,0.2278591915795136,0.12672935668565438,0.22249960934402102,0.0,1.0,0.2905027932960894,0.5977653631284916,1.0,z_smooth,14.524515035364747,0.01568790359090922,10,0.17853908256828477,True
teacher_majority_all_models__student_with_credit__z_smooth_only,z_smooth_only,LOGIT,eq_return_sortino_state_h1,equity,return_sortino,ff_mom_z_smooth,equity_cross_section,1074,-0.22472209243819827,0.22472209243819827,0.1417636916367546,0.2326454483801465,0.0,1.0,0.2877094972067039,0.4581005586592179,1.0,z_smooth,14.524515035364747,0.015471917092655958,11,0.1940109996609407,True
teacher_majority_all_models__student_with_credit__z_smooth_only,z_smooth_only,LOGIT,eq_return_sortino_state_h1,equity,return_sortino,industry_lambda_cov_12m_z_smooth,equity_cross_section,1074,0.20927536911155653,0.20927536911155653,0.13590180447567973,0.2009891000584307,1.0,0.0,0.11173184357541899,0.5363128491620112,1.0,z_smooth,14.524515035364747,0.01440842386833614,12,0.20841942352927686,True
teacher_majority_all_models__student_with_credit__z_smooth_only,z_smooth_only,LOGIT,eq_return_sortino_state_h1,equity,return_sortino,crsp_ind12_enrgy_z_smooth,other,1074,-0.2076551497913623,0.2076551497913623,0.12670205290686237,0.24357028771813863,0.0,1.0,0.28212290502793297,0.3770949720670391,1.0,z_smooth,14.524515035364747,0.014296873202702946,13,0.2227162967319798,True
teacher_majority_all_models__student_with_credit__z_smooth_only,z_smooth_only,LOGIT,eq_return_sortino_state_h1,equity,return_sortino,factor_corr_absavg_12m_z_smooth,equity_cross_section,1074,-0.2073801791700451,0.2073801791700451,0.13498499574010325,0.2000716884146356,0.0,1.0,0.2011173184357542,0.5335195530726257,1.0,z_smooth,14.524515035364747,0.01427794171888764,14,0.23699423845086745,True
teacher_majority_all_models__student_with_credit__z_smooth_only,z_smooth_only,LOGIT,eq_return_sortino_state_h1,equity,return_sortino,growth_avg_ret_z_smooth,other,1074,0.2072140696145198,0.2072140696145198,0.17374105437784348,0.0805495355636712,1.0,0.0,0.5977653631284916,0.7877094972067039,1.0,z_smooth,14.524515035364747,0.014266505223065173,15,0.25126074367393264,True
teacher_majority_all_models__student_with_credit__z_smooth_only,z_smooth_only,LOGIT,eq_return_sortino_state_h1,equity,return_sortino,rho_12m_eq_fi_fisher_diff_z_smooth,volatility_dependence,1074,0.20412388914767524,0.20412388914767524,0.1730510981858265,0.16230104320739866,1.0,0.0,0.41620111731843573,0.44972067039106145,1.0,z_smooth,14.524515035364747,0.014053749034006847,16,0.26531449270793944,True
teacher_majority_all_models__student_with_credit__z_smooth_only,z_smooth_only,LOGIT,eq_return_sortino_state_h1,equity,return_sortino,crsp_ind12_telcm_z_smooth,other,1074,0.202156381935829,0.20222153865631232,0.12034434926557007,0.23394280263592762,0.9860335195530726,0.013966480446927373,0.12290502793296089,0.3240223463687151,0.9860335195530726,z_smooth,14.524515035364747,0.013922773887041112,17,0.27923726659498055,True
teacher_majority_all_models__student_with_credit__z_smooth_only,z_smooth_only,LOGIT,eq_return_sortino_state_h1,equity,return_sortino,cross_bond_cmdty_corr_12m_fisher_diff_z_smooth,treasury_rates,1074,-0.18409312162501004,0.1974205965329062,0.09186410528783306,0.23692435998128292,0.19273743016759776,0.8072625698324022,0.32122905027932963,0.3854748603351955,0.8072625698324022,z_smooth,14.524515035364747,0.013592233272658006,18,0.29282949986763857,True
teacher_majority_all_models__student_with_credit__z_smooth_only,z_smooth_only,LOGIT,eq_return_sortino_state_h1,equity,return_sortino,smlo_vwret_z_smooth,other,1074,0.19209327339600332,0.19209327339600332,0.16482698304835086,0.08292618944166254,1.0,0.0,0.3435754189944134,0.6284916201117319,1.0,z_smooth,14.524515035364747,0.013225451791559895,19,0.3060549516591985,False
teacher_majority_all_models__student_with_credit__z_smooth_only,z_smooth_only,LOGIT,eq_return_sortino_state_h1,equity,return_sortino,bilo_vwret_z_smooth,other,1074,0.1866047622095287,0.1866047622095287,0.15804067298953106,0.07767358525133218,1.0,0.0,0.25977653631284914,0.6480446927374302,1.0,z_smooth,14.524515035364747,0.012847572655966658,20,0.31890252431516514,False
teacher_majority_all_models__student_with_credit__z_smooth_only,z_smooth_only,LOGIT,eq_return_sortino_state_h1,equity,return_sortino,ff_mktrf_z_smooth,equity_cross_section,1074,0.17751410853935534,0.17751410853935534,0.16182927165737293,0.06905166352046858,1.0,0.0,0.18994413407821228,0.6312849162011173,1.0,z_smooth,14.524515035364747,0.01222168919975217,21,0.3311242135149173,False
teacher_majority_all_models__student_with_credit__z_smooth_only,z_smooth_only,LOGIT,eq_return_sortino_state_h1,equity,return_sortino,crsp_ind12_hlth_z_smooth,other,1074,0.175280443458308,0.175280443458308,0.14320806504804492,0.12781950418724775,1.0,0.0,0.1787709497206704,0.40782122905027934,1.0,z_smooth,14.524515035364747,0.01206790333663669,22,0.343192116851554,False
teacher_majority_all_models__student_with_credit__z_smooth_only,z_smooth_only,LOGIT,eq_return_sortino_state_h1,equity,return_sortino,equity_market_level_z_smooth,other,1074,0.1738614002400947,0.1738614002400947,0.1519580658084178,0.05851239714517471,1.0,0.0,0.17039106145251395,0.6927374301675978,1.0,z_smooth,14.524515035364747,0.011970203467501082,23,0.3551623203190551,False
teacher_majority_all_models__student_with_credit__z_smooth_only,z_smooth_only,LOGIT,eq_return_sortino_state_h1,equity,return_sortino,credit_spread_diff_z_smooth,credit,1074,0.1717198100611993,0.17218230433452816,0.10506023478510262,0.1838167318727222,0.9748603351955307,0.025139664804469275,0.0111731843575419,0.2737430167597765,0.9748603351955307,z_smooth,14.524515035364747,0.011854599201095063,24,0.36701691952015014,False
teacher_majority_all_models__student_with_credit__z_smooth_only,z_smooth_only,LOGIT,eq_return_sortino_state_h1,equity,return_sortino,nfci_diff_z_smooth,financial_conditions,1074,-0.17173155904678103,0.17173155904678103,0.13396817277791245,0.13844199579674257,0.0,1.0,0.0893854748603352,0.29608938547486036,1.0,z_smooth,14.524515035364747,0.011823565787129113,25,0.37884048530727926,False
teacher_majority_all_models__student_with_credit__z_smooth_only,z_smooth_only,LOGIT,eq_return_sortino_state_h1,equity,return_sortino,factor_lambda_cov_12m_z_smooth,equity_cross_section,1074,-0.16712843512580655,0.16712843512580655,0.1300328906085558,0.14211246454186233,0.0,1.0,0.0111731843575419,0.28212290502793297,1.0,z_smooth,14.524515035364747,0.011506644780832749,26,0.390347130088112,False
teacher_majority_all_models__student_with_credit__z_smooth_only,z_smooth_only,LOGIT,eq_return_sortino_state_h1,equity,return_sortino,tsy_lambda_corr_12m_z_smooth,treasury_rates,1074,-0.16051511697088133,0.16202715658980363,0.12066453985055157,0.15435389673914268,0.01675977653631285,0.9832402234636871,0.08100558659217877,0.3016759776536313,0.9832402234636871,z_smooth,14.524515035364747,0.01115542627036392,27,0.4015025563584759,False
teacher_majority_all_models__student_with_credit__z_smooth_only,z_smooth_only,LOGIT,eq_return_sortino_state_h1,equity,return_sortino,size_value_lambda_cov_diff_z_smooth,equity_cross_section,1074,0.15919512366459482,0.15919512366459482,0.09379394346042455,0.16349428068613578,1.0,0.0,0.01675977653631285,0.0893854748603352,1.0,z_smooth,14.524515035364747,0.010960443310980195,28,0.4124629996694561,False
teacher_majority_all_models__student_with_credit__z_smooth_only,z_smooth_only,LOGIT,eq_return_sortino_state_h1,equity,return_sortino,big_avg_ret_z_smooth,credit,1074,0.15371370786723146,0.15371370786723146,0.1339615065595821,0.051680978987928956,1.0,0.0,0.04189944134078212,0.5027932960893855,1.0,z_smooth,14.524515035364747,0.010583052686644922,29,0.42304605235610104,False
teacher_majority_all_models__student_with_credit__z_smooth_only,z_smooth_only,LOGIT,eq_return_sortino_state_h1,equity,return_sortino,small_avg_ret_z_smooth,equity_cross_section,1074,0.14982213270116318,0.14982213270116318,0.1440695144921242,0.03509213570241854,1.0,0.0,0.13128491620111732,0.5195530726256983,1.0,z_smooth,14.524515035364747,0.010315121182109801,30,0.43336117353821085,False
teacher_majority_all_models__student_with_credit__z_smooth_only,z_smooth_only,LOGIT,eq_return_sortino_state_h1,equity,return_sortino,credit_lambda_cov_diff_z_smooth,credit,1074,0.14626096946040834,0.14626096946040834,0.05963891434874041,0.23891799023004165,1.0,0.0,0.055865921787709494,0.10893854748603352,1.0,z_smooth,14.524515035364747,0.010069938246081713,31,0.44343111178429256,False
teacher_majority_all_models__student_with_credit__z_smooth_only,z_smooth_only,LOGIT,eq_return_sortino_state_h1,equity,return_sortino,factor_lambda_corr_diff_z_smooth,equity_cross_section,1074,0.14244924343413545,0.14450287944168985,0.06064487626456634,0.2154166884203747,0.8491620111731844,0.15083798882681565,0.03910614525139665,0.18435754189944134,0.8491620111731844,z_smooth,14.524515035364747,0.009948895304927544,32,0.4533800070892201,False
teacher_majority_all_models__student_with_credit__z_smooth_only,z_smooth_only,LOGIT,eq_return_sortino_state_h1,equity,return_sortino,anfci_diff_z_smooth,financial_conditions,1074,-0.13766829157436472,0.13807073712204937,0.10895834629991911,0.11056866393749672,0.05865921787709497,0.9413407821229051,0.0,0.055865921787709494,0.9413407821229051,z_smooth,14.524515035364747,0.009506048001318487,33,0.4628860550905386,False
teacher_majority_all_models__student_with_credit__z_smooth_only,z_smooth_only,LOGIT,eq_return_sortino_state_h1,equity,return_sortino,bime_vwret_z_smooth,other,1074,0.1341323940251664,0.1353694818168525,0.11275957845237222,0.08195519805795157,0.9832402234636871,0.01675977653631285,0.0,0.07262569832402235,0.9832402234636871,z_smooth,14.524515035364747,0.009320068965280466,34,0.4722061240558191,False
teacher_majority_all_models__student_with_credit__z_smooth_only,z_smooth_only,LOGIT,eq_return_sortino_state_h1,equity,return_sortino,crsp_ind12_utils_z_smooth,other,1074,-0.09136599328969214,0.13471333946490124,0.07537150648598198,0.14871416707238197,0.33798882681564246,0.6620111731843575,0.0,0.013966480446927373,0.6620111731843575,z_smooth,14.524515035364747,0.009274894145305159,35,0.4814810182011242,False
teacher_majority_all_models__student_with_credit__z_smooth_only,z_smooth_only,LOGIT,eq_return_sortino_state_h1,equity,return_sortino,cross_eq_bond_corr_12m_fisher_diff_z_smooth,treasury_rates,1074,0.13431281437497208,0.13431281437497208,0.12367620519157477,0.08097893572549446,1.0,0.0,0.0,0.01675977653631285,1.0,z_smooth,14.524515035364747,0.009247318347493394,36,0.4907283365486176,False
teacher_majority_all_models__student_with_credit__z_smooth_only,z_smooth_only,LOGIT,eq_return_sortino_state_h1,equity,return_sortino,industry_corr_absavg_12m_z_smooth,equity_cross_section,1074,-0.13349380815814102,0.13349380815814102,0.06302481020511086,0.16180191110069314,0.0,1.0,0.0,0.07262569832402235,1.0,z_smooth,14.524515035364747,0.009190930494622787,37,0.4999192670432404,False
teacher_majority_all_models__student_with_credit__z_smooth_only,z_smooth_only,LOGIT,eq_return_sortino_state_h1,equity,return_sortino,factor_rotation_speed_12m_z_smooth,equity_cross_section,1074,-0.12609639904598094,0.1333051310755037,0.07255586510107022,0.17192868300183473,0.11173184357541899,0.888268156424581,0.025139664804469275,0.061452513966480445,0.888268156424581,z_smooth,14.524515035364747,0.009177940244540226,38,0.5090972072877806,False
teacher_majority_all_models__student_with_credit__z_smooth_only,z_smooth_only,LOGIT,eq_return_sortino_state_h1,equity,return_sortino,tsy_lambda_cov_diff_z_smooth,treasury_rates,1074,-0.12987728428830092,0.12987728428830092,0.12021468629962073,0.08371696179917526,0.0,1.0,0.16759776536312848,0.3770949720670391,1.0,z_smooth,14.524515035364747,0.008941936028299163,39,0.5180391433160798,False
teacher_majority_all_models__student_with_credit__z_smooth_only,z_smooth_only,LOGIT,eq_return_sortino_state_h1,equity,return_sortino,factor_pca1_share_12m_z_smooth,equity_cross_section,1074,-0.12979438429133142,0.12979438429133142,0.0958108670414288,0.12004431360057695,0.0,1.0,0.0,0.0,1.0,z_smooth,14.524515035364747,0.008936228436908493,40,0.5269753717529883,False
teacher_majority_all_models__student_with_credit__z_smooth_only,z_smooth_only,LOGIT,eq_return_sortino_state_h1,equity,return_sortino,industry_corr_avg_12m_z_smooth,equity_cross_section,1074,-0.1282177718690304,0.1282177718690304,0.056991765454687766,0.15126558917642668,0.0,1.0,0.0,0.0,1.0,z_smooth,14.524515035364747,0.008827680067585164,41,0.5358030518205734,False
teacher_majority_all_models__student_with_credit__z_smooth_only,z_smooth_only,LOGIT,eq_return_sortino_state_h1,equity,return_sortino,industry_pca1_share_12m_z_smooth,equity_cross_section,1074,-0.1280895838464781,0.1280895838464781,0.06180256923209518,0.14636669348876713,0.0,1.0,0.0,0.0,1.0,z_smooth,14.524515035364747,0.008818854435731695,42,0.5446219062563051,False
teacher_majority_all_models__student_with_credit__z_smooth_only,z_smooth_only,LOGIT,eq_return_sortino_state_h1,equity,return_sortino,industry_lambda_corr_12m_z_smooth,equity_cross_section,1074,0.12519496458617624,0.12519496458617624,0.0748228716660011,0.12143301318704938,1.0,0.0,0.0,0.061452513966480445,1.0,z_smooth,14.524515035364747,0.008619562462591528,43,0.5532414687188967,False
teacher_majority_all_models__student_with_credit__z_smooth_only,z_smooth_only,LOGIT,eq_return_sortino_state_h1,equity,return_sortino,curve_belly_diff_z_smooth,treasury_rates,1074,-0.12094579565847692,0.12099235291083936,0.07303421034828572,0.11876852921405764,0.0111731843575419,0.9888268156424581,0.0,0.0,0.9888268156424581,z_smooth,14.524515035364747,0.008330216369788828,44,0.5615716850886855,False
teacher_majority_all_models__student_with_credit__z_smooth_only,z_smooth_only,LOGIT,eq_return_sortino_state_h1,equity,return_sortino,credit_ig_proxy_ret_z_smooth,credit,1074,0.11540681814669704,0.11540681814669704,0.08919683704469138,0.07998325674276435,1.0,0.0,0.0,0.0,1.0,z_smooth,14.524515035364747,0.007945657246779042,45,0.5695173423354645,False
teacher_majority_all_models__student_with_credit__z_smooth_only,z_smooth_only,LOGIT,eq_return_sortino_state_h1,equity,return_sortino,ff_rmw_z_smooth,equity_cross_section,1074,-0.09180702501235703,0.11360813261662926,0.05434380269088529,0.1626984369775522,0.26536312849162014,0.7346368715083799,0.0,0.03910614525139665,0.7346368715083799,z_smooth,14.524515035364747,0.00782181934061224,46,0.5773391616760768,False
teacher_majority_all_models__student_with_credit__z_smooth_only,z_smooth_only,LOGIT,eq_return_sortino_state_h1,equity,return_sortino,credit_ret_dispersion_1m_z_smooth,credit,1074,0.1098583321755076,0.11123676328610008,0.06185964947615484,0.13513604852567188,0.9078212290502793,0.09217877094972067,0.0,0.01675977653631285,0.9078212290502793,z_smooth,14.524515035364747,0.007658552661844977,47,0.5849977143379217,False
teacher_majority_all_models__student_with_credit__z_smooth_only,z_smooth_only,LOGIT,eq_return_sortino_state_h1,equity,return_sortino,credit_hy_ret_6m_z_smooth,credit,1074,-0.0622525024846101,0.11075591017084453,0.07799077841132862,0.11091931382965513,0.4245810055865922,0.5754189944134078,0.0,0.08659217877094973,0.5754189944134078,z_smooth,14.524515035364747,0.007625446350612916,48,0.5926231606885347,False
teacher_majority_all_models__student_with_credit__z_smooth_only,z_smooth_only,LOGIT,eq_return_sortino_state_h1,equity,return_sortino,anfci_level_z_smooth,financial_conditions,1074,-0.10610435185443523,0.10839357969682643,0.09337296058783114,0.10979411855917093,0.07262569832402235,0.9273743016759777,0.0,0.0,0.9273743016759777,z_smooth,14.524515035364747,0.007462801989113326,49,0.600085962677648,False
teacher_majority_all_models__student_with_credit__z_smooth_only,z_smooth_only,LOGIT,eq_return_sortino_state_h1,equity,return_sortino,fred_anfci_z_smooth,financial_conditions,1074,-0.10610435185443523,0.10839357969682643,0.09337296058783114,0.10979411855917093,0.07262569832402235,0.9273743016759777,0.0,0.0,0.9273743016759777,z_smooth,14.524515035364747,0.007462801989113326,50,0.6075487646667613,False
teacher_majority_all_models__student_with_credit__z_smooth_only,z_smooth_only,LOGIT,eq_return_sortino_state_h1,equity,return_sortino,crsp_tsy_20y_plus_z_smooth,treasury_rates,1074,0.10803080693295646,0.10803080693295646,0.08413308780671455,0.06857817452310361,1.0,0.0,0.0,0.0,1.0,z_smooth,14.524515035364747,0.007437825405524359,51,0.6149865900722856,False
teacher_majority_all_models__student_with_credit__z_smooth_only,z_smooth_only,LOGIT,eq_return_sortino_state_h1,equity,return_sortino,rv_60d_logdiff_z_smooth,volatility_dependence,1074,-0.09800236675999748,0.10778427946927353,0.08825246727775976,0.10842022694022632,0.1564245810055866,0.8435754189944135,0.0893854748603352,0.17597765363128492,0.8435754189944135,z_smooth,14.524515035364747,0.00742085220792825,52,0.6224074422802139,False
teacher_majority_all_models__student_with_credit__z_smooth_only,z_smooth_only,LOGIT,eq_return_sortino_state_h1,equity,return_sortino,credit_hy_minus_ig_z_smooth,credit,1074,0.10685206534874526,0.10685206534874526,0.07053950767732169,0.10632086298732607,1.0,0.0,0.0,0.01675977653631285,1.0,z_smooth,14.524515035364747,0.007356670091123765,53,0.6297641123713377,False
teacher_majority_all_models__student_with_credit__z_smooth_only,z_smooth_only,LOGIT,eq_return_sortino_state_h1,equity,return_sortino,industry_pca1_share_diff_z_smooth,equity_cross_section,1074,0.09708513692657159,0.10525932064398283,0.03900515748587692,0.14555478975310876,0.8603351955307262,0.13966480446927373,0.0,0.0,0.8603351955307262,z_smooth,14.524515035364747,0.007247011028436689,54,0.6370111233997744,False
teacher_majority_all_models__student_with_credit__z_smooth_only,z_smooth_only,LOGIT,eq_return_sortino_state_h1,equity,return_sortino,size_value_pca1_share_diff_z_smooth,equity_cross_section,1074,-0.08852907366317296,0.10420408814689039,0.08939847571065443,0.08158115961194587,0.10335195530726257,0.8966480446927374,0.1005586592178771,0.164804469273743,0.8966480446927374,z_smooth,14.524515035364747,0.00717435920532775,55,0.6441854826051021,False
teacher_majority_all_models__student_with_credit__z_smooth_only,z_smooth_only,LOGIT,eq_return_sortino_state_h1,equity,return_sortino,cross_eq_tsy20_corr_12m_fisher_diff_z_smooth,treasury_rates,1074,0.10202647542163475,0.10202647542163475,0.08762453326509531,0.06812423084701878,1.0,0.0,0.0,0.0,1.0,z_smooth,14.524515035364747,0.007024432497279081,56,0.6512099151023812,False
teacher_majority_all_models__student_with_credit__z_smooth_only,z_smooth_only,LOGIT,eq_return_sortino_state_h1,equity,return_sortino,credit_lambda_cov_12m_z_smooth,credit,1074,0.002520215012098492,0.09957560202854467,0.04310842178926523,0.11752833948503852,0.5223463687150838,0.4776536312849162,0.11173184357541899,0.18435754189944134,0.5223463687150838,z_smooth,14.524515035364747,0.006855692034198378,57,0.6580656071365796,False
teacher_majority_all_models__student_with_credit__z_smooth_only,z_smooth_only,LOGIT,eq_return_sortino_state_h1,equity,return_sortino,cmdty_ret_12m_z_smooth,commodities,1074,-0.09197255693237352,0.09881018392638703,0.08538814727430619,0.08346330982892368,0.1340782122905028,0.8659217877094972,0.0,0.0,0.8659217877094972,z_smooth,14.524515035364747,0.006802993675575459,58,0.664868600812155,False
teacher_majority_all_models__student_with_credit__z_smooth_only,z_smooth_only,LOGIT,eq_return_sortino_state_h1,equity,return_sortino,smhi_vwret_z_smooth,other,1074,0.08278265076765146,0.09855466070195647,0.09245904266492488,0.02833347446112894,0.8938547486033519,0.10614525139664804,0.0,0.055865921787709494,0.8938547486033519,z_smooth,14.524515035364747,0.006785401127816831,59,0.6716540019399718,False
teacher_majority_all_models__student_with_credit__z_smooth_only,z_smooth_only,LOGIT,eq_return_sortino_state_h1,equity,return_sortino,tsy_belly_minus_barbell_z_smooth,treasury_rates,1074,-0.06689384026697365,0.09831243868281123,0.09055845078233116,0.09336391488673877,0.11173184357541899,0.888268156424581,0.0,0.036312849162011177,0.888268156424581,z_smooth,14.524515035364747,0.0067687243562650455,60,0.6784227262962369,False
teacher_majority_all_models__student_with_credit__z_smooth_only,z_smooth_only,LOGIT,eq_return_sortino_state_h1,equity,return_sortino,credit_hy_ig_corr_12m_fisher_diff_z_smooth,credit,1074,-0.03879296644359425,0.09697065103601296,0.04170612118290343,0.1450551520964779,0.5391061452513967,0.46089385474860334,0.0,0.019553072625698324,0.5391061452513967,z_smooth,14.524515035364747,0.0066763434648183274,61,0.6850990697610553,False
teacher_majority_all_models__student_with_credit__z_smooth_only,z_smooth_only,LOGIT,eq_return_sortino_state_h1,equity,return_sortino,cross_bond_credit_ig_corr_12m_fisher_diff_z_smooth,treasury_rates,1074,0.0018652330184900257,0.09665959800421277,0.0625753204563549,0.11248700097698139,0.3547486033519553,0.6452513966480447,0.0,0.030726256983240222,0.6452513966480447,z_smooth,14.524515035364747,0.006654927738989077,62,0.6917539975000443,False
teacher_majority_all_models__student_with_credit__z_smooth_only,z_smooth_only,LOGIT,eq_return_sortino_state_h1,equity,return_sortino,policy_rate_diff_z_smooth,treasury_rates,1074,-0.09323278163566585,0.0961236320095052,0.04700120760308692,0.12960958400910125,0.07262569832402235,0.9273743016759777,0.0,0.00558659217877095,0.9273743016759777,z_smooth,14.524515035364747,0.0066180269548043675,63,0.6983720244548487,False
teacher_majority_all_models__student_with_credit__z_smooth_only,z_smooth_only,LOGIT,eq_return_sortino_state_h1,equity,return_sortino,ff_rmw_minus_cma_z_smooth,equity_cross_section,1074,0.09461478361503212,0.09461478361503212,0.07349107343645717,0.08114071977585129,1.0,0.0,0.0,0.19273743016759776,1.0,z_smooth,14.524515035364747,0.006514144078797885,64,0.7048861685336466,False
teacher_majority_all_models__student_with_credit__z_smooth_only,z_smooth_only,LOGIT,eq_return_sortino_state_h1,equity,return_sortino,tsy_20y_minus_1_3y_z_smooth,treasury_rates,1074,0.09323054031973049,0.09323054031973049,0.07946610556241063,0.049535002806658915,1.0,0.0,0.0,0.0,1.0,z_smooth,14.524515035364747,0.006418840153542465,65,0.711305008687189,False
teacher_majority_all_models__student_with_credit__z_smooth_only,z_smooth_only,LOGIT,eq_return_sortino_state_h1,equity,return_sortino,crsp_ind12_manuf_z_smooth,other,1074,-0.06987980551772255,0.09196886659342375,0.028648755766227503,0.16556516515957084,0.388268156424581,0.611731843575419,0.0,0.03910614525139665,0.611731843575419,z_smooth,14.524515035364747,0.006331975034587734,66,0.7176369837217768,False
teacher_majority_all_models__student_with_credit__z_smooth_only,z_smooth_only,LOGIT,eq_return_sortino_state_h1,equity,return_sortino,crsp_ind12_nodur_z_smooth,other,1074,0.039733492109768904,0.09070653006326986,0.08012039612162389,0.0669544535823297,0.7569832402234636,0.2430167597765363,0.11452513966480447,0.17039106145251395,0.7569832402234636,z_smooth,14.524515035364747,0.00624506428217498,67,0.7238820480039517,False
teacher_majority_all_models__student_with_credit__z_smooth_only,z_smooth_only,LOGIT,eq_return_sortino_state_h1,equity,return_sortino,industry_lambda_cov_diff_z_smooth,equity_cross_section,1074,0.08909915892913547,0.08909915892913547,0.05361769541613704,0.08657238733179584,1.0,0.0,0.0,0.0446927374301676,1.0,z_smooth,14.524515035364747,0.006134398202776068,68,0.7300164462067278,False
teacher_majority_all_models__student_with_credit__z_smooth_only,z_smooth_only,LOGIT,eq_return_sortino_state_h1,equity,return_sortino,small_value_minus_big_growth_z_smooth,equity_cross_section,1074,-0.08739048049767206,0.08896913200483506,0.07050904344054318,0.08111616981156518,0.10335195530726257,0.8966480446927374,0.0,0.0,0.8966480446927374,z_smooth,14.524515035364747,0.006125445964165427,69,0.7361418921708932,False
teacher_majority_all_models__student_with_credit__z_smooth_only,z_smooth_only,LOGIT,eq_return_sortino_state_h1,equity,return_sortino,cmdty_ret_6m_z_smooth,commodities,1074,-0.07697384860575633,0.08752345260450557,0.09844420848653213,0.053374046874770646,0.12849162011173185,0.8715083798882681,0.0,0.0,0.8715083798882681,z_smooth,14.524515035364747,0.006025912217475125,70,0.7421678043883684,False
teacher_majority_all_models__student_with_credit__z_smooth_only,z_smooth_only,LOGIT,eq_return_sortino_state_h1,equity,return_sortino,vix_logdiff_z_smooth,volatility_dependence,1074,-0.03776078522391309,0.08568887553074678,0.08058374688553728,0.07657498693824669,0.20949720670391062,0.7905027932960894,0.0,0.00558659217877095,0.7905027932960894,z_smooth,14.524515035364747,0.005899603210304014,71,0.7480674075986724,False
teacher_majority_all_models__student_with_credit__z_smooth_only,z_smooth_only,LOGIT,eq_return_sortino_state_h1,equity,return_sortino,smme_vwret_z_smooth,other,1074,0.08295142312328446,0.08499168217642658,0.08962536193984358,0.020768006826613068,0.9832402234636871,0.01675977653631285,0.0,0.0782122905027933,0.9832402234636871,z_smooth,14.524515035364747,0.005851602065162669,72,0.7539190096638351,False
teacher_majority_all_models__student_with_credit__z_smooth_only,z_smooth_only,LOGIT,eq_return_sortino_state_h1,equity,return_sortino,credit_hy_ig_corr_12m_fisher_z_smooth,credit,1074,-0.05169996727269087,0.08485995762949909,0.03649757325863798,0.12473176089295848,0.4022346368715084,0.5977653631284916,0.0,0.0,0.5977653631284916,z_smooth,14.524515035364747,0.00584253294673725,73,0.7597615426105723,False
teacher_majority_all_models__student_with_credit__z_smooth_only,z_smooth_only,LOGIT,eq_return_sortino_state_h1,equity,return_sortino,tsy_long_ret_z_smooth,treasury_rates,1074,0.08473934503386493,0.08473934503386493,0.06453171296585505,0.04760579179846719,1.0,0.0,0.0,0.0,1.0,z_smooth,14.524515035364747,0.005834228876319719,74,0.7655957714868921,False
teacher_majority_all_models__student_with_credit__z_smooth_only,z_smooth_only,LOGIT,eq_return_sortino_state_h1,equity,return_sortino,fred_nfci_z_smooth,financial_conditions,1074,-0.07801721502081546,0.08459594824615754,0.06223419137172417,0.09622927474364493,0.19553072625698323,0.8044692737430168,0.0,0.0,0.8044692737430168,z_smooth,14.524515035364747,0.005824356134451351,75,0.7714201276213434,False
teacher_majority_all_models__student_with_credit__z_smooth_only,z_smooth_only,LOGIT,eq_return_sortino_state_h1,equity,return_sortino,nfci_level_z_smooth,financial_conditions,1074,-0.07801721502081546,0.08459594824615754,0.06223419137172417,0.09622927474364493,0.19553072625698323,0.8044692737430168,0.0,0.0,0.8044692737430168,z_smooth,14.524515035364747,0.005824356134451351,76,0.7772444837557947,False
teacher_majority_all_models__student_with_credit__z_smooth_only,z_smooth_only,LOGIT,eq_return_sortino_state_h1,equity,return_sortino,tsy_lambda_cov_12m_z_smooth,treasury_rates,1074,-0.076144029863292,0.08427266838248448,0.02968900419208636,0.13022909934634178,0.22625698324022347,0.7737430167597765,0.0,0.002793296089385475,0.7737430167597765,z_smooth,14.524515035364747,0.005802098602073442,77,0.7830465823578682,False
teacher_majority_all_models__student_with_credit__z_smooth_only,z_smooth_only,LOGIT,eq_return_sortino_state_h1,equity,return_sortino,value_avg_ret_z_smooth,equity_cross_section,1074,0.07330847269170514,0.08119527109549741,0.0820185669559565,0.031095381785342047,0.9106145251396648,0.0893854748603352,0.04189944134078212,0.10614525139664804,0.9106145251396648,z_smooth,14.524515035364747,0.005590222523629919,78,0.7886368048814981,False
teacher_majority_all_models__student_with_credit__z_smooth_only,z_smooth_only,LOGIT,eq_return_sortino_state_h1,equity,return_sortino,bihi_vwret_z_smooth,other,1074,0.0773688072315522,0.07948506311461118,0.0798823819546459,0.038703482155049276,0.9720670391061452,0.027932960893854747,0.04189944134078212,0.1340782122905028,0.9720670391061452,z_smooth,14.524515035364747,0.005472476218385154,79,0.7941092810998832,False
teacher_majority_all_models__student_with_credit__z_smooth_only,z_smooth_only,LOGIT,eq_return_sortino_state_h1,equity,return_sortino,industry_lambda_corr_diff_z_smooth,equity_cross_section,1074,0.06538916957351204,0.07912011091745831,0.0625997636101952,0.07770969505218672,0.9832402234636871,0.01675977653631285,0.0,0.0,0.9832402234636871,z_smooth,14.524515035364747,0.005447349582744359,80,0.7995566306826276,False
teacher_majority_all_models__student_with_credit__z_smooth_only,z_smooth_only,LOGIT,eq_return_sortino_state_h1,equity,return_sortino,ff_mom_minus_hml_z_smooth,equity_cross_section,1074,-0.05982631414439543,0.07824098799514577,0.044511034881949775,0.08029669868156704,0.2681564245810056,0.7318435754189944,0.0,0.0,0.7318435754189944,z_smooth,14.524515035364747,0.0053868227479294244,81,0.8049434534305571,False
teacher_majority_all_models__student_with_credit__z_smooth_only,z_smooth_only,LOGIT,eq_return_sortino_state_h1,equity,return_sortino,tsy_long_minus_short_z_smooth,treasury_rates,1074,0.0752559444611944,0.0752559444611944,0.06475752290981257,0.033957690697963575,1.0,0.0,0.0,0.0,1.0,z_smooth,14.524515035364747,0.005181305143611256,82,0.8101247585741683,False
teacher_majority_all_models__student_with_credit__z_smooth_only,z_smooth_only,LOGIT,eq_return_sortino_state_h1,equity,return_sortino,industry_best_minus_worst_6m_z_smooth,equity_cross_section,1074,0.06911818140019826,0.07386146031720654,0.049641447016975315,0.06597496141572619,0.7932960893854749,0.20670391061452514,0.0,0.0,0.7932960893854749,z_smooth,14.524515035364747,0.005085296144991164,83,0.8152100547191594,False
teacher_majority_all_models__student_with_credit__z_smooth_only,z_smooth_only,LOGIT,eq_return_sortino_state_h1,equity,return_sortino,cmdty_vol_12m_z_smooth,commodities,1074,-0.025252889771355366,0.07384622276457871,0.050306637302120955,0.06483905618525493,0.4106145251396648,0.5893854748603352,0.0,0.0,0.5893854748603352,z_smooth,14.524515035364747,0.005084247052984254,84,0.8202943017721437,False
teacher_majority_all_models__student_with_credit__z_smooth_only,z_smooth_only,LOGIT,eq_return_sortino_state_h1,equity,return_sortino,size_value_ret_dispersion_1m_z_smooth,equity_cross_section,1074,0.07316600494855845,0.07316600494855845,0.05057660817946032,0.0730363507411341,1.0,0.0,0.0,0.0,1.0,z_smooth,14.524515035364747,0.005037414658624509,85,0.8253317164307682,False
teacher_majority_all_models__student_with_credit__z_smooth_only,z_smooth_only,LOGIT,eq_return_sortino_state_h1,equity,return_sortino,factor_lambda_corr_12m_z_smooth,equity_cross_section,1074,0.022356530906339378,0.07210933305132497,0.04916514964977109,0.08034110020661982,0.3659217877094972,0.6340782122905028,0.00558659217877095,0.030726256983240222,0.6340782122905028,z_smooth,14.524515035364747,0.004964663734090322,86,0.8302963801648585,False
teacher_majority_all_models__student_with_credit__z_smooth_only,z_smooth_only,LOGIT,eq_return_sortino_state_h1,equity,return_sortino,crsp_ind12_durbl_z_smooth,other,1074,0.04840265475166798,0.07063179016900521,0.06502618324763478,0.03684539487083725,0.8016759776536313,0.19832402234636873,0.0,0.0893854748603352,0.8016759776536313,z_smooth,14.524515035364747,0.0048629362148773095,87,0.8351593163797358,False
teacher_majority_all_models__student_with_credit__z_smooth_only,z_smooth_only,LOGIT,eq_return_sortino_state_h1,equity,return_sortino,tsy_ret_dispersion_6m_z_smooth,treasury_rates,1074,0.06796298690257949,0.07036298690035638,0.02762915329346099,0.11051944202760856,0.8631284916201117,0.13687150837988826,0.0,0.0,0.8631284916201117,z_smooth,14.524515035364747,0.004844429347832568,88,0.8400037457275684,False
teacher_majority_all_models__student_with_credit__z_smooth_only,z_smooth_only,LOGIT,eq_return_sortino_state_h1,equity,return_sortino,credit_ig_ret_6m_z_smooth,credit,1074,0.067036589457182,0.07024760736519489,0.048310457026776846,0.08064304320921609,0.8519553072625698,0.14804469273743018,0.0,0.0,0.8519553072625698,z_smooth,14.524515035364747,0.004836485568995165,89,0.8448402312965636,False
teacher_majority_all_models__student_with_credit__z_smooth_only,z_smooth_only,LOGIT,eq_return_sortino_state_h1,equity,return_sortino,cmdty_broad_aqr_ret_z_smooth,commodities,1074,0.046505494914923375,0.06991781351286548,0.028719658694837363,0.10480578378867603,0.43854748603351956,0.5614525139664804,0.0,0.0,0.5614525139664804,z_smooth,14.524515035364747,0.004813779554265832,90,0.8496540108508294,False
teacher_majority_all_models__student_with_credit__z_smooth_only,z_smooth_only,LOGIT,eq_return_sortino_state_h1,equity,return_sortino,cmdty_ret_1m_z_smooth,commodities,1074,0.046505494914923375,0.06991781351286548,0.028719658694837363,0.10480578378867603,0.43854748603351956,0.5614525139664804,0.0,0.0,0.5614525139664804,z_smooth,14.524515035364747,0.004813779554265832,91,0.8544677904050952,False
teacher_majority_all_models__student_with_credit__z_smooth_only,z_smooth_only,LOGIT,eq_return_sortino_state_h1,equity,return_sortino,size_value_lambda_corr_12m_z_smooth,equity_cross_section,1074,0.022379299358758743,0.06965057662640096,0.04488042933830752,0.09487028090545356,0.48044692737430167,0.5195530726256983,0.0,0.0,0.5195530726256983,z_smooth,14.524515035364747,0.004795380531247587,92,0.8592631709363429,False
teacher_majority_all_models__student_with_credit__z_smooth_only,z_smooth_only,LOGIT,eq_return_sortino_state_h1,equity,return_sortino,cmdty_sharpe_12m_z_smooth,commodities,1074,-0.06043434056464989,0.06750503987388744,0.04456066471288971,0.0652893366932255,0.1871508379888268,0.8128491620111732,0.0,0.0,0.8128491620111732,z_smooth,14.524515035364747,0.00464766222552175,93,0.8639108331618646,False
teacher_majority_all_models__student_with_credit__z_smooth_only,z_smooth_only,LOGIT,eq_return_sortino_state_h1,equity,return_sortino,cross_eq_cmdty_corr_12m_fisher_diff_z_smooth,commodities,1074,-0.02977251690874958,0.0671494585483855,0.04837209660821486,0.05672465164644628,0.2737430167597765,0.7262569832402235,0.0,0.0223463687150838,0.7262569832402235,z_smooth,14.524515035364747,0.004623180766097036,94,0.8685340139279616,False
teacher_majority_all_models__student_with_credit__z_smooth_only,z_smooth_only,LOGIT,eq_return_sortino_state_h1,equity,return_sortino,sentiment_logdiff_z_smooth,macro,1074,-0.01376899668043521,0.06666127918039418,0.05158094295137877,0.0601188497653464,0.4972067039106145,0.5027932960893855,0.0,0.0,0.5027932960893855,z_smooth,14.524515035364747,0.00458957004885087,95,0.8731235839768124,False
teacher_majority_all_models__student_with_credit__z_smooth_only,z_smooth_only,LOGIT,eq_return_sortino_state_h1,equity,return_sortino,cross_bond_proxy_ret_z_smooth,treasury_rates,1074,0.06332213019287686,0.06332213019287686,0.049235317534550224,0.03188550065802792,1.0,0.0,0.0,0.0,1.0,z_smooth,14.524515035364747,0.004359672597584025,96,0.8774832565743965,False
teacher_majority_all_models__student_with_credit__z_smooth_only,z_smooth_only,LOGIT,eq_return_sortino_state_h1,equity,return_sortino,ff_hml_z_smooth,equity_cross_section,1074,-0.06303564832140479,0.0632721753173088,0.05807802915746831,0.03858619582133333,0.00558659217877095,0.994413407821229,0.0,0.0670391061452514,0.994413407821229,z_smooth,14.524515035364747,0.004356233248631828,97,0.8818394898230283,False
teacher_majority_all_models__student_with_credit__z_smooth_only,z_smooth_only,LOGIT,eq_return_sortino_state_h1,equity,return_sortino,crsp_ind12_other_z_smooth,other,1074,0.043677797404448236,0.0632209167318065,0.06728110093514936,0.029700911692078523,0.8659217877094972,0.1340782122905028,0.0,0.0,0.8659217877094972,z_smooth,14.524515035364747,0.004352704140404979,98,0.8861921939634333,False
teacher_majority_all_models__student_with_credit__z_smooth_only,z_smooth_only,LOGIT,eq_return_sortino_state_h1,equity,return_sortino,value_minus_growth_z_smooth,equity_cross_section,1074,-0.06265633461133843,0.06290676389021503,0.05771126026704266,0.03842591545297102,0.00558659217877095,0.994413407821229,0.0,0.0670391061452514,0.994413407821229,z_smooth,14.524515035364747,0.004331074995416209,99,0.8905232689588495,False
teacher_majority_all_models__student_with_credit__z_smooth_only,z_smooth_only,LOGIT,eq_return_sortino_state_h1,equity,return_sortino,factor_lambda_cov_diff_z_smooth,equity_cross_section,1074,-0.021527080118477364,0.06212124051454349,0.03074155644366767,0.08067595597492228,0.6201117318435754,0.37988826815642457,0.0,0.025139664804469275,0.6201117318435754,z_smooth,14.524515035364747,0.004276992406513315,100,0.8948002613653628,False
teacher_majority_all_models__student_with_credit__z_smooth_only,z_smooth_only,LOGIT,eq_return_sortino_state_h1,equity,return_sortino,crsp_tsy_3_7y_z_smooth,treasury_rates,1074,-0.016640789169399022,0.06031376119865435,0.043371117285880195,0.06427574692489713,0.48324022346368717,0.5167597765363129,0.0,0.0,0.5167597765363129,z_smooth,14.524515035364747,0.004152549055978841,101,0.8989528104213417,False
teacher_majority_all_models__student_with_credit__z_smooth_only,z_smooth_only,LOGIT,eq_return_sortino_state_h1,equity,return_sortino,nfci_minus_anfci_z_smooth,financial_conditions,1074,0.05850126431451916,0.06006926830142044,0.0566407816608235,0.029162737315523768,0.9692737430167597,0.030726256983240222,0.0,0.0,0.9692737430167597,z_smooth,14.524515035364747,0.004135715936481314,102,0.903088526357823,False
teacher_majority_all_models__student_with_credit__z_smooth_only,z_smooth_only,LOGIT,eq_return_sortino_state_h1,equity,return_sortino,size_value_rotation_speed_12m_z_smooth,equity_cross_section,1074,0.05918245903488784,0.0594081948748553,0.039531616152129884,0.05282527671013804,0.9357541899441341,0.06424581005586592,0.0,0.0,0.9357541899441341,z_smooth,14.524515035364747,0.0040902016163848745,103,0.9071787279742078,False
teacher_majority_all_models__student_with_credit__z_smooth_only,z_smooth_only,LOGIT,eq_return_sortino_state_h1,equity,return_sortino,size_value_lambda_corr_diff_z_smooth,equity_cross_section,1074,-0.04982382701122964,0.05891764818601917,0.021850061359245696,0.0862740683216915,0.11731843575418995,0.88268156424581,0.0,0.0,0.88268156424581,z_smooth,14.524515035364747,0.004056427911194599,104,0.9112351558854025,False
teacher_majority_all_models__student_with_credit__z_smooth_only,z_smooth_only,LOGIT,eq_return_sortino_state_h1,equity,return_sortino,size_value_ret_dispersion_6m_z_smooth,equity_cross_section,1074,-0.028304618879503318,0.05827516631622631,0.023420392295104654,0.07658178997831402,0.3463687150837989,0.6536312849162011,0.0,0.0,0.6536312849162011,z_smooth,14.524515035364747,0.004012193603320738,105,0.9152473494887232,False
teacher_majority_all_models__student_with_credit__z_smooth_only,z_smooth_only,LOGIT,eq_return_sortino_state_h1,equity,return_sortino,size_value_corr_avg_12m_z_smooth,equity_cross_section,1074,0.02802333716418981,0.05385112467446146,0.032931662988029006,0.0594175473709004,0.6145251396648045,0.3854748603351955,0.0,0.0,0.6145251396648045,z_smooth,14.524515035364747,0.003707602253386295,106,0.9189549517421095,False
teacher_majority_all_models__student_with_credit__z_smooth_only,z_smooth_only,LOGIT,eq_return_sortino_state_h1,equity,return_sortino,crsp_tsy_10_20y_z_smooth,treasury_rates,1074,0.05351750774179569,0.05351750774179569,0.03867531047568851,0.03445730321333252,1.0,0.0,0.0,0.0,1.0,z_smooth,14.524515035364747,0.0036846330229608065,107,0.9226395847650704,False
teacher_majority_all_models__student_with_credit__z_smooth_only,z_smooth_only,LOGIT,eq_return_sortino_state_h1,equity,return_sortino,curve_10y_2y_diff_z_smooth,treasury_rates,1074,0.02867226569896811,0.05332750739854814,0.024405752938560843,0.0732945579254381,0.5418994413407822,0.4581005586592179,0.0,0.0,0.5418994413407822,z_smooth,14.524515035364747,0.0036715516675568612,108,0.9263111364326272,False
teacher_majority_all_models__student_with_credit__z_smooth_only,z_smooth_only,LOGIT,eq_return_sortino_state_h1,equity,return_sortino,industry_best_minus_worst_1m_z_smooth,equity_cross_section,1074,0.046738033185593844,0.05227146454717077,0.04344170699836103,0.0436674719607188,0.7681564245810056,0.23184357541899442,0.0,0.0,0.7681564245810056,z_smooth,14.524515035364747,0.003598844052272903,109,0.9299099804849,False
teacher_majority_all_models__student_with_credit__z_smooth_only,z_smooth_only,LOGIT,eq_return_sortino_state_h1,equity,return_sortino,size_value_corr_absavg_12m_z_smooth,equity_cross_section,1074,-0.05043924645789742,0.052170932467030515,0.05182515158140115,0.03120623338793569,0.11173184357541899,0.888268156424581,0.0,0.0,0.888268156424581,z_smooth,14.524515035364747,0.003591922507567591,110,0.9335019029924677,False
teacher_majority_all_models__student_with_credit__z_smooth_only,z_smooth_only,LOGIT,eq_return_sortino_state_h1,equity,return_sortino,crsp_ind12_chems_z_smooth,other,1074,-0.001061855415954496,0.052077637231837684,0.027270347663673568,0.07677773748441472,0.8379888268156425,0.16201117318435754,0.0,0.0,0.8379888268156425,z_smooth,14.524515035364747,0.003585499213229317,111,0.937087402205697,False
teacher_majority_all_models__student_with_credit__z_smooth_only,z_smooth_only,LOGIT,eq_return_sortino_state_h1,equity,return_sortino,tsy_lambda_corr_diff_z_smooth,treasury_rates,1074,-0.04934925003876081,0.05153244946544197,0.04632563717185767,0.03519714068270237,0.019553072625698324,0.9804469273743017,0.0,0.0,0.9804469273743017,z_smooth,14.524515035364747,0.003547963518228949,112,0.9406353657239259,False
teacher_majority_all_models__student_with_credit__z_smooth_only,z_smooth_only,LOGIT,eq_return_sortino_state_h1,equity,return_sortino,cfnai_level_z_smooth,macro,1074,-0.02872070102331606,0.048308846023525434,0.03987723074339409,0.04899607703860994,0.26536312849162014,0.7346368715083799,0.0,0.0,0.7346368715083799,z_smooth,14.524515035364747,0.0033260212754712658,113,0.9439613869993972,False
teacher_majority_all_models__student_with_credit__z_smooth_only,z_smooth_only,LOGIT,eq_return_sortino_state_h1,equity,return_sortino,crsp_tsy_7_10y_z_smooth,treasury_rates,1074,0.044715241994176556,0.0478320588470746,0.04226954031891271,0.043204692663226366,0.9385474860335196,0.061452513966480445,0.0,0.0,0.9385474860335196,z_smooth,14.524515035364747,0.0032931949005258762,114,0.9472545818999231,False
teacher_majority_all_models__student_with_credit__z_smooth_only,z_smooth_only,LOGIT,eq_return_sortino_state_h1,equity,return_sortino,credit_ret_dispersion_6m_z_smooth,credit,1074,0.008082452888029171,0.047815518550837495,0.03316729162623973,0.04355270088820479,0.5335195530726257,0.4664804469273743,0.0,0.0,0.5335195530726257,z_smooth,14.524515035364747,0.0032920561157749337,115,0.950546638015698,False
teacher_majority_all_models__student_with_credit__z_smooth_only,z_smooth_only,LOGIT,eq_return_sortino_state_h1,equity,return_sortino,industry_ret_dispersion_1m_z_smooth,equity_cross_section,1074,0.0037742309386483495,0.04654266315162514,0.03216372985430864,0.0406359422859352,0.5251396648044693,0.4748603351955307,0.0,0.0,0.5251396648044693,z_smooth,14.524515035364747,0.0032044211485410426,116,0.9537510591642391,False
teacher_majority_all_models__student_with_credit__z_smooth_only,z_smooth_only,LOGIT,eq_return_sortino_state_h1,equity,return_sortino,bond_10y_ret_level_z_smooth,treasury_rates,1074,0.02596529865420134,0.04290348234417202,0.04036816726086949,0.021208723705048844,0.888268156424581,0.11173184357541899,0.0,0.0,0.888268156424581,z_smooth,14.524515035364747,0.002953866772123494,117,0.9567049259363626,False
teacher_majority_all_models__student_with_credit__z_smooth_only,z_smooth_only,LOGIT,eq_return_sortino_state_h1,equity,return_sortino,tsy_rotation_speed_12m_z_smooth,treasury_rates,1074,0.03686349164069823,0.042417227982367245,0.024302442824849675,0.05956133275062732,0.8100558659217877,0.18994413407821228,0.0,0.0,0.8100558659217877,z_smooth,14.524515035364747,0.002920388589848848,118,0.9596253145262114,False
teacher_majority_all_models__student_with_credit__z_smooth_only,z_smooth_only,LOGIT,eq_return_sortino_state_h1,equity,return_sortino,tsy_intermediate_ret_z_smooth,treasury_rates,1074,0.023171170065512534,0.042069102846446486,0.035434669519025006,0.03809074365514025,0.7905027932960894,0.20949720670391062,0.0,0.0,0.7905027932960894,z_smooth,14.524515035364747,0.0028964204824749955,119,0.9625217350086864,False
teacher_majority_all_models__student_with_credit__z_smooth_only,z_smooth_only,LOGIT,eq_return_sortino_state_h1,equity,return_sortino,factor_pca1_share_diff_z_smooth,equity_cross_section,1074,0.012703515445748258,0.04148594209425574,0.03669537655878301,0.02987681356368881,0.6843575418994413,0.31564245810055863,0.0,0.0,0.6843575418994413,z_smooth,14.524515035364747,0.0028562703810243897,120,0.9653780053897107,False
teacher_majority_all_models__student_with_credit__z_smooth_only,z_smooth_only,LOGIT,eq_return_sortino_state_h1,equity,return_sortino,industry_rotation_speed_12m_z_smooth,equity_cross_section,1074,-0.01611785327383779,0.04107238602691948,0.03749331419711044,0.024138272945599566,0.3659217877094972,0.6340782122905028,0.0,0.0,0.6340782122905028,z_smooth,14.524515035364747,0.002827797411955934,121,0.9682058028016667,False
teacher_majority_all_models__student_with_credit__z_smooth_only,z_smooth_only,LOGIT,eq_return_sortino_state_h1,equity,return_sortino,bond_10y_mom_diff_z_smooth,treasury_rates,1074,0.011295464013722197,0.04077304436847898,0.022470407142208295,0.06659050361437827,0.6424581005586593,0.3575418994413408,0.0,0.0,0.6424581005586593,z_smooth,14.524515035364747,0.002807188003813104,122,0.9710129908054798,False
teacher_majority_all_models__student_with_credit__z_smooth_only,z_smooth_only,LOGIT,eq_return_sortino_state_h1,equity,return_sortino,crsp_tsy_1_3y_z_smooth,treasury_rates,1074,0.03821686171473638,0.03997208453403127,0.03666048785599623,0.030820285553160534,0.8854748603351955,0.11452513966480447,0.0,0.0,0.8854748603351955,z_smooth,14.524515035364747,0.0027520426283911014,123,0.9737650334338709,False
teacher_majority_all_models__student_with_credit__z_smooth_only,z_smooth_only,LOGIT,eq_return_sortino_state_h1,equity,return_sortino,tsy_short_ret_z_smooth,treasury_rates,1074,0.03821686171473638,0.03997208453403127,0.03666048785599623,0.030820285553160534,0.8854748603351955,0.11452513966480447,0.0,0.0,0.8854748603351955,z_smooth,14.524515035364747,0.0027520426283911014,124,0.976517076062262,False
teacher_majority_all_models__student_with_credit__z_smooth_only,z_smooth_only,LOGIT,eq_return_sortino_state_h1,equity,return_sortino,industry_ret_dispersion_6m_z_smooth,equity_cross_section,1074,0.009878723383590473,0.038469421047878524,0.02845157545624512,0.03087347116778105,0.5502793296089385,0.44972067039106145,0.0,0.0,0.5502793296089385,z_smooth,14.524515035364747,0.00264858557784628,125,0.9791656616401083,False
teacher_majority_all_models__student_with_credit__z_smooth_only,z_smooth_only,LOGIT,eq_return_sortino_state_h1,equity,return_sortino,factor_ret_dispersion_1m_z_smooth,equity_cross_section,1074,0.036027771683646424,0.03688177873391422,0.03357980898722534,0.030099950413890224,0.840782122905028,0.15921787709497207,0.0,0.0,0.840782122905028,z_smooth,14.524515035364747,0.002539277810247936,126,0.9817049394503562,False
teacher_majority_all_models__student_with_credit__z_smooth_only,z_smooth_only,LOGIT,eq_return_sortino_state_h1,equity,return_sortino,tsy_ret_dispersion_1m_z_smooth,treasury_rates,1074,0.011810548163252815,0.03667925507570933,0.024829266423367104,0.035771243078512815,0.5111731843575419,0.4888268156424581,0.0,0.0,0.5111731843575419,z_smooth,14.524515035364747,0.0025253342356974756,127,0.9842302736860538,False
teacher_majority_all_models__student_with_credit__z_smooth_only,z_smooth_only,LOGIT,eq_return_sortino_state_h1,equity,return_sortino,tsy_pca1_share_12m_z_smooth,treasury_rates,1074,0.009630752561318432,0.03515473297648673,0.027820991910075053,0.031113758066923437,0.5614525139664804,0.43854748603351956,0.0,0.0,0.5614525139664804,z_smooth,14.524515035364747,0.0024203722389966814,128,0.9866506459250504,False
teacher_majority_all_models__student_with_credit__z_smooth_only,z_smooth_only,LOGIT,eq_return_sortino_state_h1,equity,return_sortino,tsy_corr_absavg_12m_z_smooth,treasury_rates,1074,0.009188937593767349,0.03402776334084691,0.02736698749632318,0.03063662163455699,0.5865921787709497,0.4134078212290503,0.0,0.0,0.5865921787709497,z_smooth,14.524515035364747,0.002342781377415703,129,0.9889934273024661,False
teacher_majority_all_models__student_with_credit__z_smooth_only,z_smooth_only,LOGIT,eq_return_sortino_state_h1,equity,return_sortino,tsy_corr_avg_12m_z_smooth,treasury_rates,1074,0.009188937593767349,0.03402776334084691,0.02736698749632318,0.03063662163455699,0.5865921787709497,0.4134078212290503,0.0,0.0,0.5865921787709497,z_smooth,14.524515035364747,0.002342781377415703,130,0.9913362086798818,False
teacher_majority_all_models__student_with_credit__z_smooth_only,z_smooth_only,LOGIT,eq_return_sortino_state_h1,equity,return_sortino,ff_smb_z_smooth,equity_cross_section,1074,-0.01693462605227882,0.03294606857285733,0.02606150840069788,0.03170212981911003,0.44972067039106145,0.5502793296089385,0.0,0.0,0.5502793296089385,z_smooth,14.524515035364747,0.002268307650385518,131,0.9936045163302674,False
teacher_majority_all_models__student_with_credit__z_smooth_only,z_smooth_only,LOGIT,eq_return_sortino_state_h1,equity,return_sortino,size_value_pca1_share_12m_z_smooth,equity_cross_section,1074,-0.024740342945294355,0.032573915080636236,0.02622533012719016,0.02404403444049198,0.2122905027932961,0.7877094972067039,0.0,0.0,0.7877094972067039,z_smooth,14.524515035364747,0.0022426852119553898,132,0.9958472015422227,False
teacher_majority_all_models__student_with_credit__z_smooth_only,z_smooth_only,LOGIT,eq_return_sortino_state_h1,equity,return_sortino,factor_ret_dispersion_6m_z_smooth,equity_cross_section,1074,0.00822500451873264,0.0309256590300445,0.024661343086826295,0.029406913017062282,0.5279329608938548,0.4720670391061452,0.0,0.0,0.5279329608938548,z_smooth,14.524515035364747,0.002129204242258398,133,0.9979764057844811,False
teacher_majority_all_models__student_with_credit__z_smooth_only,z_smooth_only,LOGIT,eq_return_sortino_state_h1,equity,return_sortino,small_minus_big_z_smooth,equity_cross_section,1074,0.00012487611952143572,0.029391724608781655,0.02305616829844414,0.032749593559504665,0.5642458100558659,0.43575418994413406,0.0,0.0,0.5642458100558659,z_smooth,14.524515035364747,0.002023594215518918,134,1.0,False
teacher_majority_all_models__student_with_credit__z_smooth_only,z_smooth_only,LOGIT,eq_vol_downside_state_h1,equity,vol_downside,cross_eq_credit_hy_corr_12m_fisher_diff_z_smooth,credit,1074,-0.5435517166138547,0.5435517166138547,0.6040799127811609,0.32133962049051895,0.0,1.0,0.7849162011173184,0.952513966480447,1.0,z_smooth,21.63418587884212,0.02512466702735689,1,0.02512466702735689,True
teacher_majority_all_models__student_with_credit__z_smooth_only,z_smooth_only,LOGIT,eq_vol_downside_state_h1,equity,vol_downside,cross_bond_credit_ig_corr_12m_fisher_diff_z_smooth,treasury_rates,1074,-0.5124886997552968,0.5124886997552968,0.6385581677752457,0.3620676613309363,0.0,1.0,0.6005586592178771,0.7206703910614525,1.0,z_smooth,21.63418587884212,0.02368883685410609,2,0.04881350388146298,True
teacher_majority_all_models__student_with_credit__z_smooth_only,z_smooth_only,LOGIT,eq_vol_downside_state_h1,equity,vol_downside,cross_bond_cmdty_corr_12m_fisher_diff_z_smooth,treasury_rates,1074,-0.5028900333370401,0.5028900333370401,0.4136870225930417,0.357346010080197,0.0,1.0,0.6033519553072626,0.8296089385474861,1.0,z_smooth,21.63418587884212,0.02324515635362356,3,0.07205866023508654,True
teacher_majority_all_models__student_with_credit__z_smooth_only,z_smooth_only,LOGIT,eq_vol_downside_state_h1,equity,vol_downside,size_value_pca1_share_diff_z_smooth,equity_cross_section,1074,-0.4627558140428198,0.4627558140428198,0.38396071805542686,0.26133445921566995,0.0,1.0,0.659217877094972,0.7569832402234636,1.0,z_smooth,21.63418587884212,0.021390026721337704,4,0.09344868695642425,True
teacher_majority_all_models__student_with_credit__z_smooth_only,z_smooth_only,LOGIT,eq_vol_downside_state_h1,equity,vol_downside,credit_lambda_cov_12m_z_smooth,credit,1074,0.44274414649090105,0.44274414649090105,0.465922154642883,0.20398733728003798,1.0,0.0,0.7737430167597765,0.9832402234636871,1.0,z_smooth,21.63418587884212,0.020465024612915873,5,0.11391371156934012,True
teacher_majority_all_models__student_with_credit__z_smooth_only,z_smooth_only,LOGIT,eq_vol_downside_state_h1,equity,vol_downside,tsy_pca1_share_diff_z_smooth,treasury_rates,1074,-0.4401328822857615,0.4401328822857615,0.4269086900397071,0.26800559463361284,0.0,1.0,0.505586592178771,0.888268156424581,1.0,z_smooth,21.63418587884212,0.020344323782306235,6,0.13425803535164635,True
teacher_majority_all_models__student_with_credit__z_smooth_only,z_smooth_only,LOGIT,eq_vol_downside_state_h1,equity,vol_downside,industry_ret_dispersion_6m_z_smooth,equity_cross_section,1074,-0.43367519299114565,0.43367519299114565,0.5020487056993757,0.18662389794476347,0.0,1.0,0.5754189944134078,0.9050279329608939,1.0,z_smooth,21.63418587884212,0.020045829106759817,7,0.15430386445840616,True
teacher_majority_all_models__student_with_credit__z_smooth_only,z_smooth_only,LOGIT,eq_vol_downside_state_h1,equity,vol_downside,factor_ret_dispersion_6m_z_smooth,equity_cross_section,1074,-0.4192359371617947,0.4192359371617947,0.4272817785693357,0.19709883504353015,0.0,1.0,0.5921787709497207,0.8128491620111732,1.0,z_smooth,21.63418587884212,0.019378401364841768,8,0.17368226582324794,True
teacher_majority_all_models__student_with_credit__z_smooth_only,z_smooth_only,LOGIT,eq_vol_downside_state_h1,equity,vol_downside,anfci_level_z_smooth,financial_conditions,1074,-0.384103357765862,0.384103357765862,0.2951141164719676,0.22959026943224017,0.0,1.0,0.5335195530726257,0.6731843575418994,1.0,z_smooth,21.63418587884212,0.01775446323318821,9,0.19143672905643616,True
teacher_majority_all_models__student_with_credit__z_smooth_only,z_smooth_only,LOGIT,eq_vol_downside_state_h1,equity,vol_downside,fred_anfci_z_smooth,financial_conditions,1074,-0.384103357765862,0.384103357765862,0.2951141164719676,0.22959026943224017,0.0,1.0,0.5279329608938548,0.6731843575418994,1.0,z_smooth,21.63418587884212,0.01775446323318821,10,0.20919119228962435,True
teacher_majority_all_models__student_with_credit__z_smooth_only,z_smooth_only,LOGIT,eq_vol_downside_state_h1,equity,vol_downside,industry_best_minus_worst_6m_z_smooth,equity_cross_section,1074,-0.37393472582790616,0.37393472582790616,0.3981951369287865,0.14453644264727697,0.0,1.0,0.4720670391061452,0.7653631284916201,1.0,z_smooth,21.63418587884212,0.017284437136763635,11,0.226475629426388,True
teacher_majority_all_models__student_with_credit__z_smooth_only,z_smooth_only,LOGIT,eq_vol_downside_state_h1,equity,vol_downside,cross_eq_cmdty_corr_12m_fisher_diff_z_smooth,commodities,1074,0.36598048693070895,0.3671757731068933,0.3360789594602808,0.2460348894142885,0.952513966480447,0.04748603351955307,0.3575418994413408,0.6703910614525139,0.952513966480447,z_smooth,21.63418587884212,0.016972017119719084,12,0.24344764654610707,True
teacher_majority_all_models__student_with_credit__z_smooth_only,z_smooth_only,LOGIT,eq_vol_downside_state_h1,equity,vol_downside,vix_logdiff_z_smooth,volatility_dependence,1074,-0.35988427504085063,0.35988427504085063,0.4254656072268193,0.17189332705739133,0.0,1.0,0.39385474860335196,0.6424581005586593,1.0,z_smooth,21.63418587884212,0.01663498118470044,13,0.26008262773080754,True
teacher_majority_all_models__student_with_credit__z_smooth_only,z_smooth_only,LOGIT,eq_vol_downside_state_h1,equity,vol_downside,tsy_ret_dispersion_1m_z_smooth,treasury_rates,1074,-0.35622554709862586,0.3564284086794266,0.3221240658046658,0.17430364536830403,0.002793296089385475,0.9972067039106145,0.4273743016759777,0.7206703910614525,0.9972067039106145,z_smooth,21.63418587884212,0.016475240190480554,14,0.27655786792128806,True
teacher_majority_all_models__student_with_credit__z_smooth_only,z_smooth_only,LOGIT,eq_vol_downside_state_h1,equity,vol_downside,nfci_minus_anfci_z_smooth,financial_conditions,1074,0.33426190614433204,0.33426190614433204,0.24901793168735753,0.19926093249190674,1.0,0.0,0.33519553072625696,0.6480446927374302,1.0,z_smooth,21.63418587884212,0.01545063484321981,15,0.2920085027645079,True
teacher_majority_all_models__student_with_credit__z_smooth_only,z_smooth_only,LOGIT,eq_vol_downside_state_h1,equity,vol_downside,sentiment_logdiff_z_smooth,macro,1074,-0.3218319539508501,0.3218319539508501,0.3947711437444239,0.17726325532851323,0.0,1.0,0.0,0.4972067039106145,1.0,z_smooth,21.63418587884212,0.014876083424317644,16,0.3068845861888255,True
teacher_majority_all_models__student_with_credit__z_smooth_only,z_smooth_only,LOGIT,eq_vol_downside_state_h1,equity,vol_downside,fred_nfci_z_smooth,financial_conditions,1074,-0.31922367033284277,0.31922367033284277,0.23720772417307034,0.20279921714221832,0.0,1.0,0.15921787709497207,0.6061452513966481,1.0,z_smooth,21.63418587884212,0.014755520365803932,17,0.32164010655462943,True
teacher_majority_all_models__student_with_credit__z_smooth_only,z_smooth_only,LOGIT,eq_vol_downside_state_h1,equity,vol_downside,nfci_level_z_smooth,financial_conditions,1074,-0.31922367033284277,0.31922367033284277,0.23720772417307034,0.20279921714221832,0.0,1.0,0.11173184357541899,0.5251396648044693,1.0,z_smooth,21.63418587884212,0.014755520365803932,18,0.3363956269204334,True
teacher_majority_all_models__student_with_credit__z_smooth_only,z_smooth_only,LOGIT,eq_vol_downside_state_h1,equity,vol_downside,crsp_ind12_hlth_z_smooth,other,1074,0.31516342247514295,0.31516342247514295,0.3183743804087653,0.19530329625911205,1.0,0.0,0.18994413407821228,0.43575418994413406,1.0,z_smooth,21.63418587884212,0.014567842961142698,19,0.35096346988157606,False
teacher_majority_all_models__student_with_credit__z_smooth_only,z_smooth_only,LOGIT,eq_vol_downside_state_h1,equity,vol_downside,industry_ret_dispersion_1m_z_smooth,equity_cross_section,1074,-0.31290800628084914,0.31290800628084914,0.4056445244131571,0.1323992112225011,0.0,1.0,0.002793296089385475,0.4664804469273743,1.0,z_smooth,21.63418587884212,0.014463590542913289,20,0.36542706042448936,False
teacher_majority_all_models__student_with_credit__z_smooth_only,z_smooth_only,LOGIT,eq_vol_downside_state_h1,equity,vol_downside,industry_best_minus_worst_1m_z_smooth,equity_cross_section,1074,-0.3098906991886506,0.3098906991886506,0.3728243598366825,0.12335072063628047,0.0,1.0,0.025139664804469275,0.5111731843575419,1.0,z_smooth,21.63418587884212,0.014324121135139114,21,0.3797511815596285,False
teacher_majority_all_models__student_with_credit__z_smooth_only,z_smooth_only,LOGIT,eq_vol_downside_state_h1,equity,vol_downside,factor_ret_dispersion_1m_z_smooth,equity_cross_section,1074,-0.2961877385314505,0.2961877385314505,0.3297032161788972,0.1254305901088349,0.0,1.0,0.11173184357541899,0.4273743016759777,1.0,z_smooth,21.63418587884212,0.013690727267954058,22,0.39344190882758256,False
teacher_majority_all_models__student_with_credit__z_smooth_only,z_smooth_only,LOGIT,eq_vol_downside_state_h1,equity,vol_downside,credit_hy_minus_ig_z_smooth,credit,1074,-0.292034653045625,0.292034653045625,0.23350618722153194,0.1801369500470248,0.0,1.0,0.11173184357541899,0.4581005586592179,1.0,z_smooth,21.63418587884212,0.013498758616622135,23,0.40694066744420465,False
teacher_majority_all_models__student_with_credit__z_smooth_only,z_smooth_only,LOGIT,eq_vol_downside_state_h1,equity,vol_downside,rv_60d_logdiff_z_smooth,volatility_dependence,1074,-0.2916548082083313,0.29167241553809437,0.3199809229724923,0.17572275624764036,0.0111731843575419,0.9888268156424581,0.1005586592178771,0.2709497206703911,0.9888268156424581,z_smooth,21.63418587884212,0.013482014861642896,24,0.42042268230584756,False
teacher_majority_all_models__student_with_credit__z_smooth_only,z_smooth_only,LOGIT,eq_vol_downside_state_h1,equity,vol_downside,size_value_ret_dispersion_6m_z_smooth,equity_cross_section,1074,-0.2909252184791566,0.2909252184791566,0.3036997541049531,0.1366144051033982,0.0,1.0,0.09776536312849161,0.43575418994413406,1.0,z_smooth,21.63418587884212,0.013447477067472027,25,0.43387015937331963,False
teacher_majority_all_models__student_with_credit__z_smooth_only,z_smooth_only,LOGIT,eq_vol_downside_state_h1,equity,vol_downside,factor_corr_avg_12m_z_smooth,equity_cross_section,1074,-0.28987304584978907,0.28987304584978907,0.2869381453089752,0.15099749015703182,0.0,1.0,0.05865921787709497,0.4748603351955307,1.0,z_smooth,21.63418587884212,0.013398842344850155,26,0.44726900171816975,False
teacher_majority_all_models__student_with_credit__z_smooth_only,z_smooth_only,LOGIT,eq_vol_downside_state_h1,equity,vol_downside,size_value_lambda_corr_diff_z_smooth,equity_cross_section,1074,0.25538244261595083,0.25538244261595083,0.2815749856306833,0.17845587528865978,1.0,0.0,0.0,0.21508379888268156,1.0,z_smooth,21.63418587884212,0.011804578367134706,27,0.45907358008530447,False
teacher_majority_all_models__student_with_credit__z_smooth_only,z_smooth_only,LOGIT,eq_vol_downside_state_h1,equity,vol_downside,smlo_vwret_z_smooth,other,1074,0.2533489795433298,0.2535756000036482,0.2678322566375948,0.12190810158897226,0.9972067039106145,0.002793296089385475,0.0,0.0223463687150838,0.9972067039106145,z_smooth,21.63418587884212,0.011721060428330746,28,0.47079464051363523,False
teacher_majority_all_models__student_with_credit__z_smooth_only,z_smooth_only,LOGIT,eq_vol_downside_state_h1,equity,vol_downside,cfnai_level_z_smooth,macro,1074,-0.23915912415289897,0.23915912415289897,0.2561377583851585,0.13269880119646665,0.0,1.0,0.00558659217877095,0.05307262569832402,1.0,z_smooth,21.63418587884212,0.011054685648549995,29,0.48184932616218523,False
teacher_majority_all_models__student_with_credit__z_smooth_only,z_smooth_only,LOGIT,eq_vol_downside_state_h1,equity,vol_downside,size_value_lambda_cov_12m_z_smooth,equity_cross_section,1074,-0.23253635593308786,0.23698629279185818,0.11407248289043838,0.21782141060389595,0.06424581005586592,0.9357541899441341,0.0446927374301676,0.22625698324022347,0.9357541899441341,z_smooth,21.63418587884212,0.010954250560619749,30,0.49280357672280495,False
teacher_majority_all_models__student_with_credit__z_smooth_only,z_smooth_only,LOGIT,eq_vol_downside_state_h1,equity,vol_downside,tsy_lambda_cov_diff_z_smooth,treasury_rates,1074,0.2361396767989669,0.2361396767989669,0.1835465011534007,0.10441399396768437,1.0,0.0,0.06983240223463687,0.15083798882681565,1.0,z_smooth,21.63418587884212,0.010915117311158339,31,0.5037186940339633,False
teacher_majority_all_models__student_with_credit__z_smooth_only,z_smooth_only,LOGIT,eq_vol_downside_state_h1,equity,vol_downside,industry_pca1_share_diff_z_smooth,equity_cross_section,1074,-0.23080900055404044,0.23080900055404044,0.23639863204682032,0.07551179078601027,0.0,1.0,0.1340782122905028,0.3407821229050279,1.0,z_smooth,21.63418587884212,0.010668716717450776,32,0.514387410751414,False
teacher_majority_all_models__student_with_credit__z_smooth_only,z_smooth_only,LOGIT,eq_vol_downside_state_h1,equity,vol_downside,factor_lambda_cov_12m_z_smooth,equity_cross_section,1074,-0.22266269472219205,0.22740302544592336,0.1628037076827876,0.2005574400435293,0.164804469273743,0.835195530726257,0.2011173184357542,0.26256983240223464,0.835195530726257,z_smooth,21.63418587884212,0.01051128185361113,33,0.5248986926050252,False
teacher_majority_all_models__student_with_credit__z_smooth_only,z_smooth_only,LOGIT,eq_vol_downside_state_h1,equity,vol_downside,size_value_ret_dispersion_1m_z_smooth,equity_cross_section,1074,-0.2221228052234438,0.2221228052234438,0.23211542286204673,0.10305961531532563,0.0,1.0,0.0,0.09776536312849161,1.0,z_smooth,21.63418587884212,0.010267213495686761,34,0.5351659061007119,False
teacher_majority_all_models__student_with_credit__z_smooth_only,z_smooth_only,LOGIT,eq_vol_downside_state_h1,equity,vol_downside,industry_corr_absavg_12m_z_smooth,equity_cross_section,1074,-0.2139086356082949,0.2139086356082949,0.20943744520999658,0.10114049946522706,0.0,1.0,0.0,0.0,1.0,z_smooth,21.63418587884212,0.00988752878459337,35,0.5450534348853053,False
teacher_majority_all_models__student_with_credit__z_smooth_only,z_smooth_only,LOGIT,eq_vol_downside_state_h1,equity,vol_downside,crsp_ind12_enrgy_z_smooth,other,1074,0.20974530578829098,0.20974530578829098,0.18134481641448041,0.10426268395822588,1.0,0.0,0.0,0.12849162011173185,1.0,z_smooth,21.63418587884212,0.00969508660796977,36,0.5547485214932751,False
teacher_majority_all_models__student_with_credit__z_smooth_only,z_smooth_only,LOGIT,eq_vol_downside_state_h1,equity,vol_downside,nfci_diff_z_smooth,financial_conditions,1074,-0.20215503275407146,0.20215503275407146,0.19498506343646207,0.11841123065756579,0.0,1.0,0.17039106145251395,0.24860335195530725,1.0,z_smooth,21.63418587884212,0.009344240355805382,37,0.5640927618490805,False
teacher_majority_all_models__student_with_credit__z_smooth_only,z_smooth_only,LOGIT,eq_vol_downside_state_h1,equity,vol_downside,factor_lambda_corr_12m_z_smooth,equity_cross_section,1074,0.2015362741876433,0.2015362741876433,0.1359880637379204,0.13780497278512877,1.0,0.0,0.0,0.04189944134078212,1.0,z_smooth,21.63418587884212,0.00931563939203936,38,0.5734084012411198,False
teacher_majority_all_models__student_with_credit__z_smooth_only,z_smooth_only,LOGIT,eq_vol_downside_state_h1,equity,vol_downside,crsp_ind12_shops_z_smooth,other,1074,-0.1928489600585257,0.1928489600585257,0.19880321932770362,0.11648481811557672,0.0,1.0,0.0,0.0,1.0,z_smooth,21.63418587884212,0.008914084455894816,39,0.5823224856970146,False
teacher_majority_all_models__student_with_credit__z_smooth_only,z_smooth_only,LOGIT,eq_vol_downside_state_h1,equity,vol_downside,credit_spread_diff_z_smooth,credit,1074,0.03970846210635096,0.18661707591168253,0.1876934203698712,0.12725021706854459,0.5363128491620112,0.46368715083798884,0.03910614525139665,0.21508379888268156,0.5363128491620112,z_smooth,21.63418587884212,0.008626027203278815,40,0.5909485129002935,False
teacher_majority_all_models__student_with_credit__z_smooth_only,z_smooth_only,LOGIT,eq_vol_downside_state_h1,equity,vol_downside,credit_ig_ret_6m_z_smooth,credit,1074,-0.17521227677744936,0.18519608301696389,0.1884550621940399,0.15485564826815787,0.1787709497206704,0.8212290502793296,0.0,0.07262569832402235,0.8212290502793296,z_smooth,21.63418587884212,0.008560344449942192,41,0.5995088573502356,False
teacher_majority_all_models__student_with_credit__z_smooth_only,z_smooth_only,LOGIT,eq_vol_downside_state_h1,equity,vol_downside,tsy_lambda_corr_12m_z_smooth,treasury_rates,1074,-0.1800033491349338,0.18462011804215558,0.14882639912055567,0.1387782255212839,0.055865921787709494,0.9441340782122905,0.0,0.10893854748603352,0.9441340782122905,z_smooth,21.63418587884212,0.008533721540347447,42,0.6080425788905831,False
teacher_majority_all_models__student_with_credit__z_smooth_only,z_smooth_only,LOGIT,eq_vol_downside_state_h1,equity,vol_downside,industry_pca1_share_12m_z_smooth,equity_cross_section,1074,-0.18232461354569401,0.18232461354569401,0.15732681205160481,0.08779871523283207,0.0,1.0,0.0,0.0,1.0,z_smooth,21.63418587884212,0.008427616114919512,43,0.6164701950055026,False
teacher_majority_all_models__student_with_credit__z_smooth_only,z_smooth_only,LOGIT,eq_vol_downside_state_h1,equity,vol_downside,crsp_ind12_durbl_z_smooth,other,1074,-0.12061114610636775,0.1760770404597226,0.14071865492958863,0.1618243161733229,0.3128491620111732,0.6871508379888268,0.0,0.24581005586592178,0.6871508379888268,z_smooth,21.63418587884212,0.008138833670275666,44,0.6246090286757783,False
teacher_majority_all_models__student_with_credit__z_smooth_only,z_smooth_only,LOGIT,eq_vol_downside_state_h1,equity,vol_downside,industry_lambda_corr_12m_z_smooth,equity_cross_section,1074,-0.16750257069513783,0.1683051238621862,0.18785994383598248,0.10153996857433183,0.04748603351955307,0.952513966480447,0.0,0.0,0.952513966480447,z_smooth,21.63418587884212,0.007779591282276347,45,0.6323886199580546,False
teacher_majority_all_models__student_with_credit__z_smooth_only,z_smooth_only,LOGIT,eq_vol_downside_state_h1,equity,vol_downside,cmdty_vol_12m_z_smooth,commodities,1074,-0.1492381413072281,0.16713738702731176,0.16148459703852175,0.09194921296541866,0.1340782122905028,0.8659217877094972,0.13687150837988826,0.22346368715083798,0.8659217877094972,z_smooth,21.63418587884212,0.0077256148192185676,46,0.6401142347772732,False
teacher_majority_all_models__student_with_credit__z_smooth_only,z_smooth_only,LOGIT,eq_vol_downside_state_h1,equity,vol_downside,crsp_ind12_money_z_smooth,other,1074,0.1659235741475949,0.1659235741475949,0.17131148914396563,0.10466477496888185,1.0,0.0,0.0,0.0223463687150838,1.0,z_smooth,21.63418587884212,0.007669508576695064,47,0.6477837433539683,False
teacher_majority_all_models__student_with_credit__z_smooth_only,z_smooth_only,LOGIT,eq_vol_downside_state_h1,equity,vol_downside,cmdty_broad_aqr_ret_z_smooth,commodities,1074,0.1618170365403381,0.16301804430977007,0.1690631212721531,0.09823902431631865,0.952513966480447,0.04748603351955307,0.0,0.002793296089385475,0.952513966480447,z_smooth,21.63418587884212,0.007535205864584858,48,0.6553189492185532,False
teacher_majority_all_models__student_with_credit__z_smooth_only,z_smooth_only,LOGIT,eq_vol_downside_state_h1,equity,vol_downside,cmdty_ret_1m_z_smooth,commodities,1074,0.1618170365403381,0.16301804430977007,0.1690631212721531,0.09823902431631865,0.952513966480447,0.04748603351955307,0.0,0.0,0.952513966480447,z_smooth,21.63418587884212,0.007535205864584858,49,0.6628541550831379,False
teacher_majority_all_models__student_with_credit__z_smooth_only,z_smooth_only,LOGIT,eq_vol_downside_state_h1,equity,vol_downside,size_value_lambda_corr_12m_z_smooth,equity_cross_section,1074,-0.16250155180432438,0.16250155180432438,0.10251016684789158,0.1433072773974896,0.0,1.0,0.0,0.036312849162011177,1.0,z_smooth,21.63418587884212,0.0075113319592602845,50,0.6703654870423983,False
teacher_majority_all_models__student_with_credit__z_smooth_only,z_smooth_only,LOGIT,eq_vol_downside_state_h1,equity,vol_downside,curve_belly_diff_z_smooth,treasury_rates,1074,-0.1571900400337028,0.1571900400337028,0.1359680181130897,0.08766565063983436,0.0,1.0,0.0,0.0,1.0,z_smooth,21.63418587884212,0.007265817207729184,51,0.6776313042501274,False
teacher_majority_all_models__student_with_credit__z_smooth_only,z_smooth_only,LOGIT,eq_vol_downside_state_h1,equity,vol_downside,growth_avg_ret_z_smooth,other,1074,0.15142254771726862,0.15142254771726862,0.15440199425632967,0.06355756864641562,1.0,0.0,0.0,0.0,1.0,z_smooth,21.63418587884212,0.006999225603647854,52,0.6846305298537753,False
teacher_majority_all_models__student_with_credit__z_smooth_only,z_smooth_only,LOGIT,eq_vol_downside_state_h1,equity,vol_downside,anfci_diff_z_smooth,financial_conditions,1074,-0.06727371762763235,0.14797711081066284,0.16027793540243396,0.06651836986913173,0.24022346368715083,0.7597765363128491,0.0,0.04189944134078212,0.7597765363128491,z_smooth,21.63418587884212,0.006839966691576872,53,0.6914704965453522,False
teacher_majority_all_models__student_with_credit__z_smooth_only,z_smooth_only,LOGIT,eq_vol_downside_state_h1,equity,vol_downside,credit_hy_ret_6m_z_smooth,credit,1074,-0.14045539550206768,0.14485523627670807,0.16787141914729897,0.12331166186579302,0.25139664804469275,0.7486033519553073,0.0,0.0,0.7486033519553073,z_smooth,21.63418587884212,0.006695663848315832,54,0.698166160393668,False
teacher_majority_all_models__student_with_credit__z_smooth_only,z_smooth_only,LOGIT,eq_vol_downside_state_h1,equity,vol_downside,industry_corr_avg_12m_z_smooth,equity_cross_section,1074,-0.13982263249053414,0.13982263249053414,0.11576179531491956,0.06522884792948433,0.0,1.0,0.0,0.0,1.0,z_smooth,21.63418587884212,0.006463041099562632,55,0.7046292014932306,False
teacher_majority_all_models__student_with_credit__z_smooth_only,z_smooth_only,LOGIT,eq_vol_downside_state_h1,equity,vol_downside,ff_mom_minus_hml_z_smooth,equity_cross_section,1074,0.13447653126125908,0.1365743262822471,0.11900140128371312,0.06490087176829788,0.9581005586592178,0.04189944134078212,0.0,0.1340782122905028,0.9581005586592178,z_smooth,21.63418587884212,0.0063128941873340635,56,0.7109420956805647,False
teacher_majority_all_models__student_with_credit__z_smooth_only,z_smooth_only,LOGIT,eq_vol_downside_state_h1,equity,vol_downside,policy_rate_diff_z_smooth,treasury_rates,1074,0.13073161109303308,0.13291066389837164,0.11676731457728205,0.08124218815488524,0.9217877094972067,0.0782122905027933,0.0,0.0,0.9217877094972067,z_smooth,21.63418587884212,0.006143548208502548,57,0.7170856438890673,False
teacher_majority_all_models__student_with_credit__z_smooth_only,z_smooth_only,LOGIT,eq_vol_downside_state_h1,equity,vol_downside,credit_hy_ig_corr_12m_fisher_z_smooth,credit,1074,0.12900357576390523,0.1305406832582196,0.08072265172421852,0.15166642357815807,0.9245810055865922,0.07541899441340782,0.03910614525139665,0.06424581005586592,0.9245810055865922,z_smooth,21.63418587884212,0.006034000261867318,58,0.7231196441509345,False
teacher_majority_all_models__student_with_credit__z_smooth_only,z_smooth_only,LOGIT,eq_vol_downside_state_h1,equity,vol_downside,factor_pca1_share_diff_z_smooth,equity_cross_section,1074,-0.1299427951125386,0.13006490523284417,0.11346550900401088,0.09864724167664707,0.0223463687150838,0.9776536312849162,0.0,0.0111731843575419,0.9776536312849162,z_smooth,21.63418587884212,0.006012008307650047,59,0.7291316524585846,False
teacher_majority_all_models__student_with_credit__z_smooth_only,z_smooth_only,LOGIT,eq_vol_downside_state_h1,equity,vol_downside,ff_cma_z_smooth,equity_cross_section,1074,0.0722846498165075,0.12854984698910116,0.05273505716934067,0.15009530318518044,0.48324022346368717,0.5167597765363129,0.0,0.013966480446927373,0.5167597765363129,z_smooth,21.63418587884212,0.005941977558527904,60,0.7350736300171126,False
teacher_majority_all_models__student_with_credit__z_smooth_only,z_smooth_only,LOGIT,eq_vol_downside_state_h1,equity,vol_downside,crsp_ind12_utils_z_smooth,other,1074,0.12030772540535474,0.1240833399672579,0.13452365493246574,0.06210071996254674,0.9413407821229051,0.05865921787709497,0.0,0.061452513966480445,0.9413407821229051,z_smooth,21.63418587884212,0.0057355215796962055,61,0.7408091515968087,False
teacher_majority_all_models__student_with_credit__z_smooth_only,z_smooth_only,LOGIT,eq_vol_downside_state_h1,equity,vol_downside,curve_10y_2y_diff_z_smooth,treasury_rates,1074,-0.12115780922877137,0.1216363951046445,0.10311488408694902,0.06986474551778242,0.05865921787709497,0.9413407821229051,0.0,0.0,0.9413407821229051,z_smooth,21.63418587884212,0.005622416105040629,62,0.7464315677018494,False
teacher_majority_all_models__student_with_credit__z_smooth_only,z_smooth_only,LOGIT,eq_vol_downside_state_h1,equity,vol_downside,cmdty_sharpe_12m_z_smooth,commodities,1074,-0.10409311239726755,0.11463016509624814,0.08155393628224511,0.09524031485532027,0.10614525139664804,0.8938547486033519,0.0,0.002793296089385475,0.8938547486033519,z_smooth,21.63418587884212,0.0052985661553529755,63,0.7517301338572023,False
teacher_majority_all_models__student_with_credit__z_smooth_only,z_smooth_only,LOGIT,eq_vol_downside_state_h1,equity,vol_downside,ff_mom_z_smooth,equity_cross_section,1074,0.1026803508207747,0.11392058060712086,0.11451823857997996,0.04736188690270554,0.9301675977653632,0.06983240223463687,0.04748603351955307,0.0670391061452514,0.9301675977653632,z_smooth,21.63418587884212,0.005265766932257586,64,0.7569959007894599,False
teacher_majority_all_models__student_with_credit__z_smooth_only,z_smooth_only,LOGIT,eq_vol_downside_state_h1,equity,vol_downside,small_value_minus_big_growth_z_smooth,equity_cross_section,1074,-0.11252187021891778,0.11252187021891778,0.10275550940784725,0.06208804820730951,0.0,1.0,0.0,0.0,1.0,z_smooth,21.63418587884212,0.005201114146336439,65,0.7621970149357964,False
teacher_majority_all_models__student_with_credit__z_smooth_only,z_smooth_only,LOGIT,eq_vol_downside_state_h1,equity,vol_downside,factor_lambda_cov_diff_z_smooth,equity_cross_section,1074,-0.08347671495048485,0.11159901640963242,0.036350415180780485,0.14279095399307484,0.5642458100558659,0.43575418994413406,0.0,0.0,0.5642458100558659,z_smooth,21.63418587884212,0.005158456945623936,66,0.7673554718814203,False
teacher_majority_all_models__student_with_credit__z_smooth_only,z_smooth_only,LOGIT,eq_vol_downside_state_h1,equity,vol_downside,tsy_lambda_cov_12m_z_smooth,treasury_rates,1074,0.06788245628138818,0.10930053554210711,0.06355931981145879,0.12748680739100862,0.5782122905027933,0.42178770949720673,0.0,0.0,0.5782122905027933,z_smooth,21.63418587884212,0.005052213942979997,67,0.7724076858244003,False
teacher_majority_all_models__student_with_credit__z_smooth_only,z_smooth_only,LOGIT,eq_vol_downside_state_h1,equity,vol_downside,cmdty_ret_12m_z_smooth,commodities,1074,-0.10509953206536911,0.10928865020835674,0.08857528716450679,0.09407437113957688,0.10614525139664804,0.8938547486033519,0.0,0.0,0.8938547486033519,z_smooth,21.63418587884212,0.00505166456553557,68,0.7774593503899359,False
teacher_majority_all_models__student_with_credit__z_smooth_only,z_smooth_only,LOGIT,eq_vol_downside_state_h1,equity,vol_downside,core_inflation_diff_z_smooth,macro,1074,-0.07841575686330196,0.10743787323001293,0.05829435350693512,0.08762572763173816,0.34916201117318435,0.6508379888268156,0.0,0.0,0.6508379888268156,z_smooth,21.63418587884212,0.004966115842384686,69,0.7824254662323206,False
teacher_majority_all_models__student_with_credit__z_smooth_only,z_smooth_only,LOGIT,eq_vol_downside_state_h1,equity,vol_downside,tsy_ret_dispersion_6m_z_smooth,treasury_rates,1074,-0.07563039952444618,0.1074215560013658,0.10248352793440271,0.05554633300695612,0.24581005586592178,0.7541899441340782,0.0,0.0,0.7541899441340782,z_smooth,21.63418587884212,0.004965361608842527,70,0.7873908278411631,False
teacher_majority_all_models__student_with_credit__z_smooth_only,z_smooth_only,LOGIT,eq_vol_downside_state_h1,equity,vol_downside,bihi_vwret_z_smooth,other,1074,0.10069789097772287,0.10195052996172223,0.0824086969385754,0.0572660463845835,0.9832402234636871,0.01675977653631285,0.0,0.0,0.9832402234636871,z_smooth,21.63418587884212,0.004712473606942065,71,0.7921033014481051,False
teacher_majority_all_models__student_with_credit__z_smooth_only,z_smooth_only,LOGIT,eq_vol_downside_state_h1,equity,vol_downside,crsp_ind12_nodur_z_smooth,other,1074,0.09268163779287071,0.10022867284191386,0.09758994854882735,0.05611589924343132,0.9441340782122905,0.055865921787709494,0.0,0.06424581005586592,0.9441340782122905,z_smooth,21.63418587884212,0.004632883964445173,72,0.7967361854125503,False
teacher_majority_all_models__student_with_credit__z_smooth_only,z_smooth_only,LOGIT,eq_vol_downside_state_h1,equity,vol_downside,factor_rotation_speed_12m_z_smooth,equity_cross_section,1074,0.07439003446301126,0.1000149990653983,0.09118310079558423,0.07634831874041353,0.729050279329609,0.2709497206703911,0.0,0.0,0.729050279329609,z_smooth,21.63418587884212,0.004623007291585274,73,0.8013591927041356,False
teacher_majority_all_models__student_with_credit__z_smooth_only,z_smooth_only,LOGIT,eq_vol_downside_state_h1,equity,vol_downside,crsp_ind12_telcm_z_smooth,other,1074,0.09559214157536647,0.09979518021056275,0.07445368375819542,0.09631588795893509,0.8212290502793296,0.1787709497206704,0.0,0.0,0.8212290502793296,z_smooth,21.63418587884212,0.004612846573910636,74,0.8059720392780463,False
teacher_majority_all_models__student_with_credit__z_smooth_only,z_smooth_only,LOGIT,eq_vol_downside_state_h1,equity,vol_downside,small_avg_ret_z_smooth,equity_cross_section,1074,0.0980425326988835,0.09808373953348623,0.0950324087006127,0.060389700618938766,0.9972067039106145,0.002793296089385475,0.0,0.0,0.9972067039106145,z_smooth,21.63418587884212,0.004533738412103158,75,0.8105057776901494,False
teacher_majority_all_models__student_with_credit__z_smooth_only,z_smooth_only,LOGIT,eq_vol_downside_state_h1,equity,vol_downside,ff_hml_z_smooth,equity_cross_section,1074,-0.07497829414836651,0.09591245733137202,0.05348111581738208,0.08955640158523108,0.21787709497206703,0.7821229050279329,0.0,0.0,0.7821229050279329,z_smooth,21.63418587884212,0.004433374931162666,76,0.814939152621312,False
teacher_majority_all_models__student_with_credit__z_smooth_only,z_smooth_only,LOGIT,eq_vol_downside_state_h1,equity,vol_downside,value_minus_growth_z_smooth,equity_cross_section,1074,-0.0754550255618136,0.09579700415586423,0.053617288400850976,0.08955229091636162,0.21508379888268156,0.7849162011173184,0.0,0.0,0.7849162011173184,z_smooth,21.63418587884212,0.00442803832288194,77,0.819367190944194,False
teacher_majority_all_models__student_with_credit__z_smooth_only,z_smooth_only,LOGIT,eq_vol_downside_state_h1,equity,vol_downside,tsy_20y_minus_1_3y_z_smooth,treasury_rates,1074,-0.09269015138182071,0.09450302636005897,0.05019661260087295,0.09881965538406624,0.11731843575418995,0.88268156424581,0.0,0.0,0.88268156424581,z_smooth,21.63418587884212,0.004368226606228866,78,0.8237354175504229,False
teacher_majority_all_models__student_with_credit__z_smooth_only,z_smooth_only,LOGIT,eq_vol_downside_state_h1,equity,vol_downside,size_value_lambda_cov_diff_z_smooth,equity_cross_section,1074,0.08539559730421349,0.09382996933517462,0.08438006551355845,0.05923296271963834,0.9664804469273743,0.0335195530726257,0.0,0.0,0.9664804469273743,z_smooth,21.63418587884212,0.004337115797222524,79,0.8280725333476454,False
teacher_majority_all_models__student_with_credit__z_smooth_only,z_smooth_only,LOGIT,eq_vol_downside_state_h1,equity,vol_downside,factor_pca1_share_12m_z_smooth,equity_cross_section,1074,-0.015989548890292606,0.09313408991984815,0.08832239928879987,0.06269491878056908,0.3547486033519553,0.6452513966480447,0.0,0.0,0.6452513966480447,z_smooth,21.63418587884212,0.004304950065670452,80,0.8323774834133159,False
teacher_majority_all_models__student_with_credit__z_smooth_only,z_smooth_only,LOGIT,eq_vol_downside_state_h1,equity,vol_downside,crsp_ind12_chems_z_smooth,other,1074,-0.061539891841176676,0.0920128092390882,0.03990352940525998,0.12077057962891495,0.4441340782122905,0.5558659217877095,0.0,0.025139664804469275,0.5558659217877095,z_smooth,21.63418587884212,0.004253120951922449,81,0.8366306043652383,False
teacher_majority_all_models__student_with_credit__z_smooth_only,z_smooth_only,LOGIT,eq_vol_downside_state_h1,equity,vol_downside,factor_corr_absavg_12m_z_smooth,equity_cross_section,1074,0.0329303921631969,0.09136581404025695,0.054049928055103266,0.09427114932166665,0.43575418994413406,0.5642458100558659,0.0,0.0,0.5642458100558659,z_smooth,21.63418587884212,0.004223214802347206,82,0.8408538191675855,False
teacher_majority_all_models__student_with_credit__z_smooth_only,z_smooth_only,LOGIT,eq_vol_downside_state_h1,equity,vol_downside,rho_12m_eq_fi_fisher_diff_z_smooth,volatility_dependence,1074,-0.09112739775296229,0.09112739775296229,0.07817285832460208,0.08233347136091833,0.0,1.0,0.0,0.013966480446927373,1.0,z_smooth,21.63418587884212,0.00421219445295066,83,0.8450660136205361,False
teacher_majority_all_models__student_with_credit__z_smooth_only,z_smooth_only,LOGIT,eq_vol_downside_state_h1,equity,vol_downside,credit_ret_dispersion_6m_z_smooth,credit,1074,-0.08133007395688903,0.08852282805382841,0.06663433633866778,0.08227324004624081,0.09217877094972067,0.9078212290502793,0.0,0.0,0.9078212290502793,z_smooth,21.63418587884212,0.004091803063428529,84,0.8491578166839647,False
teacher_majority_all_models__student_with_credit__z_smooth_only,z_smooth_only,LOGIT,eq_vol_downside_state_h1,equity,vol_downside,credit_hy_ig_corr_12m_fisher_diff_z_smooth,credit,1074,0.03782131954744787,0.08781721832137374,0.09590629463323216,0.05158866676859487,0.6871508379888268,0.3128491620111732,0.0,0.0,0.6871508379888268,z_smooth,21.63418587884212,0.004059187566066793,85,0.8532170042500314,False
teacher_majority_all_models__student_with_credit__z_smooth_only,z_smooth_only,LOGIT,eq_vol_downside_state_h1,equity,vol_downside,big_avg_ret_z_smooth,credit,1074,0.08638562423146634,0.08638562423146634,0.07609962188652813,0.04091147236346376,1.0,0.0,0.0,0.0,1.0,z_smooth,21.63418587884212,0.003993014792202098,86,0.8572100190422336,False
teacher_majority_all_models__student_with_credit__z_smooth_only,z_smooth_only,LOGIT,eq_vol_downside_state_h1,equity,vol_downside,industry_lambda_cov_diff_z_smooth,equity_cross_section,1074,0.034278826088371836,0.08578986148430673,0.05812669095520927,0.0828483512822412,0.7067039106145251,0.29329608938547486,0.0,0.0,0.7067039106145251,z_smooth,21.63418587884212,0.003965476767406709,87,0.8611754958096403,False
teacher_majority_all_models__student_with_credit__z_smooth_only,z_smooth_only,LOGIT,eq_vol_downside_state_h1,equity,vol_downside,ff_rmw_minus_cma_z_smooth,equity_cross_section,1074,-0.04525640840329651,0.08355591862005698,0.04231472871043944,0.10112024280541322,0.46368715083798884,0.5363128491620112,0.0,0.0,0.5363128491620112,z_smooth,21.63418587884212,0.00386221691391555,88,0.8650377127235558,False
teacher_majority_all_models__student_with_credit__z_smooth_only,z_smooth_only,LOGIT,eq_vol_downside_state_h1,equity,vol_downside,ff_rmw_z_smooth,equity_cross_section,1074,-0.07024528938419948,0.08353419739315814,0.06231070755329848,0.07603230898129992,0.14804469273743018,0.8519553072625698,0.0,0.0,0.8519553072625698,z_smooth,21.63418587884212,0.003861212890606307,89,0.8688989256141622,False
teacher_majority_all_models__student_with_credit__z_smooth_only,z_smooth_only,LOGIT,eq_vol_downside_state_h1,equity,vol_downside,tsy_lambda_corr_diff_z_smooth,treasury_rates,1074,-0.026477786309928215,0.08152321237659658,0.061916536236367926,0.07910790955476335,0.3687150837988827,0.6312849162011173,0.0,0.0,0.6312849162011173,z_smooth,21.63418587884212,0.0037682588488954856,90,0.8726671844630576,False
teacher_majority_all_models__student_with_credit__z_smooth_only,z_smooth_only,LOGIT,eq_vol_downside_state_h1,equity,vol_downside,ff_smb_z_smooth,equity_cross_section,1074,-0.08124951008003917,0.08124951008003917,0.06888871709316022,0.05316440031522803,0.0,1.0,0.0,0.0,1.0,z_smooth,21.63418587884212,0.0037556074693570907,91,0.8764227919324147,False
teacher_majority_all_models__student_with_credit__z_smooth_only,z_smooth_only,LOGIT,eq_vol_downside_state_h1,equity,vol_downside,crsp_ind12_buseq_z_smooth,other,1074,0.0578269464288296,0.081015231927916,0.05069750648379336,0.09503369681851402,0.8100558659217877,0.18994413407821228,0.0,0.0223463687150838,0.8100558659217877,z_smooth,21.63418587884212,0.0037447783975614064,92,0.8801675703299762,False
teacher_majority_all_models__student_with_credit__z_smooth_only,z_smooth_only,LOGIT,eq_vol_downside_state_h1,equity,vol_downside,industry_lambda_corr_diff_z_smooth,equity_cross_section,1074,0.05553604399955326,0.07938466176467407,0.05481889036470895,0.06679763593176682,0.6927374301675978,0.30726256983240224,0.0,0.0,0.6927374301675978,z_smooth,21.63418587884212,0.003669408324826818,93,0.8838369786548029,False
teacher_majority_all_models__student_with_credit__z_smooth_only,z_smooth_only,LOGIT,eq_vol_downside_state_h1,equity,vol_downside,size_value_corr_absavg_12m_z_smooth,equity_cross_section,1074,-0.06343524695794892,0.0792902859047278,0.06667325532891054,0.04791973457325201,0.20391061452513967,0.7960893854748603,0.0,0.0,0.7960893854748603,z_smooth,21.63418587884212,0.003665045976251521,94,0.8875020246310544,False
teacher_majority_all_models__student_with_credit__z_smooth_only,z_smooth_only,LOGIT,eq_vol_downside_state_h1,equity,vol_downside,size_value_pca1_share_12m_z_smooth,equity_cross_section,1074,-0.07033886970961349,0.07904908321275171,0.06621390035587907,0.05493911075016676,0.1787709497206704,0.8212290502793296,0.0,0.0,0.8212290502793296,z_smooth,21.63418587884212,0.003653896830481632,95,0.8911559214615361,False
teacher_majority_all_models__student_with_credit__z_smooth_only,z_smooth_only,LOGIT,eq_vol_downside_state_h1,equity,vol_downside,industry_lambda_cov_12m_z_smooth,equity_cross_section,1074,0.052471827143412746,0.07864317041380858,0.07197142763297065,0.06532435122215051,0.7178770949720671,0.28212290502793297,0.0,0.0,0.7178770949720671,z_smooth,21.63418587884212,0.0036351342663982706,96,0.8947910557279344,False
teacher_majority_all_models__student_with_credit__z_smooth_only,z_smooth_only,LOGIT,eq_vol_downside_state_h1,equity,vol_downside,crsp_tsy_20y_plus_z_smooth,treasury_rates,1074,-0.07649572369075112,0.07829035425328731,0.03993554745581766,0.08439069006915872,0.0782122905027933,0.9217877094972067,0.0,0.0,0.9217877094972067,z_smooth,21.63418587884212,0.0036188259956596745,97,0.898409881723594,False
teacher_majority_all_models__student_with_credit__z_smooth_only,z_smooth_only,LOGIT,eq_vol_downside_state_h1,equity,vol_downside,value_avg_ret_z_smooth,equity_cross_section,1074,0.07559177776288789,0.07801476319127486,0.07382255290141065,0.0573857534546381,0.9441340782122905,0.055865921787709494,0.0,0.0,0.9441340782122905,z_smooth,21.63418587884212,0.0036060873114514566,98,0.9020159690350454,False
teacher_majority_all_models__student_with_credit__z_smooth_only,z_smooth_only,LOGIT,eq_vol_downside_state_h1,equity,vol_downside,tsy_long_minus_short_z_smooth,treasury_rates,1074,-0.0755382158341893,0.0774009818875878,0.02643609663097691,0.08824890226173306,0.1424581005586592,0.8575418994413407,0.0,0.0,0.8575418994413407,z_smooth,21.63418587884212,0.00357771641239732,99,0.9055936854474428,False
teacher_majority_all_models__student_with_credit__z_smooth_only,z_smooth_only,LOGIT,eq_vol_downside_state_h1,equity,vol_downside,bond_10y_mom_diff_z_smooth,treasury_rates,1074,-0.04281518569259518,0.07599914720284898,0.03369763419972789,0.07861671096718563,0.3128491620111732,0.6871508379888268,0.0,0.0,0.6871508379888268,z_smooth,21.63418587884212,0.003512919211680385,100,0.9091066046591232,False
teacher_majority_all_models__student_with_credit__z_smooth_only,z_smooth_only,LOGIT,eq_vol_downside_state_h1,equity,vol_downside,size_value_corr_avg_12m_z_smooth,equity_cross_section,1074,-0.05713599727531407,0.07531468510263149,0.06058089967985532,0.04606727499615448,0.23184357541899442,0.7681564245810056,0.0,0.0,0.7681564245810056,z_smooth,21.63418587884212,0.0034812812242816134,101,0.9125878858834048,False
teacher_majority_all_models__student_with_credit__z_smooth_only,z_smooth_only,LOGIT,eq_vol_downside_state_h1,equity,vol_downside,small_minus_big_z_smooth,equity_cross_section,1074,-0.07318057412772899,0.07501394517381073,0.049016151362353336,0.05425171806840655,0.04189944134078212,0.9581005586592178,0.0,0.0,0.9581005586592178,z_smooth,21.63418587884212,0.00346738008048517,102,0.91605526596389,False
teacher_majority_all_models__student_with_credit__z_smooth_only,z_smooth_only,LOGIT,eq_vol_downside_state_h1,equity,vol_downside,crsp_tsy_1_3y_z_smooth,treasury_rates,1074,0.011772903891992027,0.07252625702286328,0.06429031489460002,0.07292876886903547,0.5335195530726257,0.4664804469273743,0.0,0.00558659217877095,0.5335195530726257,z_smooth,21.63418587884212,0.0033523913231138856,103,0.9194076572870039,False
teacher_majority_all_models__student_with_credit__z_smooth_only,z_smooth_only,LOGIT,eq_vol_downside_state_h1,equity,vol_downside,tsy_short_ret_z_smooth,treasury_rates,1074,0.011772903891992027,0.07252625702286328,0.06429031489460002,0.07292876886903547,0.5335195530726257,0.4664804469273743,0.0,0.00558659217877095,0.5335195530726257,z_smooth,21.63418587884212,0.0033523913231138856,104,0.9227600486101177,False
teacher_majority_all_models__student_with_credit__z_smooth_only,z_smooth_only,LOGIT,eq_vol_downside_state_h1,equity,vol_downside,bime_vwret_z_smooth,other,1074,0.07094891547289668,0.07172216170218684,0.048562966945512376,0.05874163226342404,0.9916201117318436,0.008379888268156424,0.0,0.0,0.9916201117318436,z_smooth,21.63418587884212,0.003315223512631919,105,0.9260752721227496,False
teacher_majority_all_models__student_with_credit__z_smooth_only,z_smooth_only,LOGIT,eq_vol_downside_state_h1,equity,vol_downside,bond_10y_ret_level_z_smooth,treasury_rates,1074,-0.06990020102720515,0.07073135096079218,0.06394793577079178,0.06073120839488163,0.04748603351955307,0.952513966480447,0.0,0.0,0.952513966480447,z_smooth,21.63418587884212,0.0032694251291409252,106,0.9293446972518906,False
teacher_majority_all_models__student_with_credit__z_smooth_only,z_smooth_only,LOGIT,eq_vol_downside_state_h1,equity,vol_downside,ff_mktrf_z_smooth,equity_cross_section,1074,0.06898547526205635,0.06898547526205635,0.05342702169815419,0.04341257102665652,1.0,0.0,0.0,0.0,1.0,z_smooth,21.63418587884212,0.0031887252725106246,107,0.9325334225244012,False
teacher_majority_all_models__student_with_credit__z_smooth_only,z_smooth_only,LOGIT,eq_vol_downside_state_h1,equity,vol_downside,cross_eq_bond_corr_12m_fisher_diff_z_smooth,treasury_rates,1074,-0.04513503173809021,0.06764378439731887,0.0610438627979608,0.05615028974808078,0.31564245810055863,0.6843575418994413,0.0,0.0,0.6843575418994413,z_smooth,21.63418587884212,0.003126708107998341,108,0.9356601306323996,False
teacher_majority_all_models__student_with_credit__z_smooth_only,z_smooth_only,LOGIT,eq_vol_downside_state_h1,equity,vol_downside,smme_vwret_z_smooth,other,1074,-0.0657763737685117,0.06742388334366671,0.039317819142626276,0.06108224690556771,0.04189944134078212,0.9581005586592178,0.0,0.0,0.9581005586592178,z_smooth,21.63418587884212,0.003116543590836305,109,0.9387766742232359,False
teacher_majority_all_models__student_with_credit__z_smooth_only,z_smooth_only,LOGIT,eq_vol_downside_state_h1,equity,vol_downside,tsy_belly_minus_barbell_z_smooth,treasury_rates,1074,0.04336234508739086,0.06709698441515798,0.06152765525476061,0.048085771283786494,0.770949720670391,0.22905027932960895,0.0,0.0,0.770949720670391,z_smooth,21.63418587884212,0.003101433295938246,110,0.9418781075191741,False
teacher_majority_all_models__student_with_credit__z_smooth_only,z_smooth_only,LOGIT,eq_vol_downside_state_h1,equity,vol_downside,credit_lambda_cov_diff_z_smooth,credit,1074,0.06616245960387736,0.06616245960387736,0.04549603498908931,0.05178414909576151,1.0,0.0,0.0,0.0,1.0,z_smooth,21.63418587884212,0.003058236624868013,111,0.9449363441440422,False
teacher_majority_all_models__student_with_credit__z_smooth_only,z_smooth_only,LOGIT,eq_vol_downside_state_h1,equity,vol_downside,tsy_long_ret_z_smooth,treasury_rates,1074,-0.06199692364332198,0.06552274644510919,0.02933641365250845,0.07373984425817287,0.1787709497206704,0.8212290502793296,0.0,0.0,0.8212290502793296,z_smooth,21.63418587884212,0.0030286670740491957,112,0.9479650112180913,False
teacher_majority_all_models__student_with_credit__z_smooth_only,z_smooth_only,LOGIT,eq_vol_downside_state_h1,equity,vol_downside,crsp_ind12_manuf_z_smooth,other,1074,-0.03920831080807986,0.06186307508059398,0.0425266054291847,0.0571000472625817,0.40782122905027934,0.5921787709497207,0.0,0.0,0.5921787709497207,z_smooth,21.63418587884212,0.0028595055726638205,113,0.9508245167907552,False
teacher_majority_all_models__student_with_credit__z_smooth_only,z_smooth_only,LOGIT,eq_vol_downside_state_h1,equity,vol_downside,size_value_rotation_speed_12m_z_smooth,equity_cross_section,1074,-0.04563260438550169,0.05985986742899669,0.03403200769016071,0.056266578094514956,0.27932960893854747,0.7206703910614525,0.0,0.0,0.7206703910614525,z_smooth,21.63418587884212,0.002766911025181616,114,0.9535914278159368,False
teacher_majority_all_models__student_with_credit__z_smooth_only,z_smooth_only,LOGIT,eq_vol_downside_state_h1,equity,vol_downside,cross_eq_tsy20_corr_12m_fisher_diff_z_smooth,treasury_rates,1074,0.0076127260680366165,0.05921679674066914,0.04820676770173084,0.03999774475350874,0.5223463687150838,0.4776536312849162,0.0,0.0,0.5223463687150838,z_smooth,21.63418587884212,0.002737186278804334,115,0.9563286140947411,False
teacher_majority_all_models__student_with_credit__z_smooth_only,z_smooth_only,LOGIT,eq_vol_downside_state_h1,equity,vol_downside,cmdty_ret_6m_z_smooth,commodities,1074,0.04319899523728341,0.058247948158510816,0.042633038289856956,0.058657307229061345,0.8854748603351955,0.11452513966480447,0.0,0.0,0.8854748603351955,z_smooth,21.63418587884212,0.0026924030552717194,116,0.9590210171500128,False
teacher_majority_all_models__student_with_credit__z_smooth_only,z_smooth_only,LOGIT,eq_vol_downside_state_h1,equity,vol_downside,equity_market_level_z_smooth,other,1074,0.057567301626160826,0.0576200800649808,0.05546745777547969,0.03378007091414567,0.9972067039106145,0.002793296089385475,0.0,0.0,0.9972067039106145,z_smooth,21.63418587884212,0.0026633810205602556,117,0.961684398170573,False
teacher_majority_all_models__student_with_credit__z_smooth_only,z_smooth_only,LOGIT,eq_vol_downside_state_h1,equity,vol_downside,tsy_pca1_share_12m_z_smooth,treasury_rates,1074,0.008997210079981445,0.05672302953660697,0.056435919388907144,0.034956278209516675,0.5,0.5,0.0,0.0,0.5,z_smooth,21.63418587884212,0.0026219165285106087,118,0.9643063146990837,False
teacher_majority_all_models__student_with_credit__z_smooth_only,z_smooth_only,LOGIT,eq_vol_downside_state_h1,equity,vol_downside,industry_rotation_speed_12m_z_smooth,equity_cross_section,1074,-0.0030943179608860054,0.05659459237360696,0.046257076163567334,0.05702405329073095,0.61731843575419,0.38268156424581007,0.0,0.0,0.61731843575419,z_smooth,21.63418587884212,0.0026159797595598703,119,0.9669222944586435,False
teacher_majority_all_models__student_with_credit__z_smooth_only,z_smooth_only,LOGIT,eq_vol_downside_state_h1,equity,vol_downside,tsy_corr_absavg_12m_z_smooth,treasury_rates,1074,0.008227058209208854,0.0548874119613134,0.05612483173120755,0.03365539477352656,0.5027932960893855,0.4972067039106145,0.0,0.0,0.5027932960893855,z_smooth,21.63418587884212,0.002537068520567367,120,0.9694593629792109,False
teacher_majority_all_models__student_with_credit__z_smooth_only,z_smooth_only,LOGIT,eq_vol_downside_state_h1,equity,vol_downside,tsy_corr_avg_12m_z_smooth,treasury_rates,1074,0.008227058209208854,0.0548874119613134,0.05612483173120755,0.03365539477352656,0.5027932960893855,0.4972067039106145,0.0,0.0,0.5027932960893855,z_smooth,21.63418587884212,0.002537068520567367,121,0.9719964314997783,False
teacher_majority_all_models__student_with_credit__z_smooth_only,z_smooth_only,LOGIT,eq_vol_downside_state_h1,equity,vol_downside,cross_bond_proxy_ret_z_smooth,treasury_rates,1074,-0.04239448501735204,0.05343146604691385,0.035015726069233866,0.05278101509784538,0.2905027932960894,0.7094972067039106,0.0,0.0,0.7094972067039106,z_smooth,21.63418587884212,0.0024697701289129142,122,0.9744662016286912,False
teacher_majority_all_models__student_with_credit__z_smooth_only,z_smooth_only,LOGIT,eq_vol_downside_state_h1,equity,vol_downside,crsp_tsy_3_7y_z_smooth,treasury_rates,1074,-0.03799139642706271,0.05191578168517119,0.0389212173358036,0.04298790180736342,0.3016759776536313,0.6983240223463687,0.0,0.0,0.6983240223463687,z_smooth,21.63418587884212,0.0023997104386508936,123,0.9768659120673421,False
teacher_majority_all_models__student_with_credit__z_smooth_only,z_smooth_only,LOGIT,eq_vol_downside_state_h1,equity,vol_downside,crsp_tsy_10_20y_z_smooth,treasury_rates,1074,-0.03898235292523396,0.05176598374351228,0.02946779007190751,0.05127497600960052,0.30726256983240224,0.6927374301675978,0.0,0.0,0.6927374301675978,z_smooth,21.63418587884212,0.002392786307440326,124,0.9792586983747824,False
teacher_majority_all_models__student_with_credit__z_smooth_only,z_smooth_only,LOGIT,eq_vol_downside_state_h1,equity,vol_downside,factor_lambda_corr_diff_z_smooth,equity_cross_section,1074,0.0020775590057202985,0.051251113477518276,0.04906014621259723,0.03390318383559529,0.6229050279329609,0.3770949720670391,0.0,0.0,0.6229050279329609,z_smooth,21.63418587884212,0.002368987387116842,125,0.9816276857618993,False
teacher_majority_all_models__student_with_credit__z_smooth_only,z_smooth_only,LOGIT,eq_vol_downside_state_h1,equity,vol_downside,crsp_ind12_other_z_smooth,other,1074,-0.03168221615013503,0.050250566297988616,0.04219865043034278,0.03178344409175979,0.37988826815642457,0.6201117318435754,0.0,0.0,0.6201117318435754,z_smooth,21.63418587884212,0.002322738954884031,126,0.9839504247167833,False
teacher_majority_all_models__student_with_credit__z_smooth_only,z_smooth_only,LOGIT,eq_vol_downside_state_h1,equity,vol_downside,credit_ig_proxy_ret_z_smooth,credit,1074,0.03720222988959218,0.047067979138244384,0.024213888027780073,0.05852037388428572,0.659217877094972,0.3407821229050279,0.0,0.0,0.659217877094972,z_smooth,21.63418587884212,0.0021756297834288323,127,0.9861260545002121,False
teacher_majority_all_models__student_with_credit__z_smooth_only,z_smooth_only,LOGIT,eq_vol_downside_state_h1,equity,vol_downside,tsy_rotation_speed_12m_z_smooth,treasury_rates,1074,-0.009964199526584085,0.046583343298292945,0.04167236495494275,0.03743414880423736,0.3575418994413408,0.6424581005586593,0.0,0.0,0.6424581005586593,z_smooth,21.63418587884212,0.002153228393209411,128,0.9882792828934215,False
teacher_majority_all_models__student_with_credit__z_smooth_only,z_smooth_only,LOGIT,eq_vol_downside_state_h1,equity,vol_downside,bilo_vwret_z_smooth,other,1074,0.03771828126361714,0.04616207667178208,0.036192330193581035,0.03980576382968001,0.7905027932960894,0.20949720670391062,0.0,0.0,0.7905027932960894,z_smooth,21.63418587884212,0.0021337561270067403,129,0.9904130390204283,False
teacher_majority_all_models__student_with_credit__z_smooth_only,z_smooth_only,LOGIT,eq_vol_downside_state_h1,equity,vol_downside,tsy_intermediate_ret_z_smooth,treasury_rates,1074,-0.026624990323785194,0.04536770874872059,0.036568288805831344,0.033374653785984754,0.41899441340782123,0.5810055865921788,0.0,0.0,0.5810055865921788,z_smooth,21.63418587884212,0.002097037947385368,130,0.9925100769678137,False
teacher_majority_all_models__student_with_credit__z_smooth_only,z_smooth_only,LOGIT,eq_vol_downside_state_h1,equity,vol_downside,credit_ret_dispersion_1m_z_smooth,credit,1074,-0.034379887099568976,0.04519064475233425,0.0349396771234613,0.0458493518909039,0.1787709497206704,0.8212290502793296,0.0,0.0,0.8212290502793296,z_smooth,21.63418587884212,0.002088853493513244,131,0.9945989304613269,False
teacher_majority_all_models__student_with_credit__z_smooth_only,z_smooth_only,LOGIT,eq_vol_downside_state_h1,equity,vol_downside,crsp_tsy_7_10y_z_smooth,treasury_rates,1074,-0.01927881752760235,0.04265381223848407,0.034248198231612514,0.02671805093946307,0.4273743016759777,0.5726256983240223,0.0,0.0,0.5726256983240223,z_smooth,21.63418587884212,0.0019715931293813466,132,0.9965705235907082,False
teacher_majority_all_models__student_with_credit__z_smooth_only,z_smooth_only,LOGIT,eq_vol_downside_state_h1,equity,vol_downside,credit_hy_proxy_ret_z_smooth,credit,1074,0.026895997171342605,0.03709839144377996,0.03759168370554705,0.024906399193397922,0.7625698324022346,0.23743016759776536,0.0,0.0,0.7625698324022346,z_smooth,21.63418587884212,0.0017148041369128466,133,0.998285327727621,False
teacher_majority_all_models__student_with_credit__z_smooth_only,z_smooth_only,LOGIT,eq_vol_downside_state_h1,equity,vol_downside,smhi_vwret_z_smooth,other,1074,0.005008868067646414,0.03709553866194168,0.03280634743383324,0.033475980884461604,0.5307262569832403,0.4692737430167598,0.0,0.0,0.5307262569832403,z_smooth,21.63418587884212,0.0017146722723788976,134,1.0,False
teacher_majority_all_models__student_with_credit__z_smooth_only,z_smooth_only,RF,bd_bond_canonical_state_h1,bond,bond_canonical,credit_hy_minus_ig_z_smooth,credit,1041,0.0621053845461026,0.0621053845461026,0.062219510971580495,0.013483750118214422,1.0,0.0,0.9884726224783862,1.0,1.0,z_smooth,1.0,0.0621053845461026,1,0.0621053845461026,True
teacher_majority_all_models__student_with_credit__z_smooth_only,z_smooth_only,RF,bd_bond_canonical_state_h1,bond,bond_canonical,tsy_intermediate_ret_z_smooth,treasury_rates,1041,0.03544593431195008,0.03544593431195008,0.03227920522315256,0.017159217546093355,1.0,0.0,0.6801152737752162,0.920268972142171,1.0,z_smooth,1.0,0.03544593431195008,2,0.09755131885805268,True
teacher_majority_all_models__student_with_credit__z_smooth_only,z_smooth_only,RF,bd_bond_canonical_state_h1,bond,bond_canonical,bond_10y_mom_diff_z_smooth,treasury_rates,1041,0.03469366141108265,0.03469366141108265,0.032470750984705185,0.016354227608926627,1.0,0.0,0.7636887608069164,0.9010566762728146,1.0,z_smooth,1.0,0.03469366141108265,3,0.13224498026913534,True
teacher_majority_all_models__student_with_credit__z_smooth_only,z_smooth_only,RF,bd_bond_canonical_state_h1,bond,bond_canonical,cross_bond_proxy_ret_z_smooth,treasury_rates,1041,0.03373016254685811,0.03373016254685811,0.028701296507575167,0.015736740398618988,1.0,0.0,0.6705091258405379,0.920268972142171,1.0,z_smooth,1.0,0.03373016254685811,4,0.16597514281599343,True
teacher_majority_all_models__student_with_credit__z_smooth_only,z_smooth_only,RF,bd_bond_canonical_state_h1,bond,bond_canonical,ff_rmw_z_smooth,equity_cross_section,1041,0.03213105037185664,0.03213105037185664,0.031237150045692767,0.020398412512365783,1.0,0.0,0.5446685878962536,0.8011527377521613,1.0,z_smooth,1.0,0.03213105037185664,5,0.19810619318785008,True
teacher_majority_all_models__student_with_credit__z_smooth_only,z_smooth_only,RF,bd_bond_canonical_state_h1,bond,bond_canonical,crsp_tsy_10_20y_z_smooth,treasury_rates,1041,0.030887829532464217,0.030887829532464217,0.027809806017363596,0.013618433277763398,1.0,0.0,0.6926032660902978,0.9346781940441883,1.0,z_smooth,1.0,0.030887829532464217,6,0.2289940227203143,True
teacher_majority_all_models__student_with_credit__z_smooth_only,z_smooth_only,RF,bd_bond_canonical_state_h1,bond,bond_canonical,crsp_tsy_7_10y_z_smooth,treasury_rates,1041,0.03058984625171129,0.03058984625171129,0.02872864383339546,0.01401056332328398,1.0,0.0,0.6484149855907781,0.8712776176753122,1.0,z_smooth,1.0,0.03058984625171129,7,0.25958386897202557,True
teacher_majority_all_models__student_with_credit__z_smooth_only,z_smooth_only,RF,bd_bond_canonical_state_h1,bond,bond_canonical,crsp_tsy_3_7y_z_smooth,treasury_rates,1041,0.027856146324685728,0.027856146324685728,0.028593869453841562,0.012380835159388138,1.0,0.0,0.5926993275696446,0.7944284341978867,1.0,z_smooth,1.0,0.027856146324685728,8,0.2874400152967113,True
teacher_majority_all_models__student_with_credit__z_smooth_only,z_smooth_only,RF,bd_bond_canonical_state_h1,bond,bond_canonical,sentiment_logdiff_z_smooth,macro,1041,0.024929955890774808,0.024929955890774808,0.021200629597690132,0.013981836845236668,1.0,0.0,0.4562920268972142,0.8645533141210374,1.0,z_smooth,1.0,0.024929955890774808,9,0.3123699711874861,True
teacher_majority_all_models__student_with_credit__z_smooth_only,z_smooth_only,RF,bd_bond_canonical_state_h1,bond,bond_canonical,credit_ig_proxy_ret_z_smooth,credit,1041,0.023046324782761876,0.023046324782761876,0.02411017767677151,0.009736928363262377,1.0,0.0,0.505283381364073,0.7492795389048992,1.0,z_smooth,1.0,0.023046324782761876,10,0.335416295970248,True
teacher_majority_all_models__student_with_credit__z_smooth_only,z_smooth_only,RF,bd_bond_canonical_state_h1,bond,bond_canonical,industry_lambda_corr_12m_z_smooth,equity_cross_section,1041,0.022758559300738276,0.022758559300738276,0.013689720253881658,0.023205467846497862,1.0,0.0,0.29971181556195964,0.484149855907781,1.0,z_smooth,1.0,0.022758559300738276,11,0.35817485527098625,True
teacher_majority_all_models__student_with_credit__z_smooth_only,z_smooth_only,RF,bd_bond_canonical_state_h1,bond,bond_canonical,tsy_long_ret_z_smooth,treasury_rates,1041,0.021677868155688926,0.021677868155688926,0.01890177229402976,0.009372639382416054,1.0,0.0,0.2968299711815562,0.7684918347742555,1.0,z_smooth,1.0,0.021677868155688926,12,0.3798527234266752,True
teacher_majority_all_models__student_with_credit__z_smooth_only,z_smooth_only,RF,bd_bond_canonical_state_h1,bond,bond_canonical,crsp_tsy_20y_plus_z_smooth,treasury_rates,1041,0.021195767180592556,0.021195767180592556,0.02110767614937068,0.007943389359835821,1.0,0.0,0.37175792507204614,0.7809798270893372,1.0,z_smooth,1.0,0.021195767180592556,13,0.40104849060726777,True
teacher_majority_all_models__student_with_credit__z_smooth_only,z_smooth_only,RF,bd_bond_canonical_state_h1,bond,bond_canonical,bond_10y_ret_level_z_smooth,treasury_rates,1041,0.019674235792564342,0.019674235792564342,0.01713146027203577,0.009744462470584601,1.0,0.0,0.25552353506243997,0.6003842459173871,1.0,z_smooth,1.0,0.019674235792564342,14,0.4207227263998321,True
teacher_majority_all_models__student_with_credit__z_smooth_only,z_smooth_only,RF,bd_bond_canonical_state_h1,bond,bond_canonical,tsy_ret_dispersion_6m_z_smooth,treasury_rates,1041,0.018336714643574697,0.018336714643574697,0.017103300933992927,0.011027165131657609,1.0,0.0,0.31796349663784823,0.6551392891450528,1.0,z_smooth,1.0,0.018336714643574697,15,0.4390594410434068,True
teacher_majority_all_models__student_with_credit__z_smooth_only,z_smooth_only,RF,bd_bond_canonical_state_h1,bond,bond_canonical,tsy_ret_dispersion_1m_z_smooth,treasury_rates,1041,0.016289577249535853,0.016289577249535853,0.016882174002971942,0.008622951931695697,1.0,0.0,0.22382324687800192,0.6023054755043228,1.0,z_smooth,1.0,0.016289577249535853,16,0.45534901829294266,True
teacher_majority_all_models__student_with_credit__z_smooth_only,z_smooth_only,RF,bd_bond_canonical_state_h1,bond,bond_canonical,core_inflation_diff_z_smooth,macro,1041,0.015147343606530715,0.015147343606530715,0.015355527741158467,0.008196371263056723,0.9971181556195965,0.0,0.09702209414024976,0.6080691642651297,0.9971181556195965,z_smooth,1.0,0.015147343606530715,17,0.47049636189947336,True
teacher_majority_all_models__student_with_credit__z_smooth_only,z_smooth_only,RF,bd_bond_canonical_state_h1,bond,bond_canonical,tsy_long_minus_short_z_smooth,treasury_rates,1041,0.015098721952271911,0.015098721952271911,0.013106881017889998,0.009166184906051304,1.0,0.0,0.138328530259366,0.46301633045148893,1.0,z_smooth,1.0,0.015098721952271911,18,0.48559508385174527,True
teacher_majority_all_models__student_with_credit__z_smooth_only,z_smooth_only,RF,bd_bond_canonical_state_h1,bond,bond_canonical,industry_pca1_share_12m_z_smooth,equity_cross_section,1041,0.014628835855239445,0.014628835855239445,0.009055387077630633,0.015180648476694286,1.0,0.0,0.12776176753121998,0.21805955811719502,1.0,z_smooth,1.0,0.014628835855239445,19,0.5002239197069848,False
teacher_majority_all_models__student_with_credit__z_smooth_only,z_smooth_only,RF,bd_bond_canonical_state_h1,bond,bond_canonical,tsy_20y_minus_1_3y_z_smooth,treasury_rates,1041,0.014317991153988942,0.014317991153988942,0.011006265120274944,0.00957098949514337,1.0,0.0,0.1440922190201729,0.4274735830931796,1.0,z_smooth,1.0,0.014317991153988942,20,0.5145419108609737,False
teacher_majority_all_models__student_with_credit__z_smooth_only,z_smooth_only,RF,bd_bond_canonical_state_h1,bond,bond_canonical,industry_corr_absavg_12m_z_smooth,equity_cross_section,1041,0.012722719265802108,0.012722719265802108,0.007083618809828453,0.015601094380930715,1.0,0.0,0.1239193083573487,0.15081652257444764,1.0,z_smooth,1.0,0.012722719265802108,21,0.5272646301267758,False
teacher_majority_all_models__student_with_credit__z_smooth_only,z_smooth_only,RF,bd_bond_canonical_state_h1,bond,bond_canonical,industry_corr_avg_12m_z_smooth,equity_cross_section,1041,0.012602354288155738,0.012602354288155738,0.008481428331466315,0.0121536219452175,1.0,0.0,0.12007684918347743,0.14217098943323728,1.0,z_smooth,1.0,0.012602354288155738,22,0.5398669844149315,False
teacher_majority_all_models__student_with_credit__z_smooth_only,z_smooth_only,RF,bd_bond_canonical_state_h1,bond,bond_canonical,credit_hy_ig_corr_12m_fisher_z_smooth,credit,1041,0.012029434319488786,0.012029434319488786,0.010175835980215665,0.006736828295805933,1.0,0.0,0.0787704130643612,0.24975984630163303,1.0,z_smooth,1.0,0.012029434319488786,23,0.5518964187344203,False
teacher_majority_all_models__student_with_credit__z_smooth_only,z_smooth_only,RF,bd_bond_canonical_state_h1,bond,bond_canonical,ff_rmw_minus_cma_z_smooth,equity_cross_section,1041,0.011742921505110738,0.011742921505110738,0.010421271950968354,0.008638835307065669,1.0,0.0,0.09606147934678194,0.2747358309317964,1.0,z_smooth,1.0,0.011742921505110738,24,0.563639340239531,False
teacher_majority_all_models__student_with_credit__z_smooth_only,z_smooth_only,RF,bd_bond_canonical_state_h1,bond,bond_canonical,crsp_tsy_1_3y_z_smooth,treasury_rates,1041,0.010772416873438724,0.010772416873438724,0.009551033481228965,0.00681732429293087,1.0,0.0,0.03842459173871278,0.2737752161383285,1.0,z_smooth,1.0,0.010772416873438724,25,0.5744117571129698,False
teacher_majority_all_models__student_with_credit__z_smooth_only,z_smooth_only,RF,bd_bond_canonical_state_h1,bond,bond_canonical,rho_12m_eq_fi_fisher_diff_z_smooth,volatility_dependence,1041,0.010468299017943834,0.010468299017943834,0.009959820048381699,0.0072326204680923075,0.9875120076849183,0.0,0.08549471661863593,0.34390009606147937,0.9875120076849183,z_smooth,1.0,0.010468299017943834,26,0.5848800561309135,False
teacher_majority_all_models__student_with_credit__z_smooth_only,z_smooth_only,RF,bd_bond_canonical_state_h1,bond,bond_canonical,industry_rotation_speed_12m_z_smooth,equity_cross_section,1041,0.010406380771258182,0.010406380771258182,0.00414584205859242,0.01621702780220263,1.0,0.0,0.12007684918347743,0.13928914505283382,1.0,z_smooth,1.0,0.010406380771258182,27,0.5952864369021718,False
teacher_majority_all_models__student_with_credit__z_smooth_only,z_smooth_only,RF,bd_bond_canonical_state_h1,bond,bond_canonical,tsy_short_ret_z_smooth,treasury_rates,1041,0.010148972210046178,0.010148972210046178,0.008578215004638453,0.006469525718543989,0.9980787704130644,0.0,0.025936599423631124,0.26032660902977905,0.9980787704130644,z_smooth,1.0,0.010148972210046178,28,0.6054354091122179,False
teacher_majority_all_models__student_with_credit__z_smooth_only,z_smooth_only,RF,bd_bond_canonical_state_h1,bond,bond_canonical,ff_mom_z_smooth,equity_cross_section,1041,0.009979268902426966,0.009979268902426966,0.005815182366795324,0.009261559795083299,0.9971181556195965,0.0,0.13640730067243034,0.2737752161383285,0.9971181556195965,z_smooth,1.0,0.009979268902426966,29,0.6154146780146449,False
teacher_majority_all_models__student_with_credit__z_smooth_only,z_smooth_only,RF,bd_bond_canonical_state_h1,bond,bond_canonical,cfnai_level_z_smooth,macro,1041,0.009900819247689036,0.009900819247689036,0.009611812549068946,0.0038959862971763392,1.0,0.0,0.0,0.1585014409221902,1.0,z_smooth,1.0,0.009900819247689036,30,0.6253154972623339,False
teacher_majority_all_models__student_with_credit__z_smooth_only,z_smooth_only,RF,bd_bond_canonical_state_h1,bond,bond_canonical,cross_eq_bond_corr_12m_fisher_diff_z_smooth,treasury_rates,1041,0.009613455055506788,0.009613455055506788,0.00957072091848318,0.006447746501566646,0.9980787704130644,0.0,0.01825168107588857,0.3323727185398655,0.9980787704130644,z_smooth,1.0,0.009613455055506788,31,0.6349289523178407,False
teacher_majority_all_models__student_with_credit__z_smooth_only,z_smooth_only,RF,bd_bond_canonical_state_h1,bond,bond_canonical,size_value_pca1_share_12m_z_smooth,equity_cross_section,1041,0.009554792524203066,0.009554792524203066,0.003920515533486555,0.01083736520308621,0.9980787704130644,0.0,0.11815561959654179,0.26032660902977905,0.9980787704130644,z_smooth,1.0,0.009554792524203066,32,0.6444837448420438,False
teacher_majority_all_models__student_with_credit__z_smooth_only,z_smooth_only,RF,bd_bond_canonical_state_h1,bond,bond_canonical,crsp_ind12_buseq_z_smooth,other,1041,0.009313258766804246,0.009313258766804246,0.008372868984209733,0.006015028076820631,0.9990393852065321,0.0,0.01729106628242075,0.17195004803073968,0.9990393852065321,z_smooth,1.0,0.009313258766804246,33,0.6537970036088481,False
teacher_majority_all_models__student_with_credit__z_smooth_only,z_smooth_only,RF,bd_bond_canonical_state_h1,bond,bond_canonical,cmdty_vol_12m_z_smooth,commodities,1041,0.009030018804325588,0.009030018804325588,0.006925463723391009,0.0075438447460677745,0.9951969260326609,0.0,0.03554274735830932,0.17098943323727187,0.9951969260326609,z_smooth,1.0,0.009030018804325588,34,0.6628270224131736,False
teacher_majority_all_models__student_with_credit__z_smooth_only,z_smooth_only,RF,bd_bond_canonical_state_h1,bond,bond_canonical,anfci_diff_z_smooth,financial_conditions,1041,0.008730872637642165,0.008730872637642165,0.007646200985507631,0.006323063574761456,0.9971181556195965,0.0,0.010566762728146013,0.21229586935638808,0.9971181556195965,z_smooth,1.0,0.008730872637642165,35,0.6715578950508158,False
teacher_majority_all_models__student_with_credit__z_smooth_only,z_smooth_only,RF,bd_bond_canonical_state_h1,bond,bond_canonical,factor_lambda_cov_12m_z_smooth,equity_cross_section,1041,0.008704334136685265,0.008704334136685265,0.007301234353402652,0.005098510032078126,0.9951969260326609,0.0,0.0009606147934678194,0.19500480307396734,0.9951969260326609,z_smooth,1.0,0.008704334136685265,36,0.6802622291875011,False
teacher_majority_all_models__student_with_credit__z_smooth_only,z_smooth_only,RF,bd_bond_canonical_state_h1,bond,bond_canonical,size_value_corr_absavg_12m_z_smooth,equity_cross_section,1041,0.008648878971663741,0.008648878971663741,0.004226766014711975,0.00804004661690397,1.0,0.0,0.037463976945244955,0.2564841498559078,1.0,z_smooth,1.0,0.008648878971663741,37,0.6889111081591648,False
teacher_majority_all_models__student_with_credit__z_smooth_only,z_smooth_only,RF,bd_bond_canonical_state_h1,bond,bond_canonical,factor_pca1_share_diff_z_smooth,equity_cross_section,1041,0.00863979206783183,0.00863979206783183,0.007326408920258435,0.006233108259924185,1.0,0.0,0.0393852065321806,0.1978866474543708,1.0,z_smooth,1.0,0.00863979206783183,38,0.6975509002269966,False
teacher_majority_all_models__student_with_credit__z_smooth_only,z_smooth_only,RF,bd_bond_canonical_state_h1,bond,bond_canonical,small_minus_big_z_smooth,equity_cross_section,1041,0.007923334050223782,0.007923334050223782,0.008822410128111044,0.004319982177003961,0.9971181556195965,0.0,0.0,0.18155619596541786,0.9971181556195965,z_smooth,1.0,0.007923334050223782,39,0.7054742342772204,False
teacher_majority_all_models__student_with_credit__z_smooth_only,z_smooth_only,RF,bd_bond_canonical_state_h1,bond,bond_canonical,size_value_corr_avg_12m_z_smooth,equity_cross_section,1041,0.007850186903850517,0.007850186903850517,0.003141496246471671,0.009069046490096093,0.9942363112391931,0.0,0.05187319884726225,0.207492795389049,0.9942363112391931,z_smooth,1.0,0.007850186903850517,40,0.713324421181071,False
teacher_majority_all_models__student_with_credit__z_smooth_only,z_smooth_only,RF,bd_bond_canonical_state_h1,bond,bond_canonical,size_value_lambda_corr_12m_z_smooth,equity_cross_section,1041,0.007747629447881165,0.007747629447881165,0.007959671234267324,0.004422715937732876,0.983669548511047,0.0,0.0009606147934678194,0.1373679154658982,0.983669548511047,z_smooth,1.0,0.007747629447881165,41,0.7210720506289521,False
teacher_majority_all_models__student_with_credit__z_smooth_only,z_smooth_only,RF,bd_bond_canonical_state_h1,bond,bond_canonical,small_value_minus_big_growth_z_smooth,equity_cross_section,1041,0.007131619235640267,0.007131619235640267,0.007067816355873897,0.0026719486284507627,1.0,0.0,0.0,0.06051873198847262,1.0,z_smooth,1.0,0.007131619235640267,42,0.7282036698645924,False
teacher_majority_all_models__student_with_credit__z_smooth_only,z_smooth_only,RF,bd_bond_canonical_state_h1,bond,bond_canonical,cross_eq_tsy20_corr_12m_fisher_diff_z_smooth,treasury_rates,1041,0.007127902178580418,0.007127902178580418,0.007637058388610128,0.00494062250581483,0.9932756964457252,0.0,0.0,0.13640730067243034,0.9932756964457252,z_smooth,1.0,0.007127902178580418,43,0.7353315720431728,False
teacher_majority_all_models__student_with_credit__z_smooth_only,z_smooth_only,RF,bd_bond_canonical_state_h1,bond,bond_canonical,factor_lambda_corr_diff_z_smooth,equity_cross_section,1041,0.007114313287060185,0.007114313287060185,0.006921981481664151,0.003674346192701362,1.0,0.0,0.0,0.07108549471661864,1.0,z_smooth,1.0,0.007114313287060185,44,0.7424458853302329,False
teacher_majority_all_models__student_with_credit__z_smooth_only,z_smooth_only,RF,bd_bond_canonical_state_h1,bond,bond_canonical,credit_ret_dispersion_1m_z_smooth,credit,1041,0.006352120020609753,0.006352120020609753,0.006163425880468171,0.00398330747659191,0.9971181556195965,0.0,0.0,0.08357348703170028,0.9971181556195965,z_smooth,1.0,0.006352120020609753,45,0.7487980053508427,False
teacher_majority_all_models__student_with_credit__z_smooth_only,z_smooth_only,RF,bd_bond_canonical_state_h1,bond,bond_canonical,policy_rate_diff_z_smooth,treasury_rates,1041,0.0061886382849103,0.0061886382849103,0.005065238478655177,0.003955223694616113,1.0,0.0,0.0,0.07684918347742556,1.0,z_smooth,1.0,0.0061886382849103,46,0.7549866436357531,False
teacher_majority_all_models__student_with_credit__z_smooth_only,z_smooth_only,RF,bd_bond_canonical_state_h1,bond,bond_canonical,vix_logdiff_z_smooth,volatility_dependence,1041,0.006013751354865673,0.006013751354865673,0.006362333210866767,0.0022335159178975853,1.0,0.0,0.0,0.0009606147934678194,1.0,z_smooth,1.0,0.006013751354865673,47,0.7610003949906187,False
teacher_majority_all_models__student_with_credit__z_smooth_only,z_smooth_only,RF,bd_bond_canonical_state_h1,bond,bond_canonical,ff_smb_z_smooth,equity_cross_section,1041,0.005980183208431795,0.005980183208431795,0.005421147174680254,0.00354722481235358,1.0,0.0,0.0,0.09125840537944284,1.0,z_smooth,1.0,0.005980183208431795,48,0.7669805781990505,False
teacher_majority_all_models__student_with_credit__z_smooth_only,z_smooth_only,RF,bd_bond_canonical_state_h1,bond,bond_canonical,tsy_lambda_corr_12m_z_smooth,treasury_rates,1041,0.0058580626941068,0.0058580626941068,0.005290911043829872,0.004132997848916512,0.9692603266090298,0.0,0.0,0.06051873198847262,0.9692603266090298,z_smooth,1.0,0.0058580626941068,49,0.7728386408931573,False
teacher_majority_all_models__student_with_credit__z_smooth_only,z_smooth_only,RF,bd_bond_canonical_state_h1,bond,bond_canonical,nfci_diff_z_smooth,financial_conditions,1041,0.005785879161421008,0.005785879161421008,0.004882408961400758,0.0038232270207243196,0.9990393852065321,0.0,0.0,0.04226705091258405,0.9990393852065321,z_smooth,1.0,0.005785879161421008,50,0.7786245200545783,False
teacher_majority_all_models__student_with_credit__z_smooth_only,z_smooth_only,RF,bd_bond_canonical_state_h1,bond,bond_canonical,cross_bond_cmdty_corr_12m_fisher_diff_z_smooth,treasury_rates,1041,0.005755545906634329,0.005755545906634329,0.0056060430500090635,0.00394994087653249,0.9865513928914506,0.0,0.0,0.06532180595581172,0.9865513928914506,z_smooth,1.0,0.005755545906634329,51,0.7843800659612127,False
teacher_majority_all_models__student_with_credit__z_smooth_only,z_smooth_only,RF,bd_bond_canonical_state_h1,bond,bond_canonical,size_value_rotation_speed_12m_z_smooth,equity_cross_section,1041,0.005391743799329812,0.005391743799329812,0.0034965158012819583,0.005935432216024997,0.9980787704130644,0.0,0.01825168107588857,0.10566762728146013,0.9980787704130644,z_smooth,1.0,0.005391743799329812,52,0.7897718097605424,False
teacher_majority_all_models__student_with_credit__z_smooth_only,z_smooth_only,RF,bd_bond_canonical_state_h1,bond,bond_canonical,cmdty_ret_12m_z_smooth,commodities,1041,0.005113549285237298,0.005113549285237298,0.004420005175121519,0.002645034509020414,0.9990393852065321,0.0,0.0,0.0009606147934678194,0.9990393852065321,z_smooth,1.0,0.005113549285237298,53,0.7948853590457797,False
teacher_majority_all_models__student_with_credit__z_smooth_only,z_smooth_only,RF,bd_bond_canonical_state_h1,bond,bond_canonical,cmdty_ret_6m_z_smooth,commodities,1041,0.00496496403963527,0.00496496403963527,0.004734746654490157,0.0022520855747556823,1.0,0.0,0.0,0.01440922190201729,1.0,z_smooth,1.0,0.00496496403963527,54,0.799850323085415,False
teacher_majority_all_models__student_with_credit__z_smooth_only,z_smooth_only,RF,bd_bond_canonical_state_h1,bond,bond_canonical,size_value_ret_dispersion_6m_z_smooth,equity_cross_section,1041,0.004771697947058996,0.004771697947058996,0.002912994044359189,0.004599459568995184,0.9875120076849183,0.0,0.0,0.049951969260326606,0.9875120076849183,z_smooth,1.0,0.004771697947058996,55,0.804622021032474,False
teacher_majority_all_models__student_with_credit__z_smooth_only,z_smooth_only,RF,bd_bond_canonical_state_h1,bond,bond_canonical,factor_corr_avg_12m_z_smooth,equity_cross_section,1041,0.004635833461564375,0.004635833461564375,0.003768706546760422,0.0032051064975994062,0.9990393852065321,0.0,0.0,0.0009606147934678194,0.9990393852065321,z_smooth,1.0,0.004635833461564375,56,0.8092578544940384,False
teacher_majority_all_models__student_with_credit__z_smooth_only,z_smooth_only,RF,bd_bond_canonical_state_h1,bond,bond_canonical,credit_spread_diff_z_smooth,credit,1041,0.004623515223035572,0.004623515223035572,0.004537121464221382,0.0025079129174164203,0.9971181556195965,0.0,0.0,0.0009606147934678194,0.9971181556195965,z_smooth,1.0,0.004623515223035572,57,0.8138813697170739,False
teacher_majority_all_models__student_with_credit__z_smooth_only,z_smooth_only,RF,bd_bond_canonical_state_h1,bond,bond_canonical,industry_lambda_cov_12m_z_smooth,equity_cross_section,1041,0.004577128096358913,0.004577128096358913,0.004024104399271948,0.0033692462782606105,0.9951969260326609,0.0,0.0,0.040345821325648415,0.9951969260326609,z_smooth,1.0,0.004577128096358913,58,0.8184584978134328,False
teacher_majority_all_models__student_with_credit__z_smooth_only,z_smooth_only,RF,bd_bond_canonical_state_h1,bond,bond_canonical,tsy_corr_absavg_12m_z_smooth,treasury_rates,1041,0.0045162374782475034,0.0045162374782475034,0.0039112809195337404,0.0033182817581051036,0.9884726224783862,0.0,0.0,0.0019212295869356388,0.9884726224783862,z_smooth,1.0,0.0045162374782475034,59,0.8229747352916804,False
teacher_majority_all_models__student_with_credit__z_smooth_only,z_smooth_only,RF,bd_bond_canonical_state_h1,bond,bond_canonical,smlo_vwret_z_smooth,other,1041,0.0042118116246074215,0.0042118116246074215,0.004090104448221715,0.002754758616449944,0.9827089337175793,0.0,0.0,0.0,0.9827089337175793,z_smooth,1.0,0.0042118116246074215,60,0.8271865469162878,False
teacher_majority_all_models__student_with_credit__z_smooth_only,z_smooth_only,RF,bd_bond_canonical_state_h1,bond,bond_canonical,cmdty_broad_aqr_ret_z_smooth,commodities,1041,0.0041798558083155695,0.0041798558083155695,0.003757145978480762,0.0023823944321841478,0.9990393852065321,0.0,0.0,0.002881844380403458,0.9990393852065321,z_smooth,1.0,0.0041798558083155695,61,0.8313664027246034,False
teacher_majority_all_models__student_with_credit__z_smooth_only,z_smooth_only,RF,bd_bond_canonical_state_h1,bond,bond_canonical,factor_corr_absavg_12m_z_smooth,equity_cross_section,1041,0.004032123998327531,0.004032123998327531,0.003515700536390644,0.0026078878095832287,0.9865513928914506,0.0,0.0,0.0,0.9865513928914506,z_smooth,1.0,0.004032123998327531,62,0.8353985267229309,False
teacher_majority_all_models__student_with_credit__z_smooth_only,z_smooth_only,RF,bd_bond_canonical_state_h1,bond,bond_canonical,tsy_corr_avg_12m_z_smooth,treasury_rates,1041,0.003941620224488746,0.003941620224488746,0.0032449099667166276,0.002918167881174466,0.9846301633045149,0.0,0.0,0.0009606147934678194,0.9846301633045149,z_smooth,1.0,0.003941620224488746,63,0.8393401469474197,False
teacher_majority_all_models__student_with_credit__z_smooth_only,z_smooth_only,RF,bd_bond_canonical_state_h1,bond,bond_canonical,tsy_pca1_share_12m_z_smooth,treasury_rates,1041,0.0038987377641009047,0.0038987377641009047,0.003354451741651233,0.0028957404343243295,0.9855907780979827,0.0,0.0,0.0,0.9855907780979827,z_smooth,1.0,0.0038987377641009047,64,0.8432388847115205,False
teacher_majority_all_models__student_with_credit__z_smooth_only,z_smooth_only,RF,bd_bond_canonical_state_h1,bond,bond_canonical,crsp_ind12_chems_z_smooth,other,1041,0.0038411300720614253,0.0038411300720614253,0.004017541257661703,0.001992314141929383,0.9913544668587896,0.0,0.0,0.0,0.9913544668587896,z_smooth,1.0,0.0038411300720614253,65,0.847080014783582,False
teacher_majority_all_models__student_with_credit__z_smooth_only,z_smooth_only,RF,bd_bond_canonical_state_h1,bond,bond_canonical,credit_ret_dispersion_6m_z_smooth,credit,1041,0.003804885918619086,0.003804885918619086,0.003456717505436248,0.002518381126894002,0.9951969260326609,0.0,0.0,0.0019212295869356388,0.9951969260326609,z_smooth,1.0,0.003804885918619086,66,0.850884900702201,False
teacher_majority_all_models__student_with_credit__z_smooth_only,z_smooth_only,RF,bd_bond_canonical_state_h1,bond,bond_canonical,ff_mom_minus_hml_z_smooth,equity_cross_section,1041,0.003777775492347823,0.003777775492347823,0.0032537640960017,0.0024625804283369794,0.9990393852065321,0.0,0.0,0.010566762728146013,0.9990393852065321,z_smooth,1.0,0.003777775492347823,67,0.8546626761945488,False
teacher_majority_all_models__student_with_credit__z_smooth_only,z_smooth_only,RF,bd_bond_canonical_state_h1,bond,bond_canonical,size_value_ret_dispersion_1m_z_smooth,equity_cross_section,1041,0.0037739645903483135,0.0037739645903483135,0.002361216919679764,0.0039376966849270075,0.9846301633045149,0.0,0.0,0.013448607108549471,0.9846301633045149,z_smooth,1.0,0.0037739645903483135,68,0.8584366407848972,False
teacher_majority_all_models__student_with_credit__z_smooth_only,z_smooth_only,RF,bd_bond_canonical_state_h1,bond,bond_canonical,factor_pca1_share_12m_z_smooth,equity_cross_section,1041,0.003572526025176515,0.003572526025176515,0.0029246780772473353,0.002633585712583354,1.0,0.0,0.0,0.004803073967339097,1.0,z_smooth,1.0,0.003572526025176515,69,0.8620091668100737,False
teacher_majority_all_models__student_with_credit__z_smooth_only,z_smooth_only,RF,bd_bond_canonical_state_h1,bond,bond_canonical,cmdty_sharpe_12m_z_smooth,commodities,1041,0.003548585086986991,0.003548585086986991,0.0034101909766501744,0.0015880726423023832,1.0,0.0,0.0,0.0,1.0,z_smooth,1.0,0.003548585086986991,70,0.8655577518970607,False
teacher_majority_all_models__student_with_credit__z_smooth_only,z_smooth_only,RF,bd_bond_canonical_state_h1,bond,bond_canonical,cmdty_ret_1m_z_smooth,commodities,1041,0.003480365557887883,0.003480365557887883,0.002927148924070586,0.0022060567768139934,0.9980787704130644,0.0,0.0,0.0019212295869356388,0.9980787704130644,z_smooth,1.0,0.003480365557887883,71,0.8690381174549486,False
teacher_majority_all_models__student_with_credit__z_smooth_only,z_smooth_only,RF,bd_bond_canonical_state_h1,bond,bond_canonical,industry_lambda_cov_diff_z_smooth,equity_cross_section,1041,0.003455538708574609,0.003455538708574609,0.0035590551655693844,0.001919738007000979,0.9865513928914506,0.0,0.0,0.0,0.9865513928914506,z_smooth,1.0,0.003455538708574609,72,0.8724936561635231,False
teacher_majority_all_models__student_with_credit__z_smooth_only,z_smooth_only,RF,bd_bond_canonical_state_h1,bond,bond_canonical,factor_rotation_speed_12m_z_smooth,equity_cross_section,1041,0.003404332182702115,0.003404332182702115,0.0029385474807852936,0.0022213172072109797,0.9875120076849183,0.0,0.0,0.0,0.9875120076849183,z_smooth,1.0,0.003404332182702115,73,0.8758979883462253,False
teacher_majority_all_models__student_with_credit__z_smooth_only,z_smooth_only,RF,bd_bond_canonical_state_h1,bond,bond_canonical,industry_ret_dispersion_1m_z_smooth,equity_cross_section,1041,0.0033762417781855085,0.0033762417781855085,0.0026495563093588497,0.0026025681693525953,0.9865513928914506,0.0,0.0,0.0009606147934678194,0.9865513928914506,z_smooth,1.0,0.0033762417781855085,74,0.8792742301244109,False
teacher_majority_all_models__student_with_credit__z_smooth_only,z_smooth_only,RF,bd_bond_canonical_state_h1,bond,bond_canonical,industry_ret_dispersion_6m_z_smooth,equity_cross_section,1041,0.0033125541655299184,0.0033125541655299184,0.0021634404332797337,0.0034113983865826495,0.9961575408261287,0.0,0.0,0.012487992315081652,0.9961575408261287,z_smooth,1.0,0.0033125541655299184,75,0.8825867842899408,False
teacher_majority_all_models__student_with_credit__z_smooth_only,z_smooth_only,RF,bd_bond_canonical_state_h1,bond,bond_canonical,nfci_minus_anfci_z_smooth,financial_conditions,1041,0.0032858453548656563,0.0032858453548656563,0.003166872951425594,0.001841679436795098,1.0,0.0,0.0,0.0,1.0,z_smooth,1.0,0.0032858453548656563,76,0.8858726296448064,False
teacher_majority_all_models__student_with_credit__z_smooth_only,z_smooth_only,RF,bd_bond_canonical_state_h1,bond,bond_canonical,credit_ig_ret_6m_z_smooth,credit,1041,0.003275759989221571,0.003275759989221571,0.0031823853292241877,0.0019251247356028602,0.9932756964457252,0.0,0.0,0.0,0.9932756964457252,z_smooth,1.0,0.003275759989221571,77,0.889148389634028,False
teacher_majority_all_models__student_with_credit__z_smooth_only,z_smooth_only,RF,bd_bond_canonical_state_h1,bond,bond_canonical,ff_cma_z_smooth,equity_cross_section,1041,0.0032331800881258074,0.0032331800881258074,0.0013496882288915667,0.0056416253698834415,0.9317963496637848,0.0,0.007684918347742555,0.07108549471661864,0.9317963496637848,z_smooth,1.0,0.0032331800881258074,78,0.8923815697221538,False
teacher_majority_all_models__student_with_credit__z_smooth_only,z_smooth_only,RF,bd_bond_canonical_state_h1,bond,bond_canonical,factor_lambda_corr_12m_z_smooth,equity_cross_section,1041,0.0032128241500362447,0.0032128241500362447,0.0028933248488452225,0.0020111460926558523,0.9980787704130644,0.0,0.0,0.0,0.9980787704130644,z_smooth,1.0,0.0032128241500362447,79,0.89559439387219,False
teacher_majority_all_models__student_with_credit__z_smooth_only,z_smooth_only,RF,bd_bond_canonical_state_h1,bond,bond_canonical,cross_eq_credit_hy_corr_12m_fisher_diff_z_smooth,credit,1041,0.0031239405680291888,0.0031239405680291888,0.0023185264365087935,0.002552460857780971,0.9740634005763689,0.0,0.0,0.0,0.9740634005763689,z_smooth,1.0,0.0031239405680291888,80,0.8987183344402192,False
teacher_majority_all_models__student_with_credit__z_smooth_only,z_smooth_only,RF,bd_bond_canonical_state_h1,bond,bond_canonical,crsp_ind12_nodur_z_smooth,other,1041,0.003109933282574399,0.003109933282574399,0.002927309988383592,0.0018431214650181673,0.9923150816522575,0.0,0.0,0.0,0.9923150816522575,z_smooth,1.0,0.003109933282574399,81,0.9018282677227936,False
teacher_majority_all_models__student_with_credit__z_smooth_only,z_smooth_only,RF,bd_bond_canonical_state_h1,bond,bond_canonical,credit_lambda_cov_diff_z_smooth,credit,1041,0.0031075274281246686,0.0031075274281246686,0.0029076275423279554,0.0015962579824405074,0.9923150816522575,0.0,0.0,0.0,0.9923150816522575,z_smooth,1.0,0.0031075274281246686,82,0.9049357951509183,False
teacher_majority_all_models__student_with_credit__z_smooth_only,z_smooth_only,RF,bd_bond_canonical_state_h1,bond,bond_canonical,crsp_ind12_telcm_z_smooth,other,1041,0.003102383383816935,0.003102383383816935,0.002822616928107609,0.0019749733090031318,0.9769452449567724,0.0,0.0,0.0,0.9769452449567724,z_smooth,1.0,0.003102383383816935,83,0.9080381785347352,False
teacher_majority_all_models__student_with_credit__z_smooth_only,z_smooth_only,RF,bd_bond_canonical_state_h1,bond,bond_canonical,nfci_level_z_smooth,financial_conditions,1041,0.0029700641925515603,0.0029700641925515603,0.0028303541256689355,0.001833039658801938,0.9932756964457252,0.0,0.0,0.0,0.9932756964457252,z_smooth,1.0,0.0029700641925515603,84,0.9110082427272868,False
teacher_majority_all_models__student_with_credit__z_smooth_only,z_smooth_only,RF,bd_bond_canonical_state_h1,bond,bond_canonical,credit_hy_proxy_ret_z_smooth,credit,1041,0.002922944603426273,0.002922944603426273,0.0025302209329547414,0.0019058415544608376,0.9942363112391931,0.0,0.0,0.0,0.9942363112391931,z_smooth,1.0,0.002922944603426273,85,0.913931187330713,False
teacher_majority_all_models__student_with_credit__z_smooth_only,z_smooth_only,RF,bd_bond_canonical_state_h1,bond,bond_canonical,crsp_ind12_utils_z_smooth,other,1041,0.0028852098064250744,0.0028852098064250744,0.00197807007762529,0.0026714454943934816,1.0,0.0,0.0019212295869356388,0.002881844380403458,1.0,z_smooth,1.0,0.0028852098064250744,86,0.9168163971371381,False
teacher_majority_all_models__student_with_credit__z_smooth_only,z_smooth_only,RF,bd_bond_canonical_state_h1,bond,bond_canonical,fred_nfci_z_smooth,financial_conditions,1041,0.002868256234380215,0.002868256234380215,0.002692739885635149,0.0017392305014666334,0.9942363112391931,0.0,0.0,0.0019212295869356388,0.9942363112391931,z_smooth,1.0,0.002868256234380215,87,0.9196846533715183,False
teacher_majority_all_models__student_with_credit__z_smooth_only,z_smooth_only,RF,bd_bond_canonical_state_h1,bond,bond_canonical,size_value_lambda_corr_diff_z_smooth,equity_cross_section,1041,0.002852234923044347,0.002852234923044347,0.0026404407942000347,0.0015954325324846832,0.989433237271854,0.0,0.0,0.0,0.989433237271854,z_smooth,1.0,0.002852234923044347,88,0.9225368882945627,False
teacher_majority_all_models__student_with_credit__z_smooth_only,z_smooth_only,RF,bd_bond_canonical_state_h1,bond,bond_canonical,industry_best_minus_worst_1m_z_smooth,equity_cross_section,1041,0.002847652449582523,0.002847652449582523,0.002572527687948194,0.001894695031657189,0.9961575408261287,0.0,0.0,0.0,0.9961575408261287,z_smooth,1.0,0.002847652449582523,89,0.9253845407441452,False
teacher_majority_all_models__student_with_credit__z_smooth_only,z_smooth_only,RF,bd_bond_canonical_state_h1,bond,bond_canonical,factor_ret_dispersion_6m_z_smooth,equity_cross_section,1041,0.002737041430755551,0.002737041430755551,0.002274870155565933,0.0020666379345433577,0.9942363112391931,0.0,0.0,0.0019212295869356388,0.9942363112391931,z_smooth,1.0,0.002737041430755551,90,0.9281215821749007,False
teacher_majority_all_models__student_with_credit__z_smooth_only,z_smooth_only,RF,bd_bond_canonical_state_h1,bond,bond_canonical,tsy_rotation_speed_12m_z_smooth,treasury_rates,1041,0.0026715713734180822,0.0026715713734180822,0.0014961535951781091,0.0030501135062661736,0.9462055715658021,0.0,0.0,0.002881844380403458,0.9462055715658021,z_smooth,1.0,0.0026715713734180822,91,0.9307931535483188,False
teacher_majority_all_models__student_with_credit__z_smooth_only,z_smooth_only,RF,bd_bond_canonical_state_h1,bond,bond_canonical,industry_best_minus_worst_6m_z_smooth,equity_cross_section,1041,0.0024793158012924844,0.0024793158012924844,0.002130818181444922,0.001896735718855057,0.9606147934678194,0.0,0.0,0.0009606147934678194,0.9606147934678194,z_smooth,1.0,0.0024793158012924844,92,0.9332724693496113,False
teacher_majority_all_models__student_with_credit__z_smooth_only,z_smooth_only,RF,bd_bond_canonical_state_h1,bond,bond_canonical,anfci_level_z_smooth,financial_conditions,1041,0.0024528805461302775,0.0024528805461302775,0.0024356073151001597,0.0014907981384013336,0.9971181556195965,0.0,0.0,0.0,0.9971181556195965,z_smooth,1.0,0.0024528805461302775,93,0.9357253498957416,False
teacher_majority_all_models__student_with_credit__z_smooth_only,z_smooth_only,RF,bd_bond_canonical_state_h1,bond,bond_canonical,fred_anfci_z_smooth,financial_conditions,1041,0.002450318307924383,0.002450318307924383,0.0022160203769539806,0.001608478840741433,0.989433237271854,0.0,0.0,0.0,0.989433237271854,z_smooth,1.0,0.002450318307924383,94,0.9381756682036659,False
teacher_majority_all_models__student_with_credit__z_smooth_only,z_smooth_only,RF,bd_bond_canonical_state_h1,bond,bond_canonical,crsp_ind12_durbl_z_smooth,other,1041,0.0023884636205152836,0.0023884636205152836,0.002210006572118143,0.001576297170966573,0.978866474543708,0.0,0.0,0.0,0.978866474543708,z_smooth,1.0,0.0023884636205152836,95,0.9405641318241813,False
teacher_majority_all_models__student_with_credit__z_smooth_only,z_smooth_only,RF,bd_bond_canonical_state_h1,bond,bond_canonical,size_value_lambda_cov_diff_z_smooth,equity_cross_section,1041,0.002281837773624554,0.002281837773624554,0.0019006933974604282,0.001678119463105721,0.9923150816522575,0.0,0.0,0.0,0.9923150816522575,z_smooth,1.0,0.002281837773624554,96,0.9428459695978059,False
teacher_majority_all_models__student_with_credit__z_smooth_only,z_smooth_only,RF,bd_bond_canonical_state_h1,bond,bond_canonical,crsp_ind12_enrgy_z_smooth,other,1041,0.002279930337447354,0.002279930337447354,0.0018472001520521107,0.0017955192911746924,0.9558117195004803,0.0,0.0,0.0,0.9558117195004803,z_smooth,1.0,0.002279930337447354,97,0.9451258999352532,False
teacher_majority_all_models__student_with_credit__z_smooth_only,z_smooth_only,RF,bd_bond_canonical_state_h1,bond,bond_canonical,credit_hy_ret_6m_z_smooth,credit,1041,0.0022710103781224227,0.0022710103781224227,0.0022024419892941074,0.0013028616722974,0.9884726224783862,0.0,0.0,0.0,0.9884726224783862,z_smooth,1.0,0.0022710103781224227,98,0.9473969103133756,False
teacher_majority_all_models__student_with_credit__z_smooth_only,z_smooth_only,RF,bd_bond_canonical_state_h1,bond,bond_canonical,smme_vwret_z_smooth,other,1041,0.002221362629041307,0.002221362629041307,0.002023787637274768,0.0017418663723974268,0.9673390970220941,0.0,0.0,0.0009606147934678194,0.9673390970220941,z_smooth,1.0,0.002221362629041307,99,0.9496182729424169,False
teacher_majority_all_models__student_with_credit__z_smooth_only,z_smooth_only,RF,bd_bond_canonical_state_h1,bond,bond_canonical,tsy_belly_minus_barbell_z_smooth,treasury_rates,1041,0.0021821499503422055,0.0021821499503422055,0.0018556734866856475,0.0014847815789389522,0.9913544668587896,0.0,0.0,0.0,0.9913544668587896,z_smooth,1.0,0.0021821499503422055,100,0.9518004228927591,False
teacher_majority_all_models__student_with_credit__z_smooth_only,z_smooth_only,RF,bd_bond_canonical_state_h1,bond,bond_canonical,rv_60d_logdiff_z_smooth,volatility_dependence,1041,0.0020434653212990494,0.0020434653212990494,0.0019313811209451567,0.0011948385761282783,0.9923150816522575,0.0,0.0,0.0,0.9923150816522575,z_smooth,1.0,0.0020434653212990494,101,0.9538438882140582,False
teacher_majority_all_models__student_with_credit__z_smooth_only,z_smooth_only,RF,bd_bond_canonical_state_h1,bond,bond_canonical,tsy_lambda_cov_12m_z_smooth,treasury_rates,1041,0.002035368403486749,0.002035368403486749,0.0018769887387389585,0.00124970553959534,0.9846301633045149,0.0,0.0,0.0,0.9846301633045149,z_smooth,1.0,0.002035368403486749,102,0.9558792566175449,False
teacher_majority_all_models__student_with_credit__z_smooth_only,z_smooth_only,RF,bd_bond_canonical_state_h1,bond,bond_canonical,value_avg_ret_z_smooth,equity_cross_section,1041,0.0018895901444466357,0.0018895901444466357,0.0017219051748012003,0.0012215006198436843,0.9654178674351584,0.0,0.0,0.0,0.9654178674351584,z_smooth,1.0,0.0018895901444466357,103,0.9577688467619916,False
teacher_majority_all_models__student_with_credit__z_smooth_only,z_smooth_only,RF,bd_bond_canonical_state_h1,bond,bond_canonical,tsy_pca1_share_diff_z_smooth,treasury_rates,1041,0.0018674363921550214,0.0018674363921550214,0.0012036148056134488,0.0021605417102284526,0.9692603266090298,0.0,0.0,0.0,0.9692603266090298,z_smooth,1.0,0.0018674363921550214,104,0.9596362831541465,False
teacher_majority_all_models__student_with_credit__z_smooth_only,z_smooth_only,RF,bd_bond_canonical_state_h1,bond,bond_canonical,size_value_pca1_share_diff_z_smooth,equity_cross_section,1041,0.001850602804756745,0.001850602804756745,0.0014641031481969365,0.001693805983245499,0.9817483189241114,0.0,0.0,0.0019212295869356388,0.9817483189241114,z_smooth,1.0,0.001850602804756745,105,0.9614868859589033,False
teacher_majority_all_models__student_with_credit__z_smooth_only,z_smooth_only,RF,bd_bond_canonical_state_h1,bond,bond_canonical,crsp_ind12_other_z_smooth,other,1041,0.0018294319242402142,0.0018294319242402142,0.001801069223342609,0.0010939621567424272,0.9827089337175793,0.0,0.0,0.0,0.9827089337175793,z_smooth,1.0,0.0018294319242402142,106,0.9633163178831435,False
teacher_majority_all_models__student_with_credit__z_smooth_only,z_smooth_only,RF,bd_bond_canonical_state_h1,bond,bond_canonical,size_value_lambda_cov_12m_z_smooth,equity_cross_section,1041,0.0018113137925443738,0.0018113137925443738,0.0012225661991246768,0.002029594359233279,0.920268972142171,0.0,0.0,0.0,0.920268972142171,z_smooth,1.0,0.0018113137925443738,107,0.9651276316756879,False
teacher_majority_all_models__student_with_credit__z_smooth_only,z_smooth_only,RF,bd_bond_canonical_state_h1,bond,bond_canonical,curve_belly_diff_z_smooth,treasury_rates,1041,0.001788581350711658,0.001788581350711658,0.0017383316338386713,0.0012415571904629142,0.9548511047070125,0.0,0.0,0.0,0.9548511047070125,z_smooth,1.0,0.001788581350711658,108,0.9669162130263995,False
teacher_majority_all_models__student_with_credit__z_smooth_only,z_smooth_only,RF,bd_bond_canonical_state_h1,bond,bond_canonical,bihi_vwret_z_smooth,other,1041,0.0017530928669979894,0.0017530928669979894,0.0015497324771364296,0.0011147185054616623,0.9932756964457252,0.0,0.0,0.0,0.9932756964457252,z_smooth,1.0,0.0017530928669979894,109,0.9686693058933975,False
teacher_majority_all_models__student_with_credit__z_smooth_only,z_smooth_only,RF,bd_bond_canonical_state_h1,bond,bond_canonical,factor_lambda_cov_diff_z_smooth,equity_cross_section,1041,0.0017224501556731163,0.0017224501556731163,0.0016366198810496594,0.0010492109736621122,0.9798270893371758,0.0,0.0,0.0,0.9798270893371758,z_smooth,1.0,0.0017224501556731163,110,0.9703917560490707,False
teacher_majority_all_models__student_with_credit__z_smooth_only,z_smooth_only,RF,bd_bond_canonical_state_h1,bond,bond_canonical,smhi_vwret_z_smooth,other,1041,0.0017195068027260755,0.0017195068027260755,0.0014387114871195405,0.0012702865311086207,0.9586935638808838,0.0,0.0,0.0,0.9586935638808838,z_smooth,1.0,0.0017195068027260755,111,0.9721112628517967,False
teacher_majority_all_models__student_with_credit__z_smooth_only,z_smooth_only,RF,bd_bond_canonical_state_h1,bond,bond_canonical,industry_lambda_corr_diff_z_smooth,equity_cross_section,1041,0.0017002896562831706,0.0017002896562831706,0.0016997181256102605,0.0010387585195441853,0.9846301633045149,0.0,0.0,0.0,0.9846301633045149,z_smooth,1.0,0.0017002896562831706,112,0.9738115525080799,False
teacher_majority_all_models__student_with_credit__z_smooth_only,z_smooth_only,RF,bd_bond_canonical_state_h1,bond,bond_canonical,small_avg_ret_z_smooth,equity_cross_section,1041,0.0016302472792600452,0.0016302472792600452,0.0013747432697594195,0.0012669460053831212,0.9740634005763689,0.0,0.0,0.0,0.9740634005763689,z_smooth,1.0,0.0016302472792600452,113,0.9754417997873399,False
teacher_majority_all_models__student_with_credit__z_smooth_only,z_smooth_only,RF,bd_bond_canonical_state_h1,bond,bond_canonical,factor_ret_dispersion_1m_z_smooth,equity_cross_section,1041,0.0016263283857271776,0.0016263283857271776,0.0012999688345058217,0.0014765877714303863,0.94716618635927,0.0,0.0,0.0,0.94716618635927,z_smooth,1.0,0.0016263283857271776,114,0.9770681281730671,False
teacher_majority_all_models__student_with_credit__z_smooth_only,z_smooth_only,RF,bd_bond_canonical_state_h1,bond,bond_canonical,crsp_ind12_manuf_z_smooth,other,1041,0.0015489201267325423,0.0015489201267325423,0.0011510141626098155,0.001405351041145507,0.9769452449567724,0.0,0.0,0.0,0.9769452449567724,z_smooth,1.0,0.0015489201267325423,115,0.9786170482997997,False
teacher_majority_all_models__student_with_credit__z_smooth_only,z_smooth_only,RF,bd_bond_canonical_state_h1,bond,bond_canonical,crsp_ind12_hlth_z_smooth,other,1041,0.0015300440514687255,0.0015300440514687255,0.001365482526638733,0.0011153873760627907,0.9596541786743515,0.0,0.0,0.0,0.9596541786743515,z_smooth,1.0,0.0015300440514687255,116,0.9801470923512684,False
teacher_majority_all_models__student_with_credit__z_smooth_only,z_smooth_only,RF,bd_bond_canonical_state_h1,bond,bond_canonical,value_minus_growth_z_smooth,equity_cross_section,1041,0.0015010694042526368,0.0015010694042526368,0.0012878688851785305,0.0012906779777188166,0.9442843419788665,0.0,0.0,0.0,0.9442843419788665,z_smooth,1.0,0.0015010694042526368,117,0.981648161755521,False
teacher_majority_all_models__student_with_credit__z_smooth_only,z_smooth_only,RF,bd_bond_canonical_state_h1,bond,bond_canonical,industry_pca1_share_diff_z_smooth,equity_cross_section,1041,0.0014901797424835624,0.0014901797424835624,0.0011341553275101275,0.0011649202105739572,0.978866474543708,0.0,0.0,0.0,0.978866474543708,z_smooth,1.0,0.0014901797424835624,118,0.9831383414980046,False
teacher_majority_all_models__student_with_credit__z_smooth_only,z_smooth_only,RF,bd_bond_canonical_state_h1,bond,bond_canonical,cross_bond_credit_ig_corr_12m_fisher_diff_z_smooth,treasury_rates,1041,0.0014095713218569912,0.0014095713218569912,0.001402721906950974,0.0009685752424738944,0.9759846301633045,0.0,0.0,0.0,0.9759846301633045,z_smooth,1.0,0.0014095713218569912,119,0.9845479128198615,False
teacher_majority_all_models__student_with_credit__z_smooth_only,z_smooth_only,RF,bd_bond_canonical_state_h1,bond,bond_canonical,tsy_lambda_corr_diff_z_smooth,treasury_rates,1041,0.0013935825768163356,0.0013935825768163356,0.0013682590023253237,0.0009376616612925305,0.962536023054755,0.0,0.0,0.0,0.962536023054755,z_smooth,1.0,0.0013935825768163356,120,0.985941495396678,False
teacher_majority_all_models__student_with_credit__z_smooth_only,z_smooth_only,RF,bd_bond_canonical_state_h1,bond,bond_canonical,curve_10y_2y_diff_z_smooth,treasury_rates,1041,0.0013569698345993063,0.0013569698345993063,0.0012487393994451714,0.0010183423462488321,0.9462055715658021,0.0,0.0,0.0,0.9462055715658021,z_smooth,1.0,0.0013569698345993063,121,0.9872984652312772,False
teacher_majority_all_models__student_with_credit__z_smooth_only,z_smooth_only,RF,bd_bond_canonical_state_h1,bond,bond_canonical,cross_eq_cmdty_corr_12m_fisher_diff_z_smooth,commodities,1041,0.0011934344620012699,0.0011934344620012699,0.0008891422123544403,0.0014613654774331007,0.9365994236311239,0.0,0.0,0.0019212295869356388,0.9365994236311239,z_smooth,1.0,0.0011934344620012699,122,0.9884918996932784,False
teacher_majority_all_models__student_with_credit__z_smooth_only,z_smooth_only,RF,bd_bond_canonical_state_h1,bond,bond_canonical,bilo_vwret_z_smooth,other,1041,0.0011654907595646164,0.0011654907595646164,0.000987295783262536,0.0010893539477234962,0.9010566762728146,0.0,0.0,0.0,0.9010566762728146,z_smooth,1.0,0.0011654907595646164,123,0.9896573904528431,False
teacher_majority_all_models__student_with_credit__z_smooth_only,z_smooth_only,RF,bd_bond_canonical_state_h1,bond,bond_canonical,ff_hml_z_smooth,equity_cross_section,1041,0.001144228647461677,0.001144228647461677,0.000954589416186179,0.0009328093889867028,0.9298751200768491,0.0,0.0,0.0,0.9298751200768491,z_smooth,1.0,0.001144228647461677,124,0.9908016191003048,False
teacher_majority_all_models__student_with_credit__z_smooth_only,z_smooth_only,RF,bd_bond_canonical_state_h1,bond,bond_canonical,growth_avg_ret_z_smooth,other,1041,0.0011347046126511547,0.0011347046126511547,0.0010248303451866972,0.0008477060091403369,0.9346781940441883,0.0,0.0,0.0,0.9346781940441883,z_smooth,1.0,0.0011347046126511547,125,0.9919363237129559,False
teacher_majority_all_models__student_with_credit__z_smooth_only,z_smooth_only,RF,bd_bond_canonical_state_h1,bond,bond_canonical,big_avg_ret_z_smooth,credit,1041,0.0010677874707893014,0.0010677874707893014,0.0009440896475427846,0.0007841495738506105,0.9673390970220941,0.0,0.0,0.0,0.9673390970220941,z_smooth,1.0,0.0010677874707893014,126,0.9930041111837452,False
teacher_majority_all_models__student_with_credit__z_smooth_only,z_smooth_only,RF,bd_bond_canonical_state_h1,bond,bond_canonical,crsp_ind12_money_z_smooth,other,1041,0.0010634133690150774,0.0010634133690150774,0.0009089779824435498,0.0007825943244327401,0.9606147934678194,0.0,0.0,0.0,0.9606147934678194,z_smooth,1.0,0.0010634133690150774,127,0.9940675245527604,False
teacher_majority_all_models__student_with_credit__z_smooth_only,z_smooth_only,RF,bd_bond_canonical_state_h1,bond,bond_canonical,crsp_ind12_shops_z_smooth,other,1041,0.0010157048148337331,0.0010157048148337331,0.0007962560693581227,0.0019739310662042083,0.9221902017291066,0.0,0.0009606147934678194,0.0038424591738712775,0.9221902017291066,z_smooth,1.0,0.0010157048148337331,128,0.9950832293675941,False
teacher_majority_all_models__student_with_credit__z_smooth_only,z_smooth_only,RF,bd_bond_canonical_state_h1,bond,bond_canonical,credit_lambda_cov_12m_z_smooth,credit,1041,0.0009941720242078915,0.0009941720242078915,0.0009246350134590822,0.0006762371627998139,0.9779058597502401,0.0,0.0,0.0,0.9779058597502401,z_smooth,1.0,0.0009941720242078915,129,0.9960774013918019,False
teacher_majority_all_models__student_with_credit__z_smooth_only,z_smooth_only,RF,bd_bond_canonical_state_h1,bond,bond_canonical,equity_market_level_z_smooth,other,1041,0.0008981523496783104,0.0008981523496783104,0.0008280437245757846,0.0007291976245723113,0.9010566762728146,0.0,0.0,0.0,0.9010566762728146,z_smooth,1.0,0.0008981523496783104,130,0.9969755537414803,False
teacher_majority_all_models__student_with_credit__z_smooth_only,z_smooth_only,RF,bd_bond_canonical_state_h1,bond,bond_canonical,tsy_lambda_cov_diff_z_smooth,treasury_rates,1041,0.0008890631941836539,0.0008890631941836539,0.0007426774420540485,0.0006786418416751323,0.9663784822286263,0.0,0.0,0.0,0.9663784822286263,z_smooth,1.0,0.0008890631941836539,131,0.9978646169356639,False
teacher_majority_all_models__student_with_credit__z_smooth_only,z_smooth_only,RF,bd_bond_canonical_state_h1,bond,bond_canonical,ff_mktrf_z_smooth,equity_cross_section,1041,0.0008464613285034164,0.0008464613285034164,0.0007562588249893632,0.0007220904935749069,0.8530259365994236,0.0,0.0,0.0,0.8530259365994236,z_smooth,1.0,0.0008464613285034164,132,0.9987110782641673,False
teacher_majority_all_models__student_with_credit__z_smooth_only,z_smooth_only,RF,bd_bond_canonical_state_h1,bond,bond_canonical,bime_vwret_z_smooth,other,1041,0.0007050226767256819,0.0007050226767256819,0.0006317579320233703,0.0005185468732313341,0.909702209414025,0.0,0.0,0.0,0.909702209414025,z_smooth,1.0,0.0007050226767256819,133,0.9994161009408931,False
teacher_majority_all_models__student_with_credit__z_smooth_only,z_smooth_only,RF,bd_bond_canonical_state_h1,bond,bond_canonical,credit_hy_ig_corr_12m_fisher_diff_z_smooth,credit,1041,0.0005838990591070197,0.0005838990591070197,0.00044791928338685496,0.00053493782845306,0.8655139289145053,0.0,0.0,0.0,0.8655139289145053,z_smooth,1.0,0.0005838990591070197,134,1.0,False
teacher_majority_all_models__student_with_credit__z_smooth_only,z_smooth_only,RF,eq_return_sortino_state_h1,equity,return_sortino,crsp_ind12_shops_z_smooth,other,1074,0.05969805527092873,0.05969805527092873,0.05791950412696456,0.01282200494432544,1.0,0.0,0.9832402234636871,1.0,1.0,z_smooth,1.0,0.05969805527092873,1,0.05969805527092873,True
teacher_majority_all_models__student_with_credit__z_smooth_only,z_smooth_only,RF,eq_return_sortino_state_h1,equity,return_sortino,smlo_vwret_z_smooth,other,1074,0.05729696307965935,0.05729696307965935,0.058967612991317905,0.010862055414767242,1.0,0.0,0.9897579143389199,1.0,1.0,z_smooth,1.0,0.05729696307965935,2,0.11699501835058808,True
teacher_majority_all_models__student_with_credit__z_smooth_only,z_smooth_only,RF,eq_return_sortino_state_h1,equity,return_sortino,crsp_ind12_money_z_smooth,other,1074,0.04560930589908079,0.04560930589908079,0.050809151837223024,0.014748807270995682,1.0,0.0,0.7932960893854749,0.9711359404096834,1.0,z_smooth,1.0,0.04560930589908079,3,0.16260432424966886,True
teacher_majority_all_models__student_with_credit__z_smooth_only,z_smooth_only,RF,eq_return_sortino_state_h1,equity,return_sortino,ff_mktrf_z_smooth,equity_cross_section,1074,0.04288217233402719,0.04288217233402719,0.04955474836314013,0.018372727415593225,1.0,0.0,0.7895716945996276,0.8091247672253259,1.0,z_smooth,1.0,0.04288217233402719,4,0.20548649658369605,True
teacher_majority_all_models__student_with_credit__z_smooth_only,z_smooth_only,RF,eq_return_sortino_state_h1,equity,return_sortino,equity_market_level_z_smooth,other,1074,0.042506395960377565,0.042506395960377565,0.04506116255609206,0.01746328292620795,1.0,0.0,0.7793296089385475,0.8538175046554934,1.0,z_smooth,1.0,0.042506395960377565,5,0.24799289254407364,True
teacher_majority_all_models__student_with_credit__z_smooth_only,z_smooth_only,RF,eq_return_sortino_state_h1,equity,return_sortino,growth_avg_ret_z_smooth,other,1074,0.04219950181009978,0.04219950181009978,0.0471818119662179,0.01643069281621259,1.0,0.0,0.8007448789571695,0.8370577281191807,1.0,z_smooth,1.0,0.04219950181009978,6,0.29019239435417343,True
teacher_majority_all_models__student_with_credit__z_smooth_only,z_smooth_only,RF,eq_return_sortino_state_h1,equity,return_sortino,bihi_vwret_z_smooth,other,1074,0.04174658548993562,0.04174658548993562,0.03229149872535976,0.022362230024568518,1.0,0.0,0.3743016759776536,1.0,1.0,z_smooth,1.0,0.04174658548993562,7,0.33193897984410903,True
teacher_majority_all_models__student_with_credit__z_smooth_only,z_smooth_only,RF,eq_return_sortino_state_h1,equity,return_sortino,big_avg_ret_z_smooth,credit,1074,0.03797967067803197,0.03797967067803197,0.040962962016311305,0.012776047010326096,1.0,0.0,0.7430167597765364,0.8659217877094972,1.0,z_smooth,1.0,0.03797967067803197,8,0.369918650522141,True
teacher_majority_all_models__student_with_credit__z_smooth_only,z_smooth_only,RF,eq_return_sortino_state_h1,equity,return_sortino,crsp_ind12_durbl_z_smooth,other,1074,0.03687162374914003,0.03687162374914003,0.040586864040959555,0.01317672609594762,1.0,0.0,0.75512104283054,0.8435754189944135,1.0,z_smooth,1.0,0.03687162374914003,9,0.406790274271281,True
teacher_majority_all_models__student_with_credit__z_smooth_only,z_smooth_only,RF,eq_return_sortino_state_h1,equity,return_sortino,small_avg_ret_z_smooth,equity_cross_section,1074,0.036797534674817355,0.036797534674817355,0.03433132142943291,0.009285559781135209,1.0,0.0,0.5121042830540037,1.0,1.0,z_smooth,1.0,0.036797534674817355,10,0.4435878089460984,True
teacher_majority_all_models__student_with_credit__z_smooth_only,z_smooth_only,RF,eq_return_sortino_state_h1,equity,return_sortino,value_avg_ret_z_smooth,equity_cross_section,1074,0.034146131029454165,0.034146131029454165,0.028991202568980738,0.017748351204091725,1.0,0.0,0.3249534450651769,0.9934823091247672,1.0,z_smooth,1.0,0.034146131029454165,11,0.4777339399755525,True
teacher_majority_all_models__student_with_credit__z_smooth_only,z_smooth_only,RF,eq_return_sortino_state_h1,equity,return_sortino,crsp_ind12_buseq_z_smooth,other,1074,0.031024338843489926,0.031024338843489926,0.03323021897633466,0.012524117766886965,1.0,0.0,0.45716945996275604,0.8249534450651769,1.0,z_smooth,1.0,0.031024338843489926,12,0.5087582788190425,True
teacher_majority_all_models__student_with_credit__z_smooth_only,z_smooth_only,RF,eq_return_sortino_state_h1,equity,return_sortino,crsp_ind12_telcm_z_smooth,other,1074,0.026973604925259142,0.026973604925259142,0.029278999368094884,0.011227887904894224,1.0,0.0,0.2718808193668529,0.8081936685288641,1.0,z_smooth,1.0,0.026973604925259142,13,0.5357318837443016,True
teacher_majority_all_models__student_with_credit__z_smooth_only,z_smooth_only,RF,eq_return_sortino_state_h1,equity,return_sortino,credit_hy_proxy_ret_z_smooth,credit,1074,0.025400214001697483,0.025400214001697483,0.024699837665644226,0.0069870736192648095,1.0,0.0,0.15456238361266295,0.9813780260707635,1.0,z_smooth,1.0,0.025400214001697483,14,0.5611320977459991,True
teacher_majority_all_models__student_with_credit__z_smooth_only,z_smooth_only,RF,eq_return_sortino_state_h1,equity,return_sortino,credit_hy_ret_6m_z_smooth,credit,1074,0.024378300486246725,0.024378300486246725,0.021255560989998895,0.00932589851193597,1.0,0.0,0.1824953445065177,0.9320297951582868,1.0,z_smooth,1.0,0.024378300486246725,15,0.5855103982322458,True
teacher_majority_all_models__student_with_credit__z_smooth_only,z_smooth_only,RF,eq_return_sortino_state_h1,equity,return_sortino,crsp_ind12_hlth_z_smooth,other,1074,0.024378231304214768,0.024378231304214768,0.0219448315879069,0.008732597492892045,1.0,0.0,0.13594040968342644,0.9124767225325885,1.0,z_smooth,1.0,0.024378231304214768,16,0.6098886295364606,True
teacher_majority_all_models__student_with_credit__z_smooth_only,z_smooth_only,RF,eq_return_sortino_state_h1,equity,return_sortino,bime_vwret_z_smooth,other,1074,0.01994503242697432,0.01994503242697432,0.02002333658115051,0.009976321141074822,1.0,0.0,0.055865921787709494,0.7383612662942272,1.0,z_smooth,1.0,0.01994503242697432,17,0.6298336619634349,True
teacher_majority_all_models__student_with_credit__z_smooth_only,z_smooth_only,RF,eq_return_sortino_state_h1,equity,return_sortino,smme_vwret_z_smooth,other,1074,0.018364753131829045,0.018364753131829045,0.015083531750645179,0.010778614984050685,1.0,0.0,0.1387337057728119,0.7169459962756052,1.0,z_smooth,1.0,0.018364753131829045,18,0.648198415095264,True
teacher_majority_all_models__student_with_credit__z_smooth_only,z_smooth_only,RF,eq_return_sortino_state_h1,equity,return_sortino,bilo_vwret_z_smooth,other,1074,0.015620744294495881,0.015620744294495881,0.01690839586727991,0.008060755051908956,1.0,0.0,0.000931098696461825,0.7411545623836127,1.0,z_smooth,1.0,0.015620744294495881,19,0.6638191593897599,False
teacher_majority_all_models__student_with_credit__z_smooth_only,z_smooth_only,RF,eq_return_sortino_state_h1,equity,return_sortino,crsp_ind12_utils_z_smooth,other,1074,0.015342336857009154,0.015342336857009154,0.012564199955626087,0.008668108533365526,1.0,0.0,0.10893854748603352,0.4106145251396648,1.0,z_smooth,1.0,0.015342336857009154,20,0.679161496246769,False
teacher_majority_all_models__student_with_credit__z_smooth_only,z_smooth_only,RF,eq_return_sortino_state_h1,equity,return_sortino,crsp_ind12_nodur_z_smooth,other,1074,0.011108279972580692,0.011108279972580692,0.010448469743740392,0.0030075214598797614,1.0,0.0,0.0,0.21973929236499068,1.0,z_smooth,1.0,0.011108279972580692,21,0.6902697762193497,False
teacher_majority_all_models__student_with_credit__z_smooth_only,z_smooth_only,RF,eq_return_sortino_state_h1,equity,return_sortino,tsy_long_ret_z_smooth,treasury_rates,1074,0.009847696359901266,0.009847696359901266,0.004350613438197397,0.012520250366639146,1.0,0.0,0.148975791433892,0.1908752327746741,1.0,z_smooth,1.0,0.009847696359901266,22,0.7001174725792509,False
teacher_majority_all_models__student_with_credit__z_smooth_only,z_smooth_only,RF,eq_return_sortino_state_h1,equity,return_sortino,crsp_ind12_other_z_smooth,other,1074,0.00980119194529794,0.00980119194529794,0.010047345422022532,0.005732004158432842,1.0,0.0,0.0,0.31098696461824954,1.0,z_smooth,1.0,0.00980119194529794,23,0.7099186645245489,False
teacher_majority_all_models__student_with_credit__z_smooth_only,z_smooth_only,RF,eq_return_sortino_state_h1,equity,return_sortino,crsp_tsy_20y_plus_z_smooth,treasury_rates,1074,0.009734811442684111,0.009734811442684111,0.003232503291670631,0.013696386392292316,1.0,0.0,0.1787709497206704,0.19273743016759776,1.0,z_smooth,1.0,0.009734811442684111,24,0.719653475967233,False
teacher_majority_all_models__student_with_credit__z_smooth_only,z_smooth_only,RF,eq_return_sortino_state_h1,equity,return_sortino,tsy_long_minus_short_z_smooth,treasury_rates,1074,0.009435731669186057,0.009435731669186057,0.002276308913109744,0.014664281613556424,1.0,0.0,0.14711359404096835,0.20204841713221602,1.0,z_smooth,1.0,0.009435731669186057,25,0.729089207636419,False
teacher_majority_all_models__student_with_credit__z_smooth_only,z_smooth_only,RF,eq_return_sortino_state_h1,equity,return_sortino,credit_hy_minus_ig_z_smooth,credit,1074,0.00871551266719153,0.00871551266719153,0.00732663368107098,0.004798732379601234,1.0,0.0,0.0,0.17690875232774675,1.0,z_smooth,1.0,0.00871551266719153,26,0.7378047203036106,False
teacher_majority_all_models__student_with_credit__z_smooth_only,z_smooth_only,RF,eq_return_sortino_state_h1,equity,return_sortino,tsy_20y_minus_1_3y_z_smooth,treasury_rates,1074,0.008422966649327398,0.008422966649327398,0.002774763014958135,0.012439927552159355,1.0,0.0,0.0893854748603352,0.1871508379888268,1.0,z_smooth,1.0,0.008422966649327398,27,0.746227686952938,False
teacher_majority_all_models__student_with_credit__z_smooth_only,z_smooth_only,RF,eq_return_sortino_state_h1,equity,return_sortino,anfci_diff_z_smooth,financial_conditions,1074,0.007952761588319162,0.007952761588319162,0.007922275951078337,0.00245149790997939,1.0,0.0,0.0,0.032588454376163874,1.0,z_smooth,1.0,0.007952761588319162,28,0.7541804485412571,False
teacher_majority_all_models__student_with_credit__z_smooth_only,z_smooth_only,RF,eq_return_sortino_state_h1,equity,return_sortino,credit_ig_proxy_ret_z_smooth,credit,1074,0.007816519525416982,0.007816519525416982,0.004903761999307773,0.007062625767710214,1.0,0.0,0.002793296089385475,0.12290502793296089,1.0,z_smooth,1.0,0.007816519525416982,29,0.7619969680666742,False
teacher_majority_all_models__student_with_credit__z_smooth_only,z_smooth_only,RF,eq_return_sortino_state_h1,equity,return_sortino,crsp_tsy_10_20y_z_smooth,treasury_rates,1074,0.0078121297770549466,0.0078121297770549466,0.0030327123639047994,0.01085870519651729,1.0,0.0,0.08100558659217877,0.17597765363128492,1.0,z_smooth,1.0,0.0078121297770549466,30,0.7698090978437291,False
teacher_majority_all_models__student_with_credit__z_smooth_only,z_smooth_only,RF,eq_return_sortino_state_h1,equity,return_sortino,crsp_tsy_7_10y_z_smooth,treasury_rates,1074,0.007635873204559134,0.007635873204559134,0.004185688820587447,0.007592368255952228,1.0,0.0,0.0,0.1871508379888268,1.0,z_smooth,1.0,0.007635873204559134,31,0.7774449710482882,False
teacher_majority_all_models__student_with_credit__z_smooth_only,z_smooth_only,RF,eq_return_sortino_state_h1,equity,return_sortino,tsy_intermediate_ret_z_smooth,treasury_rates,1074,0.007450819236716909,0.007450819236716909,0.005201290724959574,0.005684839056480769,1.0,0.0,0.0,0.12569832402234637,1.0,z_smooth,1.0,0.007450819236716909,32,0.7848957902850051,False
teacher_majority_all_models__student_with_credit__z_smooth_only,z_smooth_only,RF,eq_return_sortino_state_h1,equity,return_sortino,cross_bond_proxy_ret_z_smooth,treasury_rates,1074,0.0072936977927976245,0.0072936977927976245,0.004268951091808448,0.007320892597463052,1.0,0.0,0.0,0.17225325884543763,1.0,z_smooth,1.0,0.0072936977927976245,33,0.7921894880778028,False
teacher_majority_all_models__student_with_credit__z_smooth_only,z_smooth_only,RF,eq_return_sortino_state_h1,equity,return_sortino,ff_cma_z_smooth,equity_cross_section,1074,0.006949366954310707,0.006949366954310707,0.003479098888542989,0.007071765156448623,1.0,0.0,0.0,0.2132216014897579,1.0,z_smooth,1.0,0.006949366954310707,34,0.7991388550321135,False
teacher_majority_all_models__student_with_credit__z_smooth_only,z_smooth_only,RF,eq_return_sortino_state_h1,equity,return_sortino,smhi_vwret_z_smooth,other,1074,0.006601763668110569,0.006601763668110569,0.0069449926887867625,0.002942318189614469,0.9981378026070763,0.0,0.0,0.0148975791433892,0.9981378026070763,z_smooth,1.0,0.006601763668110569,35,0.8057406187002241,False
teacher_majority_all_models__student_with_credit__z_smooth_only,z_smooth_only,RF,eq_return_sortino_state_h1,equity,return_sortino,crsp_tsy_3_7y_z_smooth,treasury_rates,1074,0.006531166365844181,0.006531166365844181,0.0053927155249301455,0.003510489979963251,1.0,0.0,0.0,0.03910614525139665,1.0,z_smooth,1.0,0.006531166365844181,36,0.8122717850660682,False
teacher_majority_all_models__student_with_credit__z_smooth_only,z_smooth_only,RF,eq_return_sortino_state_h1,equity,return_sortino,bond_10y_ret_level_z_smooth,treasury_rates,1074,0.006375691743432523,0.006375691743432523,0.003331255892920007,0.006778709250719396,1.0,0.0,0.0,0.14432029795158285,1.0,z_smooth,1.0,0.006375691743432523,37,0.8186474768095007,False
teacher_majority_all_models__student_with_credit__z_smooth_only,z_smooth_only,RF,eq_return_sortino_state_h1,equity,return_sortino,nfci_diff_z_smooth,financial_conditions,1074,0.005583520398522235,0.005583520398522235,0.005253520073357115,0.002644740070789259,1.0,0.0,0.0,0.0,1.0,z_smooth,1.0,0.005583520398522235,38,0.824230997208023,False
teacher_majority_all_models__student_with_credit__z_smooth_only,z_smooth_only,RF,eq_return_sortino_state_h1,equity,return_sortino,crsp_tsy_1_3y_z_smooth,treasury_rates,1074,0.005530588859550677,0.005530588859550677,0.005536036981831881,0.0023879341955454297,1.0,0.0,0.0,0.0,1.0,z_smooth,1.0,0.005530588859550677,39,0.8297615860675737,False
teacher_majority_all_models__student_with_credit__z_smooth_only,z_smooth_only,RF,eq_return_sortino_state_h1,equity,return_sortino,crsp_ind12_manuf_z_smooth,other,1074,0.005456769422521289,0.005456769422521289,0.005227954212259823,0.002941897844230852,1.0,0.0,0.0,0.0,1.0,z_smooth,1.0,0.005456769422521289,40,0.8352183554900949,False
teacher_majority_all_models__student_with_credit__z_smooth_only,z_smooth_only,RF,eq_return_sortino_state_h1,equity,return_sortino,credit_ig_ret_6m_z_smooth,credit,1074,0.005230534113048375,0.005230534113048375,0.0048911342225409025,0.002457876170744909,1.0,0.0,0.0,0.004655493482309125,1.0,z_smooth,1.0,0.005230534113048375,41,0.8404488896031433,False
teacher_majority_all_models__student_with_credit__z_smooth_only,z_smooth_only,RF,eq_return_sortino_state_h1,equity,return_sortino,tsy_short_ret_z_smooth,treasury_rates,1074,0.005208070567357657,0.005208070567357657,0.004952463038124109,0.002040284946941826,1.0,0.0,0.0,0.000931098696461825,1.0,z_smooth,1.0,0.005208070567357657,42,0.845656960170501,False
teacher_majority_all_models__student_with_credit__z_smooth_only,z_smooth_only,RF,eq_return_sortino_state_h1,equity,return_sortino,factor_lambda_corr_12m_z_smooth,equity_cross_section,1074,0.004443362739311871,0.004443362739311871,0.0038851090565768685,0.0031055739891880504,1.0,0.0,0.0,0.0,1.0,z_smooth,1.0,0.004443362739311871,43,0.8501003229098129,False
teacher_majority_all_models__student_with_credit__z_smooth_only,z_smooth_only,RF,eq_return_sortino_state_h1,equity,return_sortino,curve_10y_2y_diff_z_smooth,treasury_rates,1074,0.004279324470690901,0.004279324470690901,0.0038199112750188684,0.0029838214268158377,0.9990689013035382,0.0,0.0,0.004655493482309125,0.9990689013035382,z_smooth,1.0,0.004279324470690901,44,0.8543796473805038,False
teacher_majority_all_models__student_with_credit__z_smooth_only,z_smooth_only,RF,eq_return_sortino_state_h1,equity,return_sortino,sentiment_logdiff_z_smooth,macro,1074,0.0038956917874397754,0.0038956917874397754,0.0038286348161057455,0.0023127635726901854,0.9972067039106145,0.0,0.0,0.0,0.9972067039106145,z_smooth,1.0,0.0038956917874397754,45,0.8582753391679435,False
teacher_majority_all_models__student_with_credit__z_smooth_only,z_smooth_only,RF,eq_return_sortino_state_h1,equity,return_sortino,core_inflation_diff_z_smooth,macro,1074,0.003777603796271349,0.003777603796271349,0.0028185681012762058,0.003044513260331952,1.0,0.0,0.0,0.03445065176908752,1.0,z_smooth,1.0,0.003777603796271349,46,0.8620529429642149,False
teacher_majority_all_models__student_with_credit__z_smooth_only,z_smooth_only,RF,eq_return_sortino_state_h1,equity,return_sortino,size_value_pca1_share_diff_z_smooth,equity_cross_section,1074,0.003640580476940129,0.003640580476940129,0.0026998128631029916,0.0021963654260044384,1.0,0.0,0.0,0.0,1.0,z_smooth,1.0,0.003640580476940129,47,0.865693523441155,False
teacher_majority_all_models__student_with_credit__z_smooth_only,z_smooth_only,RF,eq_return_sortino_state_h1,equity,return_sortino,industry_best_minus_worst_1m_z_smooth,equity_cross_section,1074,0.003582071649362999,0.003582071649362999,0.0034595125517018384,0.0018538866809280816,1.0,0.0,0.0,0.0,1.0,z_smooth,1.0,0.003582071649362999,48,0.869275595090518,False
teacher_majority_all_models__student_with_credit__z_smooth_only,z_smooth_only,RF,eq_return_sortino_state_h1,equity,return_sortino,factor_pca1_share_12m_z_smooth,equity_cross_section,1074,0.0032702623404933903,0.0032702623404933903,0.003241596028061712,0.0019984755165385532,0.9934823091247672,0.0,0.0,0.0,0.9934823091247672,z_smooth,1.0,0.0032702623404933903,49,0.8725458574310113,False
teacher_majority_all_models__student_with_credit__z_smooth_only,z_smooth_only,RF,eq_return_sortino_state_h1,equity,return_sortino,policy_rate_diff_z_smooth,treasury_rates,1074,0.0031439442957125795,0.0031439442957125795,0.0026656424885816614,0.0017321284274156481,1.0,0.0,0.0,0.0,1.0,z_smooth,1.0,0.0031439442957125795,50,0.875689801726724,False
teacher_majority_all_models__student_with_credit__z_smooth_only,z_smooth_only,RF,eq_return_sortino_state_h1,equity,return_sortino,cross_bond_credit_ig_corr_12m_fisher_diff_z_smooth,treasury_rates,1074,0.0029481908281206387,0.0029481908281206387,0.001480580021046865,0.0027607256472546604,0.9832402234636871,0.0,0.0,0.0,0.9832402234636871,z_smooth,1.0,0.0029481908281206387,51,0.8786379925548445,False
teacher_majority_all_models__student_with_credit__z_smooth_only,z_smooth_only,RF,eq_return_sortino_state_h1,equity,return_sortino,industry_ret_dispersion_1m_z_smooth,equity_cross_section,1074,0.002820083597722259,0.002820083597722259,0.002708136259786535,0.0016729235739118466,0.9962756052141527,0.0,0.0,0.0,0.9962756052141527,z_smooth,1.0,0.002820083597722259,52,0.8814580761525669,False
teacher_majority_all_models__student_with_credit__z_smooth_only,z_smooth_only,RF,eq_return_sortino_state_h1,equity,return_sortino,factor_corr_absavg_12m_z_smooth,equity_cross_section,1074,0.0027038235086567467,0.0027038235086567467,0.0023016074908690795,0.001853820673736292,0.9962756052141527,0.0,0.0,0.0,0.9962756052141527,z_smooth,1.0,0.0027038235086567467,53,0.8841618996612236,False
teacher_majority_all_models__student_with_credit__z_smooth_only,z_smooth_only,RF,eq_return_sortino_state_h1,equity,return_sortino,cmdty_ret_12m_z_smooth,commodities,1074,0.0026191548379664678,0.0026191548379664678,0.0023400826713462592,0.0016233959652512309,0.9962756052141527,0.0,0.0,0.0,0.9962756052141527,z_smooth,1.0,0.0026191548379664678,54,0.8867810544991901,False
teacher_majority_all_models__student_with_credit__z_smooth_only,z_smooth_only,RF,eq_return_sortino_state_h1,equity,return_sortino,cmdty_sharpe_12m_z_smooth,commodities,1074,0.0025995602236548046,0.0025995602236548046,0.002340119388408478,0.0017995464665257466,0.9990689013035382,0.0,0.0,0.0,0.9990689013035382,z_smooth,1.0,0.0025995602236548046,55,0.8893806147228449,False
teacher_majority_all_models__student_with_credit__z_smooth_only,z_smooth_only,RF,eq_return_sortino_state_h1,equity,return_sortino,industry_pca1_share_diff_z_smooth,equity_cross_section,1074,0.002509174635408297,0.002509174635408297,0.0024046355745198636,0.001367440774950717,0.9990689013035382,0.0,0.0,0.0,0.9990689013035382,z_smooth,1.0,0.002509174635408297,56,0.8918897893582531,False
teacher_majority_all_models__student_with_credit__z_smooth_only,z_smooth_only,RF,eq_return_sortino_state_h1,equity,return_sortino,crsp_ind12_chems_z_smooth,other,1074,0.00247905215575035,0.00247905215575035,0.002417677023792522,0.001480133175829998,0.9990689013035382,0.0,0.0,0.0,0.9990689013035382,z_smooth,1.0,0.00247905215575035,57,0.8943688415140035,False
teacher_majority_all_models__student_with_credit__z_smooth_only,z_smooth_only,RF,eq_return_sortino_state_h1,equity,return_sortino,factor_ret_dispersion_6m_z_smooth,equity_cross_section,1074,0.0024657459891636122,0.0024657459891636122,0.00254434987191677,0.0012474511937903745,1.0,0.0,0.0,0.0,1.0,z_smooth,1.0,0.0024657459891636122,58,0.8968345875031671,False
teacher_majority_all_models__student_with_credit__z_smooth_only,z_smooth_only,RF,eq_return_sortino_state_h1,equity,return_sortino,cmdty_broad_aqr_ret_z_smooth,commodities,1074,0.002453104616498416,0.002453104616498416,0.0019853070226208704,0.0018732882754866934,1.0,0.0,0.0,0.002793296089385475,1.0,z_smooth,1.0,0.002453104616498416,59,0.8992876921196655,False
teacher_majority_all_models__student_with_credit__z_smooth_only,z_smooth_only,RF,eq_return_sortino_state_h1,equity,return_sortino,nfci_minus_anfci_z_smooth,financial_conditions,1074,0.0023994405991366596,0.0023994405991366596,0.0022092899916982137,0.0012887059559239344,0.9972067039106145,0.0,0.0,0.0,0.9972067039106145,z_smooth,1.0,0.0023994405991366596,60,0.9016871327188022,False
teacher_majority_all_models__student_with_credit__z_smooth_only,z_smooth_only,RF,eq_return_sortino_state_h1,equity,return_sortino,curve_belly_diff_z_smooth,treasury_rates,1074,0.00230946248994955,0.00230946248994955,0.0016338906698848867,0.0017477674156626624,0.9972067039106145,0.0,0.0,0.0,0.9972067039106145,z_smooth,1.0,0.00230946248994955,61,0.9039965952087518,False
teacher_majority_all_models__student_with_credit__z_smooth_only,z_smooth_only,RF,eq_return_sortino_state_h1,equity,return_sortino,factor_rotation_speed_12m_z_smooth,equity_cross_section,1074,0.002286611716301602,0.002286611716301602,0.0020191486017243883,0.0014989679404945836,0.9916201117318436,0.0,0.0,0.0,0.9916201117318436,z_smooth,1.0,0.002286611716301602,62,0.9062832069250534,False
teacher_majority_all_models__student_with_credit__z_smooth_only,z_smooth_only,RF,eq_return_sortino_state_h1,equity,return_sortino,cmdty_ret_6m_z_smooth,commodities,1074,0.0022569304019967895,0.0022569304019967895,0.002107367490017559,0.0015317012090237474,0.9962756052141527,0.0,0.0,0.0,0.9962756052141527,z_smooth,1.0,0.0022569304019967895,63,0.9085401373270502,False
teacher_majority_all_models__student_with_credit__z_smooth_only,z_smooth_only,RF,eq_return_sortino_state_h1,equity,return_sortino,cfnai_level_z_smooth,macro,1074,0.0022470418856070746,0.0022470418856070746,0.0022869161178277154,0.0015229624899864263,0.9981378026070763,0.0,0.0,0.0,0.9981378026070763,z_smooth,1.0,0.0022470418856070746,64,0.9107871792126572,False
teacher_majority_all_models__student_with_credit__z_smooth_only,z_smooth_only,RF,eq_return_sortino_state_h1,equity,return_sortino,tsy_pca1_share_diff_z_smooth,treasury_rates,1074,0.0021559155790643425,0.0021559155790643425,0.002020232082566113,0.0010730507684687464,0.9953445065176909,0.0,0.0,0.0,0.9953445065176909,z_smooth,1.0,0.0021559155790643425,65,0.9129430947917215,False
teacher_majority_all_models__student_with_credit__z_smooth_only,z_smooth_only,RF,eq_return_sortino_state_h1,equity,return_sortino,size_value_ret_dispersion_1m_z_smooth,equity_cross_section,1074,0.0021158740891361622,0.0021158740891361622,0.0018441052769006673,0.0013087035072834366,0.9916201117318436,0.0,0.0,0.0,0.9916201117318436,z_smooth,1.0,0.0021158740891361622,66,0.9150589688808577,False
teacher_majority_all_models__student_with_credit__z_smooth_only,z_smooth_only,RF,eq_return_sortino_state_h1,equity,return_sortino,ff_mom_z_smooth,equity_cross_section,1074,0.0020639966260871355,0.0020639966260871355,0.0019472138917551627,0.001122504455615754,0.9934823091247672,0.0,0.0,0.0,0.9934823091247672,z_smooth,1.0,0.0020639966260871355,67,0.9171229655069448,False
teacher_majority_all_models__student_with_credit__z_smooth_only,z_smooth_only,RF,eq_return_sortino_state_h1,equity,return_sortino,vix_logdiff_z_smooth,volatility_dependence,1074,0.0020549707546379525,0.0020549707546379525,0.0017794773580414266,0.0013345155082885654,0.9962756052141527,0.0,0.0,0.0,0.9962756052141527,z_smooth,1.0,0.0020549707546379525,68,0.9191779362615828,False
teacher_majority_all_models__student_with_credit__z_smooth_only,z_smooth_only,RF,eq_return_sortino_state_h1,equity,return_sortino,tsy_pca1_share_12m_z_smooth,treasury_rates,1074,0.0019541479232108977,0.0019541479232108977,0.0017924556179859425,0.0009464272684440792,1.0,0.0,0.0,0.0,1.0,z_smooth,1.0,0.0019541479232108977,69,0.9211320841847938,False
teacher_majority_all_models__student_with_credit__z_smooth_only,z_smooth_only,RF,eq_return_sortino_state_h1,equity,return_sortino,cmdty_ret_1m_z_smooth,commodities,1074,0.001920613471374264,0.001920613471374264,0.0015284256636487795,0.0018630994217138461,0.9962756052141527,0.0,0.0,0.0037243947858473,0.9962756052141527,z_smooth,1.0,0.001920613471374264,70,0.9230526976561679,False
teacher_majority_all_models__student_with_credit__z_smooth_only,z_smooth_only,RF,eq_return_sortino_state_h1,equity,return_sortino,factor_lambda_cov_12m_z_smooth,equity_cross_section,1074,0.0019147773836640373,0.0019147773836640373,0.0017177761948885628,0.0011769874806660996,0.9990689013035382,0.0,0.0,0.0,0.9990689013035382,z_smooth,1.0,0.0019147773836640373,71,0.924967475039832,False
teacher_majority_all_models__student_with_credit__z_smooth_only,z_smooth_only,RF,eq_return_sortino_state_h1,equity,return_sortino,industry_lambda_corr_12m_z_smooth,equity_cross_section,1074,0.0019123119822034153,0.0019123119822034153,0.0017466450755212587,0.0010198103222148595,0.9990689013035382,0.0,0.0,0.0,0.9990689013035382,z_smooth,1.0,0.0019123119822034153,72,0.9268797870220354,False
teacher_majority_all_models__student_with_credit__z_smooth_only,z_smooth_only,RF,eq_return_sortino_state_h1,equity,return_sortino,tsy_corr_absavg_12m_z_smooth,treasury_rates,1074,0.0019116104091340242,0.0019116104091340242,0.0018353754702267668,0.000948612638718155,0.9962756052141527,0.0,0.0,0.0,0.9962756052141527,z_smooth,1.0,0.0019116104091340242,73,0.9287913974311695,False
teacher_majority_all_models__student_with_credit__z_smooth_only,z_smooth_only,RF,eq_return_sortino_state_h1,equity,return_sortino,factor_ret_dispersion_1m_z_smooth,equity_cross_section,1074,0.0019003875800360612,0.0019003875800360612,0.0018777466555024054,0.0010495781492582603,0.9934823091247672,0.0,0.0,0.0,0.9934823091247672,z_smooth,1.0,0.0019003875800360612,74,0.9306917850112055,False
teacher_majority_all_models__student_with_credit__z_smooth_only,z_smooth_only,RF,eq_return_sortino_state_h1,equity,return_sortino,size_value_corr_avg_12m_z_smooth,equity_cross_section,1074,0.0018745788559595352,0.0018745788559595352,0.001877631163980477,0.000991245734805804,0.9962756052141527,0.0,0.0,0.0,0.9962756052141527,z_smooth,1.0,0.0018745788559595352,75,0.9325663638671651,False
teacher_majority_all_models__student_with_credit__z_smooth_only,z_smooth_only,RF,eq_return_sortino_state_h1,equity,return_sortino,tsy_rotation_speed_12m_z_smooth,treasury_rates,1074,0.001867026798408785,0.001867026798408785,0.001730209160301708,0.000914149313054664,1.0,0.0,0.0,0.0,1.0,z_smooth,1.0,0.001867026798408785,76,0.9344333906655738,False
teacher_majority_all_models__student_with_credit__z_smooth_only,z_smooth_only,RF,eq_return_sortino_state_h1,equity,return_sortino,ff_rmw_minus_cma_z_smooth,equity_cross_section,1074,0.0018477899334746473,0.0018477899334746473,0.0005983275347858528,0.002321391312456157,0.9767225325884544,0.0,0.0,0.0,0.9767225325884544,z_smooth,1.0,0.0018477899334746473,77,0.9362811805990485,False
teacher_majority_all_models__student_with_credit__z_smooth_only,z_smooth_only,RF,eq_return_sortino_state_h1,equity,return_sortino,size_value_ret_dispersion_6m_z_smooth,equity_cross_section,1074,0.0018069002126099099,0.0018069002126099099,0.0016424476176910177,0.0011088106522946664,0.9990689013035382,0.0,0.0,0.0,0.9990689013035382,z_smooth,1.0,0.0018069002126099099,78,0.9380880808116584,False
teacher_majority_all_models__student_with_credit__z_smooth_only,z_smooth_only,RF,eq_return_sortino_state_h1,equity,return_sortino,tsy_corr_avg_12m_z_smooth,treasury_rates,1074,0.0018046603681085977,0.0018046603681085977,0.0017358499748226126,0.0009701795832039225,0.9972067039106145,0.0,0.0,0.0,0.9972067039106145,z_smooth,1.0,0.0018046603681085977,79,0.939892741179767,False
teacher_majority_all_models__student_with_credit__z_smooth_only,z_smooth_only,RF,eq_return_sortino_state_h1,equity,return_sortino,fred_nfci_z_smooth,financial_conditions,1074,0.0018030889962696677,0.0018030889962696677,0.001566014275126268,0.0010526629223008956,1.0,0.0,0.0,0.0,1.0,z_smooth,1.0,0.0018030889962696677,80,0.9416958301760366,False
teacher_majority_all_models__student_with_credit__z_smooth_only,z_smooth_only,RF,eq_return_sortino_state_h1,equity,return_sortino,industry_ret_dispersion_6m_z_smooth,equity_cross_section,1074,0.0017813237871490215,0.0017813237871490215,0.0015754920641891472,0.0010516019712814143,1.0,0.0,0.0,0.0,1.0,z_smooth,1.0,0.0017813237871490215,81,0.9434771539631857,False
teacher_majority_all_models__student_with_credit__z_smooth_only,z_smooth_only,RF,eq_return_sortino_state_h1,equity,return_sortino,cmdty_vol_12m_z_smooth,commodities,1074,0.001751785366064229,0.001751785366064229,0.0017338908590113214,0.0008137776616412519,1.0,0.0,0.0,0.0,1.0,z_smooth,1.0,0.001751785366064229,82,0.9452289393292499,False
teacher_majority_all_models__student_with_credit__z_smooth_only,z_smooth_only,RF,eq_return_sortino_state_h1,equity,return_sortino,rv_60d_logdiff_z_smooth,volatility_dependence,1074,0.0017427093486630373,0.0017427093486630373,0.0015051958577946116,0.0013688989088969136,0.9655493482309124,0.0,0.0,0.0,0.9655493482309124,z_smooth,1.0,0.0017427093486630373,83,0.946971648677913,False
teacher_majority_all_models__student_with_credit__z_smooth_only,z_smooth_only,RF,eq_return_sortino_state_h1,equity,return_sortino,tsy_lambda_cov_12m_z_smooth,treasury_rates,1074,0.001699166423166219,0.001699166423166219,0.0015965521479727406,0.0010031622030756849,1.0,0.0,0.0,0.0,1.0,z_smooth,1.0,0.001699166423166219,84,0.9486708151010792,False
teacher_majority_all_models__student_with_credit__z_smooth_only,z_smooth_only,RF,eq_return_sortino_state_h1,equity,return_sortino,industry_best_minus_worst_6m_z_smooth,equity_cross_section,1074,0.0016901595412486294,0.0016901595412486294,0.00149228204808474,0.0011336927269194658,0.9990689013035382,0.0,0.0,0.0,0.9990689013035382,z_smooth,1.0,0.0016901595412486294,85,0.9503609746423278,False
teacher_majority_all_models__student_with_credit__z_smooth_only,z_smooth_only,RF,eq_return_sortino_state_h1,equity,return_sortino,size_value_corr_absavg_12m_z_smooth,equity_cross_section,1074,0.001685598195193839,0.001685598195193839,0.0013996140834548637,0.0010462891070367227,0.9962756052141527,0.0,0.0,0.0,0.9962756052141527,z_smooth,1.0,0.001685598195193839,86,0.9520465728375216,False
teacher_majority_all_models__student_with_credit__z_smooth_only,z_smooth_only,RF,eq_return_sortino_state_h1,equity,return_sortino,bond_10y_mom_diff_z_smooth,treasury_rates,1074,0.001587512733424942,0.001587512733424942,0.0014160181971703694,0.0009056406187544847,0.994413407821229,0.0,0.0,0.0,0.994413407821229,z_smooth,1.0,0.001587512733424942,87,0.9536340855709465,False
teacher_majority_all_models__student_with_credit__z_smooth_only,z_smooth_only,RF,eq_return_sortino_state_h1,equity,return_sortino,nfci_level_z_smooth,financial_conditions,1074,0.0015447450667773145,0.0015447450667773145,0.0014928803210125967,0.0007517241113221223,1.0,0.0,0.0,0.0,1.0,z_smooth,1.0,0.0015447450667773145,88,0.9551788306377239,False
teacher_majority_all_models__student_with_credit__z_smooth_only,z_smooth_only,RF,eq_return_sortino_state_h1,equity,return_sortino,size_value_pca1_share_12m_z_smooth,equity_cross_section,1074,0.0014468729857900467,0.0014468729857900467,0.0014348109780241687,0.0007732160106592076,0.9906890130353817,0.0,0.0,0.0,0.9906890130353817,z_smooth,1.0,0.0014468729857900467,89,0.956625703623514,False
teacher_majority_all_models__student_with_credit__z_smooth_only,z_smooth_only,RF,eq_return_sortino_state_h1,equity,return_sortino,small_value_minus_big_growth_z_smooth,equity_cross_section,1074,0.001436382214503304,0.001436382214503304,0.0013037802012272077,0.0009291693938032089,0.9869646182495344,0.0,0.0,0.0,0.9869646182495344,z_smooth,1.0,0.001436382214503304,90,0.9580620858380172,False
teacher_majority_all_models__student_with_credit__z_smooth_only,z_smooth_only,RF,eq_return_sortino_state_h1,equity,return_sortino,tsy_ret_dispersion_6m_z_smooth,treasury_rates,1074,0.0014272899837569244,0.0014272899837569244,0.0010794167611025366,0.0012088111295860606,0.9888268156424581,0.0,0.0,0.0,0.9888268156424581,z_smooth,1.0,0.0014272899837569244,91,0.9594893758217742,False
teacher_majority_all_models__student_with_credit__z_smooth_only,z_smooth_only,RF,eq_return_sortino_state_h1,equity,return_sortino,anfci_level_z_smooth,financial_conditions,1074,0.001408844118968797,0.001408844118968797,0.0013257941477241453,0.0006666034501910353,1.0,0.0,0.0,0.0,1.0,z_smooth,1.0,0.001408844118968797,92,0.960898219940743,False
teacher_majority_all_models__student_with_credit__z_smooth_only,z_smooth_only,RF,eq_return_sortino_state_h1,equity,return_sortino,size_value_rotation_speed_12m_z_smooth,equity_cross_section,1074,0.0013699729411253564,0.0013699729411253564,0.0013704343837539483,0.0008001231222839113,0.9906890130353817,0.0,0.0,0.0,0.9906890130353817,z_smooth,1.0,0.0013699729411253564,93,0.9622681928818683,False
teacher_majority_all_models__student_with_credit__z_smooth_only,z_smooth_only,RF,eq_return_sortino_state_h1,equity,return_sortino,tsy_belly_minus_barbell_z_smooth,treasury_rates,1074,0.0013011810732091577,0.0013011810732091577,0.0011371480668498166,0.0006919752845028594,1.0,0.0,0.0,0.0,1.0,z_smooth,1.0,0.0013011810732091577,94,0.9635693739550775,False
teacher_majority_all_models__student_with_credit__z_smooth_only,z_smooth_only,RF,eq_return_sortino_state_h1,equity,return_sortino,cross_bond_cmdty_corr_12m_fisher_diff_z_smooth,treasury_rates,1074,0.001297507713892649,0.001297507713892649,0.001190339285423247,0.0008522831930705107,0.9795158286778398,0.0,0.0,0.0,0.9795158286778398,z_smooth,1.0,0.001297507713892649,95,0.9648668816689702,False
teacher_majority_all_models__student_with_credit__z_smooth_only,z_smooth_only,RF,eq_return_sortino_state_h1,equity,return_sortino,cross_eq_credit_hy_corr_12m_fisher_diff_z_smooth,credit,1074,0.0012630182025110052,0.0012630182025110052,0.0012522034990920775,0.0006738458447412676,1.0,0.0,0.0,0.0,1.0,z_smooth,1.0,0.0012630182025110052,96,0.9661298998714811,False
teacher_majority_all_models__student_with_credit__z_smooth_only,z_smooth_only,RF,eq_return_sortino_state_h1,equity,return_sortino,fred_anfci_z_smooth,financial_conditions,1074,0.001207976629306038,0.001207976629306038,0.0011639898512078536,0.0006264989417039192,0.9953445065176909,0.0,0.0,0.0,0.9953445065176909,z_smooth,1.0,0.001207976629306038,97,0.9673378765007872,False
teacher_majority_all_models__student_with_credit__z_smooth_only,z_smooth_only,RF,eq_return_sortino_state_h1,equity,return_sortino,credit_lambda_cov_diff_z_smooth,credit,1074,0.0011930125597429907,0.0011930125597429907,0.0012193928169629332,0.00064793685945154,0.9767225325884544,0.0,0.0,0.0,0.9767225325884544,z_smooth,1.0,0.0011930125597429907,98,0.9685308890605302,False
teacher_majority_all_models__student_with_credit__z_smooth_only,z_smooth_only,RF,eq_return_sortino_state_h1,equity,return_sortino,size_value_lambda_cov_12m_z_smooth,equity_cross_section,1074,0.0011879793187838654,0.0011879793187838654,0.0011067230444212445,0.0007240624924521612,0.9897579143389199,0.0,0.0,0.0,0.9897579143389199,z_smooth,1.0,0.0011879793187838654,99,0.969718868379314,False
teacher_majority_all_models__student_with_credit__z_smooth_only,z_smooth_only,RF,eq_return_sortino_state_h1,equity,return_sortino,ff_hml_z_smooth,equity_cross_section,1074,0.0011795719229304067,0.0011795719229304067,0.0011062233962838169,0.0006743157274135756,0.9981378026070763,0.0,0.0,0.0,0.9981378026070763,z_smooth,1.0,0.0011795719229304067,100,0.9708984403022444,False
teacher_majority_all_models__student_with_credit__z_smooth_only,z_smooth_only,RF,eq_return_sortino_state_h1,equity,return_sortino,factor_corr_avg_12m_z_smooth,equity_cross_section,1074,0.001170745392727622,0.001170745392727622,0.0010561857686063624,0.0006762742396445254,0.9925512104283054,0.0,0.0,0.0,0.9925512104283054,z_smooth,1.0,0.001170745392727622,101,0.972069185694972,False
teacher_majority_all_models__student_with_credit__z_smooth_only,z_smooth_only,RF,eq_return_sortino_state_h1,equity,return_sortino,factor_lambda_corr_diff_z_smooth,equity_cross_section,1074,0.0011703630017956348,0.0011703630017956348,0.0011229613267707762,0.0007372393027010739,0.9823091247672253,0.0,0.0,0.0,0.9823091247672253,z_smooth,1.0,0.0011703630017956348,102,0.9732395486967677,False
teacher_majority_all_models__student_with_credit__z_smooth_only,z_smooth_only,RF,eq_return_sortino_state_h1,equity,return_sortino,rho_12m_eq_fi_fisher_diff_z_smooth,volatility_dependence,1074,0.001129118519642704,0.001129118519642704,0.001062802417954496,0.0006883887653354189,0.9962756052141527,0.0,0.0,0.0,0.9962756052141527,z_smooth,1.0,0.001129118519642704,103,0.9743686672164104,False
teacher_majority_all_models__student_with_credit__z_smooth_only,z_smooth_only,RF,eq_return_sortino_state_h1,equity,return_sortino,tsy_lambda_corr_12m_z_smooth,treasury_rates,1074,0.0011039693194083333,0.0011039693194083333,0.0011467985031855111,0.0006637007482431745,0.9711359404096834,0.0,0.0,0.0,0.9711359404096834,z_smooth,1.0,0.0011039693194083333,104,0.9754726365358187,False
teacher_majority_all_models__student_with_credit__z_smooth_only,z_smooth_only,RF,eq_return_sortino_state_h1,equity,return_sortino,ff_smb_z_smooth,equity_cross_section,1074,0.0010843134971480202,0.0010843134971480202,0.0010656279047784058,0.0005865363886312797,0.9916201117318436,0.0,0.0,0.0,0.9916201117318436,z_smooth,1.0,0.0010843134971480202,105,0.9765569500329667,False
teacher_majority_all_models__student_with_credit__z_smooth_only,z_smooth_only,RF,eq_return_sortino_state_h1,equity,return_sortino,industry_lambda_cov_diff_z_smooth,equity_cross_section,1074,0.0010557376728842233,0.0010557376728842233,0.0010119982792110229,0.0006793252598323366,0.957169459962756,0.0,0.0,0.0,0.957169459962756,z_smooth,1.0,0.0010557376728842233,106,0.977612687705851,False
teacher_majority_all_models__student_with_credit__z_smooth_only,z_smooth_only,RF,eq_return_sortino_state_h1,equity,return_sortino,crsp_ind12_enrgy_z_smooth,other,1074,0.001042797750230406,0.001042797750230406,0.0009274567063150443,0.000761818948759054,0.9366852886405959,0.0,0.0,0.0,0.9366852886405959,z_smooth,1.0,0.001042797750230406,107,0.9786554854560814,False
teacher_majority_all_models__student_with_credit__z_smooth_only,z_smooth_only,RF,eq_return_sortino_state_h1,equity,return_sortino,size_value_lambda_corr_12m_z_smooth,equity_cross_section,1074,0.0010408983412545025,0.0010408983412545025,0.0008986833101499105,0.0007379820001627014,0.9990689013035382,0.0,0.0,0.0,0.9990689013035382,z_smooth,1.0,0.0010408983412545025,108,0.9796963837973358,False
teacher_majority_all_models__student_with_credit__z_smooth_only,z_smooth_only,RF,eq_return_sortino_state_h1,equity,return_sortino,credit_lambda_cov_12m_z_smooth,credit,1074,0.0010378448211849365,0.0010378448211849365,0.0009517619920648041,0.0006833167084841431,0.9720670391061452,0.0,0.0,0.0,0.9720670391061452,z_smooth,1.0,0.0010378448211849365,109,0.9807342286185208,False
teacher_majority_all_models__student_with_credit__z_smooth_only,z_smooth_only,RF,eq_return_sortino_state_h1,equity,return_sortino,industry_pca1_share_12m_z_smooth,equity_cross_section,1074,0.0010145445896398402,0.0010145445896398402,0.0008977176941512405,0.0007105251364866118,0.9590316573556797,0.0,0.0,0.0,0.9590316573556797,z_smooth,1.0,0.0010145445896398402,110,0.9817487732081607,False
teacher_majority_all_models__student_with_credit__z_smooth_only,z_smooth_only,RF,eq_return_sortino_state_h1,equity,return_sortino,tsy_lambda_cov_diff_z_smooth,treasury_rates,1074,0.0010026059117018084,0.0010026059117018084,0.0007000699561110787,0.0008513745790668733,0.957169459962756,0.0,0.0,0.0,0.957169459962756,z_smooth,1.0,0.0010026059117018084,111,0.9827513791198624,False
teacher_majority_all_models__student_with_credit__z_smooth_only,z_smooth_only,RF,eq_return_sortino_state_h1,equity,return_sortino,industry_corr_avg_12m_z_smooth,equity_cross_section,1074,0.0009994826748313194,0.0009994826748313194,0.0009530120301483092,0.0005929493741468145,0.9906890130353817,0.0,0.0,0.0,0.9906890130353817,z_smooth,1.0,0.0009994826748313194,112,0.9837508617946937,False
teacher_majority_all_models__student_with_credit__z_smooth_only,z_smooth_only,RF,eq_return_sortino_state_h1,equity,return_sortino,credit_hy_ig_corr_12m_fisher_z_smooth,credit,1074,0.0009930512832071468,0.0009930512832071468,0.000885407100467156,0.0006805291279031361,0.984171322160149,0.0,0.0,0.0,0.984171322160149,z_smooth,1.0,0.0009930512832071468,113,0.9847439130779009,False
teacher_majority_all_models__student_with_credit__z_smooth_only,z_smooth_only,RF,eq_return_sortino_state_h1,equity,return_sortino,industry_rotation_speed_12m_z_smooth,equity_cross_section,1074,0.0009909936692109925,0.0009909936692109925,0.0009791518940860562,0.0004871601218135983,0.9981378026070763,0.0,0.0,0.0,0.9981378026070763,z_smooth,1.0,0.0009909936692109925,114,0.985734906747112,False
teacher_majority_all_models__student_with_credit__z_smooth_only,z_smooth_only,RF,eq_return_sortino_state_h1,equity,return_sortino,credit_spread_diff_z_smooth,credit,1074,0.0009825513553404406,0.0009825513553404406,0.0009984967389968249,0.0006125760795359024,0.9972067039106145,0.0,0.0,0.0,0.9972067039106145,z_smooth,1.0,0.0009825513553404406,115,0.9867174581024524,False
teacher_majority_all_models__student_with_credit__z_smooth_only,z_smooth_only,RF,eq_return_sortino_state_h1,equity,return_sortino,factor_lambda_cov_diff_z_smooth,equity_cross_section,1074,0.000913910409310211,0.000913910409310211,0.0008969611444681821,0.0006133881404310084,0.9459962756052142,0.0,0.0,0.0,0.9459962756052142,z_smooth,1.0,0.000913910409310211,116,0.9876313685117626,False
teacher_majority_all_models__student_with_credit__z_smooth_only,z_smooth_only,RF,eq_return_sortino_state_h1,equity,return_sortino,industry_corr_absavg_12m_z_smooth,equity_cross_section,1074,0.0008707439765438329,0.0008707439765438329,0.0008031462621193477,0.0005567878770232138,0.9832402234636871,0.0,0.0,0.0,0.9832402234636871,z_smooth,1.0,0.0008707439765438329,117,0.9885021124883064,False
teacher_majority_all_models__student_with_credit__z_smooth_only,z_smooth_only,RF,eq_return_sortino_state_h1,equity,return_sortino,industry_lambda_cov_12m_z_smooth,equity_cross_section,1074,0.0008672295979343181,0.0008672295979343181,0.0007813664107019215,0.0005719394060691522,0.972998137802607,0.0,0.0,0.0,0.972998137802607,z_smooth,1.0,0.0008672295979343181,118,0.9893693420862407,False
teacher_majority_all_models__student_with_credit__z_smooth_only,z_smooth_only,RF,eq_return_sortino_state_h1,equity,return_sortino,size_value_lambda_corr_diff_z_smooth,equity_cross_section,1074,0.000828289286837039,0.000828289286837039,0.0007418261609053347,0.0005625438627198918,0.9590316573556797,0.0,0.0,0.0,0.9590316573556797,z_smooth,1.0,0.000828289286837039,119,0.9901976313730777,False
teacher_majority_all_models__student_with_credit__z_smooth_only,z_smooth_only,RF,eq_return_sortino_state_h1,equity,return_sortino,credit_ret_dispersion_6m_z_smooth,credit,1074,0.000812237483741268,0.000812237483741268,0.0006584239375300131,0.0005955321766728883,0.9506517690875232,0.0,0.0,0.0,0.9506517690875232,z_smooth,1.0,0.000812237483741268,120,0.991009868856819,False
teacher_majority_all_models__student_with_credit__z_smooth_only,z_smooth_only,RF,eq_return_sortino_state_h1,equity,return_sortino,ff_mom_minus_hml_z_smooth,equity_cross_section,1074,0.0008122314046700798,0.0008122314046700798,0.000796533346790023,0.0004491439020981324,0.957169459962756,0.0,0.0,0.0,0.957169459962756,z_smooth,1.0,0.0008122314046700798,121,0.9918221002614891,False
teacher_majority_all_models__student_with_credit__z_smooth_only,z_smooth_only,RF,eq_return_sortino_state_h1,equity,return_sortino,value_minus_growth_z_smooth,equity_cross_section,1074,0.0008034320017902759,0.0008034320017902759,0.0007781258506536617,0.0004997609573242938,0.946927374301676,0.0,0.0,0.0,0.946927374301676,z_smooth,1.0,0.0008034320017902759,122,0.9926255322632794,False
teacher_majority_all_models__student_with_credit__z_smooth_only,z_smooth_only,RF,eq_return_sortino_state_h1,equity,return_sortino,tsy_ret_dispersion_1m_z_smooth,treasury_rates,1074,0.0007750183256503751,0.0007750183256503751,0.000743847624226922,0.0005200545394161874,0.978584729981378,0.0,0.0,0.0,0.978584729981378,z_smooth,1.0,0.0007750183256503751,123,0.9934005505889297,False
teacher_majority_all_models__student_with_credit__z_smooth_only,z_smooth_only,RF,eq_return_sortino_state_h1,equity,return_sortino,small_minus_big_z_smooth,equity_cross_section,1074,0.0007526276662804592,0.0007526276662804592,0.0006692313276569873,0.0005726950837119521,0.931098696461825,0.0,0.0,0.0,0.931098696461825,z_smooth,1.0,0.0007526276662804592,124,0.9941531782552102,False
teacher_majority_all_models__student_with_credit__z_smooth_only,z_smooth_only,RF,eq_return_sortino_state_h1,equity,return_sortino,industry_lambda_corr_diff_z_smooth,equity_cross_section,1074,0.0007234411399532193,0.0007234411399532193,0.0006224448095990919,0.0005289499614970463,0.9441340782122905,0.0,0.0,0.0,0.9441340782122905,z_smooth,1.0,0.0007234411399532193,125,0.9948766193951635,False
teacher_majority_all_models__student_with_credit__z_smooth_only,z_smooth_only,RF,eq_return_sortino_state_h1,equity,return_sortino,ff_rmw_z_smooth,equity_cross_section,1074,0.0006805968338370423,0.0006805968338370423,0.0005733218744526334,0.00048016815999765353,0.9934823091247672,0.0,0.0,0.0,0.9934823091247672,z_smooth,1.0,0.0006805968338370423,126,0.9955572162290005,False
teacher_majority_all_models__student_with_credit__z_smooth_only,z_smooth_only,RF,eq_return_sortino_state_h1,equity,return_sortino,cross_eq_tsy20_corr_12m_fisher_diff_z_smooth,treasury_rates,1074,0.0006653991364338948,0.0006653991364338948,0.0005927051096041176,0.00041753938806201126,0.9878957169459963,0.0,0.0,0.0,0.9878957169459963,z_smooth,1.0,0.0006653991364338948,127,0.9962226153654343,False
teacher_majority_all_models__student_with_credit__z_smooth_only,z_smooth_only,RF,eq_return_sortino_state_h1,equity,return_sortino,credit_hy_ig_corr_12m_fisher_diff_z_smooth,credit,1074,0.0006407342665202366,0.0006407342665202366,0.0004784201983096427,0.0006415744601970847,0.9432029795158287,0.0,0.0,0.0,0.9432029795158287,z_smooth,1.0,0.0006407342665202366,128,0.9968633496319546,False
teacher_majority_all_models__student_with_credit__z_smooth_only,z_smooth_only,RF,eq_return_sortino_state_h1,equity,return_sortino,cross_eq_cmdty_corr_12m_fisher_diff_z_smooth,commodities,1074,0.000621010209257018,0.000621010209257018,0.0004875253987069113,0.0005216430033488348,0.9813780260707635,0.0,0.0,0.0,0.9813780260707635,z_smooth,1.0,0.000621010209257018,129,0.9974843598412116,False
teacher_majority_all_models__student_with_credit__z_smooth_only,z_smooth_only,RF,eq_return_sortino_state_h1,equity,return_sortino,cross_eq_bond_corr_12m_fisher_diff_z_smooth,treasury_rates,1074,0.0006044953902827183,0.0006044953902827183,0.0005535509826956908,0.000395691379181279,0.978584729981378,0.0,0.0,0.0,0.978584729981378,z_smooth,1.0,0.0006044953902827183,130,0.9980888552314944,False
teacher_majority_all_models__student_with_credit__z_smooth_only,z_smooth_only,RF,eq_return_sortino_state_h1,equity,return_sortino,credit_ret_dispersion_1m_z_smooth,credit,1074,0.0005965852050227735,0.0005965852050227735,0.000563409710483468,0.0004034590274531711,0.931098696461825,0.0,0.0,0.0,0.931098696461825,z_smooth,1.0,0.0005965852050227735,131,0.9986854404365171,False
teacher_majority_all_models__student_with_credit__z_smooth_only,z_smooth_only,RF,eq_return_sortino_state_h1,equity,return_sortino,factor_pca1_share_diff_z_smooth,equity_cross_section,1074,0.0005002150487612026,0.0005002150487612026,0.0004556588527729534,0.0003564422532567291,0.9487895716945997,0.0,0.0,0.0,0.9487895716945997,z_smooth,1.0,0.0005002150487612026,132,0.9991856554852783,False
teacher_majority_all_models__student_with_credit__z_smooth_only,z_smooth_only,RF,eq_return_sortino_state_h1,equity,return_sortino,size_value_lambda_cov_diff_z_smooth,equity_cross_section,1074,0.000492227323626107,0.000492227323626107,0.0004301552630111847,0.0003328961977667306,0.9599627560521415,0.0,0.0,0.0,0.9599627560521415,z_smooth,1.0,0.000492227323626107,133,0.9996778828089045,False
teacher_majority_all_models__student_with_credit__z_smooth_only,z_smooth_only,RF,eq_return_sortino_state_h1,equity,return_sortino,tsy_lambda_corr_diff_z_smooth,treasury_rates,1074,0.0003221171910955976,0.0003221171910955976,0.00029264689143304286,0.00022710796565017464,0.9376163873370578,0.0,0.0,0.0,0.9376163873370578,z_smooth,1.0,0.0003221171910955976,134,1.0,False
teacher_majority_all_models__student_with_credit__z_smooth_only,z_smooth_only,RF,eq_vol_downside_state_h1,equity,vol_downside,factor_ret_dispersion_6m_z_smooth,equity_cross_section,1074,0.0813608419446424,0.0813608419446424,0.08605066148607651,0.029523350511182732,1.0,0.0,0.9208566108007449,0.9301675977653632,1.0,z_smooth,1.0,0.0813608419446424,1,0.0813608419446424,True
teacher_majority_all_models__student_with_credit__z_smooth_only,z_smooth_only,RF,eq_vol_downside_state_h1,equity,vol_downside,industry_best_minus_worst_6m_z_smooth,equity_cross_section,1074,0.0751779484642265,0.0751779484642265,0.0798980682555624,0.021067826292196497,1.0,0.0,0.9366852886405959,0.9767225325884544,1.0,z_smooth,1.0,0.0751779484642265,2,0.1565387904088689,True
teacher_majority_all_models__student_with_credit__z_smooth_only,z_smooth_only,RF,eq_vol_downside_state_h1,equity,vol_downside,industry_ret_dispersion_6m_z_smooth,equity_cross_section,1074,0.06751828531707768,0.06751828531707768,0.06807045217628496,0.01816161203916085,1.0,0.0,0.9702048417132216,0.9934823091247672,1.0,z_smooth,1.0,0.06751828531707768,3,0.22405707572594658,True
teacher_majority_all_models__student_with_credit__z_smooth_only,z_smooth_only,RF,eq_vol_downside_state_h1,equity,vol_downside,factor_ret_dispersion_1m_z_smooth,equity_cross_section,1074,0.05947712267045667,0.05947712267045667,0.06761630023258153,0.023050737873059876,0.9990689013035382,0.0,0.8538175046554934,0.9022346368715084,0.9990689013035382,z_smooth,1.0,0.05947712267045667,4,0.28353419839640326,True
teacher_majority_all_models__student_with_credit__z_smooth_only,z_smooth_only,RF,eq_vol_downside_state_h1,equity,vol_downside,industry_best_minus_worst_1m_z_smooth,equity_cross_section,1074,0.054071674529540835,0.054071674529540835,0.057855173513096755,0.020522061722636736,1.0,0.0,0.9031657355679702,0.9227188081936686,1.0,z_smooth,1.0,0.054071674529540835,5,0.3376058729259441,True
teacher_majority_all_models__student_with_credit__z_smooth_only,z_smooth_only,RF,eq_vol_downside_state_h1,equity,vol_downside,nfci_level_z_smooth,financial_conditions,1074,0.042698599249545936,0.042698599249545936,0.04424289031210438,0.01700896448289931,1.0,0.0,0.74487895716946,0.9152700186219739,1.0,z_smooth,1.0,0.042698599249545936,6,0.38030447217549,True
teacher_majority_all_models__student_with_credit__z_smooth_only,z_smooth_only,RF,eq_vol_downside_state_h1,equity,vol_downside,fred_anfci_z_smooth,financial_conditions,1074,0.04241186264920753,0.04241186264920753,0.04152213216221773,0.014954545610980141,1.0,0.0,0.8761638733705773,0.925512104283054,1.0,z_smooth,1.0,0.04241186264920753,7,0.42271633482469756,True
teacher_majority_all_models__student_with_credit__z_smooth_only,z_smooth_only,RF,eq_vol_downside_state_h1,equity,vol_downside,fred_nfci_z_smooth,financial_conditions,1074,0.03815418466668527,0.03815418466668527,0.03932834889842311,0.015102227215480032,1.0,0.0,0.7160148975791434,0.909683426443203,1.0,z_smooth,1.0,0.03815418466668527,8,0.4608705194913828,True
teacher_majority_all_models__student_with_credit__z_smooth_only,z_smooth_only,RF,eq_vol_downside_state_h1,equity,vol_downside,industry_ret_dispersion_1m_z_smooth,equity_cross_section,1074,0.03736724462002977,0.03736724462002977,0.03962047396232855,0.009422958999448472,1.0,0.0,0.7932960893854749,0.9264432029795159,1.0,z_smooth,1.0,0.03736724462002977,9,0.4982377641114126,True
teacher_majority_all_models__student_with_credit__z_smooth_only,z_smooth_only,RF,eq_vol_downside_state_h1,equity,vol_downside,anfci_level_z_smooth,financial_conditions,1074,0.03372060119589955,0.03372060119589955,0.03325569322427095,0.012330881183313509,1.0,0.0,0.5400372439478585,0.9236499068901304,1.0,z_smooth,1.0,0.03372060119589955,10,0.5319583653073121,True
teacher_majority_all_models__student_with_credit__z_smooth_only,z_smooth_only,RF,eq_vol_downside_state_h1,equity,vol_downside,size_value_ret_dispersion_1m_z_smooth,equity_cross_section,1074,0.024556734595239677,0.024556734595239677,0.025692638538314164,0.011885374466973696,0.9916201117318436,0.0,0.24394785847299813,0.8519553072625698,0.9916201117318436,z_smooth,1.0,0.024556734595239677,11,0.5565150999025518,True
teacher_majority_all_models__student_with_credit__z_smooth_only,z_smooth_only,RF,eq_vol_downside_state_h1,equity,vol_downside,size_value_ret_dispersion_6m_z_smooth,equity_cross_section,1074,0.024420860445647535,0.024420860445647535,0.02359801477083659,0.012391696570624151,0.9990689013035382,0.0,0.19273743016759776,0.851024208566108,0.9990689013035382,z_smooth,1.0,0.024420860445647535,12,0.5809359603481994,True
teacher_majority_all_models__student_with_credit__z_smooth_only,z_smooth_only,RF,eq_vol_downside_state_h1,equity,vol_downside,crsp_ind12_money_z_smooth,other,1074,0.022910199449790187,0.022910199449790187,0.02225029267758364,0.01519088182804717,1.0,0.0,0.18435754189944134,0.8435754189944135,1.0,z_smooth,1.0,0.022910199449790187,13,0.6038461597979895,True
teacher_majority_all_models__student_with_credit__z_smooth_only,z_smooth_only,RF,eq_vol_downside_state_h1,equity,vol_downside,cmdty_vol_12m_z_smooth,commodities,1074,0.01944496887121085,0.01944496887121085,0.019719029657525276,0.010525741591894507,0.9990689013035382,0.0,0.13221601489757914,0.8240223463687151,0.9990689013035382,z_smooth,1.0,0.01944496887121085,14,0.6232911286692003,True
teacher_majority_all_models__student_with_credit__z_smooth_only,z_smooth_only,RF,eq_vol_downside_state_h1,equity,vol_downside,nfci_minus_anfci_z_smooth,financial_conditions,1074,0.019223043837648203,0.019223043837648203,0.015085545126134412,0.012733837398572253,1.0,0.0,0.15735567970204842,0.7392923649906891,1.0,z_smooth,1.0,0.019223043837648203,15,0.6425141725068486,True
teacher_majority_all_models__student_with_credit__z_smooth_only,z_smooth_only,RF,eq_vol_downside_state_h1,equity,vol_downside,tsy_ret_dispersion_6m_z_smooth,treasury_rates,1074,0.016259647468976547,0.016259647468976547,0.01399886001001226,0.009740539860585828,1.0,0.0,0.08193668528864059,0.61731843575419,1.0,z_smooth,1.0,0.016259647468976547,16,0.6587738199758252,True
teacher_majority_all_models__student_with_credit__z_smooth_only,z_smooth_only,RF,eq_vol_downside_state_h1,equity,vol_downside,tsy_ret_dispersion_1m_z_smooth,treasury_rates,1074,0.015902507142618764,0.015902507142618764,0.015755362960903307,0.00731172490774296,1.0,0.0,0.0297951582867784,0.7597765363128491,1.0,z_smooth,1.0,0.015902507142618764,17,0.6746763271184439,True
teacher_majority_all_models__student_with_credit__z_smooth_only,z_smooth_only,RF,eq_vol_downside_state_h1,equity,vol_downside,big_avg_ret_z_smooth,credit,1074,0.01349031175770401,0.01349031175770401,0.01512325554225858,0.006779204838106134,1.0,0.0,0.006517690875232775,0.7262569832402235,1.0,z_smooth,1.0,0.01349031175770401,18,0.6881666388761479,True
teacher_majority_all_models__student_with_credit__z_smooth_only,z_smooth_only,RF,eq_vol_downside_state_h1,equity,vol_downside,industry_corr_absavg_12m_z_smooth,equity_cross_section,1074,0.012705486468964218,0.012705486468964218,0.012384901216058699,0.007018267609802134,1.0,0.0,0.017690875232774673,0.5800744878957169,1.0,z_smooth,1.0,0.012705486468964218,19,0.7008721253451121,False
teacher_majority_all_models__student_with_credit__z_smooth_only,z_smooth_only,RF,eq_vol_downside_state_h1,equity,vol_downside,industry_pca1_share_12m_z_smooth,equity_cross_section,1074,0.00914865828574157,0.00914865828574157,0.008426649043369119,0.006479261210832444,1.0,0.0,0.0186219739292365,0.22439478584729983,1.0,z_smooth,1.0,0.00914865828574157,20,0.7100207836308537,False
teacher_majority_all_models__student_with_credit__z_smooth_only,z_smooth_only,RF,eq_vol_downside_state_h1,equity,vol_downside,ff_mom_z_smooth,equity_cross_section,1074,0.00880633228520938,0.00880633228520938,0.0009086729225839419,0.01911826190107761,0.9776536312849162,0.0,0.1191806331471136,0.1378026070763501,0.9776536312849162,z_smooth,1.0,0.00880633228520938,21,0.7188271159160631,False
teacher_majority_all_models__student_with_credit__z_smooth_only,z_smooth_only,RF,eq_vol_downside_state_h1,equity,vol_downside,credit_hy_ig_corr_12m_fisher_z_smooth,credit,1074,0.008597891290189447,0.008597891290189447,0.008575269993603384,0.005381816782616997,0.9916201117318436,0.0,0.0,0.3370577281191806,0.9916201117318436,z_smooth,1.0,0.008597891290189447,22,0.7274250072062525,False
teacher_majority_all_models__student_with_credit__z_smooth_only,z_smooth_only,RF,eq_vol_downside_state_h1,equity,vol_downside,factor_lambda_corr_12m_z_smooth,equity_cross_section,1074,0.008593957682204816,0.008593957682204816,0.00527342830893124,0.007585593630771756,1.0,0.0,0.021415270018621976,0.31471135940409684,1.0,z_smooth,1.0,0.008593957682204816,23,0.7360189648884573,False
teacher_majority_all_models__student_with_credit__z_smooth_only,z_smooth_only,RF,eq_vol_downside_state_h1,equity,vol_downside,industry_corr_avg_12m_z_smooth,equity_cross_section,1074,0.008286611774904333,0.008286611774904333,0.007143094590252776,0.005590077807969478,1.0,0.0,0.004655493482309125,0.20391061452513967,1.0,z_smooth,1.0,0.008286611774904333,24,0.7443055766633617,False
teacher_majority_all_models__student_with_credit__z_smooth_only,z_smooth_only,RF,eq_vol_downside_state_h1,equity,vol_downside,size_value_pca1_share_diff_z_smooth,equity_cross_section,1074,0.008110581114311842,0.008110581114311842,0.006781581102016945,0.006006589351443516,1.0,0.0,0.012104283054003724,0.19273743016759776,1.0,z_smooth,1.0,0.008110581114311842,25,0.7524161577776736,False
teacher_majority_all_models__student_with_credit__z_smooth_only,z_smooth_only,RF,eq_vol_downside_state_h1,equity,vol_downside,crsp_ind12_utils_z_smooth,other,1074,0.0073257861446742656,0.0073257861446742656,0.002262269141436844,0.017556543782232804,1.0,0.0,0.07728119180633147,0.08007448789571694,1.0,z_smooth,1.0,0.0073257861446742656,26,0.7597419439223477,False
teacher_majority_all_models__student_with_credit__z_smooth_only,z_smooth_only,RF,eq_vol_downside_state_h1,equity,vol_downside,curve_10y_2y_diff_z_smooth,treasury_rates,1074,0.007303085844281912,0.007303085844281912,0.007522856487211302,0.004977986010040082,0.9795158286778398,0.0,0.0,0.1973929236499069,0.9795158286778398,z_smooth,1.0,0.007303085844281912,27,0.7670450297666297,False
teacher_majority_all_models__student_with_credit__z_smooth_only,z_smooth_only,RF,eq_vol_downside_state_h1,equity,vol_downside,credit_ret_dispersion_6m_z_smooth,credit,1074,0.007295121220725548,0.007295121220725548,0.007009798366465821,0.004582140223168035,0.9990689013035382,0.0,0.0,0.21508379888268156,0.9990689013035382,z_smooth,1.0,0.007295121220725548,28,0.7743401509873552,False
teacher_majority_all_models__student_with_credit__z_smooth_only,z_smooth_only,RF,eq_vol_downside_state_h1,equity,vol_downside,ff_mom_minus_hml_z_smooth,equity_cross_section,1074,0.007060714316931125,0.007060714316931125,0.0014836693142521932,0.01318566984925524,0.9925512104283054,0.0,0.10893854748603352,0.14432029795158285,0.9925512104283054,z_smooth,1.0,0.007060714316931125,29,0.7814008653042863,False
teacher_majority_all_models__student_with_credit__z_smooth_only,z_smooth_only,RF,eq_vol_downside_state_h1,equity,vol_downside,equity_market_level_z_smooth,other,1074,0.006873233835307583,0.006873233835307583,0.006383285573061297,0.003947259989322917,1.0,0.0,0.0,0.11452513966480447,1.0,z_smooth,1.0,0.006873233835307583,30,0.7882740991395939,False
teacher_majority_all_models__student_with_credit__z_smooth_only,z_smooth_only,RF,eq_vol_downside_state_h1,equity,vol_downside,size_value_corr_avg_12m_z_smooth,equity_cross_section,1074,0.006670046509642852,0.006670046509642852,0.0043839179341774595,0.008279538272189866,0.9990689013035382,0.0,0.038175046554934824,0.1266294227188082,0.9990689013035382,z_smooth,1.0,0.006670046509642852,31,0.7949441456492368,False
teacher_majority_all_models__student_with_credit__z_smooth_only,z_smooth_only,RF,eq_vol_downside_state_h1,equity,vol_downside,crsp_tsy_3_7y_z_smooth,treasury_rates,1074,0.0065835936913785364,0.0065835936913785364,0.0074756665483514135,0.005312484653030596,0.9925512104283054,0.0,0.0,0.2048417132216015,0.9925512104283054,z_smooth,1.0,0.0065835936913785364,32,0.8015277393406154,False
teacher_majority_all_models__student_with_credit__z_smooth_only,z_smooth_only,RF,eq_vol_downside_state_h1,equity,vol_downside,bihi_vwret_z_smooth,other,1074,0.0064795989774883486,0.0064795989774883486,0.006125221731995385,0.0043543076292133585,1.0,0.0,0.0,0.08007448789571694,1.0,z_smooth,1.0,0.0064795989774883486,33,0.8080073383181037,False
teacher_majority_all_models__student_with_credit__z_smooth_only,z_smooth_only,RF,eq_vol_downside_state_h1,equity,vol_downside,bime_vwret_z_smooth,other,1074,0.006344260382075972,0.006344260382075972,0.00617244506326136,0.004157960104342963,1.0,0.0,0.0,0.12849162011173185,1.0,z_smooth,1.0,0.006344260382075972,34,0.8143515987001797,False
teacher_majority_all_models__student_with_credit__z_smooth_only,z_smooth_only,RF,eq_vol_downside_state_h1,equity,vol_downside,crsp_tsy_1_3y_z_smooth,treasury_rates,1074,0.006168012407052614,0.006168012407052614,0.0030585041888053087,0.011075306190097604,1.0,0.0,0.05493482309124767,0.07541899441340782,1.0,z_smooth,1.0,0.006168012407052614,35,0.8205196111072323,False
teacher_majority_all_models__student_with_credit__z_smooth_only,z_smooth_only,RF,eq_vol_downside_state_h1,equity,vol_downside,crsp_ind12_manuf_z_smooth,other,1074,0.0057872724580526865,0.0057872724580526865,0.005899056995974579,0.004046148116451771,0.972998137802607,0.0,0.0,0.10335195530726257,0.972998137802607,z_smooth,1.0,0.0057872724580526865,36,0.8263068835652849,False
teacher_majority_all_models__student_with_credit__z_smooth_only,z_smooth_only,RF,eq_vol_downside_state_h1,equity,vol_downside,tsy_short_ret_z_smooth,treasury_rates,1074,0.0056351011713430535,0.0056351011713430535,0.0033859609399602324,0.009045696586342428,1.0,0.0,0.051210428305400374,0.07541899441340782,1.0,z_smooth,1.0,0.0056351011713430535,37,0.8319419847366281,False
teacher_majority_all_models__student_with_credit__z_smooth_only,z_smooth_only,RF,eq_vol_downside_state_h1,equity,vol_downside,ff_mktrf_z_smooth,equity_cross_section,1074,0.005592549633071146,0.005592549633071146,0.005663805977041435,0.003249771351511611,1.0,0.0,0.0,0.06797020484171322,1.0,z_smooth,1.0,0.005592549633071146,38,0.8375345343696992,False
teacher_majority_all_models__student_with_credit__z_smooth_only,z_smooth_only,RF,eq_vol_downside_state_h1,equity,vol_downside,credit_ret_dispersion_1m_z_smooth,credit,1074,0.005327474816189665,0.005327474816189665,0.0051784001129028465,0.0031044600546216677,0.9934823091247672,0.0,0.0,0.08100558659217877,0.9934823091247672,z_smooth,1.0,0.005327474816189665,39,0.8428620091858888,False
teacher_majority_all_models__student_with_credit__z_smooth_only,z_smooth_only,RF,eq_vol_downside_state_h1,equity,vol_downside,cmdty_sharpe_12m_z_smooth,commodities,1074,0.005277507165782306,0.005277507165782306,0.0024792021203945405,0.008760227355051844,1.0,0.0,0.025139664804469275,0.10614525139664804,1.0,z_smooth,1.0,0.005277507165782306,40,0.8481395163516712,False
teacher_majority_all_models__student_with_credit__z_smooth_only,z_smooth_only,RF,eq_vol_downside_state_h1,equity,vol_downside,curve_belly_diff_z_smooth,treasury_rates,1074,0.004967148630207673,0.004967148630207673,0.005142826380307256,0.003018454345484758,0.9804469273743017,0.0,0.0,0.04283054003724395,0.9804469273743017,z_smooth,1.0,0.004967148630207673,41,0.8531066649818788,False
teacher_majority_all_models__student_with_credit__z_smooth_only,z_smooth_only,RF,eq_vol_downside_state_h1,equity,vol_downside,size_value_pca1_share_12m_z_smooth,equity_cross_section,1074,0.004966234610921424,0.004966234610921424,0.0030199685525077995,0.007032224120365688,0.9934823091247672,0.0,0.023277467411545624,0.07914338919925512,0.9934823091247672,z_smooth,1.0,0.004966234610921424,42,0.8580728995928002,False
teacher_majority_all_models__student_with_credit__z_smooth_only,z_smooth_only,RF,eq_vol_downside_state_h1,equity,vol_downside,cross_bond_credit_ig_corr_12m_fisher_diff_z_smooth,treasury_rates,1074,0.004796103948551995,0.004796103948551995,0.000782007968742078,0.012897512172996978,0.9804469273743017,0.0,0.07541899441340782,0.08379888268156424,0.9804469273743017,z_smooth,1.0,0.004796103948551995,43,0.8628690035413522,False
teacher_majority_all_models__student_with_credit__z_smooth_only,z_smooth_only,RF,eq_vol_downside_state_h1,equity,vol_downside,tsy_intermediate_ret_z_smooth,treasury_rates,1074,0.00471366893233672,0.00471366893233672,0.004018734249477369,0.0040848628493298025,0.9878957169459963,0.0,0.0,0.04283054003724395,0.9878957169459963,z_smooth,1.0,0.00471366893233672,44,0.8675826724736889,False
teacher_majority_all_models__student_with_credit__z_smooth_only,z_smooth_only,RF,eq_vol_downside_state_h1,equity,vol_downside,cmdty_ret_12m_z_smooth,commodities,1074,0.004396246454303207,0.004396246454303207,0.001669419876314956,0.008632509081804825,0.9972067039106145,0.0,0.025139664804469275,0.09404096834264432,0.9972067039106145,z_smooth,1.0,0.004396246454303207,45,0.8719789189279922,False
teacher_majority_all_models__student_with_credit__z_smooth_only,z_smooth_only,RF,eq_vol_downside_state_h1,equity,vol_downside,bilo_vwret_z_smooth,other,1074,0.004268602707112752,0.004268602707112752,0.004228825639721184,0.0026761630652781033,0.9916201117318436,0.0,0.0,0.01303538175046555,0.9916201117318436,z_smooth,1.0,0.004268602707112752,46,0.8762475216351049,False
teacher_majority_all_models__student_with_credit__z_smooth_only,z_smooth_only,RF,eq_vol_downside_state_h1,equity,vol_downside,size_value_corr_absavg_12m_z_smooth,equity_cross_section,1074,0.004225383048055939,0.004225383048055939,0.0029331264555852088,0.005249926624647059,0.9925512104283054,0.0,0.006517690875232775,0.0595903165735568,0.9925512104283054,z_smooth,1.0,0.004225383048055939,47,0.8804729046831609,False
teacher_majority_all_models__student_with_credit__z_smooth_only,z_smooth_only,RF,eq_vol_downside_state_h1,equity,vol_downside,policy_rate_diff_z_smooth,treasury_rates,1074,0.003943022236661846,0.003943022236661846,0.004028841685559744,0.00291903939056917,0.9776536312849162,0.0,0.0,0.0,0.9776536312849162,z_smooth,1.0,0.003943022236661846,48,0.8844159269198227,False
teacher_majority_all_models__student_with_credit__z_smooth_only,z_smooth_only,RF,eq_vol_downside_state_h1,equity,vol_downside,factor_pca1_share_12m_z_smooth,equity_cross_section,1074,0.003920170968680908,0.003920170968680908,0.0019781607237065093,0.00526120241874429,0.9869646182495344,0.0,0.0037243947858473,0.051210428305400374,0.9869646182495344,z_smooth,1.0,0.003920170968680908,49,0.8883360978885035,False
teacher_majority_all_models__student_with_credit__z_smooth_only,z_smooth_only,RF,eq_vol_downside_state_h1,equity,vol_downside,cmdty_ret_6m_z_smooth,commodities,1074,0.0037038678514064493,0.0037038678514064493,0.0016051236766738283,0.00674279078741651,1.0,0.0,0.01675977653631285,0.056797020484171325,1.0,z_smooth,1.0,0.0037038678514064493,50,0.8920399657399101,False
teacher_majority_all_models__student_with_credit__z_smooth_only,z_smooth_only,RF,eq_vol_downside_state_h1,equity,vol_downside,growth_avg_ret_z_smooth,other,1074,0.0035450248904937785,0.0035450248904937785,0.002907593130873155,0.0025218419958020545,1.0,0.0,0.0,0.002793296089385475,1.0,z_smooth,1.0,0.0035450248904937785,51,0.8955849906304039,False
teacher_majority_all_models__student_with_credit__z_smooth_only,z_smooth_only,RF,eq_vol_downside_state_h1,equity,vol_downside,industry_lambda_corr_12m_z_smooth,equity_cross_section,1074,0.0032133380588458232,0.0032133380588458232,0.0024602056032868034,0.002586116961488213,0.994413407821229,0.0,0.0,0.01303538175046555,0.994413407821229,z_smooth,1.0,0.0032133380588458232,52,0.8987983286892497,False
teacher_majority_all_models__student_with_credit__z_smooth_only,z_smooth_only,RF,eq_vol_downside_state_h1,equity,vol_downside,credit_lambda_cov_12m_z_smooth,credit,1074,0.0028982783836110286,0.0028982783836110286,0.0021654165750679202,0.0024099931889563493,0.9776536312849162,0.0,0.0,0.000931098696461825,0.9776536312849162,z_smooth,1.0,0.0028982783836110286,53,0.9016966070728607,False
teacher_majority_all_models__student_with_credit__z_smooth_only,z_smooth_only,RF,eq_vol_downside_state_h1,equity,vol_downside,crsp_ind12_other_z_smooth,other,1074,0.0028652762918588387,0.0028652762918588387,0.0029901454553056565,0.001970183663044885,0.9795158286778398,0.0,0.0,0.0,0.9795158286778398,z_smooth,1.0,0.0028652762918588387,54,0.9045618833647195,False
teacher_majority_all_models__student_with_credit__z_smooth_only,z_smooth_only,RF,eq_vol_downside_state_h1,equity,vol_downside,industry_pca1_share_diff_z_smooth,equity_cross_section,1074,0.0028624639547195348,0.0028624639547195348,0.0026070683158797387,0.0017736606000427586,0.9990689013035382,0.0,0.0,0.0,0.9990689013035382,z_smooth,1.0,0.0028624639547195348,55,0.907424347319439,False
teacher_majority_all_models__student_with_credit__z_smooth_only,z_smooth_only,RF,eq_vol_downside_state_h1,equity,vol_downside,credit_hy_minus_ig_z_smooth,credit,1074,0.00274904213250517,0.00274904213250517,0.0009091870395266941,0.0057533368984066325,0.9906890130353817,0.0,0.015828677839851025,0.048417132216014895,0.9906890130353817,z_smooth,1.0,0.00274904213250517,56,0.9101733894519443,False
teacher_majority_all_models__student_with_credit__z_smooth_only,z_smooth_only,RF,eq_vol_downside_state_h1,equity,vol_downside,ff_cma_z_smooth,equity_cross_section,1074,0.0026382539935540855,0.0026382539935540855,0.0017052496872081773,0.0021761599231968362,0.9972067039106145,0.0,0.0,0.0,0.9972067039106145,z_smooth,1.0,0.0026382539935540855,57,0.9128116434454983,False
teacher_majority_all_models__student_with_credit__z_smooth_only,z_smooth_only,RF,eq_vol_downside_state_h1,equity,vol_downside,factor_lambda_cov_12m_z_smooth,equity_cross_section,1074,0.0026217598532803656,0.0026217598532803656,0.0021254607584229295,0.0020463282756744534,0.978584729981378,0.0,0.0,0.000931098696461825,0.978584729981378,z_smooth,1.0,0.0026217598532803656,58,0.9154334032987786,False
teacher_majority_all_models__student_with_credit__z_smooth_only,z_smooth_only,RF,eq_vol_downside_state_h1,equity,vol_downside,vix_logdiff_z_smooth,volatility_dependence,1074,0.0025728290836763154,0.0025728290836763154,0.0022574292127818425,0.0015788259704760013,1.0,0.0,0.0,0.0,1.0,z_smooth,1.0,0.0025728290836763154,59,0.9180062323824549,False
teacher_majority_all_models__student_with_credit__z_smooth_only,z_smooth_only,RF,eq_vol_downside_state_h1,equity,vol_downside,crsp_tsy_7_10y_z_smooth,treasury_rates,1074,0.002500844116740625,0.002500844116740625,0.00197342959234666,0.002321165885589272,0.9823091247672253,0.0,0.0,0.0,0.9823091247672253,z_smooth,1.0,0.002500844116740625,60,0.9205070764991956,False
teacher_majority_all_models__student_with_credit__z_smooth_only,z_smooth_only,RF,eq_vol_downside_state_h1,equity,vol_downside,tsy_lambda_corr_12m_z_smooth,treasury_rates,1074,0.002350326705760477,0.002350326705760477,0.0019081056059022175,0.0017030739570252256,0.9934823091247672,0.0,0.0,0.00931098696461825,0.9934823091247672,z_smooth,1.0,0.002350326705760477,61,0.9228574032049561,False
teacher_majority_all_models__student_with_credit__z_smooth_only,z_smooth_only,RF,eq_vol_downside_state_h1,equity,vol_downside,value_avg_ret_z_smooth,equity_cross_section,1074,0.0023247630202362867,0.0023247630202362867,0.0022988236266659363,0.0018897727347020016,0.9720670391061452,0.0,0.0,0.0,0.9720670391061452,z_smooth,1.0,0.0023247630202362867,62,0.9251821662251923,False
teacher_majority_all_models__student_with_credit__z_smooth_only,z_smooth_only,RF,eq_vol_downside_state_h1,equity,vol_downside,cfnai_level_z_smooth,macro,1074,0.002249193221974397,0.002249193221974397,0.0017515867236657556,0.0017411216268003627,0.9972067039106145,0.0,0.0,0.0,0.9972067039106145,z_smooth,1.0,0.002249193221974397,63,0.9274313594471668,False
teacher_majority_all_models__student_with_credit__z_smooth_only,z_smooth_only,RF,eq_vol_downside_state_h1,equity,vol_downside,smlo_vwret_z_smooth,other,1074,0.002211206479932389,0.002211206479932389,0.001955111953514066,0.0015056096963427502,1.0,0.0,0.0,0.0,1.0,z_smooth,1.0,0.002211206479932389,64,0.9296425659270992,False
teacher_majority_all_models__student_with_credit__z_smooth_only,z_smooth_only,RF,eq_vol_downside_state_h1,equity,vol_downside,industry_rotation_speed_12m_z_smooth,equity_cross_section,1074,0.002164993124762258,0.002164993124762258,0.001927234589795161,0.001806770762459325,1.0,0.0,0.0,0.000931098696461825,1.0,z_smooth,1.0,0.002164993124762258,65,0.9318075590518614,False
teacher_majority_all_models__student_with_credit__z_smooth_only,z_smooth_only,RF,eq_vol_downside_state_h1,equity,vol_downside,crsp_ind12_buseq_z_smooth,other,1074,0.002008095268584979,0.002008095268584979,0.0018772646525875602,0.0015390433192081173,0.9227188081936686,0.0,0.0,0.0,0.9227188081936686,z_smooth,1.0,0.002008095268584979,66,0.9338156543204464,False
teacher_majority_all_models__student_with_credit__z_smooth_only,z_smooth_only,RF,eq_vol_downside_state_h1,equity,vol_downside,crsp_ind12_nodur_z_smooth,other,1074,0.002000366068399809,0.002000366068399809,0.0014347953766953533,0.0020604229090105115,0.9990689013035382,0.0,0.0,0.0,0.9990689013035382,z_smooth,1.0,0.002000366068399809,67,0.9358160203888461,False
teacher_majority_all_models__student_with_credit__z_smooth_only,z_smooth_only,RF,eq_vol_downside_state_h1,equity,vol_downside,tsy_rotation_speed_12m_z_smooth,treasury_rates,1074,0.0019976679969165765,0.0019976679969165765,0.001696847478274565,0.001360355247501036,0.9906890130353817,0.0,0.0,0.0,0.9906890130353817,z_smooth,1.0,0.0019976679969165765,68,0.9378136883857627,False
teacher_majority_all_models__student_with_credit__z_smooth_only,z_smooth_only,RF,eq_vol_downside_state_h1,equity,vol_downside,cross_bond_proxy_ret_z_smooth,treasury_rates,1074,0.001816486569380011,0.001816486569380011,0.0012455532566932913,0.001878365922282395,1.0,0.0,0.0,0.0,1.0,z_smooth,1.0,0.001816486569380011,69,0.9396301749551428,False
teacher_majority_all_models__student_with_credit__z_smooth_only,z_smooth_only,RF,eq_vol_downside_state_h1,equity,vol_downside,factor_corr_absavg_12m_z_smooth,equity_cross_section,1074,0.0017913408152032627,0.0017913408152032627,0.0012331121418837007,0.0017840483327572546,0.9674115456238361,0.0,0.0,0.0,0.9674115456238361,z_smooth,1.0,0.0017913408152032627,70,0.941421515770346,False
teacher_majority_all_models__student_with_credit__z_smooth_only,z_smooth_only,RF,eq_vol_downside_state_h1,equity,vol_downside,credit_spread_diff_z_smooth,credit,1074,0.0017167725860688058,0.0017167725860688058,0.0013216236321356768,0.0017141479768943144,0.972998137802607,0.0,0.0,0.0223463687150838,0.972998137802607,z_smooth,1.0,0.0017167725860688058,71,0.9431382883564149,False
teacher_majority_all_models__student_with_credit__z_smooth_only,z_smooth_only,RF,eq_vol_downside_state_h1,equity,vol_downside,tsy_pca1_share_diff_z_smooth,treasury_rates,1074,0.0017030167510228129,0.0017030167510228129,0.0006009273283172555,0.0034730382612843842,0.9618249534450651,0.0,0.0,0.021415270018621976,0.9618249534450651,z_smooth,1.0,0.0017030167510228129,72,0.9448413051074377,False
teacher_majority_all_models__student_with_credit__z_smooth_only,z_smooth_only,RF,eq_vol_downside_state_h1,equity,vol_downside,crsp_ind12_enrgy_z_smooth,other,1074,0.0016872552844702246,0.0016872552844702246,0.0014529340812964885,0.0012329880431976126,0.9953445065176909,0.0,0.0,0.0,0.9953445065176909,z_smooth,1.0,0.0016872552844702246,73,0.9465285603919079,False
teacher_majority_all_models__student_with_credit__z_smooth_only,z_smooth_only,RF,eq_vol_downside_state_h1,equity,vol_downside,cross_eq_credit_hy_corr_12m_fisher_diff_z_smooth,credit,1074,0.0015929239632030132,0.0015929239632030132,0.0012326052764635017,0.0014667326002782996,0.9897579143389199,0.0,0.0,0.0,0.9897579143389199,z_smooth,1.0,0.0015929239632030132,74,0.9481214843551109,False
teacher_majority_all_models__student_with_credit__z_smooth_only,z_smooth_only,RF,eq_vol_downside_state_h1,equity,vol_downside,factor_corr_avg_12m_z_smooth,equity_cross_section,1074,0.0015802844331877805,0.0015802844331877805,0.0014138100459085287,0.0009679893760640168,0.9962756052141527,0.0,0.0,0.0,0.9962756052141527,z_smooth,1.0,0.0015802844331877805,75,0.9497017687882987,False
teacher_majority_all_models__student_with_credit__z_smooth_only,z_smooth_only,RF,eq_vol_downside_state_h1,equity,vol_downside,cross_bond_cmdty_corr_12m_fisher_diff_z_smooth,treasury_rates,1074,0.0015726573485786734,0.0015726573485786734,0.000594208526458899,0.002565115068278785,0.9655493482309124,0.0,0.0,0.0148975791433892,0.9655493482309124,z_smooth,1.0,0.0015726573485786734,76,0.9512744261368774,False
teacher_majority_all_models__student_with_credit__z_smooth_only,z_smooth_only,RF,eq_vol_downside_state_h1,equity,vol_downside,credit_hy_ret_6m_z_smooth,credit,1074,0.0015394374927008663,0.0015394374927008663,0.0013205278612480132,0.001106426355782865,0.9934823091247672,0.0,0.0,0.0,0.9934823091247672,z_smooth,1.0,0.0015394374927008663,77,0.9528138636295782,False
teacher_majority_all_models__student_with_credit__z_smooth_only,z_smooth_only,RF,eq_vol_downside_state_h1,equity,vol_downside,tsy_lambda_cov_12m_z_smooth,treasury_rates,1074,0.001535971856310722,0.001535971856310722,0.0013119299155081258,0.0011469904471499448,0.9702048417132216,0.0,0.0,0.0,0.9702048417132216,z_smooth,1.0,0.001535971856310722,78,0.9543498354858889,False
teacher_majority_all_models__student_with_credit__z_smooth_only,z_smooth_only,RF,eq_vol_downside_state_h1,equity,vol_downside,crsp_ind12_shops_z_smooth,other,1074,0.0015254303626568,0.0015254303626568,0.001343806499648075,0.0012272246718179833,0.9972067039106145,0.0,0.0,0.0,0.9972067039106145,z_smooth,1.0,0.0015254303626568,79,0.9558752658485458,False
teacher_majority_all_models__student_with_credit__z_smooth_only,z_smooth_only,RF,eq_vol_downside_state_h1,equity,vol_downside,crsp_ind12_hlth_z_smooth,other,1074,0.0014780472767650277,0.0014780472767650277,0.0010994435853401438,0.001228039331924138,0.9990689013035382,0.0,0.0,0.0,0.9990689013035382,z_smooth,1.0,0.0014780472767650277,80,0.9573533131253108,False
teacher_majority_all_models__student_with_credit__z_smooth_only,z_smooth_only,RF,eq_vol_downside_state_h1,equity,vol_downside,tsy_lambda_cov_diff_z_smooth,treasury_rates,1074,0.0014584342538221686,0.0014584342538221686,0.0008674383175061938,0.0015322029757510512,0.9692737430167597,0.0,0.0,0.0,0.9692737430167597,z_smooth,1.0,0.0014584342538221686,81,0.958811747379133,False
teacher_majority_all_models__student_with_credit__z_smooth_only,z_smooth_only,RF,eq_vol_downside_state_h1,equity,vol_downside,crsp_ind12_durbl_z_smooth,other,1074,0.001458350567187321,0.001458350567187321,0.0011381963497478346,0.001449859550554624,0.9851024208566108,0.0,0.0,0.0,0.9851024208566108,z_smooth,1.0,0.001458350567187321,82,0.9602700979463202,False
teacher_majority_all_models__student_with_credit__z_smooth_only,z_smooth_only,RF,eq_vol_downside_state_h1,equity,vol_downside,size_value_rotation_speed_12m_z_smooth,equity_cross_section,1074,0.0014317494215836273,0.0014317494215836273,0.0007914360343106454,0.0014878377278424216,0.9720670391061452,0.0,0.0,0.0,0.9720670391061452,z_smooth,1.0,0.0014317494215836273,83,0.9617018473679039,False
teacher_majority_all_models__student_with_credit__z_smooth_only,z_smooth_only,RF,eq_vol_downside_state_h1,equity,vol_downside,tsy_corr_absavg_12m_z_smooth,treasury_rates,1074,0.001430412508532406,0.001430412508532406,0.001009586382850996,0.001624295271577124,0.9962756052141527,0.0,0.0,0.002793296089385475,0.9962756052141527,z_smooth,1.0,0.001430412508532406,84,0.9631322598764362,False
teacher_majority_all_models__student_with_credit__z_smooth_only,z_smooth_only,RF,eq_vol_downside_state_h1,equity,vol_downside,tsy_pca1_share_12m_z_smooth,treasury_rates,1074,0.0012534520521675532,0.0012534520521675532,0.0008731030743789346,0.0013777538743664313,0.994413407821229,0.0,0.0,0.00186219739292365,0.994413407821229,z_smooth,1.0,0.0012534520521675532,85,0.9643857119286039,False
teacher_majority_all_models__student_with_credit__z_smooth_only,z_smooth_only,RF,eq_vol_downside_state_h1,equity,vol_downside,tsy_corr_avg_12m_z_smooth,treasury_rates,1074,0.0012449448166001328,0.0012449448166001328,0.0009379717660226675,0.001205362965169076,0.9823091247672253,0.0,0.0,0.0,0.9823091247672253,z_smooth,1.0,0.0012449448166001328,86,0.965630656745204,False
teacher_majority_all_models__student_with_credit__z_smooth_only,z_smooth_only,RF,eq_vol_downside_state_h1,equity,vol_downside,bond_10y_ret_level_z_smooth,treasury_rates,1074,0.001221049971141069,0.001221049971141069,0.0008012677880181265,0.0011971599836237145,0.9720670391061452,0.0,0.0,0.0,0.9720670391061452,z_smooth,1.0,0.001221049971141069,87,0.966851706716345,False
teacher_majority_all_models__student_with_credit__z_smooth_only,z_smooth_only,RF,eq_vol_downside_state_h1,equity,vol_downside,nfci_diff_z_smooth,financial_conditions,1074,0.0012061713282805271,0.0012061713282805271,0.0010123977628200057,0.0009429402131291555,0.9832402234636871,0.0,0.0,0.0,0.9832402234636871,z_smooth,1.0,0.0012061713282805271,88,0.9680578780446256,False
teacher_majority_all_models__student_with_credit__z_smooth_only,z_smooth_only,RF,eq_vol_downside_state_h1,equity,vol_downside,ff_smb_z_smooth,equity_cross_section,1074,0.0011558644584910103,0.0011558644584910103,0.0010069159911488459,0.0008439884192615556,0.9981378026070763,0.0,0.0,0.0,0.9981378026070763,z_smooth,1.0,0.0011558644584910103,89,0.9692137425031166,False
teacher_majority_all_models__student_with_credit__z_smooth_only,z_smooth_only,RF,eq_vol_downside_state_h1,equity,vol_downside,crsp_ind12_telcm_z_smooth,other,1074,0.0011392711322684844,0.0011392711322684844,0.0007528980865277605,0.0015358464153651713,0.9767225325884544,0.0,0.0,0.006517690875232775,0.9767225325884544,z_smooth,1.0,0.0011392711322684844,90,0.9703530136353851,False
teacher_majority_all_models__student_with_credit__z_smooth_only,z_smooth_only,RF,eq_vol_downside_state_h1,equity,vol_downside,industry_lambda_cov_12m_z_smooth,equity_cross_section,1074,0.0011225098828925536,0.0011225098828925536,0.0008026208531742155,0.0010098656665403257,0.9916201117318436,0.0,0.0,0.0,0.9916201117318436,z_smooth,1.0,0.0011225098828925536,91,0.9714755235182776,False
teacher_majority_all_models__student_with_credit__z_smooth_only,z_smooth_only,RF,eq_vol_downside_state_h1,equity,vol_downside,anfci_diff_z_smooth,financial_conditions,1074,0.0010938662382779382,0.0010938662382779382,0.0011019884070102705,0.0007705762364726205,0.9767225325884544,0.0,0.0,0.0,0.9767225325884544,z_smooth,1.0,0.0010938662382779382,92,0.9725693897565556,False
teacher_majority_all_models__student_with_credit__z_smooth_only,z_smooth_only,RF,eq_vol_downside_state_h1,equity,vol_downside,smhi_vwret_z_smooth,other,1074,0.001088222459837912,0.001088222459837912,0.000930509914736598,0.0010133813964613634,0.9636871508379888,0.0,0.0,0.0,0.9636871508379888,z_smooth,1.0,0.001088222459837912,93,0.9736576122163935,False
teacher_majority_all_models__student_with_credit__z_smooth_only,z_smooth_only,RF,eq_vol_downside_state_h1,equity,vol_downside,cmdty_broad_aqr_ret_z_smooth,commodities,1074,0.0010158772356880443,0.0010158772356880443,0.0008099686309681604,0.0008778479043969096,0.9683426443202979,0.0,0.0,0.0,0.9683426443202979,z_smooth,1.0,0.0010158772356880443,94,0.9746734894520815,False
teacher_majority_all_models__student_with_credit__z_smooth_only,z_smooth_only,RF,eq_vol_downside_state_h1,equity,vol_downside,small_avg_ret_z_smooth,equity_cross_section,1074,0.0010080178594249825,0.0010080178594249825,0.000802857020147509,0.0009497808217651577,0.9795158286778398,0.0,0.0,0.0,0.9795158286778398,z_smooth,1.0,0.0010080178594249825,95,0.9756815073115065,False
teacher_majority_all_models__student_with_credit__z_smooth_only,z_smooth_only,RF,eq_vol_downside_state_h1,equity,vol_downside,tsy_belly_minus_barbell_z_smooth,treasury_rates,1074,0.0009781923370298091,0.0009781923370298091,0.000917492474286031,0.0007328675830713282,0.9608938547486033,0.0,0.0,0.0,0.9608938547486033,z_smooth,1.0,0.0009781923370298091,96,0.9766596996485363,False
teacher_majority_all_models__student_with_credit__z_smooth_only,z_smooth_only,RF,eq_vol_downside_state_h1,equity,vol_downside,ff_hml_z_smooth,equity_cross_section,1074,0.0009669753048275088,0.0009669753048275088,0.0004978264906762141,0.0013837844605763506,0.9664804469273743,0.0,0.0,0.0,0.9664804469273743,z_smooth,1.0,0.0009669753048275088,97,0.9776266749533639,False
teacher_majority_all_models__student_with_credit__z_smooth_only,z_smooth_only,RF,eq_vol_downside_state_h1,equity,vol_downside,cmdty_ret_1m_z_smooth,commodities,1074,0.0009642316412542517,0.0009642316412542517,0.0008719608549529307,0.0007338846686381828,0.962756052141527,0.0,0.0,0.0,0.962756052141527,z_smooth,1.0,0.0009642316412542517,98,0.9785909065946181,False
teacher_majority_all_models__student_with_credit__z_smooth_only,z_smooth_only,RF,eq_vol_downside_state_h1,equity,vol_downside,cross_eq_tsy20_corr_12m_fisher_diff_z_smooth,treasury_rates,1074,0.0009308260687577659,0.0009308260687577659,0.0007327947580942971,0.0008714155945259578,0.9618249534450651,0.0,0.0,0.0,0.9618249534450651,z_smooth,1.0,0.0009308260687577659,99,0.9795217326633758,False
teacher_majority_all_models__student_with_credit__z_smooth_only,z_smooth_only,RF,eq_vol_downside_state_h1,equity,vol_downside,factor_rotation_speed_12m_z_smooth,equity_cross_section,1074,0.0009289164841426158,0.0009289164841426158,0.0008162439338216792,0.0006434004337304379,0.994413407821229,0.0,0.0,0.0,0.994413407821229,z_smooth,1.0,0.0009289164841426158,100,0.9804506491475184,False
teacher_majority_all_models__student_with_credit__z_smooth_only,z_smooth_only,RF,eq_vol_downside_state_h1,equity,vol_downside,crsp_tsy_10_20y_z_smooth,treasury_rates,1074,0.0009038053944331527,0.0009038053944331527,0.0006719484816895418,0.0008930880793879342,0.9869646182495344,0.0,0.0,0.0,0.9869646182495344,z_smooth,1.0,0.0009038053944331527,101,0.9813544545419516,False
teacher_majority_all_models__student_with_credit__z_smooth_only,z_smooth_only,RF,eq_vol_downside_state_h1,equity,vol_downside,size_value_lambda_corr_12m_z_smooth,equity_cross_section,1074,0.0008906420456081206,0.0008906420456081206,0.0008326575146253574,0.0005808477732304876,0.9795158286778398,0.0,0.0,0.0,0.9795158286778398,z_smooth,1.0,0.0008906420456081206,102,0.9822450965875598,False
teacher_majority_all_models__student_with_credit__z_smooth_only,z_smooth_only,RF,eq_vol_downside_state_h1,equity,vol_downside,small_minus_big_z_smooth,equity_cross_section,1074,0.0008771278652811857,0.0008771278652811857,0.0007425595214049167,0.0006918921116699235,0.978584729981378,0.0,0.0,0.0,0.978584729981378,z_smooth,1.0,0.0008771278652811857,103,0.9831222244528409,False
teacher_majority_all_models__student_with_credit__z_smooth_only,z_smooth_only,RF,eq_vol_downside_state_h1,equity,vol_downside,credit_hy_proxy_ret_z_smooth,credit,1074,0.0008645966047691822,0.0008645966047691822,0.0007478970293572259,0.0007023662450574362,0.9515828677839852,0.0,0.0,0.0,0.9515828677839852,z_smooth,1.0,0.0008645966047691822,104,0.9839868210576102,False
teacher_majority_all_models__student_with_credit__z_smooth_only,z_smooth_only,RF,eq_vol_downside_state_h1,equity,vol_downside,credit_ig_ret_6m_z_smooth,credit,1074,0.0008487599799512321,0.0008487599799512321,0.00055683636143466,0.0010955958083781832,0.9692737430167597,0.0,0.0,0.0,0.9692737430167597,z_smooth,1.0,0.0008487599799512321,105,0.9848355810375613,False
teacher_majority_all_models__student_with_credit__z_smooth_only,z_smooth_only,RF,eq_vol_downside_state_h1,equity,vol_downside,small_value_minus_big_growth_z_smooth,equity_cross_section,1074,0.0008344415731751547,0.0008344415731751547,0.0007264480171194149,0.0006247901516161253,0.9860335195530726,0.0,0.0,0.0,0.9860335195530726,z_smooth,1.0,0.0008344415731751547,106,0.9856700226107364,False
teacher_majority_all_models__student_with_credit__z_smooth_only,z_smooth_only,RF,eq_vol_downside_state_h1,equity,vol_downside,value_minus_growth_z_smooth,equity_cross_section,1074,0.0008326346447598763,0.0008326346447598763,0.0004971117237173607,0.0010946776126572256,0.9748603351955307,0.0,0.0,0.0,0.9748603351955307,z_smooth,1.0,0.0008326346447598763,107,0.9865026572554964,False
teacher_majority_all_models__student_with_credit__z_smooth_only,z_smooth_only,RF,eq_vol_downside_state_h1,equity,vol_downside,crsp_ind12_chems_z_smooth,other,1074,0.0008100066496471055,0.0008100066496471055,0.0006906766712651985,0.0005983058008133661,0.978584729981378,0.0,0.0,0.0,0.978584729981378,z_smooth,1.0,0.0008100066496471055,108,0.9873126639051435,False
teacher_majority_all_models__student_with_credit__z_smooth_only,z_smooth_only,RF,eq_vol_downside_state_h1,equity,vol_downside,tsy_long_ret_z_smooth,treasury_rates,1074,0.0007936026728748563,0.0007936026728748563,0.00046731991344206635,0.000989561868067127,0.9776536312849162,0.0,0.0,0.0,0.9776536312849162,z_smooth,1.0,0.0007936026728748563,109,0.9881062665780184,False
teacher_majority_all_models__student_with_credit__z_smooth_only,z_smooth_only,RF,eq_vol_downside_state_h1,equity,vol_downside,crsp_tsy_20y_plus_z_smooth,treasury_rates,1074,0.0007909496279613187,0.0007909496279613187,0.0004987452729510183,0.0010683532459633098,0.9413407821229051,0.0,0.0,0.0,0.9413407821229051,z_smooth,1.0,0.0007909496279613187,110,0.9888972162059797,False
teacher_majority_all_models__student_with_credit__z_smooth_only,z_smooth_only,RF,eq_vol_downside_state_h1,equity,vol_downside,cross_eq_bond_corr_12m_fisher_diff_z_smooth,treasury_rates,1074,0.0007741923492135178,0.0007741923492135178,0.0005108533733789558,0.0009525783930301149,0.9934823091247672,0.0,0.0,0.0,0.9934823091247672,z_smooth,1.0,0.0007741923492135178,111,0.9896714085551932,False
teacher_majority_all_models__student_with_credit__z_smooth_only,z_smooth_only,RF,eq_vol_downside_state_h1,equity,vol_downside,credit_hy_ig_corr_12m_fisher_diff_z_smooth,credit,1074,0.0007429701606185348,0.0007429701606185348,0.0006446138647413764,0.0006308735191084692,0.984171322160149,0.0,0.0,0.0,0.984171322160149,z_smooth,1.0,0.0007429701606185348,112,0.9904143787158117,False
teacher_majority_all_models__student_with_credit__z_smooth_only,z_smooth_only,RF,eq_vol_downside_state_h1,equity,vol_downside,ff_rmw_minus_cma_z_smooth,equity_cross_section,1074,0.0007292477947091759,0.0007292477947091759,0.0005325368082548269,0.0005989420908655626,0.9962756052141527,0.0,0.0,0.0,0.9962756052141527,z_smooth,1.0,0.0007292477947091759,113,0.9911436265105209,False
teacher_majority_all_models__student_with_credit__z_smooth_only,z_smooth_only,RF,eq_vol_downside_state_h1,equity,vol_downside,rho_12m_eq_fi_fisher_diff_z_smooth,volatility_dependence,1074,0.0007132768755452624,0.0007132768755452624,0.0003651474044651835,0.0009048256600224751,0.9608938547486033,0.0,0.0,0.0,0.9608938547486033,z_smooth,1.0,0.0007132768755452624,114,0.9918569033860661,False
teacher_majority_all_models__student_with_credit__z_smooth_only,z_smooth_only,RF,eq_vol_downside_state_h1,equity,vol_downside,credit_ig_proxy_ret_z_smooth,credit,1074,0.0006828208867568873,0.0006828208867568873,0.00023939736084454467,0.0012591093981461838,0.9376163873370578,0.0,0.0,0.0,0.9376163873370578,z_smooth,1.0,0.0006828208867568873,115,0.992539724272823,False
teacher_majority_all_models__student_with_credit__z_smooth_only,z_smooth_only,RF,eq_vol_downside_state_h1,equity,vol_downside,size_value_lambda_cov_12m_z_smooth,equity_cross_section,1074,0.0006660489414880538,0.0006660489414880538,0.0003901395810880856,0.0009068445877140444,0.9590316573556797,0.0,0.0,0.0,0.9590316573556797,z_smooth,1.0,0.0006660489414880538,116,0.993205773214311,False
teacher_majority_all_models__student_with_credit__z_smooth_only,z_smooth_only,RF,eq_vol_downside_state_h1,equity,vol_downside,sentiment_logdiff_z_smooth,macro,1074,0.0006554025185361368,0.0006554025185361368,0.0003294983226817885,0.0010125674038860167,0.9757914338919925,0.0,0.0,0.0,0.9757914338919925,z_smooth,1.0,0.0006554025185361368,117,0.9938611757328473,False
teacher_majority_all_models__student_with_credit__z_smooth_only,z_smooth_only,RF,eq_vol_downside_state_h1,equity,vol_downside,size_value_lambda_corr_diff_z_smooth,equity_cross_section,1074,0.0006533597965948025,0.0006533597965948025,0.0005019353420140586,0.0006579403794951945,0.9795158286778398,0.0,0.0,0.0,0.9795158286778398,z_smooth,1.0,0.0006533597965948025,118,0.994514535529442,False
teacher_majority_all_models__student_with_credit__z_smooth_only,z_smooth_only,RF,eq_vol_downside_state_h1,equity,vol_downside,core_inflation_diff_z_smooth,macro,1074,0.0006383020444270742,0.0006383020444270742,0.0004558754844525509,0.0006880803283451591,0.9720670391061452,0.0,0.0,0.0,0.9720670391061452,z_smooth,1.0,0.0006383020444270742,119,0.9951528375738691,False
teacher_majority_all_models__student_with_credit__z_smooth_only,z_smooth_only,RF,eq_vol_downside_state_h1,equity,vol_downside,smme_vwret_z_smooth,other,1074,0.0005716066965115911,0.0005716066965115911,0.00040542442410993634,0.0005394833214898129,0.952513966480447,0.0,0.0,0.0,0.952513966480447,z_smooth,1.0,0.0005716066965115911,120,0.9957244442703806,False
teacher_majority_all_models__student_with_credit__z_smooth_only,z_smooth_only,RF,eq_vol_downside_state_h1,equity,vol_downside,ff_rmw_z_smooth,equity_cross_section,1074,0.0005560113274498779,0.0005560113274498779,0.0003868363077619993,0.0005578672855726885,0.9385474860335196,0.0,0.0,0.0,0.9385474860335196,z_smooth,1.0,0.0005560113274498779,121,0.9962804555978305,False
teacher_majority_all_models__student_with_credit__z_smooth_only,z_smooth_only,RF,eq_vol_downside_state_h1,equity,vol_downside,rv_60d_logdiff_z_smooth,volatility_dependence,1074,0.0005070099004017885,0.0005070099004017885,0.000367566346898558,0.0005300652338031568,0.8864059590316573,0.0,0.0,0.0,0.8864059590316573,z_smooth,1.0,0.0005070099004017885,122,0.9967874654982324,False
teacher_majority_all_models__student_with_credit__z_smooth_only,z_smooth_only,RF,eq_vol_downside_state_h1,equity,vol_downside,industry_lambda_cov_diff_z_smooth,equity_cross_section,1074,0.0004894492245820023,0.0004894492245820023,0.0003948793922226862,0.000389973332198142,0.9832402234636871,0.0,0.0,0.0,0.9832402234636871,z_smooth,1.0,0.0004894492245820023,123,0.9972769147228143,False
teacher_majority_all_models__student_with_credit__z_smooth_only,z_smooth_only,RF,eq_vol_downside_state_h1,equity,vol_downside,bond_10y_mom_diff_z_smooth,treasury_rates,1074,0.00036760989505191596,0.00036760989505191596,0.0003088552798989854,0.00029578786711370353,0.957169459962756,0.0,0.0,0.0,0.957169459962756,z_smooth,1.0,0.00036760989505191596,124,0.9976445246178662,False
teacher_majority_all_models__student_with_credit__z_smooth_only,z_smooth_only,RF,eq_vol_downside_state_h1,equity,vol_downside,size_value_lambda_cov_diff_z_smooth,equity_cross_section,1074,0.00034677493377681395,0.00034677493377681395,0.00017237578544772517,0.000474428923806475,0.9543761638733705,0.0,0.0,0.0,0.9543761638733705,z_smooth,1.0,0.00034677493377681395,125,0.9979912995516431,False
teacher_majority_all_models__student_with_credit__z_smooth_only,z_smooth_only,RF,eq_vol_downside_state_h1,equity,vol_downside,tsy_20y_minus_1_3y_z_smooth,treasury_rates,1074,0.00034472993828859314,0.00034472993828859314,0.00014052971885938963,0.0004955760042744235,0.9208566108007449,0.0,0.0,0.0,0.9208566108007449,z_smooth,1.0,0.00034472993828859314,126,0.9983360294899317,False
teacher_majority_all_models__student_with_credit__z_smooth_only,z_smooth_only,RF,eq_vol_downside_state_h1,equity,vol_downside,tsy_long_minus_short_z_smooth,treasury_rates,1074,0.00033081244417368664,0.00033081244417368664,0.00020228308585568052,0.000378132636819795,0.9273743016759777,0.0,0.0,0.0,0.9273743016759777,z_smooth,1.0,0.00033081244417368664,127,0.9986668419341054,False
teacher_majority_all_models__student_with_credit__z_smooth_only,z_smooth_only,RF,eq_vol_downside_state_h1,equity,vol_downside,industry_lambda_corr_diff_z_smooth,equity_cross_section,1074,0.00032580314130646804,0.00032580314130646804,0.00024364860560877427,0.0003380651880377795,0.9236499068901304,0.0,0.0,0.0,0.9236499068901304,z_smooth,1.0,0.00032580314130646804,128,0.9989926450754119,False
teacher_majority_all_models__student_with_credit__z_smooth_only,z_smooth_only,RF,eq_vol_downside_state_h1,equity,vol_downside,cross_eq_cmdty_corr_12m_fisher_diff_z_smooth,commodities,1074,0.00026024830037323153,0.00026024830037323153,0.000186178560472809,0.0002674974051516474,0.9748603351955307,0.0,0.0,0.0,0.9748603351955307,z_smooth,1.0,0.00026024830037323153,129,0.999252893375785,False
teacher_majority_all_models__student_with_credit__z_smooth_only,z_smooth_only,RF,eq_vol_downside_state_h1,equity,vol_downside,credit_lambda_cov_diff_z_smooth,credit,1074,0.000199721632218611,0.000199721632218611,9.272026609668672e-05,0.00027050875591008337,0.8938547486033519,0.0,0.0,0.0,0.8938547486033519,z_smooth,1.0,0.000199721632218611,130,0.9994526150080036,False
teacher_majority_all_models__student_with_credit__z_smooth_only,z_smooth_only,RF,eq_vol_downside_state_h1,equity,vol_downside,tsy_lambda_corr_diff_z_smooth,treasury_rates,1074,0.0001873540204028022,0.0001873540204028022,5.0512647997962126e-05,0.0003633953287534729,0.8929236499068901,0.0,0.0,0.0,0.8929236499068901,z_smooth,1.0,0.0001873540204028022,131,0.9996399690284065,False
teacher_majority_all_models__student_with_credit__z_smooth_only,z_smooth_only,RF,eq_vol_downside_state_h1,equity,vol_downside,factor_pca1_share_diff_z_smooth,equity_cross_section,1074,0.00017179703302818726,0.00017179703302818726,0.00011777190741501399,0.00020046912920989668,0.9236499068901304,0.0,0.0,0.0,0.9236499068901304,z_smooth,1.0,0.00017179703302818726,132,0.9998117660614346,False
teacher_majority_all_models__student_with_credit__z_smooth_only,z_smooth_only,RF,eq_vol_downside_state_h1,equity,vol_downside,factor_lambda_cov_diff_z_smooth,equity_cross_section,1074,0.00010597231472619126,0.00010597231472619126,4.7496932853757816e-05,0.00016516770242760477,0.8677839851024208,0.0,0.0,0.0,0.8677839851024208,z_smooth,1.0,0.00010597231472619126,133,0.9999177383761608,False
teacher_majority_all_models__student_with_credit__z_smooth_only,z_smooth_only,RF,eq_vol_downside_state_h1,equity,vol_downside,factor_lambda_corr_diff_z_smooth,equity_cross_section,1074,8.226162383916249e-05,8.226162383916249e-05,3.4115851790125604e-05,0.0001145732437604572,0.8556797020484171,0.0,0.0,0.0,0.8556797020484171,z_smooth,1.0,8.226162383916249e-05,134,1.0,False
